date,c1_bid,c1_oi,c1_vol,c2_bid,c2_oi,c2_vol,spread_c1_c2,spread_pct,d_c1_oi,d_c2_oi,roll_pressure,vol_ratio,oi_ratio,ret_1d,ret_5d,ret_21d,ending_stocks,stocks_change,stocks_surprise,stocks_surprise_z,yield,yield_change,yield_surprise,yield_surprise_z,residual,residual_change,residual_surprise,residual_surprise_z
2020-12-09,420.0,2327.0,1079.0,423.25,872171.0,87642.0,-3.25,-0.0077380952380768,,,,0.0123114488487253,0.0026680547736625,,,,1702,,,,175.8,,,,5700,,,
2020-12-10,419.0,1432.0,1262.0,421.75,870347.0,129701.0,-2.75,-0.0065632458233733,-895.0,-1824.0,929.0,0.009730071472078,0.0016453207743578,-0.0023809523809523,,,1702,0.0,0.0,,175.8,0.0,0.0,,5700,0.0,0.0,
2020-12-11,424.5,219.0,1724.0,423.5,867614.0,105879.0,1.0,0.0023557126030568,-1213.0,-2733.0,1520.0,0.0162827378422537,0.0002524163971535,0.0131264916467781,,,1702,0.0,0.0,0.0,175.8,0.0,0.0,0.0,5700,0.0,0.0,0.0
2020-12-14,,69.0,200.0,424.0,862016.0,108692.0,,,-150.0,-5598.0,5448.0,0.0018400618260773,8.004491795975935e-05,0.0,,,1702,0.0,0.0,0.0,175.8,0.0,0.0,0.0,5700,0.0,0.0,0.0
2020-12-15,424.75,858006.0,98612.0,428.25,246440.0,29411.0,-3.5,-0.008240141259545,857937.0,-615576.0,1473513.0,3.352895175274443,3.4816020126602685,0.0005889281507656,,,1702,0.0,0.0,0.0,175.8,0.0,0.0,0.0,5700,0.0,0.0,0.0
2020-12-16,426.25,852176.0,111651.0,429.0,247669.0,41015.0,-2.75,-0.0064516129032106,-5830.0,1229.0,-7059.0,2.7221991954162448,3.4407858876161193,0.0035314891112419,0.0148809523809523,,1702,0.0,0.0,0.0,175.8,0.0,0.0,0.0,5700,0.0,0.0,0.0
2020-12-17,432.0,850530.0,119655.0,434.0,248154.0,23390.0,-2.0,-0.0046296296296189,-1646.0,485.0,-2131.0,5.115647712697515,3.427428129306788,0.0134897360703811,0.0310262529832936,,1702,0.0,0.0,0.0,175.8,0.0,0.0,0.0,5700,0.0,0.0,0.0
2020-12-18,436.75,849771.0,128812.0,439.0,250733.0,35957.0,-2.25,-0.0051516886090322,-759.0,2579.0,-3338.0,3.582390077036361,3.3891470209346064,0.0109953703703704,0.0288574793875147,,1702,0.0,0.0,0.0,175.8,0.0,0.0,0.0,5700,0.0,0.0,0.0
2020-12-21,440.0,845125.0,141947.0,441.75,251932.0,33145.0,-1.75,-0.0039772727272636,-4646.0,1199.0,-5845.0,4.282606728013146,3.3545758379245063,0.0074413279908414,0.0365135453474676,,1702,0.0,0.0,0.0,175.8,0.0,0.0,0.0,5700,0.0,0.0,0.0
2020-12-22,443.0,848793.0,140992.0,443.5,253287.0,34063.0,-0.5,-0.001128668171555,3668.0,1355.0,2313.0,4.139153920676272,3.351111584881959,0.0068181818181818,0.0429664508534433,,1702,0.0,0.0,0.0,175.8,0.0,0.0,0.0,5700,0.0,0.0,0.0
2020-12-23,447.0,847087.0,147651.0,447.5,255554.0,43217.0,-0.5,-0.0011185682326596,-1706.0,2267.0,-3973.0,3.4165027651155007,3.314708437355693,0.0090293453724605,0.0486803519061582,,1702,0.0,0.0,0.0,175.8,0.0,0.0,0.0,5700,0.0,0.0,0.0
2020-12-24,450.5,844319.0,74879.0,446.25,256070.0,18148.0,4.25,0.00943396226413,-2768.0,516.0,-3284.0,4.126019396076475,3.2972195102901423,0.0078299776286352,0.0428240740740741,,1702,0.0,0.0,0.0,175.8,0.0,0.0,0.0,5700,0.0,0.0,0.0
2020-12-28,456.5,836060.0,145219.0,456.75,257842.0,39206.0,-0.25,-0.0005476451259571,-8259.0,1772.0,-10031.0,3.703999387848704,3.2425283700870953,0.0133185349611542,0.045220377790498,,1702,0.0,0.0,0.0,175.8,0.0,0.0,0.0,5700,0.0,0.0,0.0
2020-12-29,466.0,833728.0,191298.0,465.5,265308.0,65840.0,0.5,0.0010729613733882,-2332.0,7466.0,-9798.0,2.905498177399713,3.1424909916022017,0.0208105147864183,0.059090909090909,,1702,0.0,0.0,0.0,175.8,0.0,0.0,0.0,5700,0.0,0.0,0.0
2020-12-30,474.0,831878.0,163367.0,473.0,269386.0,48366.0,1.0,0.0021097046413457,-1850.0,4078.0,-5928.0,3.3777240210064226,3.088052088824204,0.0171673819742488,0.0699774266365689,,1702,0.0,0.0,0.0,175.8,0.0,0.0,0.0,5700,0.0,0.0,0.0
2020-12-31,484.0,835996.0,168459.0,483.25,272697.0,43430.0,0.75,0.0015495867768563,4118.0,3311.0,807.0,3.878862537416443,3.065658954810639,0.021097046413502,0.0827740492170021,,1702,0.0,0.0,0.0,175.8,0.0,0.0,0.0,5700,0.0,0.0,0.0
2021-01-04,484.5,831459.0,265157.0,484.75,281289.0,86562.0,-0.25,-0.0005159958720319,-4537.0,8592.0,-13129.0,3.0632032531595494,2.9558887834220218,0.0010330578512396,0.0754716981132075,,1702,0.0,0.0,0.0,175.8,0.0,0.0,0.0,5700,0.0,0.0,0.0
2021-01-05,492.5,826848.0,219646.0,492.5,290294.0,68287.0,0.0,0.0,-4611.0,9005.0,-13616.0,3.216512659803429,2.848312400531865,0.0165118679050566,0.0788608981380065,,1702,0.0,0.0,0.0,175.8,0.0,0.0,0.0,5700,0.0,0.0,0.0
2021-01-06,495.25,831675.0,202374.0,495.75,306621.0,79113.0,-0.5,-0.0010095911155961,4827.0,16327.0,-11500.0,2.558037237874906,2.7123876055455995,0.0055837563451777,0.0627682403433476,,1702,0.0,0.0,0.0,175.8,0.0,0.0,0.0,5700,0.0,0.0,0.0
2021-01-07,494.0,824202.0,185782.0,495.0,325940.0,81336.0,-1.0,-0.0020242914979716,-7473.0,19319.0,-26792.0,2.284130028523627,2.5286923973737423,-0.0025239777889954,0.0421940928270041,,1702,0.0,0.0,0.0,175.8,0.0,0.0,0.0,5700,0.0,0.0,0.0
2021-01-08,496.25,819155.0,163270.0,497.0,331130.0,64602.0,-0.75,-0.0015113350125914,-5047.0,5190.0,-10237.0,2.5273211355685192,2.473816929906676,0.0045546558704452,0.0253099173553719,,1702,0.0,0.0,0.0,175.8,0.0,0.0,0.0,5700,0.0,0.0,0.0
2021-01-11,491.25,804053.0,176563.0,492.75,333786.0,65234.0,-1.5,-0.0030534351144976,-15102.0,2656.0,-17758.0,2.7066100499738988,2.4088877304620255,-0.0100755667506297,0.0139318885448915,0.1696428571428572,1702,0.0,0.0,0.0,175.8,0.0,0.0,0.0,5700,0.0,0.0,0.0
2021-01-12,517.25,802695.0,248448.0,519.0,350866.0,118998.0,-1.75,-0.0033832769453777,-1358.0,17080.0,-18438.0,2.087833408964839,2.28775372934396,0.0529262086513995,0.0502538071065989,0.2344868735083531,1702,0.0,0.0,0.0,175.8,0.0,0.0,0.0,5700,0.0,0.0,0.0
2021-01-13,522.5,799333.0,327689.0,527.0,355642.0,140652.0,-4.5,-0.008612440191371,-3362.0,4776.0,-8138.0,2.329785570059421,2.247577620191085,0.0101498308361527,0.0550227158001008,0.2308598351001178,1702,0.0,0.0,0.0,175.8,0.0,0.0,0.0,5700,0.0,0.0,0.0
2021-01-14,534.0,782102.0,210370.0,537.75,370387.0,100391.0,-3.75,-0.0070224719100992,-17231.0,14745.0,-31976.0,2.095506569313961,2.111580590031502,0.0220095693779904,0.0809716599190284,0.2579505300353357,1702,0.0,0.0,0.0,175.8,0.0,0.0,0.0,5700,0.0,0.0,0.0
2021-01-15,530.25,763830.0,167504.0,533.0,375019.0,73837.0,-2.75,-0.0051862329089954,-18272.0,4632.0,-22904.0,2.2685645408128408,2.036776803308627,-0.0070224719101124,0.0685138539042822,0.2483814008240141,1702,0.0,0.0,0.0,175.8,0.0,0.0,0.0,5700,0.0,0.0,0.0
2021-01-19,525.0,745487.0,188564.0,526.5,373260.0,83484.0,-1.5,-0.0028571428571374,-18343.0,-1759.0,-16584.0,2.2586842987877644,1.9972324920966569,-0.0099009900990099,0.0687022900763358,0.2316715542521994,1702,0.0,0.0,0.0,175.8,0.0,0.0,0.0,5700,0.0,0.0,0.0
2021-01-20,521.75,732214.0,217777.0,523.0,391405.0,89349.0,-1.25,-0.0023957834211741,-13273.0,18145.0,-31418.0,2.4373747887497066,1.870732361620312,-0.0061904761904761,0.0086998550024166,0.2077546296296295,1702,0.0,0.0,0.0,175.8,0.0,0.0,0.0,5700,0.0,0.0,0.0
2021-01-21,524.0,724336.0,169566.0,525.75,400999.0,68678.0,-1.75,-0.0033396946564821,-7878.0,9594.0,-17472.0,2.4690002620926284,1.8063286940865144,0.0043124101581217,0.0028708133971291,0.1997710360618203,1702,0.0,0.0,0.0,175.8,0.0,0.0,0.0,5700,0.0,0.0,0.0
2021-01-22,500.5,697248.0,289548.0,501.5,410286.0,98837.0,-1.0,-0.001998001997998,-27088.0,9287.0,-36375.0,2.9295506743425745,1.6994194293736524,-0.0448473282442748,-0.0627340823970037,0.1374999999999999,1702,0.0,0.0,0.0,175.8,0.0,0.0,0.0,5700,0.0,0.0,0.0
2021-01-25,512.0,686154.0,264763.0,514.0,419073.0,100172.0,-2.0,-0.0039062499999923,-11094.0,8787.0,-19881.0,2.6430838956993705,1.6373137854264015,0.0229770229770229,-0.0344177274870344,0.1557562076749434,1702,0.0,0.0,0.0,175.8,0.0,0.0,0.0,5700,0.0,0.0,0.0
2021-01-26,530.75,677404.0,232259.0,532.75,433377.0,112746.0,-2.0,-0.0037682524729085,-8750.0,14304.0,-23054.0,2.060019867667127,1.563082489379913,0.03662109375,0.010952380952381,0.1873601789709171,1702,0.0,0.0,0.0,175.8,0.0,0.0,0.0,5700,0.0,0.0,0.0
2021-01-27,532.5,663403.0,223887.0,533.5,440299.0,95124.0,-1.0,-0.0018779342722969,-14001.0,6922.0,-20923.0,2.3536331525166903,1.50671021283264,0.0032972209138011,0.020603737422137,0.1820199778024418,1702,0.0,0.0,0.0,175.8,0.0,0.0,0.0,5700,0.0,0.0,0.0
2021-01-28,534.0,658302.0,252543.0,531.75,444723.0,130588.0,2.25,0.0042134831460595,-5101.0,4424.0,-9525.0,1.933891322326692,1.4802517522142964,0.0028169014084507,0.0190839694656488,0.1697699890470974,1702,0.0,0.0,0.0,175.8,0.0,0.0,0.0,5700,0.0,0.0,0.0
2021-01-29,547.0,645329.0,279607.0,545.0,456798.0,148724.0,2.0,0.0036563071297922,-12973.0,12075.0,-25048.0,1.8800395363223024,1.4127229103454888,0.0243445692883894,0.0929070929070929,0.1738197424892704,1702,0.0,0.0,0.0,175.8,0.0,0.0,0.0,5700,0.0,0.0,0.0
2021-02-01,549.75,629626.0,219066.0,548.25,461440.0,106627.0,1.5,0.0027285129604315,-15703.0,4642.0,-20345.0,2.054507770076978,1.364480755894588,0.0050274223034734,0.07373046875,0.1598101265822784,1552,-150.0,-150.0,-4.898979485406356,172.0,-3.8000000000000114,-3.8000000000000114,-4.898979479250567,5650,-50.0,-50.0,-4.898979485086357
2021-02-02,543.0,613697.0,175739.0,541.5,465332.0,89263.0,1.5,0.0027624309392214,-15929.0,3892.0,-19821.0,1.968777657035928,1.3188368734580873,-0.0122783083219645,0.0230805463966086,0.121900826446281,1552,0.0,0.0,0.0,172.0,0.0,0.0,0.0,5650,0.0,0.0,0.0
2021-02-03,551.5,605755.0,210137.0,549.0,476007.0,110263.0,2.5,0.0045330915684414,-7942.0,10675.0,-18617.0,1.9057798173457832,1.2725758234647784,0.0156537753222836,0.0356807511737089,0.1382868937048502,1552,0.0,0.0,0.0,172.0,0.0,0.0,0.0,5650,0.0,0.0,0.0
2021-02-04,549.0,592096.0,217079.0,547.5,482552.0,122103.0,1.5,0.0027322404371534,-13659.0,6545.0,-20204.0,1.777835106426527,1.227009731593691,-0.0045330915684497,0.0280898876404493,0.1147208121827412,1552,0.0,0.0,0.0,172.0,0.0,0.0,0.0,5650,0.0,0.0,0.0
2021-02-05,548.0,553608.0,216445.0,546.0,503837.0,144686.0,2.0,0.0036496350364896,-38488.0,21285.0,-59773.0,1.4959636730575074,1.098783932105024,-0.0018214936247723,0.0018281535648994,0.1065118626956083,1552,0.0,0.0,0.0,172.0,0.0,0.0,0.0,5650,0.0,0.0,0.0
2021-02-08,564.5,516003.0,267647.0,561.75,527365.0,184673.0,2.75,0.0048715677590702,-37605.0,23528.0,-61133.0,1.4493022802466986,0.9784551496591524,0.0301094890510948,0.0268303774442928,0.1427125506072875,1552,0.0,0.0,0.0,172.0,0.0,0.0,0.0,5650,0.0,0.0,0.0
2021-02-09,555.5,461987.0,390741.0,557.0,569897.0,257642.0,-1.5,-0.0027002700269978,-54016.0,42532.0,-96548.0,1.5166044356122002,0.8106499946481542,-0.0159433126660761,0.0230202578268876,0.1193954659949623,1552,0.0,0.0,0.0,172.0,0.0,0.0,0.0,5650,0.0,0.0,0.0
2021-02-10,532.5,421496.0,285720.0,532.0,596856.0,187442.0,0.5,0.0009389671361484,-40491.0,26959.0,-67450.0,1.5243115203636244,0.7061937887865738,-0.0414041404140413,-0.0344514959202175,0.0839694656488549,1552,0.0,0.0,0.0,172.0,0.0,0.0,0.0,5650,0.0,0.0,0.0
2021-02-11,540.0,387476.0,261046.0,538.0,629781.0,196468.0,2.0,0.0037037037036968,-34020.0,32925.0,-66945.0,1.3286947492721397,0.6152551442485552,0.0140845070422535,-0.0163934426229508,0.0439826002899952,1552,0.0,0.0,0.0,172.0,0.0,0.0,0.0,5650,0.0,0.0,0.0
2021-02-12,539.25,374745.0,117970.0,536.5,638460.0,76850.0,2.75,0.0050996754751875,-12731.0,8679.0,-21410.0,1.5350683148991342,0.5869514143407565,-0.0013888888888888,-0.0159671532846715,0.0320574162679425,1552,0.0,0.0,0.0,172.0,0.0,0.0,0.0,5650,0.0,0.0,0.0
2021-02-16,551.5,345313.0,146173.0,548.75,643785.0,93764.0,2.75,0.0049864007252856,-29432.0,5325.0,-34757.0,1.5589458640842802,0.5363793813151898,0.0227167362076958,-0.0230292294065544,0.0327715355805242,1552,0.0,0.0,0.0,172.0,0.0,0.0,0.0,5650,0.0,0.0,0.0
2021-02-17,552.0,330757.0,121352.0,549.5,658602.0,91859.0,2.5,0.0045289855072381,-14556.0,14817.0,-29373.0,1.3210681588085944,0.5022107433624549,0.0009066183136898,-0.0063006300630062,0.0410183875530409,1552,0.0,0.0,0.0,172.0,0.0,0.0,0.0,5650,0.0,0.0,0.0
2021-02-18,549.5,310701.0,123409.0,548.0,689393.0,104708.0,1.5,0.002729754322106,-20056.0,30791.0,-50847.0,1.1786014440157278,0.4506877789591706,-0.0045289855072463,0.031924882629108,0.0466666666666666,1552,0.0,0.0,0.0,172.0,0.0,0.0,0.0,5650,0.0,0.0,0.0
2021-02-19,544.0,226599.0,203468.0,542.0,730144.0,187959.0,2.0,0.0036764705882285,-84102.0,40751.0,-124853.0,1.0825126756367025,0.3103483696366739,-0.0100090991810737,0.0074074074074073,0.0426449448969812,1552,0.0,0.0,0.0,172.0,0.0,0.0,0.0,5650,0.0,0.0,0.0
2021-02-22,550.5,183406.0,140629.0,550.25,749224.0,152270.0,0.25,0.0004541326067203,-43193.0,19080.0,-62273.0,0.9235502725421888,0.2447946141607846,0.0119485294117647,0.0208623087621697,0.0505725190839694,1552,0.0,0.0,0.0,172.0,0.0,0.0,0.0,5650,0.0,0.0,0.0
2021-02-23,553.5,154367.0,134967.0,552.5,767566.0,192743.0,1.0,0.0018066847335107,-29039.0,18342.0,-47381.0,0.7002433292000192,0.2011123473421175,0.005449591280654,0.0036264732547597,0.1058941058941058,1552,0.0,0.0,0.0,172.0,0.0,0.0,0.0,5650,0.0,0.0,0.0
2021-02-24,559.75,89614.0,174397.0,556.5,777336.0,230060.0,3.25,0.0058061634658225,-64753.0,9770.0,-74523.0,0.7580500738937636,0.1152834810172176,0.0112917795844624,0.0140398550724638,0.09326171875,1552,0.0,0.0,0.0,172.0,0.0,0.0,0.0,5650,0.0,0.0,0.0
2021-02-25,555.0,35443.0,128538.0,549.5,779651.0,278936.0,5.5,0.009909909909892,-54171.0,2315.0,-56486.0,0.4608153841741458,0.0454600840632538,-0.0084859312192943,0.0100090991810737,0.0456900612341026,1552,0.0,0.0,0.0,172.0,0.0,0.0,0.0,5650,0.0,0.0,0.0
2021-02-26,555.0,21134.0,21395.0,548.0,772922.0,168514.0,7.0,0.0126126126125898,-14309.0,-6729.0,-7580.0,0.1269627449351381,0.0273429919189775,0.0,0.0202205882352941,0.0422535211267605,1552,0.0,0.0,0.0,172.0,0.0,0.0,0.0,5650,0.0,0.0,0.0
2021-03-01,549.0,16588.0,6534.0,538.5,768720.0,148415.0,10.5,0.0191256830600744,-4546.0,-4202.0,-344.0,0.0440251996092036,0.0215787282755749,-0.0108108108108108,-0.002724795640327,0.0280898876404493,1502,-50.0,-50.0,-1.569804355367565,172.0,0.0,0.0,0.0,5650,0.0,0.0,0.0
2021-03-02,560.0,10717.0,8112.0,543.75,759332.0,178021.0,16.25,0.0290178571428053,-5871.0,-9388.0,3517.0,0.0455676577482429,0.0141137210074117,0.0200364298724955,0.0117434507678411,0.0237659963436929,1502,0.0,0.0,0.0,172.0,0.0,0.0,0.0,5650,0.0,0.0,0.0
2021-03-03,550.0,8135.0,3809.0,534.25,753435.0,132319.0,15.75,0.0286363636363115,-2582.0,-5897.0,3315.0,0.0287864932473792,0.0107972154200428,-0.0178571428571429,-0.0174184903974988,0.0004547521600728,1502,0.0,0.0,0.0,172.0,0.0,0.0,0.0,5650,0.0,0.0,0.0
2021-03-04,545.0,6801.0,2129.0,532.25,748851.0,153481.0,12.75,0.0233944954128011,-1334.0,-4584.0,3250.0,0.0138714238244472,0.0090819134914689,-0.009090909090909,-0.018018018018018,0.003683241252302,1502,0.0,0.0,0.0,172.0,0.0,0.0,0.0,5650,0.0,0.0,0.0
2021-03-05,546.0,5794.0,1441.0,545.5,743959.0,137762.0,0.5,0.0009157509157492,-1007.0,-4892.0,3885.0,0.0104600688143318,0.0077880635895257,0.001834862385321,-0.0162162162162161,-0.0099728014505893,1502,0.0,0.0,0.0,172.0,0.0,0.0,0.0,5650,0.0,0.0,0.0
2021-03-08,560.0,4035.0,2320.0,547.0,737340.0,162292.0,13.0,0.0232142857142442,-1759.0,-6619.0,4860.0,0.0142952209597514,0.0054723736675075,0.0256410256410255,0.0200364298724955,0.0200364298724955,1502,0.0,0.0,0.0,172.0,0.0,0.0,0.0,5650,0.0,0.0,0.0
2021-03-09,551.75,2283.0,2224.0,545.25,732053.0,138207.0,6.5,0.0117806977797702,-1752.0,-5287.0,3535.0,0.0160918043225016,0.003118626656813,-0.0147321428571428,-0.0147321428571428,0.0068430656934306,1502,0.0,0.0,0.0,172.0,0.0,0.0,0.0,5650,0.0,0.0,0.0
2021-03-10,541.0,654.0,1986.0,533.0,722846.0,169761.0,8.0,0.0147874306838913,-1629.0,-9207.0,7578.0,0.0116988000777563,0.0009047570298514,-0.0194834617127321,-0.0163636363636363,-0.04162976085031,1502,0.0,0.0,0.0,172.0,0.0,0.0,0.0,5650,0.0,0.0,0.0
2021-03-11,541.0,158.0,672.0,537.75,711911.0,121518.0,3.25,0.0060073937153308,-496.0,-10935.0,10439.0,0.005530044931615,0.0002219378545913,0.0,-0.0073394495412844,-0.0261026102610261,1502,0.0,0.0,0.0,172.0,0.0,0.0,0.0,5650,0.0,0.0,0.0
2021-03-12,,143.0,66.0,540.0,706090.0,123442.0,,,-15.0,-5821.0,5806.0,0.0005346640527535,0.0002025237575946,0.0,-0.0091575091575091,0.015962441314554,1502,0.0,0.0,0.0,172.0,0.0,0.0,0.0,5650,0.0,0.0,0.0
2021-03-15,548.0,705501.0,140615.0,535.75,408423.0,56701.0,12.25,0.0223540145984993,705358.0,-297667.0,1003025.0,2.479938625421025,1.7273782328615144,0.0129390018484287,-0.0214285714285714,0.0148148148148148,1502,0.0,0.0,0.0,172.0,0.0,0.0,0.0,5650,0.0,0.0,0.0
2021-03-16,553.0,699655.0,132710.0,541.0,409108.0,55959.0,12.0,0.0216998191681343,-5846.0,685.0,-6531.0,2.3715577476366203,1.7101963295755602,0.0091240875912408,0.002265518803806,0.0254983773759851,1502,0.0,0.0,0.0,172.0,0.0,0.0,0.0,5650,0.0,0.0,0.0
2021-03-17,556.0,690358.0,129647.0,540.25,412976.0,58068.0,15.75,0.0283273381294454,-9297.0,3868.0,-13165.0,2.2326754839153713,1.6716661500910424,0.0054249547920433,0.0277264325323474,0.0081595648232093,1502,0.0,0.0,0.0,172.0,0.0,0.0,0.0,5650,0.0,0.0,0.0
2021-03-18,546.5,682472.0,157912.0,530.5,400416.0,82610.0,16.0,0.0292772186641733,-7886.0,-12560.0,4674.0,1.911536133639972,1.7044074162870573,-0.0170863309352518,0.0101663585951941,-0.009963768115942,1502,0.0,0.0,0.0,172.0,0.0,0.0,0.0,5650,0.0,0.0,0.0
2021-03-19,557.0,674236.0,158521.0,536.0,395027.0,73556.0,21.0,0.0377019748652824,-8236.0,-5389.0,-2847.0,2.1551063135569883,1.706809914259021,0.019213174748399,0.0295748613678372,0.0136487716105551,1502,0.0,0.0,0.0,172.0,0.0,0.0,0.0,5650,0.0,0.0,0.0
2021-03-22,550.0,668058.0,129296.0,532.75,401128.0,52354.0,17.25,0.0313636363635793,-6178.0,6101.0,-12279.0,2.469648928448591,1.6654484354121335,-0.0125673249551166,0.0036496350364962,0.0110294117647058,1502,0.0,0.0,0.0,172.0,0.0,0.0,0.0,5650,0.0,0.0,0.0
2021-03-23,551.5,657706.0,122094.0,533.75,406369.0,53516.0,17.75,0.0321849501359343,-10352.0,5241.0,-15593.0,2.2814485387547223,1.61849452098954,0.0027272727272726,-0.0027124773960216,0.0018165304268846,1502,0.0,0.0,0.0,172.0,0.0,0.0,0.0,5650,0.0,0.0,0.0
2021-03-24,552.5,650917.0,92011.0,535.25,408979.0,43878.0,17.25,0.031221719456957,-6789.0,2610.0,-9399.0,2.096973426318381,1.5915658261182075,0.0018132366273799,-0.0062949640287769,-0.0018066847335139,1502,0.0,0.0,0.0,172.0,0.0,0.0,0.0,5650,0.0,0.0,0.0
2021-03-25,546.25,646977.0,142181.0,532.5,411915.0,64090.0,13.75,0.0251716247139127,-3940.0,2936.0,-6876.0,2.218458417849864,1.5706565674957174,-0.01131221719457,-0.0004574565416285,-0.0241179097811522,1502,0.0,0.0,0.0,172.0,0.0,0.0,0.0,5650,0.0,0.0,0.0
2021-03-26,551.75,643481.0,124031.0,534.75,414367.0,53091.0,17.0,0.0308110557317067,-3496.0,2452.0,-5948.0,2.336196342129507,1.552925305345258,0.0100686498855835,-0.0094254937163374,-0.0058558558558559,1502,0.0,0.0,0.0,172.0,0.0,0.0,0.0,5650,0.0,0.0,0.0
2021-03-29,546.0,637172.0,119797.0,530.0,420273.0,46087.0,16.0,0.0293040293039756,-6309.0,5906.0,-12215.0,2.5993664156920047,1.5160907315007115,-0.0104213864975079,-0.0072727272727273,-0.0162162162162161,1502,0.0,0.0,0.0,172.0,0.0,0.0,0.0,5650,0.0,0.0,0.0
2021-03-30,538.0,628760.0,136033.0,520.75,421513.0,63278.0,17.25,0.0320631970259627,-8412.0,1240.0,-9652.0,2.1497676917727784,1.4916740408955322,-0.0146520146520146,-0.0244786944696282,-0.0200364298724954,1502,0.0,0.0,0.0,172.0,0.0,0.0,0.0,5650,0.0,0.0,0.0
2021-03-31,564.25,622246.0,145896.0,547.5,422345.0,87684.0,16.75,0.0296854231279934,-6514.0,832.0,-7346.0,1.6638839469002136,1.4733121026648794,0.0487918215613383,0.0212669683257917,0.0075892857142856,1502,0.0,0.0,0.0,172.0,0.0,0.0,0.0,5650,0.0,0.0,0.0
2021-04-01,558.75,615378.0,249753.0,544.0,429258.0,108989.0,14.75,0.0263982102907804,-6868.0,6913.0,-13781.0,2.291543183257005,1.4335853961952918,-0.0097474523704031,0.0228832951945079,0.0159090909090908,1502,0.0,0.0,0.0,172.0,0.0,0.0,0.0,5650,0.0,0.0,0.0
2021-04-02,558.75,615169.0,,544.0,429257.0,,14.75,0.0263982102907804,-209.0,-1.0,-208.0,,1.4331018480770228,0.0,0.0126869053013141,0.025229357798165,1502,0.0,0.0,0.0,172.0,0.0,0.0,0.0,5650,0.0,0.0,0.0
2021-04-05,553.0,602184.0,143679.0,538.25,437398.0,88758.0,14.75,0.0266726943941651,-12985.0,8141.0,-21126.0,1.6187723923477138,1.376741548886823,-0.0102908277404921,0.0128205128205127,0.0128205128205127,1502,0.0,0.0,0.0,172.0,0.0,0.0,0.0,5650,0.0,0.0,0.0
2021-04-06,554.5,583487.0,134848.0,541.0,446709.0,77425.0,13.5,0.024346257889947,-18697.0,9311.0,-28008.0,1.7416596706489926,1.3061903834487298,0.0027124773960216,0.0306691449814127,-0.0098214285714285,1502,0.0,0.0,0.0,172.0,0.0,0.0,0.0,5650,0.0,0.0,0.0
2021-04-07,560.25,576150.0,158002.0,546.0,455309.0,107171.0,14.25,0.0254350736277993,-7337.0,8600.0,-15937.0,1.474298084369825,1.2654043737330003,0.0103697024346258,-0.0070890562693841,0.0154055278658813,1502,0.0,0.0,0.0,172.0,0.0,0.0,0.0,5650,0.0,0.0,0.0
2021-04-08,579.0,556250.0,258786.0,561.0,480754.0,187448.0,18.0,0.0310880829015007,-19900.0,25445.0,-45345.0,1.3805748794332222,1.1570366549212254,0.0334672021419009,0.036241610738255,0.0702402957486136,1502,0.0,0.0,0.0,172.0,0.0,0.0,0.0,5650,0.0,0.0,0.0
2021-04-09,576.25,515588.0,249738.0,561.5,518324.0,172077.0,14.75,0.0255965292841204,-40662.0,37570.0,-78232.0,1.4513153995013777,0.994721448360483,-0.0047495682210708,0.0313199105145414,0.0651571164510167,1502,0.0,0.0,0.0,172.0,0.0,0.0,0.0,5650,0.0,0.0,0.0
2021-04-12,568.0,468245.0,198642.0,555.0,560004.0,149566.0,13.0,0.0228873239436216,-47343.0,41680.0,-89023.0,1.3281227016835289,0.8361458132441896,-0.0143167028199565,0.0271247739602169,0.0499075785582254,1502,0.0,0.0,0.0,172.0,0.0,0.0,0.0,5650,0.0,0.0,0.0
2021-04-13,580.0,424205.0,225715.0,566.25,606470.0,176626.0,13.75,0.0237068965516832,-44040.0,46466.0,-90506.0,1.277926239624963,0.6994657608785253,0.0211267605633802,0.0459873760144273,0.0583941605839415,1502,0.0,0.0,0.0,172.0,0.0,0.0,0.0,5650,0.0,0.0,0.0
2021-04-14,593.75,388909.0,242724.0,579.0,652174.0,186944.0,14.75,0.024842105263116,-35296.0,45704.0,-81000.0,1.298378123930154,0.5963270538230585,0.0237068965517242,0.0597947344935296,0.0736889692585895,1502,0.0,0.0,0.0,172.0,0.0,0.0,0.0,5650,0.0,0.0,0.0
2021-04-15,589.75,354032.0,176855.0,577.0,678176.0,138034.0,12.75,0.0216193302246348,-34877.0,26002.0,-60879.0,1.2812423026210842,0.5220355777851169,-0.0067368421052631,0.0185664939550949,0.0607014388489208,1502,0.0,0.0,0.0,172.0,0.0,0.0,0.0,5650,0.0,0.0,0.0
2021-04-16,587.0,323909.0,165261.0,575.0,705249.0,138956.0,12.0,0.0204429301532871,-30123.0,27073.0,-57196.0,1.189304528052037,0.459283175162247,-0.0046629927935566,0.0186550976138828,0.0741079597438243,1502,0.0,0.0,0.0,172.0,0.0,0.0,0.0,5650,0.0,0.0,0.0
2021-04-19,592.0,293449.0,105991.0,580.0,714917.0,81451.0,12.0,0.020270270270236,-30460.0,9668.0,-40128.0,1.3012854354151415,0.410465830299181,0.008517887563884,0.0422535211267605,0.0628366247755833,1502,0.0,0.0,0.0,172.0,0.0,0.0,0.0,5650,0.0,0.0,0.0
2021-04-20,607.25,268597.0,180193.0,592.0,721045.0,172258.0,15.25,0.025113215314903,-24852.0,6128.0,-30980.0,1.0460646239942353,0.3725107309529913,0.025760135135135,0.0469827586206896,0.104090909090909,1502,0.0,0.0,0.0,172.0,0.0,0.0,0.0,5650,0.0,0.0,0.0
2021-04-21,626.0,248742.0,163261.0,605.25,735313.0,183005.0,20.75,0.033146964856177,-19855.0,14268.0,-34123.0,0.8921122373705588,0.3382804329584811,0.0308769040757512,0.0543157894736843,0.1350861287398006,1502,0.0,0.0,0.0,172.0,0.0,0.0,0.0,5650,0.0,0.0,0.0
2021-04-22,650.5,231523.0,147251.0,631.5,739985.0,179247.0,19.0,0.0292083013066422,-17219.0,4672.0,-21891.0,0.8214977098640378,0.3128752609850195,0.0391373801916932,0.1030097498940227,0.1773755656108597,1502,0.0,0.0,0.0,172.0,0.0,0.0,0.0,5650,0.0,0.0,0.0
2021-04-23,657.5,168158.0,157732.0,635.0,750133.0,233004.0,22.5,0.0342205323193395,-63365.0,10148.0,-73513.0,0.6769497519355863,0.2241709136913051,0.0107609531129899,0.1201022146507666,0.2036613272311211,1502,0.0,0.0,0.0,172.0,0.0,0.0,0.0,5650,0.0,0.0,0.0
2021-04-26,680.5,127419.0,157505.0,657.5,757581.0,236175.0,23.0,0.0337986774430069,-40739.0,7448.0,-48187.0,0.6668995448290435,0.1681919161119402,0.0349809885931557,0.1494932432432432,0.2333484367920253,1502,0.0,0.0,0.0,172.0,0.0,0.0,0.0,5650,0.0,0.0,0.0
2021-04-27,695.75,67729.0,166136.0,654.25,741565.0,384490.0,41.5,0.0596478620193177,-59690.0,-16016.0,-43674.0,0.43209446279487,0.0913325197386606,0.0224099926524614,0.1457389872375463,0.2742673992673992,1502,0.0,0.0,0.0,172.0,0.0,0.0,0.0,5650,0.0,0.0,0.0
2021-04-28,687.0,26797.0,107987.0,640.0,745532.0,314724.0,47.0,0.0684133915573967,-40932.0,3967.0,-44899.0,0.3431165084327844,0.0359434605087373,-0.0125763564498742,0.0974440894568691,0.2769516728624535,1502,0.0,0.0,0.0,172.0,0.0,0.0,0.0,5650,0.0,0.0,0.0
2021-04-29,699.25,12543.0,30786.0,648.0,745500.0,181952.0,51.25,0.0732928137288905,-14254.0,-32.0,-14222.0,0.1691984699261334,0.0168249496981891,0.0178311499272199,0.0749423520368945,0.2392556490917146,1502,0.0,0.0,0.0,172.0,0.0,0.0,0.0,5650,0.0,0.0,0.0
2021-04-30,715.0,7296.0,9862.0,673.25,746663.0,148309.0,41.75,0.0583916083915267,-5247.0,1163.0,-6410.0,0.0664963016404933,0.009771476556358,0.0225241329996424,0.0874524714828897,0.2796420581655481,1352,-150.0,-150.0,-4.898979485406356,172.0,0.0,0.0,0.0,5700,50.0,50.0,4.898979485086357
2021-05-03,729.5,5275.0,3094.0,681.25,735575.0,232788.0,48.25,0.0661411925975789,-2021.0,-11088.0,9067.0,0.0132910631132188,0.007171260578459,0.0202797202797202,0.0720058780308596,0.3055928411633108,1352,0.0,0.0,0.0,172.0,0.0,0.0,0.0,5700,0.0,0.0,0.0
2021-05-04,742.75,4005.0,1827.0,696.75,726355.0,204867.0,46.0,0.0619320094243528,-1270.0,-9220.0,7950.0,0.0089179809339717,0.0055138327677237,0.0181631254283756,0.0675530003593245,0.343128390596745,1352,0.0,0.0,0.0,172.0,0.0,0.0,0.0,5700,0.0,0.0,0.0
2021-05-05,745.0,2715.0,1778.0,708.0,717577.0,199836.0,37.0,0.0496644295301346,-1290.0,-8778.0,7488.0,0.0088972957825416,0.0037835660841972,0.0030292830696734,0.0844250363901017,0.3435527502254283,1352,0.0,0.0,0.0,172.0,0.0,0.0,0.0,5700,0.0,0.0,0.0
2021-05-06,750.0,1663.0,2419.0,718.75,719805.0,194339.0,31.25,0.0416666666666111,-1052.0,2228.0,-3280.0,0.0124473214331656,0.0023103479414563,0.0067114093959732,0.0725777618877367,0.3386880856760375,1352,0.0,0.0,0.0,172.0,0.0,0.0,0.0,5700,0.0,0.0,0.0
2021-05-07,755.5,1342.0,680.0,731.0,711629.0,192878.0,24.5,0.0324288550628293,-321.0,-8176.0,7855.0,0.0035255446448013,0.0018858140969522,0.0073333333333334,0.0566433566433566,0.3048359240069085,1352,0.0,0.0,0.0,172.0,0.0,0.0,0.0,5700,0.0,0.0,0.0
2021-05-10,735.0,828.0,814.0,714.0,705248.0,190149.0,21.0,0.0285714285713897,-514.0,-6381.0,5867.0,0.0042808534359896,0.0011740550841689,-0.0271343481138318,0.0075394105551747,0.2754880694143167,1352,0.0,0.0,0.0,172.0,0.0,0.0,0.0,5700,0.0,0.0,0.0
2021-05-11,759.5,479.0,404.0,723.0,702779.0,180975.0,36.5,0.0480579328504963,-349.0,-2469.0,2120.0,0.0022323525348804,0.0006815798423117,0.0333333333333334,0.0225513295186805,0.3371478873239437,1352,0.0,0.0,0.0,172.0,0.0,0.0,0.0,5700,0.0,0.0,0.0
2021-05-12,751.0,210.0,328.0,714.5,695484.0,200830.0,36.5,0.0486018641810271,-269.0,-7295.0,7026.0,0.001633222128168,0.000301947995928,-0.0111915734035549,0.0080536912751678,0.2948275862068965,1352,0.0,0.0,0.0,172.0,0.0,0.0,0.0,5700,0.0,0.0,0.0
2021-05-13,579.0,21.0,307.0,674.75,683888.0,247856.0,-95.75,-0.1653713298788162,-189.0,-11596.0,11407.0,0.0012386224259247,3.070678239711761e-05,-0.2290279627163781,-0.2279999999999999,-0.0248421052631578,1352,0.0,0.0,0.0,172.0,0.0,0.0,0.0,5700,0.0,0.0,0.0
2021-05-14,,,28.0,645.0,672567.0,313038.0,,,,-11321.0,,8.944600974961478e-05,,0.0,-0.2336201191264063,-0.0182280627384484,1352,0.0,0.0,0.0,172.0,0.0,0.0,0.0,5700,0.0,0.0,0.0
2021-05-17,652.0,659332.0,185347.0,565.0,274595.0,46183.0,87.0,0.1334355828218812,,-397972.0,,4.013316588354936,2.4011070849796887,0.1260794473229707,-0.1129251700680271,0.110732538330494,1352,0.0,0.0,0.0,172.0,0.0,0.0,0.0,5700,0.0,0.0,0.0
2021-05-18,659.25,650578.0,161908.0,571.75,282330.0,43399.0,87.5,0.1327265832383273,-8754.0,7735.0,-16489.0,3.7306850388256936,2.3043176424751097,0.0111196319018405,-0.1319947333772219,0.113597972972973,1352,0.0,0.0,0.0,172.0,0.0,0.0,0.0,5700,0.0,0.0,0.0
2021-05-19,661.0,645771.0,136686.0,569.0,286206.0,34463.0,92.0,0.1391830559755837,-4807.0,3876.0,-8683.0,3.966166613469403,2.256315381228897,0.0026545316647705,-0.1198402130492676,0.0885137916838205,1352,0.0,0.0,0.0,172.0,0.0,0.0,0.0,5700,0.0,0.0,0.0
2021-05-20,664.25,637495.0,119730.0,575.0,290529.0,29772.0,89.25,0.1343620624762749,-8276.0,4323.0,-12599.0,4.021563885529893,2.1942559950985885,0.0049167927382753,0.1472366148531951,0.0611022364217253,1352,0.0,0.0,0.0,172.0,0.0,0.0,0.0,5700,0.0,0.0,0.0
2021-05-21,657.0,629918.0,109618.0,571.25,294457.0,27958.0,85.75,0.1305175038049763,-7577.0,3928.0,-11505.0,3.920809786107593,2.1392529299693943,-0.0109145652992096,0.1347150259067357,0.0099923136049193,1352,0.0,0.0,0.0,172.0,0.0,0.0,0.0,5700,0.0,0.0,0.0
2021-05-24,658.0,624460.0,106865.0,569.0,301030.0,28062.0,89.0,0.1352583586624084,-5458.0,6573.0,-12031.0,3.8081747558975194,2.074411188253656,0.0015220700152207,0.00920245398773,0.0007604562737641,1352,0.0,0.0,0.0,172.0,0.0,0.0,0.0,5700,0.0,0.0,0.0
2021-05-25,620.25,618761.0,211650.0,539.5,305925.0,49767.0,80.75,0.1301894397418296,-5699.0,4895.0,-10594.0,4.252818132497353,2.0225905042085413,-0.057370820668693,-0.0591581342434585,-0.088537839823659,1352,0.0,0.0,0.0,172.0,0.0,0.0,0.0,5700,0.0,0.0,0.0
2021-05-26,624.0,612617.0,182610.0,547.0,314717.0,53644.0,77.0,0.1233974358972381,-6144.0,8792.0,-14936.0,3.404108567593703,1.94656469145295,0.0060459492140265,-0.0559757942511346,-0.1031261228889687,1352,0.0,0.0,0.0,172.0,0.0,0.0,0.0,5700,0.0,0.0,0.0
2021-05-27,664.5,603409.0,160605.0,583.25,321303.0,61192.0,81.25,0.1222723852518852,-9208.0,6586.0,-15794.0,2.624607791868175,1.8780061188348636,0.0649038461538462,0.0003763643206624,-0.0327510917030567,1352,0.0,0.0,0.0,172.0,0.0,0.0,0.0,5700,0.0,0.0,0.0
2021-05-28,657.0,592988.0,150329.0,570.5,325437.0,43448.0,86.5,0.1316590563163901,-10421.0,4134.0,-14555.0,3.4599751426992396,1.8221283996595292,-0.0112866817155756,0.0,-0.0604218805863424,1352,0.0,0.0,0.0,172.0,0.0,0.0,0.0,5700,0.0,0.0,0.0
2021-06-01,686.75,585352.0,163972.0,599.75,329650.0,58600.0,87.0,0.1266836548960659,-7636.0,4213.0,-11849.0,2.7981569965869832,1.7756772334293895,0.0452815829528159,0.043693009118541,-0.0395104895104895,1507,155.0,155.0,3.446333385005688,179.5,7.5,7.5,4.898979482366356,5700,0.0,0.0,0.0
2021-06-02,675.0,570127.0,163861.0,593.0,331589.0,71299.0,82.0,0.1214814814813015,-15225.0,1939.0,-17164.0,2.298222976479301,1.719378507730951,-0.0171095740808154,0.0882708585247884,-0.0747087045921864,1507,0.0,0.0,0.0,179.5,0.0,0.0,0.0,5700,0.0,0.0,0.0
2021-06-03,662.0,553081.0,166363.0,580.75,334766.0,75031.0,81.25,0.1227341389726242,-17046.0,3177.0,-20223.0,2.2172568671615434,1.6521420932830644,-0.0192592592592593,0.0608974358974359,-0.1087176035005048,1507,0.0,0.0,0.0,179.5,0.0,0.0,0.0,5700,0.0,0.0,0.0
2021-06-04,680.75,539365.0,142300.0,603.5,335241.0,69245.0,77.25,0.1134777818580778,-13716.0,475.0,-14191.0,2.0550220232507463,1.6088873377659607,0.028323262839879,0.0244544770504138,-0.0862416107382549,1507,0.0,0.0,0.0,179.5,0.0,0.0,0.0,5700,0.0,0.0,0.0
2021-06-07,680.0,508319.0,254039.0,621.75,357629.0,143058.0,58.25,0.0856617647057563,-31046.0,22388.0,-53434.0,1.7757762585804235,1.4213584468821,-0.0011017260374587,0.035007610350076,-0.0933333333333333,1507,0.0,0.0,0.0,179.5,0.0,0.0,0.0,5700,0.0,0.0,0.0
2021-06-08,681.75,479251.0,224000.0,627.75,378383.0,134656.0,54.0,0.079207920791963,-29068.0,20754.0,-49822.0,1.663498098859303,1.2665764582446852,0.0025735294117648,-0.0072806698216235,-0.0976174718729318,1507,0.0,0.0,0.0,179.5,0.0,0.0,0.0,5700,0.0,0.0,0.0
2021-06-09,694.25,441003.0,214261.0,630.5,408825.0,126313.0,63.75,0.0918257111990035,-38248.0,30442.0,-68690.0,1.6962703759707891,1.078708493854336,0.0183351668500182,0.0285185185185186,-0.0554421768707482,1507,0.0,0.0,0.0,179.5,0.0,0.0,0.0,5700,0.0,0.0,0.0
2021-06-10,699.0,405171.0,256320.0,635.0,445166.0,142203.0,64.0,0.0915593705291966,-35832.0,36341.0,-72173.0,1.8024936182780829,0.9101571099320234,0.0068419157364061,0.0558912386706949,-0.0796576695194206,1507,0.0,0.0,0.0,179.5,0.0,0.0,0.0,5700,0.0,0.0,0.0
2021-06-11,685.25,370689.0,233946.0,628.75,474498.0,132241.0,56.5,0.0824516599779898,-34482.0,29332.0,-63814.0,1.7690882555334446,0.7812235246513141,-0.0196709585121602,0.0066103562247521,-0.0875499334221038,1507,0.0,0.0,0.0,179.5,0.0,0.0,0.0,5700,0.0,0.0,0.0
2021-06-14,662.5,353924.0,159570.0,597.0,475132.0,75697.0,65.5,0.0988679245281526,-16765.0,634.0,-17399.0,2.1080095644477046,0.7448961551737185,-0.0331995622035753,-0.025735294117647,0.1442141623488773,1507,0.0,0.0,0.0,179.5,0.0,0.0,0.0,5700,0.0,0.0,0.0
2021-06-15,667.5,320374.0,176454.0,591.75,478516.0,74082.0,75.75,0.1134831460672457,-33550.0,3384.0,-36934.0,2.381874139467045,0.6695157528692862,0.0075471698113207,-0.0209020902090208,0.1528497409326425,1507,0.0,0.0,0.0,179.5,0.0,0.0,0.0,5700,0.0,0.0,0.0
2021-06-16,671.5,305775.0,169908.0,586.25,485533.0,91211.0,85.25,0.1269545792998854,-14599.0,7017.0,-21616.0,1.8628016357675952,0.6297718177755155,0.0059925093632959,-0.0327691753691034,0.0299079754601228,1507,0.0,0.0,0.0,179.5,0.0,0.0,0.0,5700,0.0,0.0,0.0
2021-06-17,633.0,277524.0,192026.0,547.75,485993.0,101671.0,85.25,0.1346761453394397,-28251.0,460.0,-28711.0,1.888699825909041,0.5710452619687926,-0.0573343261355174,-0.0944206008583691,-0.0398179749715585,1507,0.0,0.0,0.0,179.5,0.0,0.0,0.0,5700,0.0,0.0,0.0
2021-06-18,652.5,256431.0,184523.0,575.0,498963.0,105090.0,77.5,0.1187739463599712,-21093.0,12970.0,-34063.0,1.7558568845751092,0.5139278864364683,0.0308056872037914,-0.047792776358993,-0.0128593040847201,1507,0.0,0.0,0.0,179.5,0.0,0.0,0.0,5700,0.0,0.0,0.0
2021-06-21,659.0,236093.0,127442.0,566.5,497420.0,64277.0,92.5,0.1403641881636717,-20338.0,-1543.0,-18795.0,1.9826998770944195,0.4746351172047757,0.0099616858237547,-0.0052830188679244,-0.0079036507339104,1507,0.0,0.0,0.0,179.5,0.0,0.0,0.0,5700,0.0,0.0,0.0
2021-06-22,660.0,192919.0,145930.0,551.5,497383.0,96067.0,108.5,0.1643939393936903,-43174.0,-37.0,-43137.0,1.519044000541273,0.3878681016440039,0.0015174506828528,-0.0112359550561798,0.004566210045662,1507,0.0,0.0,0.0,179.5,0.0,0.0,0.0,5700,0.0,0.0,0.0
2021-06-23,662.25,160881.0,127090.0,547.25,502191.0,83201.0,115.0,0.1736504341258231,-32038.0,4808.0,-36846.0,1.5275056790182626,0.3203581904096244,0.0034090909090909,-0.0137751303052866,0.0064589665653496,1507,0.0,0.0,0.0,179.5,0.0,0.0,0.0,5700,0.0,0.0,0.0
2021-06-24,653.0,135024.0,143749.0,548.75,504420.0,115512.0,104.25,0.1596477794790817,-25857.0,2229.0,-28086.0,1.2444507929911937,0.2676816938265726,-0.0139675349188372,0.0315955766192732,0.0528012898024989,1507,0.0,0.0,0.0,179.5,0.0,0.0,0.0,5700,0.0,0.0,0.0
2021-06-25,636.75,79278.0,123016.0,530.0,512255.0,90061.0,106.75,0.167648213584346,-55746.0,7835.0,-63581.0,1.3659186551337277,0.154762764638705,-0.0248851454823889,-0.0241379310344828,0.0204326923076922,1507,0.0,0.0,0.0,179.5,0.0,0.0,0.0,5700,0.0,0.0,0.0
2021-06-28,676.5,46210.0,83833.0,555.0,516932.0,93261.0,121.5,0.1796008869176946,-33068.0,4677.0,-37745.0,0.8989073674955136,0.0893928021480579,0.0624263839811543,0.0265553869499242,0.0180586907449209,1507,0.0,0.0,0.0,179.5,0.0,0.0,0.0,5700,0.0,0.0,0.0
2021-06-29,693.0,16957.0,58727.0,559.25,514343.0,105609.0,133.75,0.1930014430011645,-29253.0,-2589.0,-26664.0,0.5560795008001159,0.0329682721452415,0.024390243902439,0.05,0.0547945205479452,1507,0.0,0.0,0.0,179.5,0.0,0.0,0.0,5700,0.0,0.0,0.0
2021-06-30,719.0,7781.0,18226.0,599.25,512739.0,137250.0,119.75,0.1665507649510896,-9176.0,-1604.0,-7572.0,0.1327941712203997,0.0151753621238095,0.0375180375180375,0.0856927142317856,0.0469603203494721,1357,-150.0,-150.0,-3.335161340328085,179.5,0.0,0.0,0.0,5700,0.0,0.0,0.0
2021-07-01,714.0,5174.0,4706.0,601.0,510189.0,121488.0,113.0,0.1582633053219072,-2607.0,-2550.0,-57.0,0.0387363360990382,0.0101413397780038,-0.0069541029207231,0.0934150076569677,0.0577777777777777,1357,0.0,0.0,0.0,179.5,0.0,0.0,0.0,5700,0.0,0.0,0.0
2021-07-02,690.0,2606.0,4751.0,591.5,509665.0,71037.0,98.5,0.1427536231881989,-2568.0,-524.0,-2044.0,0.0668806396666516,0.0051131625675688,-0.0336134453781512,0.083627797408716,0.0422960725075529,1357,0.0,0.0,0.0,179.5,0.0,0.0,0.0,5700,0.0,0.0,0.0
2021-07-06,655.0,1800.0,1707.0,552.0,504181.0,51430.0,103.0,0.1572519083967065,-806.0,-5484.0,4678.0,0.0331907447015354,0.0035701464355062,-0.0507246376811594,-0.031781226903178,-0.0378259272860814,1357,0.0,0.0,0.0,179.5,0.0,0.0,0.0,5700,0.0,0.0,0.0
2021-07-07,653.0,1334.0,590.0,542.75,494764.0,99672.0,110.25,0.1688361408879497,-466.0,-9417.0,8951.0,0.0059194156834416,0.0026962349726334,-0.0030534351145038,-0.0577200577200577,-0.0397058823529411,1357,0.0,0.0,0.0,179.5,0.0,0.0,0.0,5700,0.0,0.0,0.0
2021-07-08,635.0,918.0,497.0,537.0,482243.0,82853.0,98.0,0.1543307086611743,-416.0,-12521.0,12105.0,0.0059985757908584,0.0019036046142712,-0.0275650842266462,-0.1168289290681502,-0.0685735240190685,1357,0.0,0.0,0.0,179.5,0.0,0.0,0.0,5700,0.0,0.0,0.0
2021-07-09,615.0,529.0,530.0,527.0,481305.0,91100.0,88.0,0.1430894308940762,-389.0,-938.0,549.0,0.0058177826564214,0.0010990951683443,-0.031496062992126,-0.1386554621848739,-0.1141519625495138,1357,0.0,0.0,0.0,179.5,0.0,0.0,0.0,5700,0.0,0.0,0.0
2021-07-12,615.0,245.0,431.0,543.0,477145.0,83984.0,72.0,0.1170731707315169,-284.0,-4160.0,3876.0,0.0051319298914078,0.0005134707478858,0.0,-0.108695652173913,-0.1201716738197424,1357,0.0,0.0,0.0,179.5,0.0,0.0,0.0,5700,0.0,0.0,0.0
2021-07-13,664.0,95.0,329.0,550.75,470114.0,97432.0,113.25,0.1705572289154057,-150.0,-7031.0,6881.0,0.003376714015929,0.0002020786447542,0.0796747967479674,0.0137404580152671,-0.0310105800802626,1357,0.0,0.0,0.0,179.5,0.0,0.0,0.0,5700,0.0,0.0,0.0
2021-07-14,,77.0,26.0,569.25,461396.0,88996.0,,,-18.0,-8718.0,8700.0,0.0002921479617061,0.0001668848451221,0.0,0.0168453292496171,0.0022641509433962,1357,0.0,0.0,0.0,179.5,0.0,0.0,0.0,5700,0.0,0.0,0.0
2021-07-15,563.0,456220.0,69356.0,554.5,617357.0,107842.0,8.5,0.0150976909413586,456143.0,155961.0,300182.0,0.6431260547838444,0.7389889480478867,-0.1521084337349397,-0.1133858267716535,-0.1565543071161048,1357,0.0,0.0,0.0,179.5,0.0,0.0,0.0,5700,0.0,0.0,0.0
2021-07-16,552.75,448567.0,83019.0,551.75,621197.0,130812.0,1.0,0.001809136137491,-7653.0,3840.0,-11493.0,0.6346436106779146,0.7221010404106898,-0.0182060390763765,-0.1012195121951219,-0.1768428890543559,1357,0.0,0.0,0.0,179.5,0.0,0.0,0.0,5700,0.0,0.0,0.0
2021-07-19,556.0,441594.0,67343.0,551.0,622746.0,132571.0,5.0,0.0089928057553795,-6973.0,1549.0,-8522.0,0.5079768576838034,0.7091077261034182,0.0058796924468567,-0.0959349593495935,-0.1216429699842022,1357,0.0,0.0,0.0,179.5,0.0,0.0,0.0,5700,0.0,0.0,0.0
2021-07-20,571.25,436530.0,77004.0,565.75,624313.0,146526.0,5.5,0.0096280087527183,-5064.0,1567.0,-6631.0,0.5255313050243607,0.6992165788634855,0.0274280575539569,-0.139683734939759,-0.1245210727969349,1357,0.0,0.0,0.0,179.5,0.0,0.0,0.0,5700,0.0,0.0,0.0
2021-07-21,571.25,427615.0,78998.0,568.0,630956.0,143691.0,3.25,0.0056892778993335,-8915.0,6643.0,-15558.0,0.5497769519315716,0.6777255466308257,0.0,-0.139683734939759,-0.1331562974203338,1357,0.0,0.0,0.0,179.5,0.0,0.0,0.0,5700,0.0,0.0,0.0
2021-07-22,565.25,422248.0,81023.0,560.25,630984.0,146619.0,5.0,0.0088456435205504,-5367.0,28.0,-5395.0,0.5526091434261552,0.6691897100401901,-0.0105032822757111,0.0039964476021314,-0.143560606060606,1357,0.0,0.0,0.0,179.5,0.0,0.0,0.0,5700,0.0,0.0,0.0
2021-07-23,545.5,413264.0,81447.0,543.0,635524.0,127254.0,2.5,0.0045829514207065,-8984.0,4540.0,-13524.0,0.6400348908482197,0.6502728457147162,-0.0349402919062361,-0.013116236996834,-0.1762929407323518,1357,0.0,0.0,0.0,179.5,0.0,0.0,0.0,5700,0.0,0.0,0.0
2021-07-26,548.75,406177.0,72948.0,546.5,636576.0,112739.0,2.25,0.0041002277904253,-7087.0,1052.0,-8139.0,0.6470520405538398,0.6380652113808867,0.0059578368469295,-0.0130395683453237,-0.1596477794793261,1357,0.0,0.0,0.0,179.5,0.0,0.0,0.0,5700,0.0,0.0,0.0
2021-07-27,549.0,399731.0,67236.0,547.0,639192.0,110873.0,2.0,0.0036429872495379,-6446.0,2616.0,-9062.0,0.6064235657012924,0.6253692161353699,0.0004555808656037,-0.0389496717724289,-0.1378091872791519,1357,0.0,0.0,0.0,179.5,0.0,0.0,0.0,5700,0.0,0.0,0.0
2021-07-28,550.0,392832.0,62378.0,549.5,646689.0,91952.0,0.5,0.0009090909090892,-6899.0,7497.0,-14396.0,0.6783756742648264,0.6074511859641951,0.0018214936247722,-0.037199124726477,-0.1869918699186992,1357,0.0,0.0,0.0,179.5,0.0,0.0,0.0,5700,0.0,0.0,0.0
2021-07-29,557.0,383903.0,71556.0,555.0,655111.0,106719.0,2.0,0.003590664272884,-8929.0,8422.0,-17351.0,0.6705085317516031,0.5860121414538901,0.0127272727272726,-0.0145953118089341,-0.1962481962481962,1357,0.0,0.0,0.0,179.5,0.0,0.0,0.0,5700,0.0,0.0,0.0
2021-07-30,546.75,383263.0,65198.0,544.5,653066.0,97008.0,2.25,0.004115226337441,-640.0,-2045.0,1405.0,0.6720888998845387,0.5868671772837651,-0.0184021543985637,0.0022914757103573,-0.2395688456189151,1357,0.0,0.0,0.0,179.5,0.0,0.0,0.0,5700,0.0,0.0,0.0
2021-08-02,558.0,372245.0,83836.0,558.25,655011.0,131664.0,-0.25,-0.0004480286738343,-11018.0,1945.0,-12963.0,0.6367420099647539,0.5683034330721154,0.0205761316872428,0.0168564920273348,-0.2184873949579832,1432,75.0,75.0,2.1537538071744553,179.5,0.0,0.0,0.0,5725,25.0,25.0,4.8989794846063575
2021-08-03,550.5,359615.0,95208.0,551.0,658298.0,155031.0,-0.5,-0.0009082652134406,-12630.0,3287.0,-15917.0,0.614122336822954,0.5462799522404738,-0.0134408602150537,0.0027322404371583,-0.2021739130434783,1432,0.0,0.0,0.0,179.5,0.0,0.0,0.0,5725,0.0,0.0,0.0
2021-08-04,546.25,351887.0,70049.0,546.5,654936.0,126044.0,-0.25,-0.0004576659038893,-7728.0,-3362.0,-4366.0,0.5557503728856545,0.5372845591019572,-0.0077202543142597,-0.0068181818181818,-0.166030534351145,1432,0.0,0.0,0.0,179.5,0.0,0.0,0.0,5725,0.0,0.0,0.0
2021-08-05,555.0,344056.0,92967.0,553.0,656185.0,142120.0,2.0,0.0036036036035971,-7831.0,1249.0,-9080.0,0.6541443850267334,0.5243277429383474,0.0160183066361556,-0.0035906642728904,-0.1500765696784073,1432,0.0,0.0,0.0,179.5,0.0,0.0,0.0,5725,0.0,0.0,0.0
2021-08-06,554.5,305769.0,142762.0,556.0,659814.0,182753.0,-1.5,-0.0027051397655496,-38287.0,3629.0,-41916.0,0.7811745908411858,0.4634169629622886,-0.0009009009009008,0.014174668495656,-0.1267716535433071,1432,0.0,0.0,0.0,179.5,0.0,0.0,0.0,5725,0.0,0.0,0.0
2021-08-09,550.0,272616.0,144339.0,553.25,674694.0,175984.0,-3.25,-0.0059090909090801,-33153.0,14880.0,-48033.0,0.8201825165924129,0.4040587288459651,-0.0081154192966637,-0.014336917562724,-0.1056910569105691,1432,0.0,0.0,0.0,179.5,0.0,0.0,0.0,5725,0.0,0.0,0.0
2021-08-10,549.0,239555.0,143634.0,552.0,693518.0,171584.0,-3.0,-0.0054644808743069,-33061.0,18824.0,-51885.0,0.8371060238716849,0.3454200179375296,-0.0018181818181818,-0.002724795640327,-0.1073170731707316,1432,0.0,0.0,0.0,179.5,0.0,0.0,0.0,5725,0.0,0.0,0.0
2021-08-11,555.0,207242.0,184260.0,558.0,723846.0,232705.0,-3.0,-0.0054054054053956,-32313.0,30328.0,-62641.0,0.7918179669538653,0.2863067558569084,0.0109289617486338,0.0160183066361556,-0.1641566265060241,1432,0.0,0.0,0.0,179.5,0.0,0.0,0.0,5725,0.0,0.0,0.0
2021-08-12,565.75,186562.0,247372.0,573.0,758637.0,441563.0,-7.25,-0.0128148475474806,-20680.0,34791.0,-55471.0,0.5602190400916731,0.2459173491406295,0.0193693693693692,0.0193693693693692,-0.1479668674698795,1432,0.0,0.0,0.0,179.5,0.0,0.0,0.0,5725,0.0,0.0,0.0
2021-08-13,567.25,170705.0,97466.0,571.0,758996.0,184832.0,-3.75,-0.0066108417805083,-15857.0,359.0,-16216.0,0.5273221087257589,0.2249089586769887,0.0026513477684488,0.0229936880072136,0.0075488454706926,1432,0.0,0.0,0.0,179.5,0.0,0.0,0.0,5725,0.0,0.0,0.0
2021-08-16,563.75,163845.0,60693.0,568.5,763859.0,116802.0,-4.75,-0.0084257206208276,-6860.0,4863.0,-11723.0,0.5196229516617822,0.2144963926588542,-0.006170118995152,0.0249999999999999,0.0199004975124377,1432,0.0,0.0,0.0,179.5,0.0,0.0,0.0,5725,0.0,0.0,0.0
2021-08-17,558.25,153873.0,67739.0,563.75,766983.0,121559.0,-5.5,-0.0098522167487508,-9972.0,3124.0,-13096.0,0.5572520339917196,0.2006211350186376,-0.0097560975609756,0.0168488160291437,0.004046762589928,1432,0.0,0.0,0.0,179.5,0.0,0.0,0.0,5725,0.0,0.0,0.0
2021-08-18,561.0,144742.0,64048.0,563.25,769198.0,97177.0,-2.25,-0.0040106951871586,-9131.0,2215.0,-11346.0,0.659085997715502,0.1881726161534478,0.0049261083743843,0.0108108108108107,-0.0179431072210065,1432,0.0,0.0,0.0,179.5,0.0,0.0,0.0,5725,0.0,0.0,0.0
2021-08-19,550.0,138455.0,90493.0,552.0,775153.0,165318.0,-2.0,-0.003636363636357,-6287.0,5955.0,-12242.0,0.5473874593208208,0.1786163505785307,-0.0196078431372549,-0.027839151568714,-0.037199124726477,1432,0.0,0.0,0.0,179.5,0.0,0.0,0.0,5725,0.0,0.0,0.0
2021-08-20,537.75,132981.0,83003.0,536.5,779388.0,173056.0,1.25,0.0023245002324457,-5474.0,4235.0,-9709.0,0.4796308709319499,0.1706223344470274,-0.0222727272727272,-0.0520052886734244,-0.0486510393631136,1432,0.0,0.0,0.0,179.5,0.0,0.0,0.0,5725,0.0,0.0,0.0
2021-08-23,538.5,125606.0,50271.0,536.5,778467.0,121370.0,2.0,0.0037140204271054,-7375.0,-921.0,-6454.0,0.4141962593721643,0.1613504490235293,0.00139470013947,-0.0447893569844789,-0.0128322639780018,1432,0.0,0.0,0.0,179.5,0.0,0.0,0.0,5725,0.0,0.0,0.0
2021-08-24,544.0,114389.0,82653.0,544.5,781869.0,145673.0,-0.5,-0.0009191176470571,-11217.0,3402.0,-14619.0,0.5673872303034841,0.1463020019977769,0.0102135561745588,-0.025526197939991,-0.0086560364464692,1432,0.0,0.0,0.0,179.5,0.0,0.0,0.0,5725,0.0,0.0,0.0
2021-08-25,550.75,99734.0,80083.0,551.0,785709.0,145502.0,-0.25,-0.000453926463912,-14655.0,3840.0,-18495.0,0.5503910599166985,0.1269350357447857,0.0124080882352941,-0.018270944741533,0.0031876138433515,1432,0.0,0.0,0.0,179.5,0.0,0.0,0.0,5725,0.0,0.0,0.0
2021-08-26,552.0,82468.0,73859.0,550.0,785215.0,111370.0,2.0,0.0036231884057905,-17266.0,-494.0,-16772.0,0.6631857771392595,0.1050260119839787,0.0022696323195643,0.0036363636363636,0.0036363636363636,1432,0.0,0.0,0.0,179.5,0.0,0.0,0.0,5725,0.0,0.0,0.0
2021-08-27,560.0,42261.0,107357.0,553.25,785344.0,155137.0,6.75,0.0120535714285499,-40207.0,129.0,-40336.0,0.6920141552305338,0.0538120874419362,0.0144927536231884,0.0413761041376103,0.0053859964093356,1432,0.0,0.0,0.0,179.5,0.0,0.0,0.0,5725,0.0,0.0,0.0
2021-08-30,540.0,9266.0,73569.0,542.5,797196.0,217903.0,-2.5,-0.004629629629621,-32995.0,11852.0,-44847.0,0.3376227036800763,0.0116232394542872,-0.0357142857142857,0.0027855153203342,-0.0123456790123457,1432,0.0,0.0,0.0,179.5,0.0,0.0,0.0,5725,0.0,0.0,0.0
2021-08-31,534.0,4875.0,8135.0,535.0,793811.0,209696.0,-1.0,-0.0018726591760264,-4391.0,-3385.0,-1006.0,0.0387942545399052,0.0061412603251907,-0.011111111111111,-0.0183823529411765,-0.043010752688172,1242,-190.0,-190.0,-4.490618990265889,174.6,-4.900000000000006,-4.900000000000006,-4.8989794806683955,5625,-100.0,-100.0,-4.704820755754867
2021-09-01,515.5,2787.0,5192.0,522.75,791701.0,200771.0,-7.25,-0.0140640155188863,-2088.0,-2110.0,22.0,0.0258603085106911,0.00352026838415,-0.0346441947565543,-0.0640036314117112,-0.0635785649409628,1242,0.0,0.0,0.0,174.6,0.0,0.0,0.0,5625,0.0,0.0,0.0
2021-09-02,505.0,1966.0,1319.0,524.75,787405.0,141425.0,-19.75,-0.0391089108910116,-821.0,-4296.0,3475.0,0.0093264981438924,0.0024968091388802,-0.0203685741998059,-0.0851449275362319,-0.0755148741418764,1242,0.0,0.0,0.0,174.6,0.0,0.0,0.0,5625,0.0,0.0,0.0
2021-09-03,505.0,1457.0,967.0,524.0,779231.0,115800.0,-19.0,-0.0376237623761631,-509.0,-8174.0,7665.0,0.0083506044905007,0.0018697921412264,0.0,-0.0982142857142857,-0.09009009009009,1242,0.0,0.0,0.0,174.6,0.0,0.0,0.0,5625,0.0,0.0,0.0
2021-09-07,489.0,1037.0,734.0,510.75,775012.0,154946.0,-21.75,-0.044478527607271,-420.0,-4219.0,3799.0,0.0047371342274082,0.0013380437980315,-0.0316831683168317,-0.0944444444444444,-0.1181244364292155,1242,0.0,0.0,0.0,174.6,0.0,0.0,0.0,5625,0.0,0.0,0.0
2021-09-08,498.25,715.0,451.0,510.25,768138.0,156332.0,-12.0,-0.0240842950325658,-322.0,-6874.0,6552.0,0.0028848860118209,0.0009308223261965,0.0189161554192229,-0.0669475655430711,-0.0940909090909091,1242,0.0,0.0,0.0,174.6,0.0,0.0,0.0,5625,0.0,0.0,0.0
2021-09-09,489.0,604.0,164.0,510.0,756401.0,173940.0,-21.0,-0.0429447852759857,-111.0,-11737.0,11626.0,0.000942853857652,0.0007985182462741,-0.0185649774209734,-0.0514064015518913,-0.1092896174863388,1242,0.0,0.0,0.0,174.6,0.0,0.0,0.0,5625,0.0,0.0,0.0
2021-09-10,400.0,311.0,370.0,516.0,745929.0,264579.0,-116.0,-0.289999999999275,-293.0,-10472.0,10179.0,0.0013984481005673,0.0004169297614116,-0.1820040899795501,-0.2079207920792078,-0.2792792792792793,1242,0.0,0.0,0.0,174.6,0.0,0.0,0.0,5625,0.0,0.0,0.0
2021-09-13,400.0,83.0,313.0,512.5,741803.0,123454.0,-112.5,-0.2812499999992969,-228.0,-4126.0,3898.0,0.0025353572990749,0.0001118895447982,0.0,-0.2079207920792078,-0.2929739284136102,1242,0.0,0.0,0.0,174.6,0.0,0.0,0.0,5625,0.0,0.0,0.0
2021-09-14,,17.0,81.0,520.75,738290.0,114271.0,,,-66.0,-3513.0,3447.0,0.0007088412633126,2.302618212355575e-05,0.0,-0.1820040899795501,-0.2948435434111943,1242,0.0,0.0,0.0,174.6,0.0,0.0,0.0,5625,0.0,0.0,0.0
2021-09-15,534.25,737030.0,152827.0,540.0,250275.0,50418.0,-5.75,-0.0107627515208034,737013.0,-488015.0,1225028.0,3.031199174897794,2.944880631305552,0.335625,0.0722528850978425,-0.0523281596452328,1242,0.0,0.0,0.0,174.6,0.0,0.0,0.0,5625,0.0,0.0,0.0
2021-09-16,529.5,729646.0,118905.0,537.0,248754.0,36680.0,-7.5,-0.0141643059489817,-7384.0,-1521.0,-5863.0,3.2416848418755935,2.9332030841714993,-0.0088909686476368,0.0828220858895705,-0.0515002239140169,1242,0.0,0.0,0.0,174.6,0.0,0.0,0.0,5625,0.0,0.0,0.0
2021-09-17,527.25,729480.0,109533.0,533.75,249889.0,36312.0,-6.5,-0.0123281175912521,-166.0,1135.0,-1301.0,3.016440846001239,2.91921613196258,-0.0042492917847025,0.318125,-0.0601604278074866,1242,0.0,0.0,0.0,174.6,0.0,0.0,0.0,5625,0.0,0.0,0.0
2021-09-20,522.0,716956.0,125356.0,534.0,256821.0,45656.0,-12.0,-0.0229885057470824,-12524.0,6932.0,-19456.0,2.7456632206062133,2.791656445539879,-0.0099573257467994,0.3049999999999999,-0.0509090909090909,1242,0.0,0.0,0.0,174.6,0.0,0.0,0.0,5625,0.0,0.0,0.0
2021-09-21,516.75,710440.0,119145.0,524.25,256895.0,28616.0,-7.5,-0.0145137880986656,-6516.0,74.0,-6590.0,4.163579815487694,2.7654878452285847,-0.0100574712643678,0.2918750000000001,-0.0390516039051603,1242,0.0,0.0,0.0,174.6,0.0,0.0,0.0,5625,0.0,0.0,0.0
2021-09-22,524.25,709243.0,112326.0,531.5,257080.0,30109.0,-7.25,-0.0138292799236741,-1197.0,185.0,-1382.0,3.730645321996622,2.758841605725834,0.0145137880986938,-0.0187178287318671,-0.0264623955431755,1242,0.0,0.0,0.0,174.6,0.0,0.0,0.0,5625,0.0,0.0,0.0
2021-09-23,529.0,706502.0,95990.0,536.25,258628.0,18910.0,-7.25,-0.0137051039697283,-2741.0,1548.0,-4289.0,5.076150185086987,2.731730516417392,0.0090605627086313,-0.0009442870632672,-0.0275735294117647,1242,0.0,0.0,0.0,174.6,0.0,0.0,0.0,5625,0.0,0.0,0.0
2021-09-24,526.0,708375.0,93098.0,532.75,259741.0,16835.0,-6.75,-0.0128326996197474,1873.0,1113.0,760.0,5.530026730026401,2.727235977377454,-0.0056710775047259,-0.002370791844476,-0.0449387199273717,1242,0.0,0.0,0.0,174.6,0.0,0.0,0.0,5625,0.0,0.0,0.0
2021-09-27,539.0,705820.0,144946.0,543.5,263727.0,30999.0,-4.5,-0.0083487940630642,-2555.0,3986.0,-6541.0,4.675828252524124,2.6763281726937227,0.0247148288973384,0.0325670498084291,-0.0235507246376811,1242,0.0,0.0,0.0,174.6,0.0,0.0,0.0,5625,0.0,0.0,0.0
2021-09-28,532.5,694638.0,125830.0,540.5,266758.0,31793.0,-8.0,-0.0150234741783755,-11182.0,3031.0,-14213.0,3.957789450507849,2.6040006297842893,-0.0120593692022263,0.0304789550072568,-0.0491071428571429,1242,0.0,0.0,0.0,174.6,0.0,0.0,0.0,5625,0.0,0.0,0.0
2021-09-29,539.25,690367.0,107220.0,546.75,269092.0,33968.0,-7.5,-0.0139082058414206,-4271.0,2334.0,-6605.0,3.156500235515687,2.565542639691992,0.0126760563380281,0.0286123032904148,-0.0013888888888888,1242,0.0,0.0,0.0,174.6,0.0,0.0,0.0,5625,0.0,0.0,0.0
2021-09-30,536.75,691389.0,222135.0,544.5,270622.0,56135.0,-7.75,-0.0144387517465962,1022.0,1530.0,-508.0,3.957156854012578,2.554814464455948,-0.0046360686138154,0.0146502835538753,0.0051498127340823,1408,166.0,166.0,3.1559798319454484,176.3,1.700000000000017,1.700000000000017,1.584559403112665,5700,75.0,75.0,2.879899831202534
2021-10-01,541.5,683752.0,135599.0,549.75,275583.0,43726.0,-8.25,-0.0152354570636837,-7637.0,4961.0,-12598.0,3.1011068929240477,2.4811109538686984,0.0088495575221239,0.0294676806083649,0.0504364694471386,1408,0.0,0.0,0.0,176.3,0.0,0.0,0.0,5700,0.0,0.0,0.0
2021-10-04,540.0,679398.0,132923.0,549.0,281556.0,41834.0,-9.0,-0.0166666666666358,-4354.0,5973.0,-10327.0,3.1773915953529865,2.4130119763031073,-0.002770083102493,0.0018552875695732,0.0693069306930693,1408,0.0,0.0,0.0,176.3,0.0,0.0,0.0,5700,0.0,0.0,0.0
2021-10-05,537.5,667364.0,119598.0,544.75,285481.0,47887.0,-7.25,-0.0134883720929981,-12034.0,3925.0,-15959.0,2.4975045419424378,2.3376827179391895,-0.0046296296296296,0.0093896713615022,0.0643564356435644,1408,0.0,0.0,0.0,176.3,0.0,0.0,0.0,5700,0.0,0.0,0.0
2021-10-06,532.0,658921.0,126943.0,540.5,289026.0,45914.0,-8.5,-0.0159774436089925,-8443.0,3545.0,-11988.0,2.7647994075880393,2.279798357241209,-0.0102325581395348,-0.0134445989800648,0.0879345603271983,1408,0.0,0.0,0.0,176.3,0.0,0.0,0.0,5700,0.0,0.0,0.0
2021-10-07,534.0,652185.0,104997.0,542.0,295148.0,38664.0,-8.0,-0.0149812734082116,-6736.0,6122.0,-12858.0,2.715626939788881,2.209688020925088,0.0037593984962405,-0.0051234280391243,0.0717511289513297,1408,0.0,0.0,0.0,176.3,0.0,0.0,0.0,5700,0.0,0.0,0.0
2021-10-08,530.5,645330.0,95481.0,539.0,305309.0,38748.0,-8.5,-0.016022620169621,-6855.0,10161.0,-17016.0,2.4641529885412807,2.113694650337848,-0.0065543071161048,-0.0203139427516159,0.0848670756646217,1408,0.0,0.0,0.0,176.3,0.0,0.0,0.0,5700,0.0,0.0,0.0
2021-10-11,532.5,630724.0,104166.0,542.0,306951.0,40546.0,-9.5,-0.0178403755868209,-14606.0,1642.0,-16248.0,2.5690820302865247,2.0548035354176983,0.003770028275212,-0.0138888888888888,0.33125,1408,0.0,0.0,0.0,176.3,0.0,0.0,0.0,5700,0.0,0.0,0.0
2021-10-12,523.0,627140.0,196596.0,532.0,315611.0,56169.0,-9.0,-0.0172084130018791,-3584.0,8660.0,-12244.0,3.5000801153660652,1.98706635700276,-0.0178403755868544,-0.0269767441860465,0.3075000000000001,1408,0.0,0.0,0.0,176.3,0.0,0.0,0.0,5700,0.0,0.0,0.0
2021-10-13,511.25,620226.0,203330.0,522.0,320049.0,69387.0,-10.75,-0.0210268948654845,-6914.0,4438.0,-11352.0,2.9303760070329754,1.9379095076066415,-0.0224665391969407,-0.0390037593984962,0.2781249999999999,1408,0.0,0.0,0.0,176.3,0.0,0.0,0.0,5700,0.0,0.0,0.0
2021-10-14,516.0,615150.0,140335.0,525.5,321633.0,68585.0,-9.5,-0.0184108527131426,-5076.0,1584.0,-6660.0,2.0461471167164533,1.9125835968324087,0.0092909535452323,-0.0337078651685393,-0.0341600374356574,1408,0.0,0.0,0.0,176.3,0.0,0.0,0.0,5700,0.0,0.0,0.0
2021-10-15,525.75,609932.0,130243.0,534.75,322687.0,45121.0,-9.0,-0.017118402282421,-5218.0,1054.0,-6272.0,2.8865273376032694,1.8901660122657504,0.0188953488372092,-0.0089538171536286,-0.0070821529745042,1408,0.0,0.0,0.0,176.3,0.0,0.0,0.0,5700,0.0,0.0,0.0
2021-10-18,532.75,609096.0,119583.0,539.5,326056.0,33491.0,-6.75,-0.0126701079305252,-836.0,3369.0,-4205.0,3.5706010570002817,1.8680717422773945,0.0133143128863528,0.0004694835680751,0.0104314841156947,1408,0.0,0.0,0.0,176.3,0.0,0.0,0.0,5700,0.0,0.0,0.0
2021-10-19,530.0,602920.0,119081.0,538.5,331887.0,49732.0,-8.5,-0.0160377358490263,-6176.0,5831.0,-12007.0,2.3944542749134885,1.8166424114231596,-0.0051618958235569,0.0133843212237094,0.0153256704980841,1408,0.0,0.0,0.0,176.3,0.0,0.0,0.0,5700,0.0,0.0,0.0
2021-10-20,539.0,602945.0,129884.0,547.5,341480.0,52009.0,-8.5,-0.0157699443413436,25.0,9593.0,-9568.0,2.4973369993654466,1.7656817383155623,0.0169811320754718,0.054278728606357,0.043057571359458,1408,0.0,0.0,0.0,176.3,0.0,0.0,0.0,5700,0.0,0.0,0.0
2021-10-21,532.25,599255.0,119388.0,541.5,351569.0,57980.0,-9.25,-0.0173790511977127,-3690.0,10089.0,-13779.0,2.0591238358054147,1.7045160409478604,-0.0125231910946196,0.0314922480620154,0.0152598950882212,1408,0.0,0.0,0.0,176.3,0.0,0.0,0.0,5700,0.0,0.0,0.0
2021-10-22,538.0,601139.0,109345.0,546.0,353226.0,37476.0,-8.0,-0.0148698884758087,1884.0,1657.0,227.0,2.917734016437109,1.7018537706737282,0.0108031939877877,0.0233000475511173,0.0170132325141776,1408,0.0,0.0,0.0,176.3,0.0,0.0,0.0,5700,0.0,0.0,0.0
2021-10-25,538.0,597064.0,107050.0,546.25,356358.0,37948.0,-8.25,-0.0153345724906778,-4075.0,3132.0,-7207.0,2.820965531780257,1.6754611935188723,0.0,0.0098545283904269,0.0228136882129277,1408,0.0,0.0,0.0,176.3,0.0,0.0,0.0,5700,0.0,0.0,0.0
2021-10-26,542.0,592909.0,146995.0,550.25,362038.0,54620.0,-8.25,-0.015221402213994,-4155.0,5680.0,-9835.0,2.691230318564579,1.637698252669605,0.0074349442379182,0.0226415094339622,0.0055658627087198,1408,0.0,0.0,0.0,176.3,0.0,0.0,0.0,5700,0.0,0.0,0.0
2021-10-27,557.0,595216.0,241141.0,565.75,371308.0,90522.0,-8.75,-0.0157091561938676,2307.0,9270.0,-6963.0,2.6638938600560893,1.6030249819556768,0.0276752767527674,0.033395176252319,0.0460093896713615,1408,0.0,0.0,0.0,176.3,0.0,0.0,0.0,5700,0.0,0.0,0.0
2021-10-28,562.0,595361.0,164258.0,571.0,379644.0,62907.0,-9.0,-0.0160142348754163,145.0,8336.0,-8191.0,2.6111243581794934,1.5682086375657154,0.0089766606822261,0.0558947862846406,0.042188224385721,1408,0.0,0.0,0.0,176.3,0.0,0.0,0.0,5700,0.0,0.0,0.0
2021-10-29,568.25,597061.0,135195.0,576.0,385588.0,56161.0,-7.75,-0.0136383633963684,1700.0,5944.0,-4244.0,2.4072755114758926,1.5484428976005438,0.011120996441281,0.0562267657992565,0.0586865393572426,1408,0.0,0.0,0.0,176.3,0.0,0.0,0.0,5700,0.0,0.0,0.0
2021-11-01,579.0,596163.0,197409.0,586.0,394631.0,79099.0,-7.0,-0.0120898100172502,-898.0,9043.0,-9941.0,2.4957205527250346,1.5106846649148151,0.0189177298724152,0.0762081784386616,0.0692520775623268,1500,92.0,92.0,2.419796138411947,176.5,0.19999999999998863,0.19999999999998863,0.5753128348445398,5650,-50.0,-50.0,-2.6645221815242874
2021-11-02,572.5,594939.0,174067.0,580.5,399921.0,73354.0,-8.0,-0.0139737991266131,-1224.0,5290.0,-6514.0,2.372972162390566,1.4876413091585552,-0.0112262521588946,0.0562730627306273,0.0601851851851851,1500,0.0,0.0,0.0,176.5,0.0,0.0,0.0,5650,0.0,0.0,0.0
2021-11-03,563.75,594712.0,149892.0,570.5,404623.0,67298.0,-6.75,-0.0119733924611761,-227.0,4702.0,-4929.0,2.227287586555288,1.4697928689174826,-0.0152838427947598,0.0121184919210053,0.0488372093023254,1500,0.0,0.0,0.0,176.5,0.0,0.0,0.0,5650,0.0,0.0,0.0
2021-11-04,559.0,587231.0,149483.0,567.5,414023.0,62742.0,-8.5,-0.0152057245080228,-7481.0,9400.0,-16881.0,2.382502948583048,1.4183535697292144,-0.0084257206208425,-0.0053380782918149,0.0507518796992481,1500,0.0,0.0,0.0,176.5,0.0,0.0,0.0,5650,0.0,0.0,0.0
2021-11-05,552.75,544899.0,192123.0,561.0,444923.0,126171.0,-8.25,-0.0149253731343013,-42332.0,30900.0,-73232.0,1.522719166844984,1.224704049914252,-0.0111806797853309,-0.0272767267927848,0.0351123595505618,1500,0.0,0.0,0.0,176.5,0.0,0.0,0.0,5650,0.0,0.0,0.0
2021-11-08,551.5,514422.0,166976.0,560.25,489618.0,106777.0,-8.75,-0.0158658204895451,-30477.0,44695.0,-75172.0,1.563782462515321,1.0506599022094754,-0.0022614201718679,-0.0474956822107081,0.0395852968897265,1500,0.0,0.0,0.0,176.5,0.0,0.0,0.0,5650,0.0,0.0,0.0
2021-11-09,555.0,471804.0,246899.0,565.0,515945.0,155208.0,-10.0,-0.0180180180179855,-42618.0,26327.0,-68945.0,1.590762074119881,0.9144463072614312,0.0063463281958295,-0.0305676855895196,0.0422535211267605,1500,0.0,0.0,0.0,176.5,0.0,0.0,0.0,5650,0.0,0.0,0.0
2021-11-10,568.0,448952.0,209267.0,577.25,540703.0,132801.0,-9.25,-0.0162852112675769,-22852.0,24758.0,-47610.0,1.575793856973957,0.8303116498336409,0.0234234234234234,0.0075388026607539,0.0860420650095601,1500,0.0,0.0,0.0,176.5,0.0,0.0,0.0,5650,0.0,0.0,0.0
2021-11-11,569.0,431856.0,264523.0,577.25,575553.0,196461.0,-8.25,-0.0144991212653523,-17096.0,34850.0,-51946.0,1.346440260407911,0.7503322891202013,0.0017605633802817,0.0178890876565294,0.1129584352078238,1500,0.0,0.0,0.0,176.5,0.0,0.0,0.0,5650,0.0,0.0,0.0
2021-11-12,577.0,416851.0,163539.0,584.5,597426.0,107374.0,-7.5,-0.0129982668977244,-15005.0,21873.0,-36878.0,1.5230782126026643,0.6977449926852853,0.0140597539543056,0.0438715513342378,0.1182170542635658,1500,0.0,0.0,0.0,176.5,0.0,0.0,0.0,5650,0.0,0.0,0.0
2021-11-15,576.0,394446.0,128056.0,583.25,606240.0,93300.0,-7.25,-0.0125868055555337,-22405.0,8814.0,-31219.0,1.3725187566988062,0.6506433095803631,-0.0017331022530329,0.0444242973708068,0.0955777460770328,1500,0.0,0.0,0.0,176.5,0.0,0.0,0.0,5650,0.0,0.0,0.0
2021-11-16,570.5,376222.0,137344.0,578.0,629166.0,117168.0,-7.5,-0.0131463628395913,-18224.0,22926.0,-41150.0,1.172197186945231,0.5979693753317874,-0.0095486111111111,0.0279279279279278,0.0708587517597372,1500,0.0,0.0,0.0,176.5,0.0,0.0,0.0,5650,0.0,0.0,0.0
2021-11-17,575.0,350087.0,185381.0,580.75,661235.0,139075.0,-5.75,-0.0099999999999826,-26135.0,32069.0,-58204.0,1.3329570375696471,0.529444146181009,0.0078878177037686,0.0123239436619717,0.0849056603773585,1500,0.0,0.0,0.0,176.5,0.0,0.0,0.0,5650,0.0,0.0,0.0
2021-11-18,573.0,323838.0,171416.0,579.0,682362.0,140698.0,-6.0,-0.0104712041884634,-26249.0,21127.0,-47376.0,1.218325775775056,0.4745838719037688,-0.0034782608695652,0.0070298769771528,0.0630797773654916,1500,0.0,0.0,0.0,176.5,0.0,0.0,0.0,5650,0.0,0.0,0.0
2021-11-19,571.0,305547.0,130524.0,575.0,692016.0,98961.0,-4.0,-0.007005253940443,-18291.0,9654.0,-27945.0,1.3189438263558235,0.4415316986890469,-0.0034904013961605,-0.0103986135181975,0.0728041333959605,1500,0.0,0.0,0.0,176.5,0.0,0.0,0.0,5650,0.0,0.0,0.0
2021-11-22,577.0,279935.0,172298.0,584.0,708131.0,155160.0,-7.0,-0.0121317157712094,-25612.0,16115.0,-41727.0,1.110453725186897,0.3953152735863838,0.0105078809106831,0.0017361111111111,0.0724907063197026,1500,0.0,0.0,0.0,176.5,0.0,0.0,0.0,5650,0.0,0.0,0.0
2021-11-23,580.0,246746.0,179297.0,588.25,731557.0,159453.0,-8.25,-0.0142241379310099,-33189.0,23426.0,-56615.0,1.124450465027305,0.3372888237006817,0.0051993067590987,0.0166520595968449,0.0780669144981411,1500,0.0,0.0,0.0,176.5,0.0,0.0,0.0,5650,0.0,0.0,0.0
2021-11-24,579.0,187168.0,265928.0,584.0,748762.0,260129.0,-5.0,-0.0086355785837501,-59578.0,17205.0,-76783.0,1.0222927855025736,0.2499699503981234,-0.0017241379310344,0.0069565217391305,0.0682656826568266,1500,0.0,0.0,0.0,176.5,0.0,0.0,0.0,5650,0.0,0.0,0.0
2021-11-26,585.75,105685.0,180220.0,591.5,744801.0,179960.0,-5.75,-0.0098164746051902,-81483.0,-3961.0,-77522.0,1.0014447655034395,0.1418969630814135,0.0116580310880829,0.0222513089005236,0.0516157989228007,1500,0.0,0.0,0.0,176.5,0.0,0.0,0.0,5650,0.0,0.0,0.0
2021-11-29,578.0,31466.0,158234.0,582.75,754281.0,247451.0,-4.75,-0.0082179930795705,-74219.0,9480.0,-83699.0,0.6394558922776605,0.0417165486072166,-0.0132309005548442,0.0122591943957968,0.0284697508896796,1500,0.0,0.0,0.0,176.5,0.0,0.0,0.0,5650,0.0,0.0,0.0
2021-11-30,567.0,16228.0,24986.0,568.0,732521.0,263183.0,-1.0,-0.0017636684303319,-15238.0,-21760.0,6522.0,0.0949377429393232,0.0221536310904396,-0.019031141868512,-0.0173310225303292,-0.0021997360316762,1493,-7.0,-7.0,-0.3704576687504794,177.0,0.5,0.5,4.618355914446072,5650,0.0,0.0,0.0
2021-12-01,570.0,12744.0,6270.0,570.5,731893.0,146467.0,-0.5,-0.0008771929824546,-3484.0,-628.0,-2856.0,0.0428082776325039,0.0174123813180341,0.0052910052910053,-0.0172413793103448,-0.0155440414507772,1493,0.0,0.0,0.0,177.0,0.0,0.0,0.0,5650,0.0,0.0,0.0
2021-12-02,575.0,9750.0,6237.0,576.5,729324.0,168404.0,-1.5,-0.0026086956521693,-2994.0,-2569.0,-425.0,0.0370359373886603,0.013368544021587,0.0087719298245614,-0.006908462867012,0.0043668122270741,1493,0.0,0.0,0.0,177.0,0.0,0.0,0.0,5650,0.0,0.0,0.0
2021-12-03,581.75,7780.0,3442.0,584.0,732028.0,144119.0,-2.25,-0.0038676407391424,-1970.0,2704.0,-4674.0,0.0238830410979813,0.010628008764692,0.0117391304347826,-0.0068288518992744,0.0319290465631929,1493,0.0,0.0,0.0,177.0,0.0,0.0,0.0,5650,0.0,0.0,0.0
2021-12-06,583.5,6225.0,2208.0,583.5,733666.0,103539.0,0.0,0.0,-1555.0,1638.0,-3193.0,0.0213252977139047,0.0084847873555541,0.003008165019338,0.009515570934256,0.0438282647584973,1493,0.0,0.0,0.0,177.0,0.0,0.0,0.0,5650,0.0,0.0,0.0
2021-12-07,581.5,4756.0,1887.0,586.0,734596.0,116946.0,-4.5,-0.0077386070507175,-1469.0,930.0,-2399.0,0.0161356523523676,0.0064743069660057,-0.003427592116538,0.0255731922398589,0.0520126639529625,1493,0.0,0.0,0.0,177.0,0.0,0.0,0.0,5650,0.0,0.0,0.0
2021-12-08,581.5,2990.0,2372.0,587.0,739177.0,103323.0,-5.5,-0.0094582975064325,-1766.0,4581.0,-6347.0,0.0229571344231195,0.0040450392801724,0.0,0.0201754385964911,0.0543970988213962,1493,0.0,0.0,0.0,177.0,0.0,0.0,0.0,5650,0.0,0.0,0.0
2021-12-09,580.0,1654.0,2082.0,590.75,742109.0,146620.0,-10.75,-0.0185344827585887,-1336.0,2932.0,-4268.0,0.0141999727185921,0.0022287831032907,-0.0025795356835769,0.0086956521739129,0.045045045045045,1493,0.0,0.0,0.0,177.0,0.0,0.0,0.0,5650,0.0,0.0,0.0
2021-12-10,590.5,930.0,862.0,589.5,740960.0,82767.0,1.0,0.0016934801016059,-724.0,-1149.0,425.0,0.0104147788369759,0.0012551284819693,0.0181034482758619,0.0150408250966909,0.039612676056338,1493,0.0,0.0,0.0,177.0,0.0,0.0,0.0,5650,0.0,0.0,0.0
2021-12-13,580.0,103.0,927.0,584.5,737237.0,99598.0,-4.5,-0.0077586206896417,-827.0,-3723.0,2896.0,0.0093074158115623,0.0001397108392552,-0.0177815410668924,-0.0059982862039417,0.0193321616871704,1493,0.0,0.0,0.0,177.0,0.0,0.0,0.0,5650,0.0,0.0,0.0
2021-12-14,,50.0,115.0,590.25,740131.0,117292.0,,,-53.0,2894.0,-2947.0,0.0009804590253384,6.755560839905359e-05,0.0,-0.0025795356835769,0.0051993067590987,1493,0.0,0.0,0.0,177.0,0.0,0.0,0.0,5650,0.0,0.0,0.0
2021-12-15,586.5,741896.0,138521.0,587.0,233647.0,31959.0,-0.5,-0.0008525149190096,741846.0,-506484.0,1248330.0,4.334334616226905,3.17528579438211,0.0112068965517242,0.0085984522785897,0.0182291666666667,1493,0.0,0.0,0.0,177.0,0.0,0.0,0.0,5650,0.0,0.0,0.0
2021-12-16,590.25,741448.0,101262.0,592.25,235278.0,25812.0,-2.0,-0.0033883947479824,-448.0,1631.0,-2079.0,3.923059042305752,3.151369868836002,0.0063938618925831,0.0176724137931034,0.0346187554776511,1493,0.0,0.0,0.0,177.0,0.0,0.0,0.0,5650,0.0,0.0,0.0
2021-12-17,592.25,746588.0,129569.0,593.0,236223.0,31590.0,-0.75,-0.0012663571127036,5140.0,945.0,4195.0,4.101582779360427,3.160522049080728,0.0033883947479882,0.0029635901778153,0.03,1493,0.0,0.0,0.0,177.0,0.0,0.0,0.0,5650,0.0,0.0,0.0
2021-12-20,591.0,744481.0,106042.0,591.75,236470.0,32195.0,-0.75,-0.0012690355329927,-2107.0,247.0,-2354.0,3.293741264171353,3.148310567936723,-0.0021105951878429,0.0189655172413794,0.0314136125654449,1493,0.0,0.0,0.0,177.0,0.0,0.0,0.0,5650,0.0,0.0,0.0
2021-12-21,597.75,745243.0,119312.0,599.0,238089.0,28721.0,-1.25,-0.0020911752404816,762.0,1619.0,-857.0,4.154172904843001,3.130102608688335,0.0114213197969543,0.0306034482758621,0.046847635726795,1493,0.0,0.0,0.0,177.0,0.0,0.0,0.0,5650,0.0,0.0,0.0
2021-12-22,602.0,750652.0,154966.0,602.0,241521.0,41955.0,0.0,0.0,5409.0,3432.0,1977.0,3.693624121082024,3.1080195924991902,0.0071099958176494,0.0264279624893435,0.0433275563258233,1493,0.0,0.0,0.0,177.0,0.0,0.0,0.0,5650,0.0,0.0,0.0
2021-12-23,605.75,753414.0,108565.0,608.0,244771.0,27237.0,-2.25,-0.0037144036318551,2762.0,3250.0,-488.0,3.985938245768477,3.078036205269403,0.0062292358803985,0.026260059296908,0.044396551724138,1493,0.0,0.0,0.0,177.0,0.0,0.0,0.0,5650,0.0,0.0,0.0
2021-12-27,614.5,759150.0,123211.0,615.75,253094.0,40635.0,-1.25,-0.0020341741253018,5736.0,8323.0,-2587.0,3.032139780976916,2.9994784546452977,0.0144449030127939,0.0375685943436048,0.0613126079447323,1493,0.0,0.0,0.0,177.0,0.0,0.0,0.0,5650,0.0,0.0,0.0
2021-12-28,604.25,754145.0,134208.0,606.5,251713.0,35374.0,-2.25,-0.0037236243276727,-5005.0,-1381.0,-3624.0,3.793972974500939,2.9960510581495474,-0.016680227827502,0.0224196277495769,0.0315834400341441,1493,0.0,0.0,0.0,177.0,0.0,0.0,0.0,5650,0.0,0.0,0.0
2021-12-29,605.25,753467.0,117570.0,606.25,250324.0,33784.0,-1.0,-0.0016522098306457,-678.0,-1389.0,711.0,3.48004972768164,3.0099670826608595,0.001654944145635,0.0125470514429109,0.0471453287197232,1493,0.0,0.0,0.0,177.0,0.0,0.0,0.0,5650,0.0,0.0,0.0
2021-12-30,595.5,743455.0,122776.0,596.0,253688.0,35793.0,-0.5,-0.000839630562551,-10012.0,3364.0,-13376.0,3.4301679099264266,2.9305879663208234,-0.0161090458488227,-0.010797342192691,0.0502645502645502,1493,0.0,0.0,0.0,177.0,0.0,0.0,0.0,5650,0.0,0.0,0.0
2021-12-31,592.75,737808.0,69868.0,595.0,255785.0,23451.0,-2.25,-0.0037958667228953,-5647.0,2097.0,-7744.0,2.9793185791649406,2.8844850167132443,-0.0046179680940385,-0.0214609987618654,0.0399122807017544,1493,0.0,0.0,0.0,177.0,0.0,0.0,0.0,5650,0.0,0.0,0.0
2022-01-03,589.75,726028.0,146023.0,591.75,256155.0,37391.0,-2.0,-0.0033912674862172,-11780.0,370.0,-12150.0,3.905298066379506,2.8343307762877834,-0.0050611556305356,-0.0402766476810414,0.0256521739130435,1493,0.0,0.0,0.0,177.0,0.0,0.0,0.0,5650,0.0,0.0,0.0
2022-01-04,609.0,732630.0,210268.0,609.0,261535.0,65241.0,0.0,0.0,6602.0,5380.0,1222.0,3.222942628101911,2.8012694285659556,0.032640949554896,0.0078609846917665,0.0468414267296948,1493,0.0,0.0,0.0,177.0,0.0,0.0,0.0,5650,0.0,0.0,0.0
2022-01-05,602.0,715414.0,148499.0,603.0,266536.0,48417.0,-1.0,-0.0016611295681035,-17216.0,5001.0,-22217.0,3.0670838754982124,2.684117717681654,-0.0114942528735632,-0.0053696819496076,0.0317052270779776,1493,0.0,0.0,0.0,177.0,0.0,0.0,0.0,5650,0.0,0.0,0.0
2022-01-06,603.75,708032.0,151442.0,604.75,268160.0,42837.0,-1.0,-0.0016563146997902,-7382.0,1624.0,-9006.0,3.535308261549513,2.640334128878272,0.002906976744186,0.0138539042821159,0.0382631126397248,1493,0.0,0.0,0.0,177.0,0.0,0.0,0.0,5650,0.0,0.0,0.0
2022-01-07,606.0,700186.0,140371.0,602.75,272777.0,47115.0,3.25,0.0053630363036215,-7846.0,4617.0,-12463.0,2.9793271781809834,2.566880638763523,0.0037267080745342,0.022353437368199,0.0421324161650902,1493,0.0,0.0,0.0,177.0,0.0,0.0,0.0,5650,0.0,0.0,0.0
2022-01-10,600.0,684517.0,135265.0,600.0,276503.0,52339.0,0.0,0.0,-15669.0,3726.0,-19395.0,2.584401688989041,2.475622325978371,-0.0099009900990099,0.0173802458668927,0.0344827586206897,1493,0.0,0.0,0.0,177.0,0.0,0.0,0.0,5650,0.0,0.0,0.0
2022-01-11,601.0,672373.0,128305.0,602.25,279344.0,51271.0,-1.25,-0.0020798668885156,-12144.0,2841.0,-14985.0,2.502486785902313,2.406971332836924,0.0016666666666667,-0.0131362889983579,0.0177815410668924,1493,0.0,0.0,0.0,177.0,0.0,0.0,0.0,5650,0.0,0.0,0.0
2022-01-12,598.75,668416.0,181633.0,599.5,284907.0,58854.0,-0.75,-0.0012526096033382,-3957.0,5563.0,-9520.0,3.0861623678933787,2.3460848627797763,-0.0037437603993344,-0.0053986710963455,0.0323275862068965,1493,0.0,0.0,0.0,177.0,0.0,0.0,0.0,5650,0.0,0.0,0.0
2022-01-13,587.0,645791.0,186546.0,589.0,289741.0,66449.0,-2.0,-0.0034071550255478,-22625.0,4834.0,-27459.0,2.807356017396758,2.228856116324572,-0.0196242171189978,-0.027743271221532,0.0120689655172414,1493,0.0,0.0,0.0,177.0,0.0,0.0,0.0,5650,0.0,0.0,0.0
2022-01-14,597.0,640133.0,140634.0,597.0,290496.0,47417.0,0.0,0.0,-5658.0,755.0,-6413.0,2.965898306514479,2.2035862800176176,0.0170357751277683,-0.0148514851485148,0.0179028132992327,1493,0.0,0.0,0.0,177.0,0.0,0.0,0.0,5650,0.0,0.0,0.0
2022-01-18,599.75,627596.0,141742.0,599.0,289393.0,49037.0,0.75,0.0012505210504355,-12537.0,-1103.0,-11434.0,2.8905112466096443,2.1686633747188004,0.004606365159129,-0.0004166666666666,0.0160948750529437,1493,0.0,0.0,0.0,177.0,0.0,0.0,0.0,5650,0.0,0.0,0.0
2022-01-19,610.0,634241.0,179943.0,610.0,291177.0,62649.0,0.0,0.0,6645.0,1784.0,4861.0,2.8722405784609033,2.1781974537824,0.0170904543559815,0.0149750415973377,0.0299704516673702,1493,0.0,0.0,0.0,177.0,0.0,0.0,0.0,5650,0.0,0.0,0.0
2022-01-20,610.0,630610.0,127683.0,608.5,299176.0,46079.0,1.5,0.0024590163934385,-3631.0,7999.0,-11630.0,2.7709585711494875,2.1078228200122933,0.0,0.0187891440501044,0.0321489001692048,1493,0.0,0.0,0.0,177.0,0.0,0.0,0.0,5650,0.0,0.0,0.0
2022-01-21,616.0,640734.0,187471.0,614.0,302425.0,69124.0,2.0,0.0032467532467479,10124.0,3249.0,6875.0,2.712097100862179,2.11865421178804,0.0098360655737705,0.049403747870528,0.0305311585110832,1493,0.0,0.0,0.0,177.0,0.0,0.0,0.0,5650,0.0,0.0,0.0
2022-01-24,620.5,628781.0,194809.0,617.0,303156.0,81167.0,3.5,0.0056406124093382,-11953.0,731.0,-12684.0,2.400101026279123,2.0741169562865256,0.0073051948051947,0.0393634840871022,0.0307308970099666,1493,0.0,0.0,0.0,177.0,0.0,0.0,0.0,5650,0.0,0.0,0.0
2022-01-25,619.0,630115.0,298396.0,617.5,317368.0,141754.0,1.5,0.0024232633279443,1334.0,14212.0,-12878.0,2.1050270186379074,1.98543961584028,-0.0024174053182917,0.0320967069612339,0.0218737102765167,1493,0.0,0.0,0.0,177.0,0.0,0.0,0.0,5650,0.0,0.0,0.0
2022-01-26,626.0,618300.0,172723.0,624.0,322341.0,82038.0,2.0,0.0031948881789086,-11815.0,4973.0,-16788.0,2.105402374509348,1.9181549973475236,0.011308562197092,0.0262295081967212,0.0187144019528071,1493,0.0,0.0,0.0,177.0,0.0,0.0,0.0,5650,0.0,0.0,0.0
2022-01-27,623.75,614101.0,151696.0,621.25,324239.0,60402.0,2.5,0.0040080160320577,-4199.0,1898.0,-6097.0,2.511440018542391,1.8939763569465675,-0.0035942492012779,0.0225409836065573,0.032271410839884,1493,0.0,0.0,0.0,177.0,0.0,0.0,0.0,5650,0.0,0.0,0.0
2022-01-28,635.5,614625.0,188658.0,632.75,330405.0,84350.0,2.75,0.0043273013375226,524.0,6166.0,-5642.0,2.2366093657379698,1.8602170064012291,0.0188376753507013,0.0316558441558441,0.0499793473771168,1493,0.0,0.0,0.0,177.0,0.0,0.0,0.0,5650,0.0,0.0,0.0
2022-01-31,625.75,588695.0,243891.0,623.25,349928.0,114959.0,2.5,0.0039952057530899,-25930.0,19523.0,-45453.0,2.12154768221712,1.6823317939690403,-0.0153422501966955,0.0084609186140209,0.0507976490344248,1540,47.0,47.0,4.898979485055716,177.0,0.0,0.0,0.0,5650,0.0,0.0,0.0
2022-02-01,634.0,582122.0,196298.0,633.0,357838.0,89933.0,1.0,0.0015772870662435,-6573.0,7910.0,-14483.0,2.182713798049635,1.626775244663782,0.0131841789852178,0.0242326332794831,0.0695908899198649,1540,0.0,0.0,0.0,177.0,0.0,0.0,0.0,5650,0.0,0.0,0.0
2022-02-02,622.5,557025.0,275662.0,622.5,368880.0,143508.0,0.0,0.0,-25097.0,11042.0,-36139.0,1.920882459514439,1.5100439167208808,-0.0181388012618296,-0.005591054313099,0.0555320050869012,1540,0.0,0.0,0.0,177.0,0.0,0.0,0.0,5650,0.0,0.0,0.0
2022-02-03,617.25,537889.0,215871.0,617.25,376558.0,128988.0,0.0,0.0,-19136.0,7678.0,-26814.0,1.6735742859800782,1.4284359912682736,-0.008433734939759,-0.0104208416833667,0.0135467980295567,1540,0.0,0.0,0.0,177.0,0.0,0.0,0.0,5650,0.0,0.0,0.0
2022-02-04,621.5,521967.0,181430.0,621.5,398095.0,122318.0,0.0,0.0,-15922.0,21537.0,-37459.0,1.4832649323893337,1.311161908589655,0.0068853786958282,-0.0220298977183319,0.032392026578073,1540,0.0,0.0,0.0,177.0,0.0,0.0,0.0,5650,0.0,0.0,0.0
2022-02-07,636.0,483970.0,232607.0,636.75,431419.0,142660.0,-0.75,-0.001179245283017,-37997.0,33324.0,-71321.0,1.6304990887424533,1.1218096560420354,0.0233306516492357,0.0163803435876948,0.0534161490683229,1540,0.0,0.0,0.0,177.0,0.0,0.0,0.0,5650,0.0,0.0,0.0
2022-02-08,632.0,448544.0,200583.0,633.5,462733.0,136546.0,-1.5,-0.0023734177215152,-35426.0,31314.0,-66740.0,1.4689774874401194,0.9693365288406036,-0.0062893081761006,-0.003154574132492,0.0429042904290428,1540,0.0,0.0,0.0,177.0,0.0,0.0,0.0,5650,0.0,0.0,0.0
2022-02-09,646.0,407843.0,320406.0,644.0,485851.0,246424.0,2.0,0.0030959752321933,-40701.0,23118.0,-63819.0,1.3002223809369164,0.8394404868982449,0.0221518987341771,0.0377510040160642,0.0766666666666666,1540,0.0,0.0,0.0,177.0,0.0,0.0,0.0,5650,0.0,0.0,0.0
2022-02-10,641.75,386513.0,372991.0,640.5,517438.0,221805.0,1.25,0.0019477989871414,-21330.0,31587.0,-52917.0,1.681616735420745,0.7469745167536966,-0.006578947368421,0.0396921830700689,0.0678036605657237,1540,0.0,0.0,0.0,177.0,0.0,0.0,0.0,5650,0.0,0.0,0.0
2022-02-11,648.25,355622.0,243969.0,650.0,552406.0,182799.0,-1.75,-0.0026995757809445,-30891.0,34968.0,-65859.0,1.3346298393317175,0.6437692566699118,0.0101285547331515,0.0430410297666934,0.0826722338204593,1540,0.0,0.0,0.0,177.0,0.0,0.0,0.0,5650,0.0,0.0,0.0
2022-02-14,655.25,337004.0,144923.0,653.0,557953.0,111519.0,2.25,0.0034338038916391,-18618.0,5547.0,-24165.0,1.299536401868728,0.6040006953990738,0.0107983031237948,0.0302672955974843,0.1162691652470186,1540,0.0,0.0,0.0,177.0,0.0,0.0,0.0,5650,0.0,0.0,0.0
2022-02-15,637.0,310312.0,177958.0,637.25,570082.0,130659.0,-0.25,-0.0003924646781783,-26692.0,12129.0,-38821.0,1.3620033828515343,0.5443287106065433,-0.0278519648988935,0.0079113924050633,0.067001675041876,1540,0.0,0.0,0.0,177.0,0.0,0.0,0.0,5650,0.0,0.0,0.0
2022-02-16,645.0,293180.0,126554.0,644.25,584032.0,98207.0,0.75,0.0011627906976726,-17132.0,13950.0,-31082.0,1.2886454122414768,0.5019930414771784,0.0125588697017269,-0.001547987616099,0.0754481033764067,1540,0.0,0.0,0.0,177.0,0.0,0.0,0.0,5650,0.0,0.0,0.0
2022-02-17,647.0,271475.0,121279.0,647.25,597393.0,98121.0,-0.25,-0.0003863987635233,-21705.0,13361.0,-35066.0,1.2360147165234634,0.4544328440406893,0.0031007751937983,0.0081807557460069,0.0606557377049179,1540,0.0,0.0,0.0,177.0,0.0,0.0,0.0,5650,0.0,0.0,0.0
2022-02-18,654.0,226682.0,154047.0,652.0,624621.0,138413.0,2.0,0.0030581039755304,-44793.0,27228.0,-72021.0,1.1129518181095628,0.3629112693937598,0.0108191653786708,0.0088700347088315,0.0721311475409836,1540,0.0,0.0,0.0,177.0,0.0,0.0,0.0,5650,0.0,0.0,0.0
2022-02-22,674.0,163890.0,168824.0,671.0,649962.0,192520.0,3.0,0.004451038575661,-62792.0,25341.0,-88133.0,0.8769166839808806,0.252153202802625,0.0305810397553516,0.02861503243037,0.0941558441558441,1540,0.0,0.0,0.0,177.0,0.0,0.0,0.0,5650,0.0,0.0,0.0
2022-02-23,685.0,116325.0,154730.0,679.75,669239.0,204307.0,5.25,0.0076642335766311,-47565.0,19277.0,-66842.0,0.7573406686995514,0.173816827770049,0.0163204747774481,0.0753532182103611,0.103948428686543,1540,0.0,0.0,0.0,177.0,0.0,0.0,0.0,5650,0.0,0.0,0.0
2022-02-24,693.25,60422.0,161611.0,688.5,688727.0,346312.0,4.75,0.006851785070311,-55903.0,19488.0,-75391.0,0.4666630090785174,0.0877299713819843,0.012043795620438,0.0748062015503876,0.119951534733441,1540,0.0,0.0,0.0,177.0,0.0,0.0,0.0,5650,0.0,0.0,0.0
2022-02-25,655.0,18641.0,94802.0,655.75,678503.0,268508.0,-0.75,-0.0011450381679371,-41781.0,-10224.0,-31557.0,0.3530695547246251,0.027473717875971,-0.0551749008294266,0.0123647604327665,0.0463258785942493,1540,0.0,0.0,0.0,177.0,0.0,0.0,0.0,5650,0.0,0.0,0.0
2022-02-28,696.5,11260.0,15651.0,690.75,674588.0,169348.0,5.75,0.0082555635319335,-7381.0,-3915.0,-3466.0,0.092419160545149,0.0166916695820263,0.0633587786259541,0.0649847094801223,0.116633266533066,1540,0.0,0.0,0.0,177.0,0.0,0.0,0.0,5650,0.0,0.0,0.0
2022-03-01,730.0,7430.0,7258.0,725.75,677410.0,181422.0,4.25,0.0058219178082112,-3830.0,2822.0,-6652.0,0.0400061734519515,0.0109682467043592,0.0480976310122038,0.0830860534124628,0.1487018095987411,1540,0.0,0.0,0.0,177.0,0.0,0.0,0.0,5650,0.0,0.0,0.0
2022-03-02,730.0,5062.0,3350.0,725.0,670439.0,245276.0,5.0,0.0068493150684837,-2368.0,-6971.0,4603.0,0.0136580831389943,0.0075502767589594,0.0,0.0656934306569343,0.1666000799041149,1540,0.0,0.0,0.0,177.0,0.0,0.0,0.0,5650,0.0,0.0,0.0
2022-03-03,750.0,2950.0,3447.0,747.0,674126.0,216512.0,3.0,0.0039999999999946,-2112.0,3687.0,-5799.0,0.0159205956251846,0.004376036527296,0.0273972602739727,0.0818608005769925,0.1829652996845425,1540,0.0,0.0,0.0,177.0,0.0,0.0,0.0,5650,0.0,0.0,0.0
2022-03-04,710.0,1632.0,2186.0,747.0,651032.0,236077.0,-37.0,-0.0521126760562646,-1318.0,-23094.0,21776.0,0.0092596906941378,0.0025067892208063,-0.0533333333333333,0.0839694656488549,0.1405622489959839,1540,0.0,0.0,0.0,177.0,0.0,0.0,0.0,5650,0.0,0.0,0.0
2022-03-07,727.5,818.0,1309.0,750.5,627394.0,161720.0,-23.0,-0.0316151202748706,-814.0,-23638.0,22824.0,0.0080942369527578,0.0013038059018734,0.0246478873239437,0.0445082555635318,0.1786148238153098,1540,0.0,0.0,0.0,177.0,0.0,0.0,0.0,5650,0.0,0.0,0.0
2022-03-08,635.0,407.0,547.0,755.0,616982.0,151946.0,-120.0,-0.1889763779524583,-411.0,-10412.0,10001.0,0.0035999631448014,0.0006596626805968,-0.127147766323024,-0.1301369863013698,0.0217216411906677,1540,0.0,0.0,0.0,177.0,0.0,0.0,0.0,5650,0.0,0.0,0.0
2022-03-09,735.0,331.0,188.0,732.75,600023.0,136059.0,2.25,0.0030612244897917,-76.0,-16959.0,16883.0,0.0013817535039945,0.000551645520255,0.1574803149606298,0.0068493150684931,0.1556603773584906,1540,0.0,0.0,0.0,177.0,0.0,0.0,0.0,5650,0.0,0.0,0.0
2022-03-10,635.0,177.0,74.0,750.25,598987.0,147566.0,-115.25,-0.1814960629918401,-154.0,-1036.0,882.0,0.0005014705284415,0.0002954989006439,-0.1360544217687075,-0.1533333333333333,0.004746835443038,1540,0.0,0.0,0.0,177.0,0.0,0.0,0.0,5650,0.0,0.0,0.0
2022-03-11,635.0,28.0,233.0,762.0,594192.0,102372.0,-127.0,-0.199999999999685,-149.0,-4795.0,4646.0,0.002276012972297,4.712281552090898e-05,0.0,-0.1056338028169013,-0.0170278637770897,1540,0.0,0.0,0.0,177.0,0.0,0.0,0.0,5650,0.0,0.0,0.0
2022-03-14,,17.0,66.0,746.25,583656.0,104100.0,,,-11.0,-10536.0,10525.0,0.0006340057636887,2.9126745891415437e-05,0.0,-0.127147766323024,-0.0105181145305804,1540,0.0,0.0,0.0,177.0,0.0,0.0,0.0,5650,0.0,0.0,0.0
2022-03-15,757.0,579659.0,89348.0,719.0,368674.0,54240.0,38.0,0.0501981505943854,579642.0,-214982.0,794624.0,1.6472713864306483,1.5722806598783707,0.1921259842519684,0.1921259842519684,0.1677593521018126,1540,0.0,0.0,0.0,177.0,0.0,0.0,0.0,5650,0.0,0.0,0.0
2022-03-16,728.5,574191.0,106537.0,696.75,369987.0,50655.0,31.75,0.0435827041866251,-5468.0,1313.0,-6781.0,2.1031882341328183,1.551922094560075,-0.0376486129458388,-0.008843537414966,0.1117893933613125,1540,0.0,0.0,0.0,177.0,0.0,0.0,0.0,5650,0.0,0.0,0.0
2022-03-17,753.0,571190.0,90267.0,716.0,372648.0,42040.0,37.0,0.0491367861885137,-3001.0,2661.0,-5662.0,2.147169362511842,1.532786973229424,0.0336307481125599,0.1858267716535433,0.1821036106750393,1540,0.0,0.0,0.0,177.0,0.0,0.0,0.0,5650,0.0,0.0,0.0
2022-03-18,742.0,561876.0,84411.0,709.0,376375.0,45033.0,33.0,0.0444743935309373,-9314.0,3727.0,-13041.0,1.8744254213576297,1.4928621720358646,-0.0146082337317396,0.168503937007874,0.1503875968992247,1540,0.0,0.0,0.0,177.0,0.0,0.0,0.0,5650,0.0,0.0,0.0
2022-03-21,755.25,559282.0,93775.0,725.0,383773.0,55670.0,30.25,0.0400529625951141,-2594.0,7398.0,-9992.0,1.6844799712591758,1.4573250332879035,0.0178571428571427,0.1893700787401575,0.1673106646058733,1540,0.0,0.0,0.0,177.0,0.0,0.0,0.0,5650,0.0,0.0,0.0
2022-03-22,754.5,548077.0,104191.0,729.0,391374.0,69234.0,25.5,0.0337972166997564,-11205.0,7601.0,-18806.0,1.5049108819365988,1.4003919524546815,-0.0009930486593843,-0.0033025099075296,0.1536697247706422,1540,0.0,0.0,0.0,177.0,0.0,0.0,0.0,5650,0.0,0.0,0.0
2022-03-23,757.75,547626.0,112399.0,734.0,396260.0,66388.0,23.75,0.0313427911579922,-451.0,4886.0,-5337.0,1.6930619991564484,1.3819865744713034,0.0043074884029159,0.0401509951956073,0.1242581602373886,1540,0.0,0.0,0.0,177.0,0.0,0.0,0.0,5650,0.0,0.0,0.0
2022-03-24,747.5,533256.0,100951.0,728.0,399558.0,61585.0,19.5,0.0260869565217042,-14370.0,3298.0,-17668.0,1.639214094341128,1.334614749297971,-0.0135268888155724,-0.0073041168658698,0.0912408759124088,1540,0.0,0.0,0.0,177.0,0.0,0.0,0.0,5650,0.0,0.0,0.0
2022-03-25,754.0,515280.0,73846.0,730.0,400362.0,41204.0,24.0,0.0318302387267482,-17976.0,804.0,-18780.0,1.7922046403261385,1.287035233114029,0.0086956521739129,0.0161725067385445,0.0876307248467362,1540,0.0,0.0,0.0,177.0,0.0,0.0,0.0,5650,0.0,0.0,0.0
2022-03-28,747.5,502740.0,89177.0,729.0,402102.0,55980.0,18.5,0.0247491638795655,-12540.0,1740.0,-14280.0,1.593015362629482,1.250279779757372,-0.0086206896551723,-0.0102615028136379,0.1412213740458014,1540,0.0,0.0,0.0,177.0,0.0,0.0,0.0,5650,0.0,0.0,0.0
2022-03-29,728.0,485384.0,180171.0,708.0,407011.0,102763.0,20.0,0.0274725274724897,-17356.0,4909.0,-22265.0,1.7532672265309328,1.192557449307264,-0.026086956521739,-0.0351225977468522,0.0452261306532664,1540,0.0,0.0,0.0,177.0,0.0,0.0,0.0,5650,0.0,0.0,0.0
2022-03-30,738.5,476330.0,109719.0,719.0,409993.0,62579.0,19.5,0.0264048747460712,-9054.0,2982.0,-12036.0,1.7532878441649475,1.161800323420153,0.0144230769230768,-0.0254041570438798,0.0116438356164383,1540,0.0,0.0,0.0,177.0,0.0,0.0,0.0,5650,0.0,0.0,0.0
2022-03-31,748.0,472303.0,173737.0,732.0,418502.0,142791.0,16.0,0.0213903743315222,-4027.0,8509.0,-12536.0,1.2167223424445437,1.128556135932442,0.0128639133378469,0.0006688963210701,0.0246575342465753,1440,-100.0,-100.0,-4.898979485326356,177.0,0.0,0.0,0.0,5650,0.0,0.0,0.0
2022-04-01,736.0,450864.0,155927.0,721.75,429229.0,127304.0,14.25,0.0193614130434519,-21439.0,10727.0,-32166.0,1.2248397536605196,1.0504043296235783,-0.016042780748663,-0.0238726790450928,-0.0186666666666667,1440,0.0,0.0,0.0,177.0,0.0,0.0,0.0,5650,0.0,0.0,0.0
2022-04-04,750.0,439180.0,112649.0,739.0,435399.0,92320.0,11.0,0.0146666666666471,-11684.0,6170.0,-17854.0,1.2202014731369015,1.0086839887092047,0.0190217391304348,0.0033444816053511,0.056338028169014,1440,0.0,0.0,0.0,177.0,0.0,0.0,0.0,5650,0.0,0.0,0.0
2022-04-05,759.75,428094.0,123890.0,747.75,446453.0,111969.0,12.0,0.0157946692990907,-11086.0,11054.0,-22140.0,1.106466968535924,0.9588780901909026,0.0129999999999999,0.0436126373626373,0.0443298969072165,1440,0.0,0.0,0.0,177.0,0.0,0.0,0.0,5650,0.0,0.0,0.0
2022-04-06,756.0,415469.0,110915.0,745.75,457258.0,92467.0,10.25,0.0135582010581831,-12625.0,10805.0,-23430.0,1.1995090140266127,0.9086095814616674,-0.0049358341559723,0.0236966824644548,0.1905511811023621,1440,0.0,0.0,0.0,177.0,0.0,0.0,0.0,5650,0.0,0.0,0.0
2022-04-07,758.0,380135.0,149456.0,749.5,483642.0,144673.0,8.5,0.0112137203166078,-35334.0,26384.0,-61718.0,1.033060764620897,0.7859842610856774,0.0026455026455025,0.0133689839572193,0.0312925170068028,1440,0.0,0.0,0.0,177.0,0.0,0.0,0.0,5650,0.0,0.0,0.0
2022-04-08,767.5,354950.0,170872.0,759.0,512337.0,155533.0,8.5,0.0110749185667608,-25185.0,28695.0,-53880.0,1.0986221573556667,0.6928057118654309,0.0125329815303429,0.0427989130434782,0.2086614173228347,1440,0.0,0.0,0.0,177.0,0.0,0.0,0.0,5650,0.0,0.0,0.0
2022-04-11,765.0,310142.0,170234.0,757.25,539324.0,158908.0,7.75,0.0101307189542351,-44808.0,26987.0,-71795.0,1.0712739446723825,0.5750569231111529,-0.003257328990228,0.02,0.2047244094488189,1440,0.0,0.0,0.0,177.0,0.0,0.0,0.0,5650,0.0,0.0,0.0
2022-04-12,775.0,282839.0,154266.0,770.0,569529.0,153025.0,5.0,0.0064516129032174,-27303.0,30205.0,-57508.0,1.008109785982676,0.4966191361633902,0.0130718954248365,0.0200723922342875,0.2204724409448819,1440,0.0,0.0,0.0,177.0,0.0,0.0,0.0,5650,0.0,0.0,0.0
2022-04-13,783.25,257206.0,182922.0,777.75,598735.0,184615.0,5.5,0.007022023619525,-25633.0,29206.0,-54839.0,0.9908295642282536,0.429582369495686,0.0106451612903226,0.0360449735449734,0.0346763540290619,1440,0.0,0.0,0.0,177.0,0.0,0.0,0.0,5650,0.0,0.0,0.0
2022-04-14,789.75,243835.0,108878.0,782.75,616230.0,114603.0,7.0,0.0088635644191087,-13371.0,17495.0,-30866.0,0.9500449377415866,0.3956882982003466,0.0082987551867219,0.0418865435356201,0.0840768702814001,1440,0.0,0.0,0.0,177.0,0.0,0.0,0.0,5650,0.0,0.0,0.0
2022-04-18,814.0,239919.0,114979.0,807.0,621833.0,132713.0,7.0,0.008599508599498,-3916.0,5603.0,-9519.0,0.8663733017865555,0.3858254547442795,0.0307059195948085,0.0605863192182409,0.0810092961487383,1440,0.0,0.0,0.0,177.0,0.0,0.0,0.0,5650,0.0,0.0,0.0
2022-04-19,803.0,223670.0,133531.0,799.0,627617.0,145333.0,4.0,0.0049813200498069,-16249.0,5784.0,-22033.0,0.9187933917279564,0.3563797666411197,-0.0135135135135134,0.0496732026143791,0.082210242587601,1440,0.0,0.0,0.0,177.0,0.0,0.0,0.0,5650,0.0,0.0,0.0
2022-04-20,815.0,208947.0,128911.0,808.75,635563.0,130848.0,6.25,0.0076687116564323,-14723.0,7946.0,-22669.0,0.985196563952059,0.328758911390373,0.0149439601494396,0.0516129032258063,0.0791128765309501,1440,0.0,0.0,0.0,177.0,0.0,0.0,0.0,5650,0.0,0.0,0.0
2022-04-21,800.0,186646.0,111004.0,795.0,645480.0,126241.0,5.0,0.0062499999999921,-22301.0,9917.0,-32218.0,0.8793022868956925,0.2891584557228724,-0.0184049079754601,0.0213852537503989,0.0603048376408217,1440,0.0,0.0,0.0,177.0,0.0,0.0,0.0,5650,0.0,0.0,0.0
2022-04-22,793.0,137647.0,140795.0,789.0,652284.0,166689.0,4.0,0.0050441361916708,-48999.0,6804.0,-55803.0,0.8446568159866528,0.2110231126319207,-0.00875,0.0041152263374486,0.046519300560871,1440,0.0,0.0,0.0,177.0,0.0,0.0,0.0,5650,0.0,0.0,0.0
2022-04-25,798.0,95927.0,114116.0,796.5,659856.0,152795.0,1.5,0.0018796992481179,-41720.0,7572.0,-49292.0,0.7468568997676577,0.1453756577192597,0.0063051702395964,-0.0196560196560197,0.0675585284280937,1440,0.0,0.0,0.0,177.0,0.0,0.0,0.0,5650,0.0,0.0,0.0
2022-04-26,802.0,61279.0,85308.0,802.0,665389.0,140110.0,0.0,0.0,-34648.0,5533.0,-40181.0,0.6088644636357105,0.0920950000676294,0.0050125313283209,-0.0012453300124533,0.0636604774535809,1440,0.0,0.0,0.0,177.0,0.0,0.0,0.0,5650,0.0,0.0,0.0
2022-04-27,815.5,37900.0,70673.0,812.0,679979.0,150904.0,3.5,0.0042918454935569,-23379.0,14590.0,-37969.0,0.4683308593542884,0.0557370154078286,0.0168329177057355,0.0006134969325153,0.0909698996655519,1440,0.0,0.0,0.0,177.0,0.0,0.0,0.0,5650,0.0,0.0,0.0
2022-04-28,817.0,13761.0,47633.0,813.0,675509.0,121715.0,4.0,0.0048959608323073,-24139.0,-4470.0,-19669.0,0.3913486423201709,0.0203713051935651,0.0018393623543837,0.0212499999999999,0.1222527472527472,1440,0.0,0.0,0.0,177.0,0.0,0.0,0.0,5650,0.0,0.0,0.0
2022-04-29,813.0,6202.0,11143.0,812.25,678061.0,104780.0,0.75,0.0009225092250911,-7559.0,2552.0,-10111.0,0.1063466310364563,0.0091466696949094,-0.0048959608323133,0.0252206809583859,0.1008801624915369,1440,0.0,0.0,0.0,177.0,0.0,0.0,0.0,5650,0.0,0.0,0.0
2022-05-02,812.5,5305.0,2848.0,803.5,670172.0,117450.0,9.0,0.0110769230769094,-897.0,-7889.0,6992.0,0.0242486164325242,0.0079158783118363,-0.0006150061500614,0.0181704260651629,0.0862299465240641,1440,0.0,0.0,0.0,177.0,0.0,0.0,0.0,5625,-25.0,-25.0,-4.898979484606351
2022-05-03,799.5,4275.0,2214.0,793.0,664936.0,130993.0,6.5,0.0081300813008028,-1030.0,-5236.0,4206.0,0.0169016665012632,0.0064291901777013,-0.016,-0.0031172069825435,0.0862771739130434,1440,0.0,0.0,0.0,177.0,0.0,0.0,0.0,5625,0.0,0.0,0.0
2022-05-04,795.5,3673.0,1267.0,793.25,655557.0,102960.0,2.25,0.0028284098051504,-602.0,-9379.0,8777.0,0.0123057498057496,0.0056028690106275,-0.0050031269543464,-0.0245248313917841,0.0606666666666666,1440,0.0,0.0,0.0,177.0,0.0,0.0,0.0,5625,0.0,0.0,0.0
2022-05-05,800.0,3361.0,410.0,796.25,649679.0,92039.0,3.75,0.0046874999999941,-312.0,-5878.0,5566.0,0.0044546333619443,0.0051733240569573,0.0056568196103079,-0.0208078335373317,0.0529779532741032,1440,0.0,0.0,0.0,177.0,0.0,0.0,0.0,5625,0.0,0.0,0.0
2022-05-06,786.0,2472.0,1248.0,784.5,642956.0,132008.0,1.5,0.0019083969465624,-889.0,-6723.0,5834.0,0.0094539724865158,0.0038447420974374,-0.0174999999999999,-0.033210332103321,0.0396825396825397,1440,0.0,0.0,0.0,177.0,0.0,0.0,0.0,5625,0.0,0.0,0.0
2022-05-09,780.0,1811.0,745.0,772.0,632841.0,135176.0,8.0,0.0102564102563971,-661.0,-10115.0,9454.0,0.005511333372788,0.0028616982780824,-0.0076335877862595,-0.04,0.029023746701847,1440,0.0,0.0,0.0,177.0,0.0,0.0,0.0,5625,0.0,0.0,0.0
2022-05-10,780.0,1326.0,597.0,775.25,625196.0,98595.0,4.75,0.0060897435897357,-485.0,-7645.0,7160.0,0.0060550737867031,0.0021209348748232,0.0,-0.024390243902439,0.01628664495114,1440,0.0,0.0,0.0,177.0,0.0,0.0,0.0,5625,0.0,0.0,0.0
2022-05-11,795.0,829.0,653.0,788.25,617696.0,110381.0,6.75,0.0084905660377251,-497.0,-7500.0,7003.0,0.0059158732028156,0.0013420841320002,0.0192307692307691,-0.0006285355122563,0.0392156862745098,1440,0.0,0.0,0.0,177.0,0.0,0.0,0.0,5625,0.0,0.0,0.0
2022-05-12,803.0,85.0,911.0,791.5,612017.0,154543.0,11.5,0.0143212951431951,-744.0,-5679.0,4935.0,0.0058947995056391,0.0001388850309713,0.010062893081761,0.0037499999999999,0.0361290322580645,1440,0.0,0.0,0.0,177.0,0.0,0.0,0.0,5625,0.0,0.0,0.0
2022-05-13,,62.0,25.0,781.0,611997.0,113807.0,,,-23.0,-20.0,-3.0,0.0002196701433127,0.0001013076861487,0.0,0.0216284987277353,0.0252154484519628,1440,0.0,0.0,0.0,177.0,0.0,0.0,0.0,5625,0.0,0.0,0.0
2022-05-16,807.75,606046.0,138859.0,775.0,238177.0,43952.0,32.75,0.0405447229959262,605984.0,-373820.0,979804.0,3.159332908627522,2.544519412033897,0.005915317559153,0.0355769230769231,0.0227920227920228,1440,0.0,0.0,0.0,177.0,0.0,0.0,0.0,5625,0.0,0.0,0.0
2022-05-17,800.5,600384.0,98317.0,772.0,243006.0,35297.0,28.5,0.035602748282279,-5662.0,4829.0,-10491.0,2.7854208572965753,2.4706550455544205,-0.0089755493655214,0.0262820512820511,-0.0165847665847665,1440,0.0,0.0,0.0,177.0,0.0,0.0,0.0,5625,0.0,0.0,0.0
2022-05-18,782.0,593268.0,120123.0,753.0,246150.0,32382.0,29.0,0.0370843989769346,-7116.0,3144.0,-10260.0,3.709560867148302,2.4101889092016964,-0.0231105559025609,-0.0163522012578616,-0.0261519302615192,1440,0.0,0.0,0.0,177.0,0.0,0.0,0.0,5625,0.0,0.0,0.0
2022-05-19,783.0,585434.0,106424.0,749.5,245323.0,33345.0,33.5,0.042784163473764,-7834.0,-827.0,-7007.0,3.191602938971265,2.3863804046094237,0.0012787723785165,-0.0249066002490659,-0.0392638036809815,1440,0.0,0.0,0.0,177.0,0.0,0.0,0.0,5625,0.0,0.0,0.0
2022-05-20,778.75,579286.0,88004.0,744.0,248323.0,29193.0,34.75,0.0446227929373423,-6148.0,3000.0,-9148.0,3.0145582845201586,2.332792371226176,-0.0054278416347381,-0.0301992528019925,-0.0265625,1440,0.0,0.0,0.0,177.0,0.0,0.0,0.0,5625,0.0,0.0,0.0
2022-05-23,786.25,580195.0,88355.0,755.0,256084.0,33454.0,31.25,0.0397456279808715,909.0,7761.0,-6852.0,2.641089256889979,2.265643304540689,0.0096308186195825,-0.0266171463943051,-0.0085119798234551,1440,0.0,0.0,0.0,177.0,0.0,0.0,0.0,5625,0.0,0.0,0.0
2022-05-24,770.0,573563.0,147022.0,739.5,264168.0,48298.0,30.5,0.0396103896103381,-6632.0,8084.0,-14716.0,3.0440597954366013,2.1712054450198277,-0.0206677265500795,-0.0381011867582761,-0.0350877192982456,1440,0.0,0.0,0.0,177.0,0.0,0.0,0.0,5625,0.0,0.0,0.0
2022-05-25,770.75,565978.0,127425.0,737.25,272522.0,44339.0,33.5,0.043464158287326,-7585.0,8354.0,-15939.0,2.8738807821555996,2.076815816704699,0.000974025974026,-0.014386189258312,-0.0389650872817954,1440,0.0,0.0,0.0,177.0,0.0,0.0,0.0,5625,0.0,0.0,0.0
2022-05-26,764.25,562610.0,104920.0,733.5,276062.0,36557.0,30.75,0.0402355250244812,-3368.0,3540.0,-6908.0,2.8700385699044544,2.0379842209358694,-0.008433344145313,-0.0239463601532566,-0.0628448804414469,1440,0.0,0.0,0.0,177.0,0.0,0.0,0.0,5625,0.0,0.0,0.0
2022-05-27,775.5,555058.0,101090.0,742.0,281346.0,34028.0,33.5,0.0431979368149023,-7552.0,5284.0,-12836.0,2.9707887621957516,1.972866150576152,0.014720314033366,-0.0041733547351524,-0.0507955936352508,1440,0.0,0.0,0.0,177.0,0.0,0.0,0.0,5625,0.0,0.0,0.0
2022-05-31,752.25,552619.0,175461.0,721.5,291914.0,52454.0,30.75,0.0408773678962567,-2439.0,10568.0,-13007.0,3.345045182445508,1.893088375343417,-0.029980657640232,-0.0432432432432432,-0.0747232472324723,1360,-80.0,-80.0,-4.898979485266356,177.0,0.0,0.0,0.0,5350,-275.0,-275.0,-4.898099561002226
2022-06-01,731.0,541178.0,210389.0,703.0,303933.0,77839.0,28.0,0.038303693570399,-11441.0,12019.0,-23460.0,2.7028738807024406,1.7805832206440178,-0.0282485875706214,-0.0506493506493506,-0.1003076923076923,1360,0.0,0.0,0.0,177.0,0.0,0.0,0.0,5350,0.0,0.0,0.0
2022-06-02,730.5,528973.0,127143.0,702.75,314401.0,51071.0,27.75,0.0379876796714059,-12205.0,10468.0,-22673.0,2.4895341779091367,1.6824787452966063,-0.0006839945280437,-0.0522218618228997,-0.0863039399624765,1360,0.0,0.0,0.0,177.0,0.0,0.0,0.0,5350,0.0,0.0,0.0
2022-06-03,727.0,516752.0,105542.0,701.25,321848.0,45569.0,25.75,0.035419532324573,-12221.0,7447.0,-19668.0,2.3160920801421514,1.60557778827272,-0.0047912388774812,-0.0487405953549231,-0.0861093651791325,1360,0.0,0.0,0.0,177.0,0.0,0.0,0.0,5350,0.0,0.0,0.0
2022-06-06,742.5,503004.0,131922.0,714.5,331330.0,57687.0,28.0,0.0377104377103869,-13748.0,9482.0,-23230.0,2.28685839097193,1.5181359973440332,0.0213204951856946,-0.0425531914893616,-0.071875,1360,0.0,0.0,0.0,177.0,0.0,0.0,0.0,5350,0.0,0.0,0.0
2022-06-07,757.0,464163.0,227575.0,722.75,351122.0,122842.0,34.25,0.0452443857330974,-38841.0,19792.0,-58633.0,1.852582992787468,1.3219422309054936,0.0195286195286195,0.0063143901628448,-0.0368956743002544,1360,0.0,0.0,0.0,177.0,0.0,0.0,0.0,5350,0.0,0.0,0.0
2022-06-08,764.5,425870.0,223848.0,724.0,374060.0,142684.0,40.5,0.0529758011771707,-38293.0,22938.0,-61231.0,1.5688374309663202,1.1385071913596718,0.0099075297225892,0.0458276333789329,-0.0198717948717949,1360,0.0,0.0,0.0,177.0,0.0,0.0,0.0,5350,0.0,0.0,0.0
2022-06-09,771.25,395029.0,226325.0,727.0,395353.0,154631.0,44.25,0.057374392220347,-30841.0,21293.0,-52134.0,1.4636457114032668,0.9991804792173046,0.0088293001962067,0.0557837097878166,-0.0112179487179486,1360,0.0,0.0,0.0,177.0,0.0,0.0,0.0,5350,0.0,0.0,0.0
2022-06-10,772.75,367570.0,156100.0,729.0,411401.0,104443.0,43.75,0.0566159818828125,-27459.0,16048.0,-43507.0,1.494595138017852,0.8934591797297505,0.0019448946515396,0.0629298486932599,-0.0279874213836478,1360,0.0,0.0,0.0,177.0,0.0,0.0,0.0,5350,0.0,0.0,0.0
2022-06-13,766.0,345140.0,170044.0,727.75,428136.0,109937.0,38.25,0.0499347258484987,-22430.0,16735.0,-39165.0,1.5467404058688017,0.8061457107087449,-0.008735037204788,0.0316498316498317,-0.046077210460772,1360,0.0,0.0,0.0,177.0,0.0,0.0,0.0,5350,0.0,0.0,0.0
2022-06-14,766.75,322033.0,125798.0,727.25,432226.0,73516.0,39.5,0.0515161395499817,-23107.0,4090.0,-27197.0,1.7111649164807428,0.7450569840777724,0.0009791122715405,0.0128797886393658,-0.045143212951432,1360,0.0,0.0,0.0,177.0,0.0,0.0,0.0,5350,0.0,0.0,0.0
2022-06-15,773.75,314939.0,105906.0,728.5,436160.0,60407.0,45.25,0.0584814216477434,-7094.0,3934.0,-11028.0,1.7532074097372532,0.7220721753484943,0.0091294424519074,0.0120994113799868,-0.0420922315072732,1360,0.0,0.0,0.0,177.0,0.0,0.0,0.0,5350,0.0,0.0,0.0
2022-06-16,787.25,305521.0,121542.0,741.0,439023.0,64632.0,46.25,0.0587488091456859,-9418.0,2863.0,-12281.0,1.880523579650918,0.6959111481630788,0.0174474959612278,0.0207455429497569,-0.0165521549031855,1360,0.0,0.0,0.0,177.0,0.0,0.0,0.0,5350,0.0,0.0,0.0
2022-06-17,784.25,296940.0,116061.0,736.0,439608.0,65586.0,48.25,0.0615237488045119,-8581.0,585.0,-9166.0,1.7696002195590252,0.6754654146421342,-0.0038107335662115,0.014881915237787,0.0028772378516623,1360,0.0,0.0,0.0,177.0,0.0,0.0,0.0,5350,0.0,0.0,0.0
2022-06-21,763.75,268352.0,192144.0,710.0,443402.0,104356.0,53.75,0.0703764320784676,-28588.0,3794.0,-32382.0,1.841235769864676,0.6052115236286697,-0.0261396238444373,-0.0029373368146213,-0.0245849297573435,1360,0.0,0.0,0.0,177.0,0.0,0.0,0.0,5350,0.0,0.0,0.0
2022-06-22,766.0,228635.0,167778.0,702.0,449775.0,109476.0,64.0,0.083550913838011,-39717.0,6373.0,-46090.0,1.5325550805655894,0.5083319437496515,0.0029459901800328,-0.0009781545484186,-0.0163723916532905,1360,0.0,0.0,0.0,177.0,0.0,0.0,0.0,5350,0.0,0.0,0.0
2022-06-23,746.5,197096.0,215839.0,665.0,456463.0,163822.0,81.5,0.1091761553916822,-31539.0,6688.0,-38227.0,1.317521456214664,0.4317896521733406,-0.0254569190600522,-0.0352180936995153,-0.0505564387917328,1360,0.0,0.0,0.0,177.0,0.0,0.0,0.0,5350,0.0,0.0,0.0
2022-06-24,749.25,123864.0,155989.0,683.0,457137.0,120661.0,66.25,0.0884217550883037,-73232.0,674.0,-73906.0,1.2927872303395356,0.2709559716233858,0.0036838580040188,-0.0482692918386788,-0.0269480519480519,1360,0.0,0.0,0.0,177.0,0.0,0.0,0.0,5350,0.0,0.0,0.0
2022-06-27,744.0,90566.0,121830.0,661.0,459238.0,123113.0,83.0,0.1115591397847963,-33298.0,2101.0,-35399.0,0.9895786797494904,0.1972092901719801,-0.0070070070070069,-0.0513229199872489,-0.034706454751865,1360,0.0,0.0,0.0,177.0,0.0,0.0,0.0,5350,0.0,0.0,0.0
2022-06-28,756.25,51917.0,86035.0,668.0,461341.0,108109.0,88.25,0.1166942148758787,-38649.0,2103.0,-40752.0,0.7958171845082204,0.11253497954875,0.0164650537634407,-0.0098199672667758,-0.0104677788681714,1360,0.0,0.0,0.0,177.0,0.0,0.0,0.0,5350,0.0,0.0,0.0
2022-06-29,770.25,19485.0,63702.0,664.0,454390.0,103707.0,106.25,0.1379422265496424,-32432.0,-6951.0,-25481.0,0.6142497613468655,0.042881665529611,0.0185123966942148,0.0055483028720626,-0.006769825918762,1360,0.0,0.0,0.0,177.0,0.0,0.0,0.0,5350,0.0,0.0,0.0
2022-06-30,744.0,10467.0,14477.0,634.0,450277.0,131734.0,110.0,0.1478494623653926,-9018.0,-4113.0,-4905.0,0.1098956989084055,0.0232456909857709,-0.0340798442064265,-0.0033489618218351,-0.0109670987038883,1400,40.0,40.0,2.1537538071203373,177.0,0.0,0.0,0.0,5350,0.0,0.0,0.0
2022-07-01,740.0,7395.0,5489.0,618.75,449319.0,95069.0,121.25,0.1638513513511299,-3072.0,-958.0,-2114.0,0.0577370120649206,0.0164582401367402,-0.0053763440860215,-0.0123456790123457,0.0123119015047878,1400,0.0,0.0,0.0,177.0,0.0,0.0,0.0,5350,0.0,0.0,0.0
2022-07-05,730.0,5164.0,3775.0,592.0,445158.0,101843.0,138.0,0.189041095890152,-2231.0,-4161.0,1930.0,0.0370668578105511,0.011600375596979,-0.0135135135135134,-0.0188172043010752,-0.000684462696783,1400,0.0,0.0,0.0,177.0,0.0,0.0,0.0,5350,0.0,0.0,0.0
2022-07-06,725.0,3880.0,2703.0,599.5,439018.0,91685.0,125.5,0.1731034482756233,-1284.0,-6140.0,4856.0,0.029481376451982,0.0088379064184156,-0.0068493150684931,-0.0413223140495867,-0.0027510316368638,1400,0.0,0.0,0.0,177.0,0.0,0.0,0.0,5350,0.0,0.0,0.0
2022-07-07,725.0,3434.0,784.0,608.75,431938.0,89854.0,116.25,0.1603448275859857,-446.0,-7080.0,6634.0,0.0087252654305873,0.0079502150771638,0.0,-0.0587471600129827,-0.0235690235690235,1400,0.0,0.0,0.0,177.0,0.0,0.0,0.0,5350,0.0,0.0,0.0
2022-07-08,744.0,2479.0,1438.0,633.25,425207.0,83231.0,110.75,0.1488575268815203,-955.0,-6731.0,5776.0,0.0172772164217657,0.0058301015740568,0.0262068965517241,0.0,-0.0171730515191546,1400,0.0,0.0,0.0,177.0,0.0,0.0,0.0,5350,0.0,0.0,0.0
2022-07-11,765.0,1493.0,1344.0,634.25,419729.0,99865.0,130.75,0.1709150326795151,-986.0,-5478.0,4492.0,0.013458168527512,0.0035570570534797,0.0282258064516129,0.0337837837837837,0.0006540222367561,1400,0.0,0.0,0.0,177.0,0.0,0.0,0.0,5350,0.0,0.0,0.0
2022-07-12,725.0,420.0,1320.0,594.0,414419.0,137528.0,131.0,0.1806896551721645,-1073.0,-5310.0,4237.0,0.0095980454889185,0.0010134670466363,-0.0522875816993464,-0.0068493150684931,-0.059967585089141,1400,0.0,0.0,0.0,177.0,0.0,0.0,0.0,5350,0.0,0.0,0.0
2022-07-13,724.5,42.0,485.0,600.0,406728.0,103687.0,124.5,0.1718426501032824,-378.0,-7691.0,7313.0,0.0046775391321958,0.0001032631144155,-0.0006896551724138,-0.0006896551724138,-0.0624393400194112,1400,0.0,0.0,0.0,177.0,0.0,0.0,0.0,5350,0.0,0.0,0.0
2022-07-14,,28.0,34.0,604.0,392505.0,102346.0,,,-14.0,-14223.0,14209.0,0.0003322064369882,7.133667087043459e-05,0.0,-0.0006896551724138,-0.054177545691906,1400,0.0,0.0,0.0,177.0,0.0,0.0,0.0,5350,0.0,0.0,0.0
2022-07-15,604.25,387069.0,81572.0,603.75,575323.0,137877.0,0.5,0.0008274720728161,387041.0,182818.0,204223.0,0.5916287705708669,0.6727855482920017,-0.1659765355417529,-0.1878360215053763,-0.2119334854907075,1400,0.0,0.0,0.0,177.0,0.0,0.0,0.0,5350,0.0,0.0,0.0
2022-07-18,611.5,377535.0,75978.0,610.0,577162.0,124007.0,1.5,0.0024529844644277,-9534.0,1839.0,-11373.0,0.6126912190440813,0.6541231058177761,0.0119983450558542,-0.2006535947712417,-0.2096930533117932,1400,0.0,0.0,0.0,177.0,0.0,0.0,0.0,5350,0.0,0.0,0.0
2022-07-19,597.0,378992.0,94156.0,594.5,584497.0,144918.0,2.5,0.0041876046901102,1457.0,7335.0,-5878.0,0.6497191515201656,0.6484070919097947,-0.0237121831561732,-0.176551724137931,-0.2416640203239123,1400,0.0,0.0,0.0,177.0,0.0,0.0,0.0,5350,0.0,0.0,0.0
2022-07-20,591.0,376298.0,76176.0,590.0,587820.0,105103.0,1.0,0.0016920473773237,-2694.0,3323.0,-6017.0,0.724774744774167,0.6401585519376668,-0.0100502512562814,-0.1842650103519668,-0.2464137711189034,1400,0.0,0.0,0.0,177.0,0.0,0.0,0.0,5350,0.0,0.0,0.0
2022-07-21,574.0,377064.0,76755.0,575.0,591163.0,132230.0,-1.0,-0.0017421602787426,766.0,3343.0,-2577.0,0.5804658549497045,0.6378342352278463,-0.0287648054145516,-0.2077294685990338,-0.2484451718494271,1400,0.0,0.0,0.0,177.0,0.0,0.0,0.0,5350,0.0,0.0,0.0
2022-07-22,564.25,362849.0,95957.0,562.75,604665.0,153330.0,1.5,0.0026583961010143,-14215.0,13502.0,-27717.0,0.6258201265244856,0.6000826904153529,-0.01698606271777,-0.0661977658254033,-0.2633812010443864,1400,0.0,0.0,0.0,177.0,0.0,0.0,0.0,5350,0.0,0.0,0.0
2022-07-25,578.0,356115.0,103447.0,583.75,606689.0,146016.0,-5.75,-0.0099480968857959,-6734.0,2024.0,-8758.0,0.7084634560596051,0.5869811386064349,0.024368630926008,-0.0547833197056418,-0.2257200267916945,1400,0.0,0.0,0.0,177.0,0.0,0.0,0.0,5350,0.0,0.0,0.0
2022-07-26,595.0,346375.0,95701.0,600.75,615267.0,140778.0,-5.75,-0.0096638655462022,-9740.0,8578.0,-18318.0,0.6798008211510274,0.5629669720625345,0.0294117647058822,-0.0033500837520937,-0.2058725392058725,1400,0.0,0.0,0.0,177.0,0.0,0.0,0.0,5350,0.0,0.0,0.0
2022-07-27,598.25,342235.0,80955.0,605.0,615748.0,107222.0,-6.75,-0.0112829084830567,-4140.0,481.0,-4621.0,0.7550222902016307,0.5558036729311332,0.0054621848739495,0.0122673434856175,-0.1959005376344086,1400,0.0,0.0,0.0,177.0,0.0,0.0,0.0,5350,0.0,0.0,0.0
2022-07-28,614.75,339446.0,72681.0,618.0,618363.0,110362.0,-3.25,-0.0052867019113374,-2789.0,2615.0,-5404.0,0.658569072688057,0.5489429348133692,0.0275804429586292,0.0709930313588851,-0.1871074380165289,1400,0.0,0.0,0.0,177.0,0.0,0.0,0.0,5350,0.0,0.0,0.0
2022-07-29,616.0,336488.0,99164.0,620.0,621720.0,166129.0,-4.0,-0.0064935064934959,-2958.0,3357.0,-6315.0,0.5969096304678858,0.5412211284822741,0.0020333468889792,0.0917146654851572,-0.2002596559558584,1400,0.0,0.0,0.0,177.0,0.0,0.0,0.0,5350,0.0,0.0,0.0
2022-08-01,607.0,331112.0,91871.0,610.0,628536.0,134365.0,-3.0,-0.0049423393739622,-5376.0,6816.0,-12192.0,0.6837420459196913,0.5267987832041433,-0.0146103896103896,0.0501730103806228,-0.1841397849462365,1470,70.0,70.0,4.335479947722262,177.0,0.0,0.0,0.0,5350,0.0,0.0,0.0
2022-08-02,591.25,325984.0,107008.0,590.0,632637.0,132700.0,1.25,0.002114164904859,-5128.0,4101.0,-9229.0,0.8063903541823603,0.5152781136734012,-0.0259472817133442,-0.0063025210084033,-0.2010135135135135,1470,0.0,0.0,0.0,177.0,0.0,0.0,0.0,5350,0.0,0.0,0.0
2022-08-03,590.75,319106.0,101905.0,596.0,637083.0,132066.0,-5.25,-0.0088870080406112,-6878.0,4446.0,-11324.0,0.7716217648751325,0.5008860697899638,-0.000845665961945,-0.0125365649811951,-0.1907534246575342,1470,0.0,0.0,0.0,177.0,0.0,0.0,0.0,5350,0.0,0.0,0.0
2022-08-04,601.0,306926.0,83780.0,606.0,644339.0,116030.0,-5.0,-0.0083194675540626,-12180.0,7256.0,-19436.0,0.7220546410411038,0.4763424222342579,0.0173508252221752,-0.0223668157787718,-0.1710344827586206,1470,0.0,0.0,0.0,177.0,0.0,0.0,0.0,5350,0.0,0.0,0.0
2022-08-05,608.75,287757.0,125020.0,608.75,646973.0,153143.0,0.0,0.0,-19169.0,2634.0,-21803.0,0.8163611787675519,0.4447743568896994,0.0128951747088186,-0.0117694805194805,-0.1603448275862069,1470,0.0,0.0,0.0,177.0,0.0,0.0,0.0,5350,0.0,0.0,0.0
2022-08-08,607.5,252690.0,155070.0,608.5,646072.0,188122.0,-1.0,-0.0016460905349767,-35067.0,-901.0,-34166.0,0.8243055038751406,0.3911173986800226,-0.002053388090349,0.0008237232289951,-0.1834677419354838,1470,0.0,0.0,0.0,177.0,0.0,0.0,0.0,5350,0.0,0.0,0.0
2022-08-09,616.0,232509.0,142242.0,612.75,656333.0,183267.0,3.25,0.0052759740259654,-20181.0,10261.0,-30442.0,0.776146278380719,0.3542546237961517,0.013991769547325,0.041860465116279,-0.1947712418300653,1470,0.0,0.0,0.0,177.0,0.0,0.0,0.0,5350,0.0,0.0,0.0
2022-08-10,621.0,209946.0,134330.0,619.0,669371.0,182513.0,2.0,0.0032206119162589,-22563.0,13038.0,-35601.0,0.7360023669546787,0.3136466921931181,0.0081168831168831,0.0512060939483707,-0.1434482758620689,1470,0.0,0.0,0.0,177.0,0.0,0.0,0.0,5350,0.0,0.0,0.0
2022-08-11,628.5,186157.0,112043.0,629.0,686678.0,145493.0,-0.5,-0.0007955449482883,-23789.0,17307.0,-41096.0,0.7700920319190562,0.2710979527522357,0.0120772946859903,0.0457570715474209,-0.1325051759834368,1470,0.0,0.0,0.0,177.0,0.0,0.0,0.0,5350,0.0,0.0,0.0
2022-08-12,639.0,175049.0,98631.0,639.0,691753.0,188062.0,0.0,0.0,-11108.0,5075.0,-16183.0,0.5244600185045329,0.2530513058851927,0.0167064439140811,0.0496919917864475,-0.1180124223602484,1470,0.0,0.0,0.0,177.0,0.0,0.0,0.0,5350,0.0,0.0,0.0
2022-08-15,624.75,168211.0,56712.0,624.25,693685.0,120189.0,0.5,0.0008003201280499,-6838.0,1932.0,-8770.0,0.4718568254998338,0.2424890259988319,-0.0223004694835681,0.028395061728395,0.0339263549855193,1470,0.0,0.0,0.0,177.0,0.0,0.0,0.0,5350,0.0,0.0,0.0
2022-08-16,611.0,161709.0,67190.0,610.0,695262.0,116066.0,1.0,0.0016366612111266,-6502.0,1577.0,-8079.0,0.5788947667706255,0.2325871398120417,-0.0220088035214085,-0.008116883116883,-0.0008176614881438,1470,0.0,0.0,0.0,177.0,0.0,0.0,0.0,5350,0.0,0.0,0.0
2022-08-17,615.0,154523.0,49240.0,612.5,696508.0,94383.0,2.5,0.0040650406503998,-7186.0,1246.0,-8432.0,0.5217041204454137,0.2218538767681057,0.0065466448445172,-0.0096618357487923,0.0301507537688441,1470,0.0,0.0,0.0,177.0,0.0,0.0,0.0,5350,0.0,0.0,0.0
2022-08-18,616.0,146458.0,52153.0,615.75,696284.0,121799.0,0.25,0.0004058441558434,-8065.0,-224.0,-7841.0,0.4281890655916679,0.2103423315773445,0.0016260162601626,-0.0198886237072394,0.0423011844331642,1470,0.0,0.0,0.0,177.0,0.0,0.0,0.0,5350,0.0,0.0,0.0
2022-08-19,625.5,141894.0,51219.0,620.75,700115.0,84155.0,4.75,0.0075939248600997,-4564.0,3831.0,-8395.0,0.608626938387492,0.2026724181027399,0.0154220779220779,-0.0211267605633802,0.0897212543554006,1470,0.0,0.0,0.0,177.0,0.0,0.0,0.0,5350,0.0,0.0,0.0
2022-08-22,633.0,134529.0,67378.0,628.25,706905.0,125041.0,4.75,0.0075039494470655,-7365.0,6790.0,-14155.0,0.5388472580993391,0.1903070426719287,0.0119904076738608,0.0132052821128452,0.1218431546300398,1470,0.0,0.0,0.0,177.0,0.0,0.0,0.0,5350,0.0,0.0,0.0
2022-08-23,657.0,123266.0,95345.0,654.25,710927.0,250781.0,2.75,0.0041856925418505,-11263.0,4022.0,-15285.0,0.3801922793194047,0.1733877036601505,0.0379146919431279,0.0752864157119477,0.1366782006920415,1470,0.0,0.0,0.0,177.0,0.0,0.0,0.0,5350,0.0,0.0,0.0
2022-08-24,664.25,113628.0,76015.0,655.75,715110.0,207890.0,8.5,0.0127963869025023,-9638.0,4183.0,-13821.0,0.3656501034200762,0.1588958342073245,0.01103500761035,0.0800813008130081,0.1163865546218487,1470,0.0,0.0,0.0,177.0,0.0,0.0,0.0,5350,0.0,0.0,0.0
2022-08-25,657.5,103507.0,78316.0,649.5,718891.0,183571.0,8.0,0.0121673003802096,-10121.0,3781.0,-13902.0,0.4266251205255709,0.1439814937174061,-0.0101618366578848,0.0673701298701299,0.0990388633514416,1470,0.0,0.0,0.0,177.0,0.0,0.0,0.0,5350,0.0,0.0,0.0
2022-08-26,669.75,69763.0,75544.0,661.0,725795.0,147031.0,8.75,0.0130645763344336,-33744.0,6904.0,-40648.0,0.5137964102808217,0.0961194276620807,0.0186311787072244,0.0707434052757793,0.0894672631150874,1470,0.0,0.0,0.0,177.0,0.0,0.0,0.0,5350,0.0,0.0,0.0
2022-08-29,680.5,40541.0,86635.0,681.0,746500.0,211204.0,-0.5,-0.0007347538574566,-29222.0,20705.0,-49927.0,0.410195829624437,0.0543081044876087,0.0160507652108996,0.0750394944707741,0.1047077922077921,1470,0.0,0.0,0.0,177.0,0.0,0.0,0.0,5350,0.0,0.0,0.0
2022-08-30,678.0,17063.0,48457.0,677.75,753420.0,167467.0,0.25,0.0003687315634212,-23478.0,6920.0,-30398.0,0.289352529154996,0.0226473945475298,-0.0036737692872887,0.0319634703196347,0.1169686985172981,1470,0.0,0.0,0.0,177.0,0.0,0.0,0.0,5350,0.0,0.0,0.0
2022-08-31,662.0,12048.0,7831.0,670.0,755694.0,140086.0,-8.0,-0.0120845921449968,-5015.0,2274.0,-7289.0,0.0559013748697224,0.0159429610397859,-0.023598820058997,-0.0033872788859615,0.1196617336152219,1388,-82.0,-82.0,-3.6484809610257836,175.4,-1.5999999999999943,-1.5999999999999943,-4.898979470566354,5325,-25.0,-25.0,-4.898979484606337
2022-09-01,655.0,6130.0,9013.0,658.0,751321.0,138118.0,-3.0,-0.0045801526717487,-5918.0,-4373.0,-1545.0,0.0652557957688348,0.0081589626803989,-0.0105740181268881,-0.0038022813688213,0.1087600507829031,1388,0.0,0.0,0.0,175.4,0.0,0.0,0.0,5325,0.0,0.0,0.0
2022-09-02,655.0,4908.0,2137.0,665.5,747399.0,82312.0,-10.5,-0.0160305343511205,-1222.0,-3922.0,2700.0,0.0259621926329086,0.0065667735707433,0.0,-0.0220231429637924,0.0898502495840265,1388,0.0,0.0,0.0,175.4,0.0,0.0,0.0,5325,0.0,0.0,0.0
2022-09-06,675.0,4127.0,1289.0,675.75,752625.0,116558.0,-0.75,-0.0011111111111094,-781.0,5226.0,-6007.0,0.0110588719778993,0.005483474505896,0.0305343511450382,-0.0080822924320352,0.108829568788501,1388,0.0,0.0,0.0,175.4,0.0,0.0,0.0,5325,0.0,0.0,0.0
2022-09-07,675.0,3225.0,1269.0,671.0,755519.0,146597.0,4.0,0.0059259259259171,-902.0,2894.0,-3796.0,0.0086563845099148,0.0042685888773147,0.0,-0.0044247787610619,0.1111111111111111,1388,0.0,0.0,0.0,175.4,0.0,0.0,0.0,5325,0.0,0.0,0.0
2022-09-08,630.75,2582.0,1219.0,668.0,743721.0,111176.0,-37.25,-0.0590566785571794,-643.0,-11798.0,11155.0,0.0109645966755413,0.0034717320070295,-0.0655555555555555,-0.0472054380664652,0.0239448051948052,1388,0.0,0.0,0.0,175.4,0.0,0.0,0.0,5325,0.0,0.0,0.0
2022-09-09,630.75,1683.0,1439.0,685.0,743320.0,107791.0,-54.25,-0.0860087197779056,-899.0,-401.0,-498.0,0.0133499086194579,0.0022641661733842,0.0,-0.0370229007633587,0.0157004830917875,1388,0.0,0.0,0.0,175.4,0.0,0.0,0.0,5325,0.0,0.0,0.0
2022-09-12,700.0,651.0,1332.0,695.75,741296.0,192828.0,4.25,0.0060714285714198,-1032.0,-2024.0,992.0,0.0069077104984752,0.000878191707496,0.109789932619897,0.0687022900763358,0.1137629276054097,1388,0.0,0.0,0.0,175.4,0.0,0.0,0.0,5325,0.0,0.0,0.0
2022-09-13,661.0,88.0,607.0,691.0,740297.0,141872.0,-30.0,-0.0453857791224729,-563.0,-999.0,436.0,0.0042785045674974,0.0001188712097982,-0.0557142857142857,-0.0207407407407407,0.0344287949921753,1388,0.0,0.0,0.0,175.4,0.0,0.0,0.0,5325,0.0,0.0,0.0
2022-09-14,,,145.0,682.0,735796.0,117138.0,,,,-4501.0,,0.0012378562037938,,0.0,-0.0207407407407407,0.0580232092837134,1388,0.0,0.0,0.0,175.4,0.0,0.0,0.0,5325,0.0,0.0,0.0
2022-09-15,677.0,731877.0,111789.0,680.0,211120.0,34459.0,-3.0,-0.0044313146233317,,-524676.0,,3.244116196058991,3.4666398256915336,0.0242057488653555,0.073325406262386,0.1080196399345334,1388,0.0,0.0,0.0,175.4,0.0,0.0,0.0,5325,0.0,0.0,0.0
2022-09-16,675.25,727996.0,121327.0,680.0,215108.0,31076.0,-4.75,-0.0070344316919555,-3881.0,3988.0,-7869.0,3.904202600077104,3.3843278725105375,-0.0025849335302806,0.0705509314308363,0.0979674796747966,1388,0.0,0.0,0.0,175.4,0.0,0.0,0.0,5325,0.0,0.0,0.0
2022-09-19,677.5,726063.0,96685.0,683.0,216730.0,31149.0,-5.5,-0.0081180811807998,-1933.0,1622.0,-3555.0,3.103951972775912,3.3500807456281856,0.00333209922251,-0.0321428571428571,0.0998376623376624,1388,0.0,0.0,0.0,175.4,0.0,0.0,0.0,5325,0.0,0.0,0.0
2022-09-20,691.0,727926.0,123234.0,693.0,219251.0,28898.0,-2.0,-0.0028943560057845,1863.0,2521.0,-658.0,4.264447366599617,3.3200578332595825,0.0199261992619925,0.0453857791225416,0.1047162270183852,1388,0.0,0.0,0.0,175.4,0.0,0.0,0.0,5325,0.0,0.0,0.0
2022-09-21,685.0,724283.0,127215.0,690.0,220022.0,41065.0,-5.0,-0.007299270072982,-3643.0,771.0,-4414.0,3.0978935833434047,3.291866267918648,-0.0086830680173661,0.0363086232980331,0.0821484992101106,1388,0.0,0.0,0.0,175.4,0.0,0.0,0.0,5325,0.0,0.0,0.0
2022-09-22,688.0,720874.0,97065.0,689.0,222579.0,29292.0,-1.0,-0.0014534883720909,-3409.0,2557.0,-5966.0,3.3137034002456875,3.2387332138251894,0.0043795620437956,0.0162481536189069,0.0471841704718416,1388,0.0,0.0,0.0,175.4,0.0,0.0,0.0,5325,0.0,0.0,0.0
2022-09-23,676.5,715001.0,154393.0,680.0,226894.0,44822.0,-3.5,-0.0051736881005097,-5873.0,4315.0,-10188.0,3.4445807862209756,3.1512556524191777,-0.0167151162790697,0.0018511662347278,0.0184418517124576,1388,0.0,0.0,0.0,175.4,0.0,0.0,0.0,5325,0.0,0.0,0.0
2022-09-26,665.75,714401.0,140725.0,670.0,230865.0,37179.0,-4.25,-0.0063837776943201,-600.0,3971.0,-4571.0,3.785066838806752,3.0944534684772353,-0.015890613451589,-0.0173431734317343,0.0125475285171101,1388,0.0,0.0,0.0,175.4,0.0,0.0,0.0,5325,0.0,0.0,0.0
2022-09-27,668.0,708132.0,163167.0,672.0,234589.0,39933.0,-4.0,-0.0059880239520868,-6269.0,3724.0,-9993.0,4.086019081962185,3.01860701055888,0.0033796470146452,-0.0332850940665702,-0.0026129152668906,1388,0.0,0.0,0.0,175.4,0.0,0.0,0.0,5325,0.0,0.0,0.0
2022-09-28,670.5,705977.0,137430.0,670.5,246554.0,50152.0,0.0,0.0,-2155.0,11965.0,-14120.0,2.7402695804753003,2.8633767856128767,0.0037425149700598,-0.0211678832116788,-0.014695077149155,1388,0.0,0.0,0.0,175.4,0.0,0.0,0.0,5325,0.0,0.0,0.0
2022-09-29,668.5,695483.0,139450.0,675.0,251499.0,72091.0,-6.5,-0.009723261032147,-10494.0,4945.0,-15439.0,1.9343607385110215,2.765350955669793,-0.0029828486204325,-0.0283430232558139,-0.0140117994100295,1388,0.0,0.0,0.0,175.4,0.0,0.0,0.0,5325,0.0,0.0,0.0
2022-09-30,676.0,691225.0,253847.0,676.75,257373.0,80428.0,-0.75,-0.0011094674556196,-4258.0,5874.0,-10132.0,3.156201820261561,2.6856935265159803,0.0112191473448017,-0.0007390983000739,0.0211480362537763,1219,-169.0,-169.0,-4.484797201737655,172.5,-2.9000000000000057,-2.9000000000000057,-4.370565091784466,5225,-100.0,-100.0,-4.8020883183367635
2022-10-03,680.0,682622.0,132393.0,685.25,261549.0,40113.0,-5.25,-0.0077205882352827,-8603.0,4176.0,-12779.0,3.300501084436385,2.609920129688882,0.0059171597633136,0.0214044310927525,0.0381679389312976,1219,0.0,0.0,0.0,172.5,0.0,0.0,0.0,5225,0.0,0.0,0.0
2022-10-04,683.0,680674.0,119212.0,690.0,270191.0,44879.0,-7.0,-0.0102489019033524,-1948.0,8642.0,-10590.0,2.6562980458565777,2.519232690948246,0.0044117647058823,0.0224550898203592,0.0427480916030533,1219,0.0,0.0,0.0,172.5,0.0,0.0,0.0,5225,0.0,0.0,0.0
2022-10-05,684.0,674648.0,114315.0,690.5,276867.0,43633.0,-6.5,-0.0095029239765942,-6026.0,6676.0,-12702.0,2.6199207022207363,2.436722325159725,0.0014641288433381,0.0201342281879195,0.0133333333333334,1219,0.0,0.0,0.0,172.5,0.0,0.0,0.0,5225,0.0,0.0,0.0
2022-10-06,675.0,668523.0,128778.0,682.75,286590.0,55692.0,-7.75,-0.0114814814814644,-6125.0,9723.0,-15848.0,2.3123249299719473,2.3326808332460924,-0.0131578947368421,0.0097232610321615,0.0,1219,0.0,0.0,0.0,172.5,0.0,0.0,0.0,5225,0.0,0.0,0.0
2022-10-07,682.5,669076.0,113581.0,689.75,293666.0,45727.0,-7.25,-0.010622710622695,553.0,7076.0,-6523.0,2.483893542108547,2.278357045078415,0.011111111111111,0.0096153846153845,0.0820451843043994,1219,0.0,0.0,0.0,172.5,0.0,0.0,0.0,5225,0.0,0.0,0.0
2022-10-10,696.0,672693.0,201817.0,701.0,297858.0,81392.0,-5.0,-0.0071839080459666,3617.0,4192.0,-575.0,2.479568016512649,2.2584352275245174,0.0197802197802197,0.0235294117647058,0.1034482758620689,1219,0.0,0.0,0.0,172.5,0.0,0.0,0.0,5225,0.0,0.0,0.0
2022-10-11,693.25,664579.0,140432.0,698.25,306467.0,59572.0,-5.0,-0.0072124053371695,-8114.0,8609.0,-16723.0,2.3573490901765535,2.1685173281299384,-0.0039511494252874,0.0150073206442167,-0.0096428571428571,1219,0.0,0.0,0.0,172.5,0.0,0.0,0.0,5225,0.0,0.0,0.0
2022-10-12,693.0,656518.0,180209.0,697.0,309814.0,76792.0,-4.0,-0.0057720057719974,-8061.0,3347.0,-11408.0,2.3467158037295244,2.1190714428657125,-0.000360620266859,0.013157894736842,0.048411497730711,1219,0.0,0.0,0.0,172.5,0.0,0.0,0.0,5225,0.0,0.0,0.0
2022-10-13,697.75,650738.0,167244.0,700.25,319159.0,70742.0,-2.5,-0.0035829451809335,-5780.0,9345.0,-15125.0,2.3641401147832637,2.038914772887489,0.0068542568542568,0.0337037037037037,0.0555975794251135,1219,0.0,0.0,0.0,172.5,0.0,0.0,0.0,5225,0.0,0.0,0.0
2022-10-14,690.0,644829.0,108816.0,695.0,322919.0,39142.0,-5.0,-0.0072463768115837,-5909.0,3760.0,-9669.0,2.780031679525758,1.9968753774166217,-0.01110713006091,0.0109890109890109,0.0192023633677991,1219,0.0,0.0,0.0,172.5,0.0,0.0,0.0,5225,0.0,0.0,0.0
2022-10-17,683.0,641939.0,106164.0,689.75,325426.0,35483.0,-6.75,-0.0098828696925184,-2890.0,2507.0,-5397.0,2.9919679846686305,1.9726112849004016,-0.0101449275362318,-0.0186781609195402,0.0114772306553128,1219,0.0,0.0,0.0,172.5,0.0,0.0,0.0,5225,0.0,0.0,0.0
2022-10-18,681.0,628792.0,147455.0,690.0,328273.0,62906.0,-9.0,-0.0132158590308175,-13147.0,2847.0,-15994.0,2.344053031507291,1.9154545149920892,-0.0029282576866763,-0.0176703930760908,0.0051660516605165,1219,0.0,0.0,0.0,172.5,0.0,0.0,0.0,5225,0.0,0.0,0.0
2022-10-19,678.0,622840.0,112233.0,684.5,330244.0,46260.0,-6.5,-0.0095870206489534,-5952.0,1971.0,-7923.0,2.4261348897535147,1.8859994428362004,-0.0044052863436123,-0.0216450216450216,-0.0188133140376266,1219,0.0,0.0,0.0,172.5,0.0,0.0,0.0,5225,0.0,0.0,0.0
2022-10-20,685.0,619898.0,134819.0,690.0,335745.0,62854.0,-5.0,-0.007299270072982,-2942.0,5501.0,-8443.0,2.1449549750214443,1.8463357607708175,0.0103244837758111,-0.0182730204227875,0.0,1219,0.0,0.0,0.0,172.5,0.0,0.0,0.0,5225,0.0,0.0,0.0
2022-10-21,684.0,621455.0,109021.0,688.0,339483.0,41986.0,-4.0,-0.0058479532163657,1557.0,3738.0,-2181.0,2.596603629781294,1.8305924007976784,-0.0014598540145985,-0.0086956521739129,-0.0058139534883721,1219,0.0,0.0,0.0,172.5,0.0,0.0,0.0,5225,0.0,0.0,0.0
2022-10-24,681.0,618936.0,119463.0,685.75,347266.0,45014.0,-4.75,-0.0069750367107092,-2519.0,7783.0,-10302.0,2.653907673168289,1.7823109662333725,-0.0043859649122807,-0.0029282576866763,0.0066518847006651,1219,0.0,0.0,0.0,172.5,0.0,0.0,0.0,5225,0.0,0.0,0.0
2022-10-25,686.0,618865.0,116661.0,689.0,353485.0,47305.0,-3.0,-0.0043731778425592,-71.0,6219.0,-6290.0,2.4661452277771385,1.7507532144221063,0.0073421439060206,0.0073421439060206,0.0304168231318062,1219,0.0,0.0,0.0,172.5,0.0,0.0,0.0,5225,0.0,0.0,0.0
2022-10-26,684.5,622279.0,106226.0,689.75,361992.0,53658.0,-5.25,-0.0076698319941451,3414.0,8507.0,-5093.0,1.979686160497932,1.7190407522818136,-0.0021865889212827,0.0095870206489676,0.0247005988023951,1219,0.0,0.0,0.0,172.5,0.0,0.0,0.0,5225,0.0,0.0,0.0
2022-10-27,681.25,619467.0,112300.0,687.0,366263.0,44545.0,-5.75,-0.0084403669724646,-2812.0,4271.0,-7083.0,2.521046133123751,1.6913174412921816,-0.0047479912344776,-0.0054744525547445,0.0160328113348247,1219,0.0,0.0,0.0,172.5,0.0,0.0,0.0,5225,0.0,0.0,0.0
2022-10-28,680.0,614003.0,115074.0,685.0,370581.0,43376.0,-5.0,-0.0073529411764597,-5464.0,4318.0,-9782.0,2.652941718922846,1.6568658403965622,-0.001834862385321,-0.0058479532163743,0.0172026925953627,1219,0.0,0.0,0.0,172.5,0.0,0.0,0.0,5225,0.0,0.0,0.0
2022-10-31,688.5,603945.0,226696.0,690.5,374060.0,110458.0,-2.0,-0.0029048656499594,-10058.0,3479.0,-13537.0,2.0523275815241804,1.6145671817355465,0.0124999999999999,0.0110132158590308,0.0184911242603549,1172,-47.0,-47.0,-1.3276071563955507,171.9,-0.5999999999999943,-0.5999999999999943,-1.001235173552045,5275,50.0,50.0,2.1537538071435303
2022-11-01,697.0,594496.0,146466.0,699.0,376655.0,75693.0,-2.0,-0.0028694404591063,-9449.0,2595.0,-12044.0,1.935000594506732,1.578356851760891,0.0123456790123457,0.0160349854227406,0.0249999999999999,1172,0.0,0.0,0.0,171.9,0.0,0.0,0.0,5275,0.0,0.0,0.0
2022-11-02,687.0,582132.0,168334.0,688.75,380266.0,85352.0,-1.75,-0.0025473071324562,-12364.0,3611.0,-15975.0,1.972232636610718,1.530854717487229,-0.0143472022955524,0.0036523009495983,0.0058565153733527,1172,0.0,0.0,0.0,171.9,0.0,0.0,0.0,5275,0.0,0.0,0.0
2022-11-03,679.25,576342.0,123352.0,684.0,386054.0,67941.0,-4.75,-0.0069930069929966,-5790.0,5788.0,-11578.0,1.81557527855048,1.4929051376232303,-0.0112809315866084,-0.0029357798165137,-0.0069444444444444,1172,0.0,0.0,0.0,171.9,0.0,0.0,0.0,5275,0.0,0.0,0.0
2022-11-04,680.25,570859.0,112564.0,686.0,389681.0,68372.0,-5.75,-0.0084527747151658,-5483.0,3627.0,-9110.0,1.646346457614204,1.4649392708394775,0.0014722119985277,0.0003676470588236,0.0077777777777778,1172,0.0,0.0,0.0,171.9,0.0,0.0,0.0,5275,0.0,0.0,0.0
2022-11-07,675.25,550552.0,162563.0,681.25,404244.0,96096.0,-6.0,-0.0088855979266806,-20307.0,14563.0,-34870.0,1.6916729104228927,1.3619299235115392,-0.0073502388827636,-0.0192447349310094,-0.0106227106227105,1172,0.0,0.0,0.0,171.9,0.0,0.0,0.0,5275,0.0,0.0,0.0
2022-11-08,667.0,505175.0,227158.0,672.0,425190.0,142801.0,-5.0,-0.0074962518740517,-45377.0,20946.0,-66323.0,1.5907311573448255,1.1881159011265523,-0.0122176971492039,-0.0430416068866571,-0.0416666666666666,1172,0.0,0.0,0.0,171.9,0.0,0.0,0.0,5275,0.0,0.0,0.0
2022-11-09,664.0,477202.0,246968.0,670.5,444247.0,158321.0,-6.5,-0.0097891566264912,-27973.0,19057.0,-47030.0,1.559919404248321,1.0741817052225426,-0.0044977511244377,-0.0334788937409025,-0.0421925712225027,1172,0.0,0.0,0.0,171.9,0.0,0.0,0.0,5275,0.0,0.0,0.0
2022-11-10,653.5,444298.0,229081.0,659.0,460595.0,138874.0,-5.5,-0.0084162203519381,-32904.0,16348.0,-49252.0,1.6495600328355082,0.9646175056177316,-0.0158132530120481,-0.0379094589620905,-0.056998556998557,1172,0.0,0.0,0.0,171.9,0.0,0.0,0.0,5275,0.0,0.0,0.0
2022-11-11,657.0,416611.0,233358.0,662.75,479269.0,161055.0,-5.75,-0.0087519025875057,-27687.0,18674.0,-46361.0,1.448933594113803,0.8692633990514703,0.0053557765876051,-0.0341786108048511,-0.0584020064493013,1172,0.0,0.0,0.0,171.9,0.0,0.0,0.0,5275,0.0,0.0,0.0
2022-11-14,657.0,373146.0,181567.0,660.0,483392.0,138971.0,-3.0,-0.0045662100456551,-43465.0,4123.0,-47588.0,1.3065099912931382,0.7719325102608219,0.0,-0.0270270270270269,-0.0478260869565216,1172,0.0,0.0,0.0,171.9,0.0,0.0,0.0,5275,0.0,0.0,0.0
2022-11-15,667.0,342967.0,234097.0,668.5,500637.0,185920.0,-1.5,-0.0022488755622155,-30179.0,17245.0,-47424.0,1.2591275817555871,0.6850612319904428,0.0152207001522071,0.0,-0.0234260614934114,1172,0.0,0.0,0.0,171.9,0.0,0.0,0.0,5275,0.0,0.0,0.0
2022-11-16,665.0,327834.0,121435.0,667.0,509768.0,103805.0,-2.0,-0.0030075187969879,-15133.0,9131.0,-24264.0,1.169837676412493,0.6431043141193629,-0.0029985007496251,0.0015060240963855,-0.0234948604992657,1172,0.0,0.0,0.0,171.9,0.0,0.0,0.0,5275,0.0,0.0,0.0
2022-11-17,665.0,308766.0,138561.0,668.0,511817.0,104283.0,-3.0,-0.0045112781954819,-19068.0,2049.0,-21117.0,1.3287017059347992,0.6032742171518324,0.0,0.0175975516449884,-0.019174041297935,1172,0.0,0.0,0.0,171.9,0.0,0.0,0.0,5275,0.0,0.0,0.0
2022-11-18,666.0,290161.0,131275.0,669.0,526687.0,103477.0,-3.0,-0.0045045045044977,-18605.0,14870.0,-33475.0,1.268639407791091,0.5509173380015064,0.0015037593984963,0.0136986301369863,-0.0277372262773722,1172,0.0,0.0,0.0,171.9,0.0,0.0,0.0,5275,0.0,0.0,0.0
2022-11-21,659.5,246295.0,143717.0,662.0,535954.0,115019.0,-2.5,-0.0037907505686068,-43866.0,9267.0,-53133.0,1.2495066032568425,0.4595450355814109,-0.0097597597597597,0.0038051750380516,-0.0358187134502924,1172,0.0,0.0,0.0,171.9,0.0,0.0,0.0,5275,0.0,0.0,0.0
2022-11-22,657.5,225667.0,107549.0,660.0,545324.0,119012.0,-2.5,-0.0038022813688155,-20628.0,9370.0,-29998.0,0.9036819816489016,0.4138218747020112,-0.00303260045489,-0.0142428785607195,-0.0345080763582966,1172,0.0,0.0,0.0,171.9,0.0,0.0,0.0,5275,0.0,0.0,0.0
2022-11-23,662.0,198388.0,104569.0,664.5,552019.0,119313.0,-2.5,-0.0037764350453115,-27279.0,6695.0,-33974.0,0.8764258714473622,0.3593861805481326,0.0068441064638782,-0.0045112781954886,-0.0349854227405247,1172,0.0,0.0,0.0,171.9,0.0,0.0,0.0,5275,0.0,0.0,0.0
2022-11-25,667.25,132945.0,71244.0,670.25,566142.0,92752.0,-3.0,-0.0044960659422937,-65443.0,14123.0,-79566.0,0.7681128169742887,0.2348262450056695,0.0079305135951661,0.0033834586466165,-0.0252008765522279,1172,0.0,0.0,0.0,171.9,0.0,0.0,0.0,5275,0.0,0.0,0.0
2022-11-28,668.0,69502.0,149233.0,671.0,586995.0,184890.0,-3.0,-0.0044910179640651,-63443.0,20853.0,-84296.0,0.8071447887933323,0.1184030528369064,0.001124016485575,0.003003003003003,-0.0194495412844036,1172,0.0,0.0,0.0,171.9,0.0,0.0,0.0,5275,0.0,0.0,0.0
2022-11-29,665.0,18490.0,110381.0,669.0,604643.0,174783.0,-4.0,-0.0060150375939759,-51012.0,17648.0,-68660.0,0.6315316707002362,0.0305800282149962,-0.0044910179640718,0.0083396512509477,-0.0220588235294117,1172,0.0,0.0,0.0,171.9,0.0,0.0,0.0,5275,0.0,0.0,0.0
2022-11-30,662.0,8855.0,18198.0,667.0,605064.0,120474.0,-5.0,-0.007552870090623,-9635.0,421.0,-10056.0,0.1510533393097253,0.0146348154905927,-0.0045112781954886,0.0068441064638782,-0.0384894698620188,1182,10.0,10.0,1.0106103521076395,172.3,0.4000000000000057,0.4000000000000057,2.664522163917125,5300,25.0,25.0,2.2300163613941892
2022-12-01,650.5,5113.0,8565.0,659.5,599875.0,116810.0,-9.0,-0.0138355111452515,-3742.0,-5189.0,1447.0,0.0733242016950597,0.0085234423838299,-0.0173716012084592,-0.0173716012084592,-0.0667144906743185,1182,0.0,0.0,0.0,172.3,0.0,0.0,0.0,5300,0.0,0.0,0.0
2022-12-02,625.25,3105.0,5678.0,646.25,606152.0,205697.0,-21.0,-0.0335865653737967,-2008.0,6277.0,-8285.0,0.0276037083671612,0.0051224775303884,-0.0388162951575711,-0.0629449231922067,-0.0898835516739446,1182,0.0,0.0,0.0,172.3,0.0,0.0,0.0,5300,0.0,0.0,0.0
2022-12-05,625.0,2647.0,762.0,640.0,592080.0,144282.0,-15.0,-0.0239999999999616,-458.0,-14072.0,13614.0,0.0052813240736889,0.0044706796378867,-0.0003998400639744,-0.0643712574850299,-0.0798675009201325,1182,0.0,0.0,0.0,172.3,0.0,0.0,0.0,5300,0.0,0.0,0.0
2022-12-06,629.0,1635.0,512.0,637.0,587608.0,145618.0,-8.0,-0.0127186009538748,-1012.0,-4472.0,3460.0,0.0035160488401158,0.0027824672230466,0.0063999999999999,-0.0541353383458647,-0.0753399485483278,1182,0.0,0.0,0.0,172.3,0.0,0.0,0.0,5300,0.0,0.0,0.0
2022-12-07,625.0,1077.0,662.0,641.0,583861.0,128635.0,-16.0,-0.025599999999959,-558.0,-3747.0,3189.0,0.0051463443075367,0.0018446171263365,-0.0063593004769475,-0.0558912386706949,-0.0744168826360607,1182,0.0,0.0,0.0,172.3,0.0,0.0,0.0,5300,0.0,0.0,0.0
2022-12-08,630.5,667.0,425.0,642.0,581058.0,92963.0,-11.5,-0.0182394924662676,-410.0,-2803.0,2393.0,0.0045717113260113,0.0011479060610128,0.0087999999999999,-0.0307455803228285,-0.0547226386806596,1182,0.0,0.0,0.0,172.3,0.0,0.0,0.0,5300,0.0,0.0,0.0
2022-12-09,630.5,302.0,453.0,644.0,575976.0,104526.0,-13.5,-0.021411578112575,-365.0,-5082.0,4717.0,0.0043338499512082,0.0005243274025306,0.0,0.0083966413434626,-0.0504518072289156,1182,0.0,0.0,0.0,172.3,0.0,0.0,0.0,5300,0.0,0.0,0.0
2022-12-12,630.5,219.0,263.0,654.0,569287.0,128466.0,-23.5,-0.0372720063441121,-83.0,-6689.0,6606.0,0.0020472342876714,0.0003846917284252,0.0,0.0087999999999999,-0.0351951032899769,1182,0.0,0.0,0.0,172.3,0.0,0.0,0.0,5300,0.0,0.0,0.0
2022-12-13,630.5,164.0,184.0,653.0,561541.0,123617.0,-22.5,-0.0356859635209584,-55.0,-7746.0,7691.0,0.0014884684145384,0.0002920534742788,0.0,0.0023847376788552,-0.0403348554033485,1182,0.0,0.0,0.0,172.3,0.0,0.0,0.0,5300,0.0,0.0,0.0
2022-12-14,,154.0,36.0,650.0,555777.0,92295.0,,,-10.0,-5764.0,5754.0,0.0003900536323744,0.0002770895521045,0.0,0.0087999999999999,-0.0403348554033485,1182,0.0,0.0,0.0,172.3,0.0,0.0,0.0,5300,0.0,0.0,0.0
2022-12-15,653.0,551733.0,93735.0,649.5,185962.0,19406.0,3.5,0.0053598774885063,551579.0,-369815.0,921394.0,4.830207152426835,2.966912595046284,0.0356859635210151,0.0356859635210151,-0.0209895052473763,1182,0.0,0.0,0.0,172.3,0.0,0.0,0.0,5300,0.0,0.0,0.0
2022-12-16,653.0,551224.0,66395.0,652.0,185102.0,18006.0,1.0,0.0015313935681446,-509.0,-860.0,351.0,3.6873819837829784,2.977947293924415,0.0,0.0356859635210151,-0.0180451127819548,1182,0.0,0.0,0.0,172.3,0.0,0.0,0.0,5300,0.0,0.0,0.0
2022-12-19,647.0,547759.0,83168.0,646.0,185826.0,21961.0,1.0,0.0015455950540934,-3465.0,724.0,-4189.0,3.7870770912069673,2.947698384510225,-0.0091883614088821,0.0261697065820776,-0.0270676691729323,1182,0.0,0.0,0.0,172.3,0.0,0.0,0.0,5300,0.0,0.0,0.0
2022-12-20,652.0,547278.0,91464.0,650.5,184193.0,19928.0,1.5,0.0023006134969289,-481.0,-1633.0,1152.0,4.589723002809886,2.971220404684201,0.007727975270479,0.0340999206978589,-0.0210210210210209,1182,0.0,0.0,0.0,172.3,0.0,0.0,0.0,5300,0.0,0.0,0.0
2022-12-21,662.0,549790.0,125592.0,660.0,182449.0,26722.0,2.0,0.0030211480362492,2512.0,-1744.0,4256.0,4.699947608711747,3.013390043244945,0.0153374233128833,0.0499603489294211,0.0037907505686125,1182,0.0,0.0,0.0,172.3,0.0,0.0,0.0,5300,0.0,0.0,0.0
2022-12-22,659.25,547696.0,79924.0,656.0,181985.0,14745.0,3.25,0.0049298445202807,-2094.0,-464.0,-1630.0,5.420413699558805,3.0095667225320604,-0.0041540785498489,0.0095712098009188,0.0026615969581749,1182,0.0,0.0,0.0,172.3,0.0,0.0,0.0,5300,0.0,0.0,0.0
2022-12-23,665.75,546663.0,94496.0,662.0,180766.0,29067.0,3.75,0.0056327450244001,-1033.0,-1219.0,186.0,3.2509718925240563,3.024147240078317,0.0098596890405764,0.0195252679938744,0.0056646525679757,1182,0.0,0.0,0.0,172.3,0.0,0.0,0.0,5300,0.0,0.0,0.0
2022-12-27,674.0,549718.0,123172.0,672.0,181271.0,22094.0,2.0,0.0029673590504407,3055.0,505.0,2550.0,5.574907214628153,3.032575536075804,0.0123920390536989,0.0417310664605872,0.0101161483701761,1182,0.0,0.0,0.0,172.3,0.0,0.0,0.0,5300,0.0,0.0,0.0
2022-12-28,682.25,558195.0,122193.0,681.5,182706.0,24436.0,0.75,0.0010993037742746,8477.0,1435.0,7042.0,5.00053200196411,3.055154182128649,0.0122403560830861,0.0463957055214723,0.0213323353293413,1182,0.0,0.0,0.0,172.3,0.0,0.0,0.0,5300,0.0,0.0,0.0
2022-12-29,678.0,557481.0,104937.0,673.0,188864.0,26887.0,5.0,0.0073746312684257,-714.0,6158.0,-6872.0,3.9028898724289096,2.9517589376482394,-0.0062293880542323,0.0241691842900302,0.019548872180451,1182,0.0,0.0,0.0,172.3,0.0,0.0,0.0,5300,0.0,0.0,0.0
2022-12-30,675.0,559710.0,90321.0,675.5,189921.0,20468.0,-0.5,-0.0007407407407396,2229.0,1057.0,1172.0,4.412790697674203,2.947067464893282,-0.0044247787610619,0.023890784982935,0.0196374622356494,1182,0.0,0.0,0.0,172.3,0.0,0.0,0.0,5300,0.0,0.0,0.0
2023-01-03,670.0,548581.0,155538.0,665.75,195498.0,41369.0,4.25,0.00634328358208,-11129.0,5577.0,-16706.0,3.759771809809187,2.8060696273107513,-0.0074074074074074,0.0063837776943296,0.0299769408147578,1257,75.0,75.0,4.883902767100443,172.3,0.0,0.0,0.0,5300,0.0,0.0,0.0
2023-01-04,654.0,534711.0,175762.0,654.0,194271.0,49067.0,0.0,0.0,-13870.0,-1227.0,-12643.0,3.5820816434670233,2.752397424216673,-0.0238805970149253,-0.029673590504451,0.0459816073570571,1257,0.0,0.0,0.0,172.3,0.0,0.0,0.0,5300,0.0,0.0,0.0
2023-01-05,654.5,522405.0,138833.0,650.75,198221.0,48054.0,3.75,0.0057295645530852,-12306.0,3950.0,-16256.0,2.8891039247512613,2.635467483263617,0.0007645259938837,-0.0406742396482228,0.0471999999999999,1257,0.0,0.0,0.0,172.3,0.0,0.0,0.0,5300,0.0,0.0,0.0
2023-01-06,654.0,513470.0,114158.0,653.25,198210.0,36585.0,0.75,0.0011467889908239,-8935.0,-11.0,-8924.0,3.120349870165283,2.5905352908531225,-0.0007639419404125,-0.0353982300884956,0.039745627980922,1257,0.0,0.0,0.0,172.3,0.0,0.0,0.0,5300,0.0,0.0,0.0
2023-01-09,652.0,504863.0,112236.0,652.75,200853.0,38453.0,-0.75,-0.0011503067484644,-8607.0,2643.0,-11250.0,2.9187839700412734,2.5135945193748537,-0.0030581039755351,-0.034074074074074,0.0431999999999999,1257,0.0,0.0,0.0,172.3,0.0,0.0,0.0,5300,0.0,0.0,0.0
2023-01-10,654.25,504361.0,181158.0,654.5,204584.0,52282.0,-0.25,-0.0003821169277793,-502.0,3731.0,-4233.0,3.46501664052631,2.4653003167403003,0.0034509202453987,-0.0235074626865671,0.0376685170499604,1257,0.0,0.0,0.0,172.3,0.0,0.0,0.0,5300,0.0,0.0,0.0
2023-01-11,655.5,494585.0,110880.0,655.0,209962.0,37887.0,0.5,0.0007627765064824,-9776.0,5378.0,-15154.0,2.9265975136589617,2.3555929168135075,0.0019105846388995,0.0022935779816513,0.0396510705789057,1257,0.0,0.0,0.0,172.3,0.0,0.0,0.0,5300,0.0,0.0,0.0
2023-01-12,670.75,498373.0,242526.0,668.0,214532.0,73325.0,2.75,0.0040998881848615,3788.0,4570.0,-782.0,3.3075485850664395,2.3230706840937376,0.0232646834477499,0.0248281130634071,0.063838223632038,1257,0.0,0.0,0.0,172.3,0.0,0.0,0.0,5300,0.0,0.0,0.0
2023-01-13,674.0,497357.0,158823.0,670.25,222875.0,58930.0,3.75,0.0055637982195763,-1016.0,8343.0,-9359.0,2.6951128457491484,2.2315513180033553,0.0048453224002982,0.0305810397553516,0.0689928628072957,1257,0.0,0.0,0.0,172.3,0.0,0.0,0.0,5300,0.0,0.0,0.0
2023-01-17,685.0,503207.0,179918.0,679.0,229705.0,60119.0,6.0,0.0087591240875784,5850.0,6830.0,-980.0,2.9926978159982203,2.1906662893711406,0.0163204747774481,0.0506134969325153,0.0864393338620141,1257,0.0,0.0,0.0,172.3,0.0,0.0,0.0,5300,0.0,0.0,0.0
2023-01-18,680.0,508135.0,175374.0,676.5,234035.0,56949.0,3.5,0.0051470588235218,4928.0,4330.0,598.0,3.079492177211135,2.1711923430256066,-0.0072992700729926,0.0393580435613296,0.0413476263399694,1257,0.0,0.0,0.0,172.3,0.0,0.0,0.0,5300,0.0,0.0,0.0
2023-01-19,677.25,511762.0,149959.0,675.25,235466.0,61274.0,2.0,0.0029531192321846,3627.0,1431.0,2196.0,2.447351241962293,2.17340083069317,-0.0040441176470588,0.0331807780320365,0.037136294027565,1257,0.0,0.0,0.0,172.3,0.0,0.0,0.0,5300,0.0,0.0,0.0
2023-01-20,675.25,500919.0,134978.0,672.75,244631.0,55569.0,2.5,0.0037023324694502,-10843.0,9165.0,-20008.0,2.42901617808486,2.047651360620682,-0.0029531192321889,0.0067089079388744,0.0436630602782071,1257,0.0,0.0,0.0,172.3,0.0,0.0,0.0,5300,0.0,0.0,0.0
2023-01-23,666.5,490095.0,184766.0,664.0,248640.0,58029.0,2.5,0.0037509377344279,-10824.0,4009.0,-14833.0,3.184028675317459,1.9711027992277912,-0.0129581636430951,-0.0111275964391691,0.022239263803681,1257,0.0,0.0,0.0,172.3,0.0,0.0,0.0,5300,0.0,0.0,0.0
2023-01-24,676.75,486758.0,165294.0,675.25,257666.0,67121.0,1.5,0.0022164758034692,-3337.0,9026.0,-12363.0,2.4626271956615295,1.8891044996235364,0.0153788447111777,-0.012043795620438,0.0222809667673715,1257,0.0,0.0,0.0,172.3,0.0,0.0,0.0,5300,0.0,0.0,0.0
2023-01-25,674.0,479260.0,126030.0,673.0,259836.0,52400.0,1.0,0.0014836795252203,-7498.0,2170.0,-9668.0,2.4051526717556793,1.8444711279422337,-0.0040635389730329,-0.0088235294117646,0.0223739097459234,1257,0.0,0.0,0.0,172.3,0.0,0.0,0.0,5300,0.0,0.0,0.0
2023-01-26,681.0,483153.0,146553.0,677.25,265611.0,61859.0,3.75,0.0055066079295073,3893.0,5775.0,-1882.0,2.3691459609757293,1.819024814484333,0.0103857566765579,0.0055370985603544,0.0229064964325949,1257,0.0,0.0,0.0,172.3,0.0,0.0,0.0,5300,0.0,0.0,0.0
2023-01-27,681.0,479989.0,141239.0,671.25,269941.0,86479.0,9.75,0.014317180616719,-3164.0,4330.0,-7494.0,1.6332173128736267,1.778125590406786,0.0,0.0085153646797482,0.0103857566765579,1257,0.0,0.0,0.0,172.3,0.0,0.0,0.0,5300,0.0,0.0,0.0
2023-01-30,683.0,471123.0,127942.0,678.0,277012.0,60953.0,5.0,0.0073206442166803,-8866.0,7071.0,-15937.0,2.0990271192557857,1.7007313762580625,0.0029368575624082,0.0247561890472618,0.0010993037742763,1257,0.0,0.0,0.0,172.3,0.0,0.0,0.0,5300,0.0,0.0,0.0
2023-01-31,677.75,461974.0,161229.0,675.25,282846.0,68127.0,2.5,0.0036886757653947,-9149.0,5834.0,-14983.0,2.366594742172672,1.6333057564893914,-0.0076866764275256,0.0014776505356484,-0.0003687315634218,1242,-15.0,-15.0,-0.9528351046885092,173.3,1.0,1.0,4.898979461566352,5275,-25.0,-25.0,-4.898979484606334
2023-02-01,681.0,450691.0,144367.0,678.5,287638.0,81852.0,2.5,0.0036710719530048,-11283.0,4792.0,-16075.0,1.7637565361872432,1.566868772554386,0.0047952784950202,0.0103857566765579,0.0088888888888889,1242,0.0,0.0,0.0,173.3,0.0,0.0,0.0,5275,0.0,0.0,0.0
2023-02-02,674.5,443288.0,149905.0,672.5,296414.0,85767.0,2.0,0.0029651593773121,-7403.0,8776.0,-16179.0,1.74781675935964,1.4955029114684142,-0.0095447870778266,-0.0095447870778266,0.0067164179104477,1242,0.0,0.0,0.0,173.3,0.0,0.0,0.0,5275,0.0,0.0,0.0
2023-02-03,676.5,436303.0,124847.0,670.5,298106.0,62679.0,6.0,0.0088691796008738,-6985.0,1692.0,-8677.0,1.9918473491918829,1.4635834233460532,0.0029651593773165,-0.0066079295154185,0.0344036697247707,1242,0.0,0.0,0.0,173.3,0.0,0.0,0.0,5275,0.0,0.0,0.0
2023-02-06,677.5,423594.0,123611.0,675.25,305783.0,65212.0,2.25,0.0033210332103272,-12709.0,7677.0,-20386.0,1.8955253634300149,1.3852764869204588,0.0014781966001478,-0.0080527086383601,0.0351413292589763,1242,0.0,0.0,0.0,173.3,0.0,0.0,0.0,5275,0.0,0.0,0.0
2023-02-07,674.0,408218.0,149454.0,673.0,318673.0,100541.0,1.0,0.0014836795252203,-15376.0,12890.0,-28266.0,1.486498045573433,1.2809933693786382,-0.0051660516605166,-0.0055330136481003,0.0305810397553516,1242,0.0,0.0,0.0,173.3,0.0,0.0,0.0,5275,0.0,0.0,0.0
2023-02-08,678.0,403295.0,223791.0,676.0,319423.0,152699.0,2.0,0.0029498525073702,-4923.0,750.0,-5673.0,1.4655695191193037,1.2625734527569985,0.0059347181008901,-0.0044052863436123,0.0398773006134969,1242,0.0,0.0,0.0,173.3,0.0,0.0,0.0,5275,0.0,0.0,0.0
2023-02-09,670.75,372678.0,214275.0,669.25,350969.0,153515.0,1.5,0.0022363026462881,-30617.0,31546.0,-62163.0,1.3957919421554807,1.061854465779026,-0.010693215339233,-0.0055596738324684,0.0252197172334733,1242,0.0,0.0,0.0,173.3,0.0,0.0,0.0,5275,0.0,0.0,0.0
2023-02-10,680.0,358958.0,226648.0,675.0,377040.0,154271.0,5.0,0.0073529411764597,-13720.0,26071.0,-39791.0,1.4691549286644836,0.952042223636747,0.0137905329854639,0.0051736881005173,0.0373760488176964,1242,0.0,0.0,0.0,173.3,0.0,0.0,0.0,5275,0.0,0.0,0.0
2023-02-13,684.0,346403.0,193009.0,680.0,405974.0,155850.0,4.0,0.0058479532163657,-12555.0,28934.0,-41489.0,1.2384279756175731,0.8532640021282131,0.0058823529411764,0.0095940959409595,0.0197540067089079,1242,0.0,0.0,0.0,173.3,0.0,0.0,0.0,5275,0.0,0.0,0.0
2023-02-14,682.0,327862.0,137226.0,679.0,416061.0,101942.0,3.0,0.0043988269794656,-18541.0,10087.0,-28628.0,1.346118381040186,0.7880142575247361,-0.0029239766081871,0.0118694362017803,0.0118694362017803,1242,0.0,0.0,0.0,173.3,0.0,0.0,0.0,5275,0.0,0.0,0.0
2023-02-15,676.0,305797.0,116550.0,673.75,427505.0,77269.0,2.25,0.0033284023668589,-22065.0,11444.0,-33509.0,1.508366874166852,0.7153062537280249,-0.0087976539589442,-0.0029498525073746,-0.0131386861313869,1242,0.0,0.0,0.0,173.3,0.0,0.0,0.0,5275,0.0,0.0,0.0
2023-02-16,675.0,277433.0,134971.0,675.0,454578.0,108632.0,0.0,0.0,-28364.0,27073.0,-55437.0,1.2424607850357057,0.6103089018826239,-0.0014792899408283,0.0063361908311592,-0.0073529411764705,1242,0.0,0.0,0.0,173.3,0.0,0.0,0.0,5275,0.0,0.0,0.0
2023-02-17,677.75,241448.0,144084.0,675.0,473492.0,121915.0,2.75,0.0040575433419342,-35985.0,18914.0,-54899.0,1.1818398064224978,0.5099304740101195,0.0040740740740741,-0.0033088235294117,0.0007382798080473,1242,0.0,0.0,0.0,173.3,0.0,0.0,0.0,5275,0.0,0.0,0.0
2023-02-21,679.75,194392.0,156078.0,680.0,493354.0,163338.0,-0.25,-0.0003677822728939,-47056.0,19862.0,-66918.0,0.9555522903427192,0.3940213315388131,0.0029509406123202,-0.0062134502923976,0.0066641984450204,1242,0.0,0.0,0.0,173.3,0.0,0.0,0.0,5275,0.0,0.0,0.0
2023-02-22,674.0,157723.0,114787.0,674.0,501057.0,125715.0,0.0,0.0,-36669.0,7703.0,-44372.0,0.9130732211748724,0.3147805539090357,-0.0084589922765723,-0.0117302052785923,0.0112528132033007,1242,0.0,0.0,0.0,173.3,0.0,0.0,0.0,5275,0.0,0.0,0.0
2023-02-23,660.25,115709.0,173384.0,660.0,515962.0,267746.0,0.25,0.0003786444528581,-42014.0,14905.0,-56919.0,0.6475689646157154,0.2242587632422538,-0.0204005934718101,-0.0232988165680473,-0.0243812338381972,1242,0.0,0.0,0.0,173.3,0.0,0.0,0.0,5275,0.0,0.0,0.0
2023-02-24,650.0,64642.0,146407.0,650.0,505854.0,275007.0,0.0,0.0,-51067.0,-10108.0,-40959.0,0.5323755395317191,0.127787859738185,-0.0155244225672094,-0.037037037037037,-0.0356083086053412,1242,0.0,0.0,0.0,173.3,0.0,0.0,0.0,5275,0.0,0.0,0.0
2023-02-27,643.5,16999.0,105656.0,643.5,522700.0,222500.0,0.0,0.0,-47643.0,16846.0,-64489.0,0.47485842696629,0.0325215228620623,-0.01,-0.050534857985983,-0.0550660792951541,1242,0.0,0.0,0.0,173.3,0.0,0.0,0.0,5275,0.0,0.0,0.0
2023-02-28,630.0,7897.0,15545.0,630.0,525676.0,215887.0,0.0,0.0,-9102.0,2976.0,-12078.0,0.0720052620120708,0.015022561425669,-0.0209790209790209,-0.0731886723059949,-0.0748898678414097,1267,25.0,25.0,4.122508203269056,173.3,0.0,0.0,0.0,5275,0.0,0.0,0.0
2023-03-01,641.0,4542.0,5431.0,637.0,527219.0,251453.0,4.0,0.0062402496099746,-3355.0,1543.0,-4898.0,0.0215984696941375,0.0086150157714346,0.0174603174603174,-0.0489614243323441,-0.0614934114202049,1267,0.0,0.0,0.0,173.3,0.0,0.0,0.0,5275,0.0,0.0,0.0
2023-03-02,629.5,3422.0,1871.0,633.5,528974.0,176883.0,-4.0,-0.006354249404279,-1120.0,1755.0,-2875.0,0.0105776134506989,0.0064691270270372,-0.0179407176287051,-0.0465732677016281,-0.0711914422722242,1267,0.0,0.0,0.0,173.3,0.0,0.0,0.0,5275,0.0,0.0,0.0
2023-03-03,645.25,2579.0,1043.0,640.0,524464.0,124389.0,5.25,0.0081363812475658,-843.0,-4510.0,3667.0,0.0083849858106423,0.004917401385033,0.0250198570293884,-0.0073076923076923,-0.052496328928047,1267,0.0,0.0,0.0,173.3,0.0,0.0,0.0,5275,0.0,0.0,0.0
2023-03-06,641.0,2347.0,369.0,637.0,518003.0,110482.0,4.0,0.0062402496099746,-232.0,-6461.0,6229.0,0.003339910573668,0.0045308617903757,-0.0065865943432777,-0.0038850038850039,-0.0496664195700519,1267,0.0,0.0,0.0,173.3,0.0,0.0,0.0,5275,0.0,0.0,0.0
2023-03-07,640.0,1800.0,702.0,635.0,516969.0,101173.0,5.0,0.0078124999999877,-547.0,-1034.0,487.0,0.006938610103486,0.0034818335335387,-0.001560062402496,0.0158730158730158,-0.0539541759053954,1267,0.0,0.0,0.0,173.3,0.0,0.0,0.0,5275,0.0,0.0,0.0
2023-03-08,623.0,1278.0,808.0,625.5,516552.0,161081.0,-2.5,-0.0040128410914863,-522.0,-417.0,-105.0,0.0050161099074378,0.0024740974771174,-0.0265625,-0.0280811232449298,-0.0804428044280443,1267,0.0,0.0,0.0,173.3,0.0,0.0,0.0,5275,0.0,0.0,0.0
2023-03-09,620.0,824.0,597.0,613.0,523246.0,223647.0,7.0,0.0112903225806269,-454.0,6694.0,-7148.0,0.0026693852365558,0.0015747850915248,-0.0048154093097912,-0.0150913423351866,-0.0801186943620178,1267,0.0,0.0,0.0,173.3,0.0,0.0,0.0,5275,0.0,0.0,0.0
2023-03-10,615.0,442.0,540.0,617.0,519612.0,142248.0,-2.0,-0.0032520325203199,-382.0,-3634.0,3252.0,0.0037961869411168,0.0008506347043563,-0.0080645161290322,-0.0468810538550948,-0.0929203539823009,1267,0.0,0.0,0.0,173.3,0.0,0.0,0.0,5275,0.0,0.0,0.0
2023-03-13,624.0,159.0,542.0,610.0,510901.0,141049.0,14.0,0.0224358974358614,-283.0,-8711.0,8428.0,0.0038426362469779,0.0003112148929048,0.0146341463414634,-0.0265210608424336,-0.0696980991427506,1267,0.0,0.0,0.0,173.3,0.0,0.0,0.0,5275,0.0,0.0,0.0
2023-03-14,,55.0,120.0,621.0,508014.0,153530.0,,,-104.0,-2887.0,2783.0,0.0007816062007425,0.0001082647328616,0.0,-0.025,-0.0823529411764706,1267,0.0,0.0,0.0,173.3,0.0,0.0,0.0,5275,0.0,0.0,0.0
2023-03-15,627.0,503287.0,156411.0,612.0,341459.0,80308.0,15.0,0.0239234449760384,503232.0,-166555.0,669787.0,1.94763908950538,1.4739309843934367,0.0048076923076922,0.0064205457463883,-0.0833333333333333,1267,0.0,0.0,0.0,173.3,0.0,0.0,0.0,5275,0.0,0.0,0.0
2023-03-16,632.0,502447.0,167311.0,614.25,344735.0,101739.0,17.75,0.0280854430379302,-840.0,3276.0,-4116.0,1.6445119374084505,1.4574876354301087,0.0079744816586921,0.0193548387096773,-0.0733137829912023,1267,0.0,0.0,0.0,173.3,0.0,0.0,0.0,5275,0.0,0.0,0.0
2023-03-17,634.0,500488.0,141477.0,617.0,349792.0,79435.0,17.0,0.0268138801261406,-1959.0,5057.0,-7016.0,1.7810411027884208,1.4308160278108093,0.0031645569620253,0.0308943089430895,-0.0621301775147928,1267,0.0,0.0,0.0,173.3,0.0,0.0,0.0,5275,0.0,0.0,0.0
2023-03-20,632.0,493243.0,115794.0,613.0,352937.0,52271.0,19.0,0.0300632911391929,-7245.0,3145.0,-10390.0,2.2152627652043733,1.397538370870718,-0.003154574132492,0.0128205128205127,-0.0637037037037037,1267,0.0,0.0,0.0,173.3,0.0,0.0,0.0,5275,0.0,0.0,0.0
2023-03-21,630.0,490922.0,133312.0,611.25,358250.0,82328.0,18.75,0.0297619047618575,-2321.0,5313.0,-7634.0,1.6192789816344182,1.3703335659455649,-0.0031645569620253,0.0096153846153845,-0.0704537071191442,1267,0.0,0.0,0.0,173.3,0.0,0.0,0.0,5275,0.0,0.0,0.0
2023-03-22,633.0,489754.0,154747.0,611.0,363256.0,100209.0,22.0,0.0347551342811457,-1168.0,5006.0,-6174.0,1.5442425331057934,1.348233752505117,0.0047619047619047,0.0095693779904306,-0.0687752850312615,1267,0.0,0.0,0.0,173.3,0.0,0.0,0.0,5275,0.0,0.0,0.0
2023-03-23,630.0,489628.0,186439.0,610.5,367624.0,105503.0,19.5,0.0309523809523318,-126.0,4368.0,-4494.0,1.767144062254137,1.3318716949927063,-0.004739336492891,-0.0031645569620253,-0.0652818991097923,1267,0.0,0.0,0.0,173.3,0.0,0.0,0.0,5275,0.0,0.0,0.0
2023-03-24,642.5,477432.0,191256.0,620.0,367148.0,107005.0,22.5,0.0350194552528637,-12196.0,-476.0,-11720.0,1.7873557310405888,1.3003802281368786,0.0198412698412697,0.0134069400630914,-0.0268837561529723,1267,0.0,0.0,0.0,173.3,0.0,0.0,0.0,5275,0.0,0.0,0.0
2023-03-27,646.25,472122.0,145573.0,625.0,370751.0,93582.0,21.25,0.0328820116053649,-5310.0,3603.0,-8913.0,1.5555662413711873,1.273420705540912,0.0058365758754863,0.0225474683544304,-0.0057692307692307,1267,0.0,0.0,0.0,173.3,0.0,0.0,0.0,5275,0.0,0.0,0.0
2023-03-28,645.0,460883.0,135236.0,629.0,373460.0,89081.0,16.0,0.0248062015503491,-11239.0,2709.0,-13948.0,1.518123954603097,1.2340893268355346,-0.0019342359767892,0.0238095238095237,0.0023310023310023,1267,0.0,0.0,0.0,173.3,0.0,0.0,0.0,5275,0.0,0.0,0.0
2023-03-29,649.75,449550.0,156693.0,630.0,373548.0,104472.0,19.75,0.0303963062715961,-11333.0,88.0,-11421.0,1.4998564208591632,1.203459796331392,0.0073643410852712,0.0264612954186413,0.0313492063492064,1267,0.0,0.0,0.0,173.3,0.0,0.0,0.0,5275,0.0,0.0,0.0
2023-03-30,649.0,440957.0,119486.0,627.25,379360.0,77526.0,21.75,0.0335130970723674,-8593.0,5812.0,-14405.0,1.5412377782937137,1.162370835090676,-0.0011542901115814,0.03015873015873,0.0124804992199687,1267,0.0,0.0,0.0,173.3,0.0,0.0,0.0,5275,0.0,0.0,0.0
2023-03-31,658.5,428034.0,201892.0,637.0,381379.0,147976.0,21.5,0.0326499620348782,-12923.0,2019.0,-14942.0,1.3643563821160096,1.1223323780281529,0.0146379044684128,0.0249027237354084,0.0460683081810961,1342,75.0,75.0,4.7094130659548386,173.3,0.0,0.0,0.0,5275,0.0,0.0,0.0
2023-04-03,656.75,422481.0,153870.0,635.25,384674.0,108786.0,21.5,0.0327369623143772,-5553.0,3295.0,-8848.0,1.4144283271744396,1.0982832216370195,-0.0026575550493546,0.0162475822050289,0.0178225493994574,1342,0.0,0.0,0.0,173.3,0.0,0.0,0.0,5275,0.0,0.0,0.0
2023-04-04,653.75,412455.0,140103.0,628.0,381475.0,102240.0,25.75,0.0393881453154273,-10026.0,-3199.0,-6827.0,1.37033450704224,1.0812110885379091,-0.00456794822992,0.0135658914728682,0.0198907956318252,1342,0.0,0.0,0.0,173.3,0.0,0.0,0.0,5275,0.0,0.0,0.0
2023-04-05,652.25,403101.0,143556.0,626.5,379811.0,101162.0,25.75,0.0394787274817332,-9354.0,-1664.0,-7690.0,1.419070401929564,1.0613199723020106,-0.0022944550669216,0.0038476337052713,0.0191406249999999,1342,0.0,0.0,0.0,173.3,0.0,0.0,0.0,5275,0.0,0.0,0.0
2023-04-06,643.5,396753.0,132983.0,619.0,391988.0,92395.0,24.5,0.0380730380729789,-6348.0,12177.0,-18525.0,1.4392878402510805,1.0121559843668655,-0.0134151015714832,-0.0084745762711864,0.0329052969502408,1342,0.0,0.0,0.0,173.3,0.0,0.0,0.0,5275,0.0,0.0,0.0
2023-04-07,643.5,396306.0,,619.0,391982.0,,24.5,0.0380730380729789,-447.0,-6.0,-441.0,,1.0110311187758596,0.0,-0.0227790432801822,0.0379032258064515,1342,0.0,0.0,0.0,173.3,0.0,0.0,0.0,5275,0.0,0.0,0.0
2023-04-10,653.0,373931.0,150098.0,627.25,400313.0,119716.0,25.75,0.0394333843797252,-22375.0,8331.0,-30706.0,1.2537839553610106,0.9340965694344152,0.0147630147630146,-0.0057099352874,0.0617886178861788,1342,0.0,0.0,0.0,173.3,0.0,0.0,0.0,5275,0.0,0.0,0.0
2023-04-11,651.0,342892.0,200256.0,627.5,432150.0,175051.0,23.5,0.0360983102918032,-31039.0,31837.0,-62876.0,1.1439866096166196,0.7934559759342803,-0.003062787136294,-0.0042065009560229,0.0432692307692308,1342,0.0,0.0,0.0,173.3,0.0,0.0,0.0,5275,0.0,0.0,0.0
2023-04-12,655.5,318692.0,150111.0,628.0,446102.0,129867.0,27.5,0.041952707856534,-24200.0,13952.0,-38152.0,1.1558825567696092,0.7143926725278059,0.0069124423963133,0.0049827520122651,0.0504807692307691,1342,0.0,0.0,0.0,173.3,0.0,0.0,0.0,5275,0.0,0.0,0.0
2023-04-13,651.5,292437.0,147150.0,625.0,471329.0,133764.0,26.5,0.040675364543299,-26255.0,25227.0,-51482.0,1.1000717681887422,0.6204519560646584,-0.0061022120518687,0.0124320124320125,0.0390749601275917,1342,0.0,0.0,0.0,173.3,0.0,0.0,0.0,5275,0.0,0.0,0.0
2023-04-14,665.25,268362.0,154000.0,634.75,497883.0,140985.0,30.5,0.0458474257797131,-24075.0,26554.0,-50629.0,1.0923147852608357,0.5390061520477691,0.021105141980046,0.0337995337995338,0.0526107594936708,1342,0.0,0.0,0.0,173.3,0.0,0.0,0.0,5275,0.0,0.0,0.0
2023-04-17,676.0,244287.0,146895.0,641.5,495337.0,134404.0,34.5,0.0510355029585043,-24075.0,-2546.0,-21529.0,1.092936222136238,0.4931733345177112,0.0161593385945133,0.0352220520673813,0.0662460567823344,1342,0.0,0.0,0.0,173.3,0.0,0.0,0.0,5275,0.0,0.0,0.0
2023-04-18,676.0,230387.0,130891.0,641.0,501202.0,141155.0,35.0,0.0517751479289174,-13900.0,5865.0,-19765.0,0.9272856080195464,0.4596689558301833,0.0,0.0384024577572965,0.0696202531645568,1342,0.0,0.0,0.0,173.3,0.0,0.0,0.0,5275,0.0,0.0,0.0
2023-04-19,672.0,209140.0,114514.0,635.5,509436.0,133596.0,36.5,0.0543154761903953,-21247.0,8234.0,-29481.0,0.8571663822270065,0.4105324319443455,-0.0059171597633136,0.0251716247139588,0.0666666666666666,1342,0.0,0.0,0.0,173.3,0.0,0.0,0.0,5275,0.0,0.0,0.0
2023-04-20,663.75,188846.0,120915.0,625.0,517630.0,165632.0,38.75,0.0583804143125297,-20294.0,8194.0,-28488.0,0.730021976429671,0.3648281591097881,-0.0122767857142856,0.01880276285495,0.0485781990521327,1342,0.0,0.0,0.0,173.3,0.0,0.0,0.0,5275,0.0,0.0,0.0
2023-04-21,661.0,146101.0,127468.0,616.0,535854.0,195001.0,45.0,0.0680786686837094,-42745.0,18224.0,-60969.0,0.6536786990835911,0.272650759348628,-0.0041431261770245,-0.0063885757234122,0.0492063492063492,1342,0.0,0.0,0.0,173.3,0.0,0.0,0.0,5275,0.0,0.0,0.0
2023-04-24,652.0,102694.0,134977.0,607.5,531453.0,223860.0,44.5,0.0682515337422266,-43407.0,-4401.0,-39006.0,0.6029527383185893,0.1932325153870611,-0.0136157337367625,-0.0355029585798816,0.0147859922178987,1342,0.0,0.0,0.0,173.3,0.0,0.0,0.0,5275,0.0,0.0,0.0
2023-04-25,648.0,77812.0,100633.0,607.75,530493.0,186483.0,40.25,0.0621141975307683,-24882.0,-960.0,-23922.0,0.5396363207370081,0.1466786555147756,-0.0061349693251533,-0.0414201183431952,0.0027079303675048,1342,0.0,0.0,0.0,173.3,0.0,0.0,0.0,5275,0.0,0.0,0.0
2023-04-26,642.0,49429.0,65293.0,601.0,525554.0,145390.0,41.0,0.0638629283488101,-28383.0,-4939.0,-23444.0,0.4490886580920253,0.0940512297499398,-0.0092592592592593,-0.044642857142857,-0.0046511627906976,1342,0.0,0.0,0.0,173.3,0.0,0.0,0.0,5275,0.0,0.0,0.0
2023-04-27,628.25,19964.0,59707.0,582.25,530952.0,262135.0,46.0,0.0732192598486697,-29465.0,5398.0,-34863.0,0.2277719495679698,0.0376003857222497,-0.021417445482866,-0.0534839924670432,-0.0330896498653328,1342,0.0,0.0,0.0,173.3,0.0,0.0,0.0,5275,0.0,0.0,0.0
2023-04-28,630.0,11302.0,13722.0,585.0,535918.0,239363.0,45.0,0.071428571428458,-8662.0,4966.0,-13628.0,0.0573271558260881,0.0210890472049828,0.0027855153203342,-0.0468986384266263,-0.0292758089368259,1342,0.0,0.0,0.0,173.3,0.0,0.0,0.0,5275,0.0,0.0,0.0
2023-05-01,639.5,9675.0,2753.0,584.5,540125.0,159586.0,55.0,0.0860046911648381,-1627.0,4207.0,-5834.0,0.0172508866692565,0.0179125202499421,0.015079365079365,-0.0191717791411042,-0.0288534548215642,1342,0.0,0.0,0.0,173.3,0.0,0.0,0.0,5275,0.0,0.0,0.0
2023-05-02,631.0,6620.0,5508.0,578.75,544056.0,153683.0,52.25,0.0828050713152412,-3055.0,3931.0,-6986.0,0.0358400083288324,0.012167865072713,-0.0132916340891321,-0.0262345679012345,-0.0392082223068138,1342,0.0,0.0,0.0,173.3,0.0,0.0,0.0,5275,0.0,0.0,0.0
2023-05-03,635.0,5041.0,2081.0,588.0,540419.0,170044.0,47.0,0.0740157480313795,-1579.0,-3637.0,2058.0,0.0122380089859094,0.0093279473889703,0.0063391442155309,-0.0109034267912772,-0.02868068833652,1342,0.0,0.0,0.0,173.3,0.0,0.0,0.0,5275,0.0,0.0,0.0
2023-05-04,643.25,3759.0,2272.0,588.0,543544.0,140182.0,55.25,0.0858919549163064,-1282.0,3125.0,-4407.0,0.016207501676392,0.0069157234740885,0.012992125984252,0.0238758456028651,-0.0137983901878113,1342,0.0,0.0,0.0,173.3,0.0,0.0,0.0,5275,0.0,0.0,0.0
2023-05-05,652.75,2894.0,1223.0,596.5,540720.0,117948.0,56.25,0.0861738797394313,-865.0,-2824.0,1959.0,0.0103689761589852,0.0053521230951324,0.0147687524290711,0.0361111111111112,0.0143745143745144,1342,0.0,0.0,0.0,173.3,0.0,0.0,0.0,5275,0.0,0.0,0.0
2023-05-08,657.0,2361.0,677.0,594.75,540474.0,117348.0,62.25,0.0947488584473443,-533.0,-246.0,-287.0,0.005769165217984,0.0043683877485318,0.0065109153581004,0.0273651290070366,0.020979020979021,1342,0.0,0.0,0.0,173.3,0.0,0.0,0.0,5275,0.0,0.0,0.0
2023-05-09,642.0,1390.0,1588.0,585.0,542381.0,163762.0,57.0,0.0887850467288336,-971.0,1907.0,-2878.0,0.0096969993038677,0.0025627741384746,-0.0228310502283105,0.0174326465927099,-0.0168453292496171,1342,0.0,0.0,0.0,173.3,0.0,0.0,0.0,5275,0.0,0.0,0.0
2023-05-10,640.0,875.0,1067.0,591.0,533680.0,172509.0,49.0,0.0765624999998803,-515.0,-8701.0,8186.0,0.0061851845410963,0.0016395592864637,-0.0031152647975077,0.0078740157480314,-0.0168970814132104,1342,0.0,0.0,0.0,173.3,0.0,0.0,0.0,5275,0.0,0.0,0.0
2023-05-11,620.0,240.0,987.0,580.75,531343.0,140276.0,39.25,0.0633064516128011,-635.0,-2337.0,1702.0,0.0070361287747012,0.0004516856343266,-0.03125,-0.036144578313253,-0.0541571319603356,1342,0.0,0.0,0.0,173.3,0.0,0.0,0.0,5275,0.0,0.0,0.0
2023-05-12,,45.0,237.0,583.0,532654.0,169418.0,,,-195.0,1311.0,-1506.0,0.0013989068457896,8.448260972413595e-05,0.0,-0.0501723477594791,-0.0483499616270145,1342,0.0,0.0,0.0,173.3,0.0,0.0,0.0,5275,0.0,0.0,0.0
2023-05-15,592.0,520472.0,164174.0,517.0,257212.0,73918.0,75.0,0.1266891891889751,520427.0,-275442.0,795869.0,2.2210287074866444,2.0235136774333933,-0.0451612903225806,-0.0989345509893455,-0.11010898158587,1342,0.0,0.0,0.0,173.3,0.0,0.0,0.0,5275,0.0,0.0,0.0
2023-05-16,581.5,522405.0,133849.0,502.75,258532.0,59683.0,78.75,0.1354256233875573,1933.0,1320.0,613.0,2.2426654156124486,2.020658951309694,-0.0177364864864865,-0.0942367601246105,-0.139792899408284,1342,0.0,0.0,0.0,173.3,0.0,0.0,0.0,5275,0.0,0.0,0.0
2023-05-17,561.0,516282.0,265000.0,494.0,261034.0,109339.0,67.0,0.1194295900176124,-6123.0,2502.0,-8625.0,2.42365487154627,1.9778343051096716,-0.0352536543422183,-0.1234374999999999,-0.1701183431952663,1342,0.0,0.0,0.0,173.3,0.0,0.0,0.0,5275,0.0,0.0,0.0
2023-05-18,554.75,502981.0,181018.0,494.0,266808.0,84092.0,60.75,0.1095087877420288,-13301.0,5774.0,-19075.0,2.152618560624053,1.885179604809444,-0.0111408199643493,-0.1052419354838709,-0.1744791666666666,1342,0.0,0.0,0.0,173.3,0.0,0.0,0.0,5275,0.0,0.0,0.0
2023-05-19,555.0,501144.0,183019.0,491.0,266619.0,107316.0,64.0,0.1153153153151075,-1837.0,-189.0,-1648.0,1.7054213723955265,1.87962598314448,0.0004506534474988,-0.1048387096774193,-0.1638418079096045,1342,0.0,0.0,0.0,173.3,0.0,0.0,0.0,5275,0.0,0.0,0.0
2023-05-22,570.0,501555.0,148542.0,504.0,270175.0,63151.0,66.0,0.1157894736840073,411.0,3556.0,-3145.0,2.3521717787524765,1.8564078837790252,0.0270270270270269,-0.0371621621621621,-0.1376701966717095,1342,0.0,0.0,0.0,173.3,0.0,0.0,0.0,5275,0.0,0.0,0.0
2023-05-23,577.5,496433.0,133375.0,510.0,276633.0,58076.0,67.5,0.1168831168829144,-5122.0,6458.0,-11580.0,2.296559680418722,1.7945545180799043,0.013157894736842,-0.0068787618228718,-0.1142638036809815,1342,0.0,0.0,0.0,173.3,0.0,0.0,0.0,5275,0.0,0.0,0.0
2023-05-24,587.25,495187.0,152816.0,510.0,286408.0,75077.0,77.25,0.1315453384416661,-1246.0,9775.0,-11021.0,2.0354569308842647,1.72895659339124,0.0168831168831169,0.0467914438502674,-0.09375,1342,0.0,0.0,0.0,173.3,0.0,0.0,0.0,5275,0.0,0.0,0.0
2023-05-25,590.0,494567.0,145545.0,510.0,293713.0,66933.0,80.0,0.1355932203387532,-620.0,7305.0,-7925.0,2.174487920756545,1.6838444331711513,0.0046828437633035,0.0635421360973411,-0.0809968847352025,1342,0.0,0.0,0.0,173.3,0.0,0.0,0.0,5275,0.0,0.0,0.0
2023-05-26,604.0,481348.0,178644.0,522.0,301258.0,81011.0,82.0,0.1357615894037487,-13219.0,7545.0,-20764.0,2.205182012319287,1.597793253623135,0.0237288135593221,0.0882882882882882,-0.0385992837246319,1342,0.0,0.0,0.0,173.3,0.0,0.0,0.0,5275,0.0,0.0,0.0
2023-05-30,595.0,478674.0,176207.0,519.0,306577.0,82798.0,76.0,0.1277310924367601,-2674.0,5319.0,-7993.0,2.128155269450927,1.5613500034249097,-0.0149006622516556,0.0438596491228069,-0.0555555555555555,1342,0.0,0.0,0.0,173.3,0.0,0.0,0.0,5275,0.0,0.0,0.0
2023-05-31,594.0,477075.0,170159.0,516.0,316085.0,78627.0,78.0,0.1313131313129102,-1599.0,9508.0,-11107.0,2.1641293703180566,1.5093250233323268,-0.0016806722689075,0.0285714285714284,-0.0711493354182954,2222,880.0,880.0,4.898979485539084,181.5,8.199999999999989,8.199999999999989,4.898979482639526,5650,375.0,375.0,4.898979485502356
2023-06-01,591.75,461380.0,153589.0,523.0,321144.0,73162.0,68.75,0.1161808196026765,-15695.0,5059.0,-20754.0,2.099300183155161,1.4366763819345794,-0.0037878787878787,0.0076628352490422,-0.062202852614897,2222,0.0,0.0,0.0,181.5,0.0,0.0,0.0,5650,0.0,0.0,0.0
2023-06-02,605.0,455755.0,199864.0,533.5,326137.0,87286.0,71.5,0.1181818181816228,-5625.0,4993.0,-10618.0,2.2897600989849196,1.3974342070970134,0.0223912125052809,0.0254237288135592,-0.047244094488189,2222,0.0,0.0,0.0,181.5,0.0,0.0,0.0,5650,0.0,0.0,0.0
2023-06-05,600.0,436455.0,168376.0,530.0,330745.0,64878.0,70.0,0.1166666666664722,-19300.0,4608.0,-23908.0,2.595271124263963,1.3196117855145164,-0.0082644628099173,-0.0066225165562914,-0.0672366886902449,2222,0.0,0.0,0.0,181.5,0.0,0.0,0.0,5650,0.0,0.0,0.0
2023-06-06,605.0,422317.0,185929.0,530.25,337967.0,91378.0,74.75,0.1235537190080602,-14138.0,7222.0,-21360.0,2.0347238941539314,1.249580580352516,0.0083333333333333,0.0168067226890755,-0.0731520490233627,2222,0.0,0.0,0.0,181.5,0.0,0.0,0.0,5650,0.0,0.0,0.0
2023-06-07,602.5,395424.0,174301.0,525.0,346120.0,101533.0,77.5,0.1286307053939774,-26893.0,8153.0,-35046.0,1.7166930948558428,1.1424477059979166,-0.0041322314049586,0.0143097643097642,-0.0829528158295281,2222,0.0,0.0,0.0,181.5,0.0,0.0,0.0,5650,0.0,0.0,0.0
2023-06-08,608.75,374973.0,178765.0,526.0,352474.0,116618.0,82.75,0.1359342915808855,-20451.0,6354.0,-26805.0,1.5329108713920532,1.0638316585053051,0.0103734439834024,0.0287283481199831,-0.051791277258567,2222,0.0,0.0,0.0,181.5,0.0,0.0,0.0,5650,0.0,0.0,0.0
2023-06-09,604.0,350762.0,174688.0,524.0,361873.0,100227.0,80.0,0.1324503311256085,-24211.0,9399.0,-33610.0,1.742923563510813,0.9692958579391086,-0.0078028747433265,-0.0016528925619834,-0.05625,2222,0.0,0.0,0.0,181.5,0.0,0.0,0.0,5650,0.0,0.0,0.0
2023-06-12,617.0,324757.0,208159.0,540.0,369733.0,124355.0,77.0,0.124797406806929,-26005.0,7860.0,-33865.0,1.6739093723613712,0.8783554619144062,0.021523178807947,0.0283333333333333,-0.0048387096774193,2222,0.0,0.0,0.0,181.5,0.0,0.0,0.0,5650,0.0,0.0,0.0
2023-06-13,611.0,292224.0,202991.0,545.0,386489.0,153731.0,66.0,0.1080196399343567,-32533.0,16756.0,-49289.0,1.3204298417365312,0.7560991386559495,-0.0097244732576985,0.0099173553719007,-0.014516129032258,2222,0.0,0.0,0.0,181.5,0.0,0.0,0.0,5650,0.0,0.0,0.0
2023-06-14,610.0,266227.0,187535.0,543.0,381347.0,142040.0,67.0,0.1098360655735904,-25997.0,-5142.0,-20855.0,1.320297099408608,0.6981227071407388,-0.0016366612111292,0.0124481327800829,0.0304054054054054,2222,0.0,0.0,0.0,181.5,0.0,0.0,0.0,5650,0.0,0.0,0.0
2023-06-15,620.0,241605.0,194030.0,567.0,384176.0,159383.0,53.0,0.085483870967604,-24622.0,2829.0,-27451.0,1.217382029451063,0.6288914455874375,0.0163934426229508,0.0184804928131416,0.0662080825451418,2222,0.0,0.0,0.0,181.5,0.0,0.0,0.0,5650,0.0,0.0,0.0
2023-06-16,638.75,220592.0,223694.0,584.5,391687.0,189708.0,54.25,0.0849315068491821,-21013.0,7511.0,-28524.0,1.1791490079490523,0.5631843793641337,0.0302419354838709,0.0575331125827813,0.1385918003565063,2222,0.0,0.0,0.0,181.5,0.0,0.0,0.0,5650,0.0,0.0,0.0
2023-06-20,643.0,197590.0,151986.0,592.0,392781.0,132596.0,51.0,0.0793157076204054,-23002.0,1094.0,-24096.0,1.146233672207298,0.5030538646217599,0.0066536203522504,0.0421393841166937,0.1590806669671023,2222,0.0,0.0,0.0,181.5,0.0,0.0,0.0,5650,0.0,0.0,0.0
2023-06-21,667.25,180382.0,150762.0,621.25,401022.0,148071.0,46.0,0.0689396777818374,-17208.0,8241.0,-25449.0,1.0181737139615388,0.449805746318156,0.0377138413685846,0.0920621931260228,0.2022522522522523,2222,0.0,0.0,0.0,181.5,0.0,0.0,0.0,5650,0.0,0.0,0.0
2023-06-22,660.0,167124.0,117760.0,615.0,409858.0,119695.0,45.0,0.0681818181817148,-13258.0,8836.0,-22094.0,0.9838339111909354,0.4077607366453737,-0.0108654926938928,0.0819672131147541,0.1578947368421053,2222,0.0,0.0,0.0,181.5,0.0,0.0,0.0,5650,0.0,0.0,0.0
2023-06-23,630.75,118769.0,142972.0,583.75,419761.0,156537.0,47.0,0.0745144669043606,-48355.0,9903.0,-58258.0,0.9133431712630184,0.282944342137549,-0.0443181818181818,0.0173387096774193,0.0922077922077921,2222,0.0,0.0,0.0,181.5,0.0,0.0,0.0,5650,0.0,0.0,0.0
2023-06-26,637.0,95709.0,117529.0,585.25,436432.0,144640.0,51.75,0.081240188382918,-23060.0,16671.0,-39731.0,0.8125622234513219,0.2192987681929826,0.0099088386841061,-0.0027397260273972,0.0847169008088548,2222,0.0,0.0,0.0,181.5,0.0,0.0,0.0,5650,0.0,0.0,0.0
2023-06-27,623.0,67870.0,93042.0,556.0,435528.0,164190.0,67.0,0.1075441412518338,-27839.0,-904.0,-26935.0,0.5666727571715661,0.1558338384673312,-0.021978021978022,-0.031104199066874,0.0559322033898304,2222,0.0,0.0,0.0,181.5,0.0,0.0,0.0,5650,0.0,0.0,0.0
2023-06-28,591.0,27220.0,89617.0,534.75,444044.0,199310.0,56.25,0.0951776649744582,-40650.0,8516.0,-49166.0,0.4496362450454044,0.0613002315085891,-0.0513643659711074,-0.114275009366804,-0.021523178807947,2222,0.0,0.0,0.0,181.5,0.0,0.0,0.0,5650,0.0,0.0,0.0
2023-06-29,578.25,9069.0,42588.0,523.0,449670.0,131752.0,55.25,0.0955469087763155,-18151.0,5626.0,-23777.0,0.3232436699253118,0.0201681232904129,-0.0215736040609136,-0.1238636363636364,-0.0281512605042016,2222,0.0,0.0,0.0,181.5,0.0,0.0,0.0,5650,0.0,0.0,0.0
2023-06-30,560.0,5233.0,6458.0,488.5,457829.0,199016.0,71.5,0.1276785714283434,-3836.0,8159.0,-11995.0,0.032449652289263,0.0114300317367401,-0.0315607436230004,-0.1121680539040824,-0.0572390572390572,2257,35.0,35.0,0.19502885925611393,181.5,0.0,0.0,0.0,5650,0.0,0.0,0.0
2023-07-03,552.0,4241.0,1610.0,488.0,460252.0,113417.0,64.0,0.1159420289852972,-992.0,2423.0,-3415.0,0.0141954028055757,0.0092145172644551,-0.0142857142857142,-0.1334379905808477,-0.0671736375158428,2257,0.0,0.0,0.0,181.5,0.0,0.0,0.0,5650,0.0,0.0,0.0
2023-07-05,540.25,2882.0,1921.0,485.0,452155.0,130702.0,55.25,0.1022674687642716,-1359.0,-8097.0,6738.0,0.0146975562730485,0.006373920447634,-0.0212862318840579,-0.1328250401284109,-0.1070247933884297,2257,0.0,0.0,0.0,181.5,0.0,0.0,0.0,5650,0.0,0.0,0.0
2023-07-06,566.5,2181.0,1410.0,500.0,447126.0,101908.0,66.5,0.1173874669018227,-701.0,-5029.0,4328.0,0.0138360089492482,0.0048778196749909,0.0485886163813049,-0.0414551607445008,-0.0558333333333332,2257,0.0,0.0,0.0,181.5,0.0,0.0,0.0,5650,0.0,0.0,0.0
2023-07-07,555.0,1241.0,1322.0,488.5,431820.0,75169.0,66.5,0.1198198198196039,-940.0,-15306.0,14366.0,0.0175870372094877,0.0028738826362836,-0.0203000882612532,-0.040207522697795,-0.0826446280991735,2257,0.0,0.0,0.0,181.5,0.0,0.0,0.0,5650,0.0,0.0,0.0
2023-07-10,555.25,1007.0,518.0,492.0,425046.0,76776.0,63.25,0.113912651958372,-234.0,-6774.0,6540.0,0.0067469000729393,0.002369155338481,0.0004504504504505,-0.0084821428571428,-0.0784232365145228,2257,0.0,0.0,0.0,181.5,0.0,0.0,0.0,5650,0.0,0.0,0.0
2023-07-11,540.0,565.0,789.0,494.25,416607.0,85646.0,45.75,0.0847222222220653,-442.0,-8439.0,7997.0,0.0092123391635335,0.0013561942070104,-0.0274651058081945,-0.0217391304347825,-0.1129363449691991,2257,0.0,0.0,0.0,181.5,0.0,0.0,0.0,5650,0.0,0.0,0.0
2023-07-12,547.5,143.0,713.0,476.0,419614.0,144147.0,71.5,0.1305936073056975,-422.0,3007.0,-3429.0,0.0049463395006486,0.0003407893921556,0.0138888888888888,0.0134197130957889,-0.0935430463576159,2257,0.0,0.0,0.0,181.5,0.0,0.0,0.0,5650,0.0,0.0,0.0
2023-07-13,540.0,56.0,129.0,493.25,416582.0,94238.0,46.75,0.0865740740739137,-87.0,-3032.0,2945.0,0.001368874551667,0.0001344273156305,-0.0136986301369863,-0.0467784642541924,-0.1247974068071312,2257,0.0,0.0,0.0,181.5,0.0,0.0,0.0,5650,0.0,0.0,0.0
2023-07-14,,39.0,83.0,507.0,415066.0,107632.0,,,-17.0,-1516.0,1499.0,0.0007711461275457,9.396096042557064e-05,0.0,-0.0270270270270269,-0.11620294599018,2257,0.0,0.0,0.0,181.5,0.0,0.0,0.0,5650,0.0,0.0,0.0
2023-07-17,497.0,413015.0,87969.0,506.5,567007.0,158671.0,-9.5,-0.0191146881287341,412976.0,151941.0,261035.0,0.554411329102353,0.7284125240076388,-0.0796296296296296,-0.1049076992345789,-0.1852459016393443,2257,0.0,0.0,0.0,181.5,0.0,0.0,0.0,5650,0.0,0.0,0.0
2023-07-18,525.0,409424.0,132495.0,532.0,570757.0,239502.0,-7.0,-0.0133333333333079,-3591.0,3750.0,-7341.0,0.5532104116040761,0.7173350480151786,0.056338028169014,-0.0277777777777777,-0.1532258064516128,2257,0.0,0.0,0.0,181.5,0.0,0.0,0.0,5650,0.0,0.0,0.0
2023-07-19,540.75,402527.0,193393.0,550.0,569849.0,352033.0,-9.25,-0.0171058714747718,-6897.0,-908.0,-5989.0,0.5493604292779355,0.706374846669906,0.03,-0.0123287671232876,-0.1534246575342466,2257,0.0,0.0,0.0,181.5,0.0,0.0,0.0,5650,0.0,0.0,0.0
2023-07-20,537.0,398589.0,123962.0,546.0,576124.0,196636.0,-9.0,-0.0167597765362816,-3938.0,6275.0,-10213.0,0.6304135560121208,0.6918458526289467,-0.0069348127600554,-0.0055555555555555,-0.1648522550544323,2257,0.0,0.0,0.0,181.5,0.0,0.0,0.0,5650,0.0,0.0,0.0
2023-07-21,526.5,390162.0,121026.0,536.25,582772.0,168336.0,-9.75,-0.0185185185184833,-8427.0,6648.0,-15075.0,0.7189549472483562,0.6694933867790479,-0.0195530726256982,-0.025,-0.2109404271262644,2257,0.0,0.0,0.0,181.5,0.0,0.0,0.0,5650,0.0,0.0,0.0
2023-07-24,556.0,384009.0,115440.0,568.5,585055.0,219717.0,-12.5,-0.0224820143884487,-6153.0,2283.0,-8436.0,0.5254031322109781,0.6563639315961736,0.0560303893637226,0.1187122736418511,-0.1575757575757576,2257,0.0,0.0,0.0,181.5,0.0,0.0,0.0,5650,0.0,0.0,0.0
2023-07-25,557.0,378385.0,104803.0,564.5,582660.0,158025.0,-7.5,-0.0134649910233151,-5624.0,-2395.0,-3229.0,0.663205189052361,0.6494096042288802,0.0017985611510791,0.0609523809523808,-0.1169242964724533,2257,0.0,0.0,0.0,181.5,0.0,0.0,0.0,5650,0.0,0.0,0.0
2023-07-26,540.0,379972.0,106980.0,549.0,589581.0,141413.0,-9.0,-0.0166666666666358,1587.0,6921.0,-5334.0,0.7565075346679531,0.6444780276162212,-0.030520646319569,-0.001386962552011,-0.152276295133438,2257,0.0,0.0,0.0,181.5,0.0,0.0,0.0,5650,0.0,0.0,0.0
2023-07-27,532.75,381658.0,95908.0,542.25,602300.0,133794.0,-9.5,-0.0178320037540725,1686.0,12719.0,-11033.0,0.7168333408075047,0.6336676075045647,-0.0134259259259259,-0.0079143389199255,-0.1448635634028892,2257,0.0,0.0,0.0,181.5,0.0,0.0,0.0,5650,0.0,0.0,0.0
2023-07-28,521.0,375478.0,90547.0,530.5,607036.0,152886.0,-9.5,-0.0182341650671435,-6180.0,4736.0,-10916.0,0.5922517431288634,0.6185432165472877,-0.022055373064289,-0.0104463437796771,-0.1184433164128595,2257,0.0,0.0,0.0,181.5,0.0,0.0,0.0,5650,0.0,0.0,0.0
2023-07-31,504.0,375770.0,111158.0,513.25,603870.0,165409.0,-9.25,-0.0183531746031381,292.0,-3166.0,3458.0,0.6720190557950253,0.6222696938082689,-0.0326295585412668,-0.093525179856115,-0.1284046692607003,2262,5.0,5.0,0.697076389517118,177.5,-4.0,-4.0,-4.898979479566355,5650,0.0,0.0,0.0
2023-08-01,497.0,377090.0,116230.0,507.5,610425.0,161799.0,-10.5,-0.0211267605633377,1320.0,6555.0,-5235.0,0.7183604348605325,0.6177499283286224,-0.0138888888888888,-0.1077199281867145,-0.1125,2262,0.0,0.0,0.0,177.5,0.0,0.0,0.0,5650,0.0,0.0,0.0
2023-08-02,488.5,368394.0,158406.0,500.0,595118.0,239214.0,-11.5,-0.0235414534288156,-8696.0,-15307.0,6611.0,0.6621936843161326,0.6190268148501631,-0.0171026156941649,-0.0953703703703703,-0.1150362318840579,2262,0.0,0.0,0.0,177.5,0.0,0.0,0.0,5650,0.0,0.0,0.0
2023-08-03,480.75,362535.0,101378.0,495.0,590256.0,153402.0,-14.25,-0.0296411856473642,-5859.0,-4862.0,-997.0,0.6608649170154193,0.6141996015288271,-0.0158648925281473,-0.0976067573908963,-0.1101341971309578,2262,0.0,0.0,0.0,177.5,0.0,0.0,0.0,5650,0.0,0.0,0.0
2023-08-04,484.0,357545.0,96911.0,498.0,591547.0,147093.0,-14.0,-0.0289256198346509,-4990.0,1291.0,-6281.0,0.6588416851923569,0.6044236552632325,0.0067602704108165,-0.0710172744721688,-0.1456310679611651,2262,0.0,0.0,0.0,177.5,0.0,0.0,0.0,5650,0.0,0.0,0.0
2023-08-07,482.0,323834.0,164880.0,497.0,596526.0,197391.0,-15.0,-0.0311203319501429,-33711.0,4979.0,-38690.0,0.835296442087021,0.5428665305451891,-0.0041322314049586,-0.0436507936507936,-0.1315315315315315,2262,0.0,0.0,0.0,177.5,0.0,0.0,0.0,5650,0.0,0.0,0.0
2023-08-08,485.0,304574.0,124554.0,498.5,601357.0,148414.0,-13.5,-0.0278350515463343,-19260.0,4831.0,-24091.0,0.8392334954923334,0.5064778492642464,0.0062240663900414,-0.0241448692152917,-0.1265195857721747,2262,0.0,0.0,0.0,177.5,0.0,0.0,0.0,5650,0.0,0.0,0.0
2023-08-09,480.5,285520.0,120224.0,495.0,599257.0,150704.0,-14.5,-0.0301768990634127,-19054.0,-2100.0,-16954.0,0.7977492302792176,0.47645667885398,-0.0092783505154638,-0.0163766632548618,-0.1101851851851851,2262,0.0,0.0,0.0,177.5,0.0,0.0,0.0,5650,0.0,0.0,0.0
2023-08-10,483.0,269016.0,93318.0,496.0,602653.0,116399.0,-13.0,-0.0269151138715798,-16504.0,3396.0,-19900.0,0.8017079184529008,0.4463862288912517,0.0052029136316336,0.0046801872074881,-0.1178082191780821,2262,0.0,0.0,0.0,177.5,0.0,0.0,0.0,5650,0.0,0.0,0.0
2023-08-11,475.5,241506.0,174425.0,487.0,616390.0,258751.0,-11.5,-0.0241850683490553,-27510.0,13737.0,-41247.0,0.67410367496164,0.3918071350930411,-0.0155279503105589,-0.0175619834710744,-0.1194444444444444,2262,0.0,0.0,0.0,177.5,0.0,0.0,0.0,5650,0.0,0.0,0.0
2023-08-14,475.0,239969.0,73606.0,486.5,621677.0,117460.0,-11.5,-0.0242105263157385,-1537.0,5287.0,-6824.0,0.626647369317209,0.3860026991508445,-0.0010515247108306,-0.0145228215767634,-0.1203703703703703,2262,0.0,0.0,0.0,177.5,0.0,0.0,0.0,5650,0.0,0.0,0.0
2023-08-15,462.0,229833.0,89967.0,475.0,636717.0,147687.0,-13.0,-0.0281385281384672,-10136.0,15040.0,-25176.0,0.6091734546710231,0.360965703758498,-0.0273684210526315,-0.0474226804123711,-0.0704225352112676,2262,0.0,0.0,0.0,177.5,0.0,0.0,0.0,5650,0.0,0.0,0.0
2023-08-16,469.75,231858.0,70843.0,482.0,650755.0,126939.0,-12.25,-0.026077700904681,2025.0,14038.0,-12013.0,0.5580869551516826,0.3562907699518246,0.0167748917748917,-0.022372528616025,-0.1052380952380952,2262,0.0,0.0,0.0,177.5,0.0,0.0,0.0,5650,0.0,0.0,0.0
2023-08-17,472.25,222480.0,69172.0,486.25,657573.0,109612.0,-14.0,-0.0296453149814089,-9378.0,6818.0,-16196.0,0.631062292449726,0.3383350593774374,0.0053219797764767,-0.0222567287784679,-0.1266759130836801,2262,0.0,0.0,0.0,177.5,0.0,0.0,0.0,5650,0.0,0.0,0.0
2023-08-18,478.0,214865.0,66477.0,492.5,661511.0,112802.0,-14.5,-0.0303347280334093,-7615.0,3938.0,-11553.0,0.5893246573642259,0.3248094136000756,0.0121757543673901,0.0052576235541534,-0.1098696461824954,2262,0.0,0.0,0.0,177.5,0.0,0.0,0.0,5650,0.0,0.0,0.0
2023-08-21,470.0,203659.0,74711.0,481.5,660695.0,148221.0,-11.5,-0.0244680851063309,-11206.0,-816.0,-10390.0,0.5040513827325379,0.3082496462058887,-0.0167364016736402,-0.0105263157894737,-0.1073124406457739,2262,0.0,0.0,0.0,177.5,0.0,0.0,0.0,5650,0.0,0.0,0.0
2023-08-22,467.75,195844.0,72976.0,480.0,660982.0,130499.0,-12.25,-0.0261892036343641,-7815.0,287.0,-8102.0,0.5592073502478904,0.2962924860283634,-0.0047872340425532,0.0124458874458874,-0.1587230215827337,2262,0.0,0.0,0.0,177.5,0.0,0.0,0.0,5650,0.0,0.0,0.0
2023-08-23,476.0,179898.0,84523.0,489.0,665541.0,137734.0,-13.0,-0.0273109243696905,-15946.0,4559.0,-20505.0,0.6136683752740746,0.2703034073032311,0.0176376269374665,0.013304949441192,-0.1454219030520646,2262,0.0,0.0,0.0,177.5,0.0,0.0,0.0,5650,0.0,0.0,0.0
2023-08-24,471.0,160426.0,85162.0,487.25,673960.0,159873.0,-16.25,-0.034501061571052,-19472.0,8419.0,-27891.0,0.5326853189719307,0.2380348982135434,-0.0105042016806722,-0.0026469031233457,-0.1277777777777777,2262,0.0,0.0,0.0,177.5,0.0,0.0,0.0,5650,0.0,0.0,0.0
2023-08-25,469.5,109984.0,84408.0,487.5,679533.0,134901.0,-18.0,-0.0383386581468832,-50442.0,5573.0,-56015.0,0.6257032935263592,0.1618523309390417,-0.0031847133757961,-0.0177824267782427,-0.1187236039418113,2262,0.0,0.0,0.0,177.5,0.0,0.0,0.0,5650,0.0,0.0,0.0
2023-08-28,478.0,81835.0,87576.0,496.25,686177.0,139743.0,-18.25,-0.0381799163179117,-28149.0,6644.0,-34793.0,0.626693286962491,0.1192622311735891,0.0181043663471778,0.0170212765957447,-0.0825335892514395,2262,0.0,0.0,0.0,177.5,0.0,0.0,0.0,5650,0.0,0.0,0.0
2023-08-29,469.5,47015.0,98795.0,487.0,682661.0,177417.0,-17.5,-0.0372736954205808,-34820.0,-3516.0,-31304.0,0.5568519363984255,0.0688702005827195,-0.0177824267782427,0.0037413148049172,-0.0684523809523809,2262,0.0,0.0,0.0,177.5,0.0,0.0,0.0,5650,0.0,0.0,0.0
2023-08-30,460.0,10395.0,74605.0,481.0,691876.0,192731.0,-21.0,-0.0456521739129442,-36620.0,9215.0,-45835.0,0.387093928843827,0.0150243685284646,-0.0202342917997869,-0.0336134453781512,-0.0744466800804829,2262,0.0,0.0,0.0,177.5,0.0,0.0,0.0,5650,0.0,0.0,0.0
2023-08-31,461.0,4839.0,12073.0,478.0,699873.0,147281.0,-17.0,-0.0368763557482931,-5556.0,7997.0,-13553.0,0.0819725558626022,0.0069141115602402,0.0021739130434783,-0.0212314225053078,-0.0562947799385875,2202,-60.0,-60.0,-4.864584850296728,175.1,-2.4000000000000057,-2.4000000000000057,-2.5702884983155427,5625,-25.0,-25.0,-4.898979484606357
2023-09-01,461.25,3161.0,3311.0,481.5,705496.0,100839.0,-20.25,-0.043902439024295,-1678.0,5623.0,-7301.0,0.0328345183907016,0.0044805356798621,0.0005422993492407,-0.0175718849840255,-0.0405616224648985,2202,0.0,0.0,0.0,175.1,0.0,0.0,0.0,5625,0.0,0.0,0.0
2023-09-05,463.25,1971.0,1553.0,486.0,704007.0,125749.0,-22.75,-0.0491095520776058,-1190.0,-1489.0,299.0,0.0123499988071474,0.0027996880712833,0.0043360433604335,-0.030857740585774,-0.0428719008264463,2202,0.0,0.0,0.0,175.1,0.0,0.0,0.0,5625,0.0,0.0,0.0
2023-09-06,472.0,1306.0,841.0,485.0,714070.0,113919.0,-13.0,-0.0275423728812975,-665.0,10063.0,-10728.0,0.0073824383992134,0.0018289523436077,0.0188882892606583,0.0053248136315229,-0.020746887966805,2202,0.0,0.0,0.0,175.1,0.0,0.0,0.0,5625,0.0,0.0,0.0
2023-09-07,,915.0,741.0,486.0,713945.0,109792.0,,,-391.0,-125.0,-266.0,0.0067491256193528,0.0012816113286037,0.0,0.0260869565217392,-0.0268041237113402,2202,0.0,0.0,0.0,175.1,0.0,0.0,0.0,5625,0.0,0.0,0.0
2023-09-08,,705.0,233.0,482.25,709844.0,106651.0,,,-210.0,-4101.0,3891.0,0.0021846958772069,0.0009931759654233,0.0,0.0238611713665943,-0.0176899063475546,2202,0.0,0.0,0.0,175.1,0.0,0.0,0.0,5625,0.0,0.0,0.0
2023-09-11,,319.0,430.0,485.0,709805.0,133254.0,,,-386.0,-39.0,-347.0,0.0032269200174103,0.0004494192066835,0.0,0.0233062330623305,-0.0227743271221532,2202,0.0,0.0,0.0,175.1,0.0,0.0,0.0,5625,0.0,0.0,0.0
2023-09-12,460.5,169.0,174.0,476.25,714371.0,198455.0,-15.75,-0.0342019543973198,-150.0,4566.0,-4716.0,0.000876773071981,0.0002365717533326,-0.024364406779661,-0.0059363194819211,-0.0315457413249211,2202,0.0,0.0,0.0,175.1,0.0,0.0,0.0,5625,0.0,0.0,0.0
2023-09-13,,83.0,120.0,482.0,710648.0,152906.0,,,-86.0,-3723.0,3637.0,0.0007847958876695,0.0001167948126217,0.0,-0.024364406779661,-0.0305263157894737,2202,0.0,0.0,0.0,175.1,0.0,0.0,0.0,5625,0.0,0.0,0.0
2023-09-14,,4.0,94.0,479.75,704469.0,113552.0,,,-79.0,-6179.0,6100.0,0.0008278145695364,5.678035513273109e-06,0.0,-0.024364406779661,-0.0032467532467532,2202,0.0,0.0,0.0,175.1,0.0,0.0,0.0,5625,0.0,0.0,0.0
2023-09-15,475.25,702175.0,110377.0,490.0,234248.0,39853.0,-14.75,-0.0310362966858894,702171.0,-470221.0,1172392.0,2.7696032920983926,2.997570950445669,0.0320304017372421,0.0068855932203388,0.0117083555082491,2202,0.0,0.0,0.0,175.1,0.0,0.0,0.0,5625,0.0,0.0,0.0
2023-09-18,472.0,712080.0,143316.0,485.5,234466.0,43454.0,-13.5,-0.0286016949151936,9905.0,218.0,9687.0,3.2981083444561308,3.037028822942333,-0.0068385060494476,0.0,-0.0005293806246691,2202,0.0,0.0,0.0,175.1,0.0,0.0,0.0,5625,0.0,0.0,0.0
2023-09-19,475.25,718227.0,139647.0,489.75,237016.0,45570.0,-14.5,-0.0305102577590099,6147.0,2550.0,3597.0,3.064450296247464,3.030289094407116,0.0068855932203388,0.0320304017372421,-0.0057531380753138,2202,0.0,0.0,0.0,175.1,0.0,0.0,0.0,5625,0.0,0.0,0.0
2023-09-20,481.0,726529.0,162298.0,495.5,242233.0,69683.0,-14.5,-0.0301455301454674,8302.0,5217.0,3085.0,2.3290903089705908,2.999298196364645,0.0120988953182534,0.0445168295331162,0.0234042553191489,2202,0.0,0.0,0.0,175.1,0.0,0.0,0.0,5625,0.0,0.0,0.0
2023-09-21,475.0,730978.0,115196.0,491.0,244141.0,42863.0,-16.0,-0.0336842105262448,4449.0,1908.0,2541.0,2.6875393696194227,2.994081289091128,-0.0124740124740124,0.0314875135722041,0.0154997327632282,2202,0.0,0.0,0.0,175.1,0.0,0.0,0.0,5625,0.0,0.0,0.0
2023-09-22,477.0,732497.0,88610.0,492.25,247291.0,31711.0,-15.25,-0.0319706498951111,1519.0,3150.0,-1631.0,2.794298508403936,2.9620851547367155,0.0042105263157894,0.0036822724881642,0.0021008403361344,2202,0.0,0.0,0.0,175.1,0.0,0.0,0.0,5625,0.0,0.0,0.0
2023-09-25,481.0,735512.0,101591.0,495.75,250168.0,29903.0,-14.75,-0.0306652806652169,3015.0,2877.0,138.0,3.3973514363106245,2.940072271433585,0.0083857442348007,0.0190677966101695,0.0212314225053078,2202,0.0,0.0,0.0,175.1,0.0,0.0,0.0,5625,0.0,0.0,0.0
2023-09-26,479.75,736270.0,117585.0,495.0,250316.0,36869.0,-15.25,-0.031787389265176,758.0,148.0,610.0,3.189264693916212,2.941362118282479,-0.0025987525987526,0.0094687006838505,0.0218317358892439,2202,0.0,0.0,0.0,175.1,0.0,0.0,0.0,5625,0.0,0.0,0.0
2023-09-27,483.5,737302.0,125713.0,499.0,251342.0,41309.0,-15.5,-0.0320579110650836,1032.0,1026.0,6.0,3.043235130358928,2.9334611803836887,0.0078165711307973,0.0051975051975052,0.0115062761506277,2202,0.0,0.0,0.0,175.1,0.0,0.0,0.0,5625,0.0,0.0,0.0
2023-09-28,487.75,735785.0,114318.0,502.0,252971.0,27833.0,-14.25,-0.0292157867759524,-1517.0,1629.0,-3146.0,4.107282721948618,2.908574500634449,0.0087900723888314,0.026842105263158,0.0388711395101171,2202,0.0,0.0,0.0,175.1,0.0,0.0,0.0,5625,0.0,0.0,0.0
2023-09-29,477.0,737107.0,209423.0,491.5,255047.0,60350.0,-14.5,-0.0303983228510893,1322.0,2076.0,-754.0,3.470140845070365,2.8900830043089987,-0.0220399794976935,0.0,0.0369565217391303,2202,0.0,0.0,0.0,175.1,0.0,0.0,0.0,5625,0.0,0.0,0.0
2023-10-02,487.5,743517.0,159224.0,502.0,258136.0,37663.0,-14.5,-0.0297435897435287,6410.0,3089.0,3321.0,4.227597376735677,2.8803305234449947,0.0220125786163523,0.0135135135135135,0.0574837310195228,2221,19.0,19.0,1.4607948491818503,173.8,-1.299999999999983,-1.299999999999983,-2.3769836895042338,5625,0.0,0.0,0.0
2023-10-03,487.5,736568.0,138101.0,503.0,259742.0,50523.0,-15.5,-0.0317948717948065,-6949.0,1606.0,-8555.0,2.7334283395680634,2.8357678003557267,0.0,0.0161542470036477,0.056910569105691,2221,0.0,0.0,0.0,173.8,0.0,0.0,0.0,5625,0.0,0.0,0.0
2023-10-04,485.5,731143.0,129880.0,500.75,262065.0,50374.0,-15.25,-0.0314109165807797,-5425.0,2323.0,-7748.0,2.578314209711308,2.789929979203622,-0.0041025641025641,0.0041365046535677,0.0480302212628169,2221,0.0,0.0,0.0,173.8,0.0,0.0,0.0,5625,0.0,0.0,0.0
2023-10-05,496.0,719175.0,186342.0,510.75,263961.0,61886.0,-14.75,-0.0297379032257464,-11968.0,1896.0,-13864.0,3.011052580551288,2.7245502176457785,0.0216271884654994,0.0169144028703229,0.0508474576271187,2221,0.0,0.0,0.0,173.8,0.0,0.0,0.0,5625,0.0,0.0,0.0
2023-10-06,492.0,711413.0,125225.0,508.0,265222.0,35685.0,-16.0,-0.0325203252031859,-7762.0,1261.0,-9023.0,3.50917752557087,2.682330274260798,-0.0080645161290322,0.0314465408805031,0.0423728813559323,2221,0.0,0.0,0.0,173.8,0.0,0.0,0.0,5625,0.0,0.0,0.0
2023-10-09,488.0,701982.0,115532.0,503.5,271952.0,43565.0,-15.5,-0.0317622950819021,-9431.0,6730.0,-16161.0,2.6519453689888066,2.581271695004991,-0.008130081300813,0.001025641025641,0.0338983050847456,2221,0.0,0.0,0.0,173.8,0.0,0.0,0.0,5625,0.0,0.0,0.0
2023-10-10,485.25,696227.0,110081.0,501.0,281200.0,43946.0,-15.75,-0.0324574961359454,-5755.0,9248.0,-15003.0,2.504915123105573,2.475913940256037,-0.0056352459016393,-0.0046153846153845,0.0280720338983051,2221,0.0,0.0,0.0,173.8,0.0,0.0,0.0,5625,0.0,0.0,0.0
2023-10-11,487.75,692075.0,102590.0,503.0,288040.0,36444.0,-15.25,-0.0312660174268964,-4152.0,6840.0,-10992.0,2.8150038415101855,2.4027044854881185,0.0051519835136526,0.0046343975283213,0.0591748099891422,2221,0.0,0.0,0.0,173.8,0.0,0.0,0.0,5625,0.0,0.0,0.0
2023-10-12,495.0,671450.0,208365.0,510.0,296025.0,65287.0,-15.0,-0.030303030302969,-20625.0,7985.0,-28610.0,3.191523580498366,2.2682205894772327,0.0148641722193747,-0.0020161290322581,0.0749185667752443,2221,0.0,0.0,0.0,173.8,0.0,0.0,0.0,5625,0.0,0.0,0.0
2023-10-13,493.5,665444.0,138232.0,508.5,300827.0,47743.0,-15.0,-0.0303951367780539,-6006.0,4802.0,-10808.0,2.8953354418448174,2.212048785514591,-0.003030303030303,0.0030487804878047,0.0716612377850163,2221,0.0,0.0,0.0,173.8,0.0,0.0,0.0,5625,0.0,0.0,0.0
2023-10-16,489.75,655706.0,113486.0,504.0,304727.0,43577.0,-14.25,-0.0290964777947338,-9738.0,3900.0,-13638.0,2.60426371709841,2.1517817587545505,-0.0075987841945288,0.0035860655737705,0.0305102577590741,2221,0.0,0.0,0.0,173.8,0.0,0.0,0.0,5625,0.0,0.0,0.0
2023-10-17,488.5,652884.0,102031.0,507.0,309277.0,35585.0,-18.5,-0.0378710337767904,-2822.0,4550.0,-7372.0,2.8672474357172164,2.111000818036899,-0.0025523226135784,0.0066975785677485,0.034957627118644,2221,0.0,0.0,0.0,173.8,0.0,0.0,0.0,5625,0.0,0.0,0.0
2023-10-18,492.0,645649.0,119274.0,507.0,314837.0,36878.0,-15.0,-0.0304878048779868,-7235.0,5560.0,-12795.0,3.2342860241877753,2.0507405419312152,0.0071647901740019,0.00871348026653,0.0352446081009993,2221,0.0,0.0,0.0,173.8,0.0,0.0,0.0,5625,0.0,0.0,0.0
2023-10-19,503.5,660223.0,279440.0,515.25,341123.0,157505.0,-11.75,-0.0233366434954849,14574.0,26286.0,-11712.0,1.774165899495243,1.935439709430317,0.0233739837398374,0.0171717171717171,0.0467775467775468,2221,0.0,0.0,0.0,173.8,0.0,0.0,0.0,5625,0.0,0.0,0.0
2023-10-20,492.5,639801.0,264540.0,509.0,351905.0,131190.0,-16.5,-0.0335025380709979,-20422.0,10782.0,-31204.0,2.016464669563214,1.8181071596027285,-0.0218470705064548,-0.0020263424518743,0.0368421052631577,2221,0.0,0.0,0.0,173.8,0.0,0.0,0.0,5625,0.0,0.0,0.0
2023-10-23,490.0,631771.0,126442.0,504.75,356104.0,44155.0,-14.75,-0.030102040816265,-8030.0,4199.0,-12229.0,2.8635941569470535,1.774119358389679,-0.0050761421319797,0.0005104645227156,0.0272536687631026,2221,0.0,0.0,0.0,173.8,0.0,0.0,0.0,5625,0.0,0.0,0.0
2023-10-24,483.75,627459.0,161081.0,498.5,360594.0,57107.0,-14.75,-0.0304909560722883,-4312.0,4490.0,-8802.0,2.820687481394526,1.740070550258735,-0.0127551020408163,-0.0097236438075741,0.0057172557172557,2221,0.0,0.0,0.0,173.8,0.0,0.0,0.0,5625,0.0,0.0,0.0
2023-10-25,480.0,627519.0,177281.0,494.5,363163.0,67368.0,-14.5,-0.0302083333332704,60.0,2569.0,-2509.0,2.6315312908205284,1.727926578423458,-0.0077519379844961,-0.024390243902439,0.0005211047420532,2221,0.0,0.0,0.0,173.8,0.0,0.0,0.0,5625,0.0,0.0,0.0
2023-10-26,479.25,613603.0,190730.0,493.0,365797.0,91469.0,-13.75,-0.0286906624934195,-13916.0,2634.0,-16550.0,2.08518733122695,1.677441313078014,-0.0015625,-0.048162859980139,-0.0087900723888314,2221,0.0,0.0,0.0,173.8,0.0,0.0,0.0,5625,0.0,0.0,0.0
2023-10-27,479.25,617030.0,126300.0,495.25,364956.0,49663.0,-16.0,-0.0333854981741609,3427.0,-841.0,4268.0,2.543140768781537,1.690696960729508,0.0,-0.0269035532994923,-0.0174269605330599,2221,0.0,0.0,0.0,173.8,0.0,0.0,0.0,5625,0.0,0.0,0.0
2023-10-30,478.25,610452.0,136565.0,492.5,370184.0,58288.0,-14.25,-0.0297961317302042,-6578.0,5228.0,-11806.0,2.3429350809771767,1.649050202061673,-0.0020865936358893,-0.0239795918367347,0.0026205450733751,2221,0.0,0.0,0.0,173.8,0.0,0.0,0.0,5625,0.0,0.0,0.0
2023-10-31,478.75,604103.0,136045.0,493.0,376486.0,67164.0,-14.25,-0.0297650130547681,-6349.0,6302.0,-12651.0,2.025564290393633,1.6045829061372758,0.0010454783063251,-0.0103359173126614,-0.0179487179487179,2111,-110.0,-110.0,-4.79267210749005,173.0,-0.8000000000000114,-0.8000000000000114,-2.618868847002276,5600,-25.0,-25.0,-4.898979484606357
2023-11-01,475.0,604646.0,180119.0,490.0,381297.0,76750.0,-15.0,-0.0315789473683545,543.0,4811.0,-4268.0,2.3468273615634874,1.5857612307466318,-0.0078328981723237,-0.0104166666666666,-0.0256410256410256,2111,0.0,0.0,0.0,173.0,0.0,0.0,0.0,5600,0.0,0.0,0.0
2023-11-02,470.0,592749.0,202193.0,485.0,381984.0,104993.0,-15.0,-0.0319148936169533,-11897.0,687.0,-12584.0,1.9257760041145415,1.551763948228194,-0.0105263157894737,-0.019300991131977,-0.0319258496395468,2111,0.0,0.0,0.0,173.0,0.0,0.0,0.0,5600,0.0,0.0,0.0
2023-11-03,477.0,588922.0,200217.0,492.25,382523.0,87032.0,-15.25,-0.0319706498951111,-3827.0,539.0,-4366.0,2.3004986671568814,1.5395727838587443,0.0148936170212765,-0.0046948356807511,-0.0383064516129032,2111,0.0,0.0,0.0,173.0,0.0,0.0,0.0,5600,0.0,0.0,0.0
2023-11-06,477.0,579149.0,131646.0,492.0,388154.0,68103.0,-15.0,-0.0314465408804372,-9773.0,5631.0,-15404.0,1.9330425972423837,1.4920598525327535,0.0,-0.0026136957658128,-0.0304878048780488,2111,0.0,0.0,0.0,173.0,0.0,0.0,0.0,5600,0.0,0.0,0.0
2023-11-07,469.0,555808.0,215810.0,484.0,410301.0,138203.0,-15.0,-0.0319829424306354,-23341.0,22147.0,-45488.0,1.561543526551511,1.3546347681336353,-0.0167714884696016,-0.0203655352480417,-0.0389344262295081,2111,0.0,0.0,0.0,173.0,0.0,0.0,0.0,5600,0.0,0.0,0.0
2023-11-08,475.0,525297.0,322782.0,490.0,427127.0,228214.0,-15.0,-0.0315789473683545,-30511.0,16826.0,-47337.0,1.4143829914028,1.2298379638842751,0.0127931769722815,0.0,-0.0211231324059762,2111,0.0,0.0,0.0,173.0,0.0,0.0,0.0,5600,0.0,0.0,0.0
2023-11-09,468.0,509630.0,257163.0,482.75,441040.0,197547.0,-14.75,-0.0315170940170266,-15667.0,13913.0,-29580.0,1.3017813482361094,1.1555187738073618,-0.0147368421052631,-0.0042553191489361,-0.0404920553562275,2111,0.0,0.0,0.0,173.0,0.0,0.0,0.0,5600,0.0,0.0,0.0
2023-11-10,463.25,494163.0,230543.0,479.5,451579.0,167474.0,-16.25,-0.0350782514840041,-15467.0,10539.0,-26006.0,1.37658979901357,1.0943002221095288,-0.0101495726495726,-0.0288259958071278,-0.0641414141414141,2111,0.0,0.0,0.0,173.0,0.0,0.0,0.0,5600,0.0,0.0,0.0
2023-11-13,477.0,466121.0,249727.0,490.75,478663.0,167509.0,-13.75,-0.0288259958070674,-28042.0,27084.0,-55126.0,1.4908273585299807,0.9737978494264212,0.029681597409606,0.0,-0.033434650455927,2111,0.0,0.0,0.0,173.0,0.0,0.0,0.0,5600,0.0,0.0,0.0
2023-11-14,477.5,448042.0,183143.0,494.0,489279.0,132800.0,-16.5,-0.0345549738219171,-18079.0,10616.0,-28695.0,1.3790888554216765,0.9157188434410616,0.00104821802935,0.0181236673773987,-0.0250127616130678,2111,0.0,0.0,0.0,173.0,0.0,0.0,0.0,5600,0.0,0.0,0.0
2023-11-15,471.0,419785.0,245509.0,488.5,520627.0,188610.0,-17.5,-0.0371549893842098,-28257.0,31348.0,-59605.0,1.3016754148772531,0.8063066264331262,-0.0136125654450262,-0.0084210526315789,-0.0358239508700102,2111,0.0,0.0,0.0,173.0,0.0,0.0,0.0,5600,0.0,0.0,0.0
2023-11-16,473.0,389947.0,182325.0,492.25,541247.0,139095.0,-19.25,-0.0406976744185186,-29838.0,20620.0,-50458.0,1.310794780545661,0.7204603443529465,0.0042462845010615,0.0106837606837606,-0.0386178861788617,2111,0.0,0.0,0.0,173.0,0.0,0.0,0.0,5600,0.0,0.0,0.0
2023-11-17,467.0,368084.0,132235.0,485.25,555964.0,106976.0,-18.25,-0.0390792291219719,-21863.0,14717.0,-36580.0,1.2361183816930783,0.6620644502161998,-0.0126849894291755,0.0080949811117108,-0.0724925521350545,2111,0.0,0.0,0.0,173.0,0.0,0.0,0.0,5600,0.0,0.0,0.0
2023-11-20,469.0,347630.0,139825.0,488.0,564366.0,111050.0,-19.0,-0.0405117270788048,-20454.0,8402.0,-28856.0,1.259117514633037,0.6159655259175771,0.0042826552462527,-0.0167714884696016,-0.0477157360406091,2111,0.0,0.0,0.0,173.0,0.0,0.0,0.0,5600,0.0,0.0,0.0
2023-11-21,469.5,316296.0,173228.0,487.0,584025.0,142275.0,-17.5,-0.0372736954205808,-31334.0,19659.0,-50993.0,1.217557547004033,0.541579555669705,0.0010660980810235,-0.0167539267015707,-0.0418367346938775,2111,0.0,0.0,0.0,173.0,0.0,0.0,0.0,5600,0.0,0.0,0.0
2023-11-22,468.0,286657.0,126935.0,487.5,599416.0,131956.0,-19.5,-0.0416666666665776,-29639.0,15391.0,-45030.0,0.9619494376913444,0.4782271410839875,-0.0031948881789137,-0.0063694267515923,-0.0325581395348837,2111,0.0,0.0,0.0,173.0,0.0,0.0,0.0,5600,0.0,0.0,0.0
2023-11-24,463.75,214856.0,113555.0,482.5,613078.0,109596.0,-18.75,-0.040431266846274,-71801.0,13662.0,-85463.0,1.0361235811525873,0.350454591422298,-0.0090811965811965,-0.0195560253699789,-0.0338541666666666,2111,0.0,0.0,0.0,173.0,0.0,0.0,0.0,5600,0.0,0.0,0.0
2023-11-27,455.5,155173.0,180939.0,475.5,631422.0,211127.0,-20.0,-0.0439077936332735,-59683.0,18344.0,-78027.0,0.8570149720310484,0.2457516526190087,-0.0177897574123989,-0.0246252676659528,-0.0495565988523735,2111,0.0,0.0,0.0,173.0,0.0,0.0,0.0,5600,0.0,0.0,0.0
2023-11-28,450.5,81497.0,181371.0,473.75,645229.0,263235.0,-23.25,-0.0516093229743582,-73676.0,13807.0,-87483.0,0.6890079206792384,0.1263070940704771,-0.0109769484083425,-0.0394456289978678,-0.0599895670318205,2111,0.0,0.0,0.0,173.0,0.0,0.0,0.0,5600,0.0,0.0,0.0
2023-11-29,447.0,10547.0,139560.0,475.75,672269.0,257318.0,-28.75,-0.0643176733779321,-70950.0,27040.0,-97990.0,0.5423639232389473,0.0156886603428091,-0.0077691453940066,-0.047923322683706,-0.0653423941453215,2111,0.0,0.0,0.0,173.0,0.0,0.0,0.0,5600,0.0,0.0,0.0
2023-11-30,458.0,4098.0,14188.0,481.75,670523.0,189360.0,-23.75,-0.0518558951963933,-6449.0,-1746.0,-4703.0,0.0749260667511614,0.0061116471769051,0.0246085011185681,-0.0213675213675214,-0.0433420365535247,2156,45.0,45.0,1.827281861685219,174.9,1.9000000000000057,1.9000000000000057,4.446460270387612,5650,50.0,50.0,4.307507614101516
2023-12-01,456.75,2573.0,3312.0,484.5,668131.0,144247.0,-27.75,-0.0607553366172725,-1525.0,-2392.0,867.0,0.0229606161653273,0.0038510411880304,-0.0027292576419214,-0.0150943396226415,-0.0384210526315789,2156,0.0,0.0,0.0,174.9,0.0,0.0,0.0,5650,0.0,0.0,0.0
2023-12-04,470.0,1691.0,1925.0,485.0,667527.0,121319.0,-15.0,-0.0319148936169533,-882.0,-604.0,-278.0,0.0158672590443375,0.0025332308655679,0.0290093048713737,0.0318331503841931,0.0,2156,0.0,0.0,0.0,174.9,0.0,0.0,0.0,5650,0.0,0.0,0.0
2023-12-05,456.0,938.0,639.0,489.75,665869.0,136197.0,-33.75,-0.0740131578945745,-753.0,-1658.0,905.0,0.0046917332980902,0.0014086854921914,-0.0297872340425532,0.0122086570477246,-0.0440251572327043,2156,0.0,0.0,0.0,174.9,0.0,0.0,0.0,5650,0.0,0.0,0.0
2023-12-06,461.5,711.0,347.0,484.0,658416.0,143848.0,-22.5,-0.0487540628384642,-227.0,-7453.0,7226.0,0.0024122685056448,0.0010798644018371,0.0120614035087718,0.0324384787472036,-0.0324947589098532,2156,0.0,0.0,0.0,174.9,0.0,0.0,0.0,5650,0.0,0.0,0.0
2023-12-07,455.0,690.0,322.0,487.0,654529.0,104157.0,-32.0,-0.0703296703295157,-21.0,-3887.0,3866.0,0.0030914868899833,0.0010541931679115,-0.0140845070422535,-0.0065502183406113,-0.0298507462686566,2156,0.0,0.0,0.0,174.9,0.0,0.0,0.0,5650,0.0,0.0,0.0
2023-12-08,455.0,670.0,319.0,485.25,649305.0,122550.0,-30.25,-0.0664835164833703,-20.0,-5224.0,5204.0,0.0026030191758465,0.0010318725406396,0.0,-0.0038314176245211,-0.0421052631578947,2156,0.0,0.0,0.0,174.9,0.0,0.0,0.0,5650,0.0,0.0,0.0
2023-12-11,455.0,591.0,379.0,481.5,645377.0,116266.0,-26.5,-0.0582417582416302,-79.0,-3928.0,3849.0,0.003259766397743,0.0009157438210534,0.0,-0.0319148936170212,-0.0277777777777777,2156,0.0,0.0,0.0,174.9,0.0,0.0,0.0,5650,0.0,0.0,0.0
2023-12-12,462.5,290.0,265.0,484.5,643832.0,100301.0,-22.0,-0.0475675675674647,-301.0,-1545.0,1244.0,0.0026420474372139,0.0004504280619789,0.0164835164835164,0.0142543859649122,-0.0016189962223421,2156,0.0,0.0,0.0,174.9,0.0,0.0,0.0,5650,0.0,0.0,0.0
2023-12-13,453.25,322.0,256.0,480.5,637088.0,130775.0,-27.25,-0.0601213458354989,32.0,-6744.0,6776.0,0.0019575606958516,0.0005054246823044,-0.02,-0.0178764897074755,-0.0497903563941299,2156,0.0,0.0,0.0,174.9,0.0,0.0,0.0,5650,0.0,0.0,0.0
2023-12-14,,8.0,10.0,479.25,634529.0,106424.0,,,-314.0,-2559.0,2245.0,9.396376757122364e-05,1.2607776791919657e-05,0.0,-0.0038461538461538,-0.0507853403141361,2156,0.0,0.0,0.0,174.9,0.0,0.0,0.0,5650,0.0,0.0,0.0
2023-12-15,482.0,636711.0,108554.0,494.5,165590.0,29297.0,-12.5,-0.0259336099584524,636703.0,-468939.0,1105642.0,3.705294057411895,3.845105380759685,0.0634307777164919,0.0593406593406593,0.0233545647558386,2156,0.0,0.0,0.0,174.9,0.0,0.0,0.0,5650,0.0,0.0,0.0
2023-12-18,477.0,632060.0,129446.0,490.0,164614.0,39914.0,-13.0,-0.0272536687630455,-4651.0,-976.0,-3675.0,3.243122713834664,3.839649118543965,-0.0103734439834024,0.0483516483516484,0.0084566596194504,2156,0.0,0.0,0.0,174.9,0.0,0.0,0.0,5650,0.0,0.0,0.0
2023-12-19,472.5,636285.0,130033.0,485.0,164957.0,28898.0,-12.5,-0.0264550264549704,4225.0,343.0,3882.0,4.499723164232663,3.857277957285815,-0.0094339622641509,0.0216216216216216,0.0117773019271949,2156,0.0,0.0,0.0,174.9,0.0,0.0,0.0,5650,0.0,0.0,0.0
2023-12-20,469.75,635146.0,131027.0,482.5,164743.0,32895.0,-12.75,-0.0271420968599741,-1139.0,-214.0,-925.0,3.9831889344884033,3.8553747351935814,-0.0058201058201058,0.036403750689465,0.001599147121535,2156,0.0,0.0,0.0,174.9,0.0,0.0,0.0,5650,0.0,0.0,0.0
2023-12-21,472.0,633390.0,108597.0,484.5,166409.0,30332.0,-12.5,-0.0264830508474015,-1756.0,1666.0,-3422.0,3.5802782539890683,3.8062244229578703,0.0047897817988291,0.0413678985107557,0.0053248136315229,2156,0.0,0.0,0.0,174.9,0.0,0.0,0.0,5650,0.0,0.0,0.0
2023-12-22,472.0,630668.0,80484.0,484.5,169368.0,28256.0,-12.5,-0.0264830508474015,-2722.0,2959.0,-5681.0,2.8483861834653577,3.723654999763806,0.0,-0.020746887966805,0.0085470085470085,2156,0.0,0.0,0.0,174.9,0.0,0.0,0.0,5650,0.0,0.0,0.0
2023-12-26,479.5,627507.0,114198.0,493.0,170905.0,25122.0,-13.5,-0.0281543274243417,-3161.0,1537.0,-4698.0,4.545736804394373,3.671671396389786,0.0158898305084744,0.0052410901467505,0.0339622641509433,2156,0.0,0.0,0.0,174.9,0.0,0.0,0.0,5650,0.0,0.0,0.0
2023-12-27,476.25,629538.0,107950.0,488.5,173760.0,25718.0,-12.25,-0.0257217847768488,2031.0,2855.0,-824.0,4.197449257329334,3.623031767955781,-0.0067778936392075,0.0079365079365079,0.0455543358946213,2156,0.0,0.0,0.0,174.9,0.0,0.0,0.0,5650,0.0,0.0,0.0
2023-12-28,474.0,627543.0,99398.0,486.0,174940.0,20156.0,-12.0,-0.0253164556961491,-1995.0,1180.0,-3175.0,4.931434808493504,3.587189893677812,-0.0047244094488189,0.0090473656200107,0.0521642619311875,2156,0.0,0.0,0.0,174.9,0.0,0.0,0.0,5650,0.0,0.0,0.0
2023-12-29,471.0,632023.0,109649.0,483.5,177231.0,24648.0,-12.5,-0.0265392781315784,4480.0,2291.0,2189.0,4.448596234988459,3.566097353171829,-0.0063291139240506,-0.0021186440677966,0.0536912751677851,2156,0.0,0.0,0.0,174.9,0.0,0.0,0.0,5650,0.0,0.0,0.0
2024-01-02,464.25,636886.0,187193.0,477.5,183774.0,48784.0,-13.25,-0.0285406569735518,4863.0,6543.0,-1680.0,3.837180223023864,3.4655936095421365,-0.0143312101910828,-0.0164194915254237,0.0136462882096068,2131,-25.0,-25.0,-2.3364205012097345,174.9,0.0,0.0,0.0,5650,0.0,0.0,0.0
2024-01-03,465.0,641667.0,147913.0,477.5,184799.0,40707.0,-12.5,-0.0268817204300497,4781.0,1025.0,3756.0,3.633601100547728,3.47224281516673,0.0016155088852989,-0.0302398331595411,0.0180623973727422,2131,0.0,0.0,0.0,174.9,0.0,0.0,0.0,5650,0.0,0.0,0.0
2024-01-04,466.5,648146.0,127034.0,479.0,184538.0,31593.0,-12.5,-0.0267952840299532,6479.0,-261.0,6740.0,4.02095400879929,3.512263056931345,0.0032258064516128,-0.0204724409448818,-0.0074468085106382,2131,0.0,0.0,0.0,174.9,0.0,0.0,0.0,5650,0.0,0.0,0.0
2024-01-05,461.5,651949.0,151589.0,473.75,188886.0,43857.0,-12.25,-0.0265438786564971,3803.0,4348.0,-545.0,3.45643796885324,3.4515474942557764,-0.0107181136120042,-0.0263713080168775,0.0120614035087718,2131,0.0,0.0,0.0,174.9,0.0,0.0,0.0,5650,0.0,0.0,0.0
2024-01-08,455.0,657079.0,214324.0,467.0,194662.0,53251.0,-12.0,-0.0263736263735684,5130.0,5776.0,-646.0,4.024788266886931,3.375486741120489,-0.0140845070422535,-0.0339702760084925,-0.0140845070422535,2131,0.0,0.0,0.0,174.9,0.0,0.0,0.0,5650,0.0,0.0,0.0
2024-01-09,459.0,653038.0,215153.0,471.5,203481.0,79952.0,-12.5,-0.0272331154683502,-4041.0,8819.0,-12860.0,2.691027116269728,3.20933158378422,0.0087912087912087,-0.011308562197092,0.0087912087912087,2131,0.0,0.0,0.0,174.9,0.0,0.0,0.0,5650,0.0,0.0,0.0
2024-01-10,459.0,651044.0,193507.0,470.75,211752.0,66817.0,-11.75,-0.0255991285402492,-1994.0,8271.0,-10265.0,2.89607435233544,3.074558917979509,0.0,-0.0129032258064516,0.0087912087912087,2131,0.0,0.0,0.0,174.9,0.0,0.0,0.0,5650,0.0,0.0,0.0
2024-01-11,457.0,647650.0,165189.0,468.5,221153.0,55534.0,-11.5,-0.0251641137855029,-3394.0,9401.0,-12795.0,2.9745561277775243,2.9285155525812314,-0.0043572984749454,-0.0203644158628081,0.0043956043956043,2131,0.0,0.0,0.0,174.9,0.0,0.0,0.0,5650,0.0,0.0,0.0
2024-01-12,447.0,651194.0,314095.0,460.25,232077.0,96235.0,-13.25,-0.0296420581654817,3544.0,10924.0,-7380.0,3.263833324673941,2.8059394080412847,-0.0218818380743982,-0.0314192849404116,-0.0335135135135135,2131,0.0,0.0,0.0,174.9,0.0,0.0,0.0,5650,0.0,0.0,0.0
2024-01-16,443.0,654605.0,175650.0,455.0,240623.0,51735.0,-12.0,-0.0270880361173203,3411.0,8546.0,-5135.0,3.395187010727682,2.7204589752434196,-0.0089485458612975,-0.0263736263736263,-0.0226144511858797,2131,0.0,0.0,0.0,174.9,0.0,0.0,0.0,5650,0.0,0.0,0.0
2024-01-17,442.0,658109.0,205711.0,453.75,251085.0,70045.0,-11.75,-0.0265837104071796,3504.0,10462.0,-6958.0,2.9368406024697986,2.62106059700897,-0.002257336343115,-0.037037037037037,-0.0248207391064534,2131,0.0,0.0,0.0,174.9,0.0,0.0,0.0,5650,0.0,0.0,0.0
2024-01-18,444.0,652459.0,180948.0,454.25,263903.0,75538.0,-10.25,-0.0230855855855335,-5650.0,12818.0,-18468.0,2.395456591384437,2.4723440051837136,0.004524886877828,-0.0326797385620915,-0.0788381742738589,2131,0.0,0.0,0.0,174.9,0.0,0.0,0.0,5650,0.0,0.0,0.0
2024-01-19,444.25,658556.0,148101.0,456.0,275799.0,64616.0,-11.75,-0.026449071468708,6097.0,11896.0,-5799.0,2.292017456976565,2.3878114133843766,0.000563063063063,-0.0278993435448577,-0.0686582809224318,2131,0.0,0.0,0.0,174.9,0.0,0.0,0.0,5650,0.0,0.0,0.0
2024-01-22,445.75,659790.0,112771.0,455.75,278478.0,40277.0,-10.0,-0.0224340998316939,1234.0,2679.0,-1445.0,2.799885790897962,2.3692715403012,0.0033764772087787,-0.0027964205816555,-0.0566137566137565,2131,0.0,0.0,0.0,174.9,0.0,0.0,0.0,5650,0.0,0.0,0.0
2024-01-23,446.0,662400.0,152301.0,457.0,284013.0,68953.0,-11.0,-0.0246636771299895,2610.0,5535.0,-2925.0,2.2087653909184195,2.332287606553213,0.0005608524957936,0.0067720090293452,-0.0505588078765301,2131,0.0,0.0,0.0,174.9,0.0,0.0,0.0,5650,0.0,0.0,0.0
2024-01-24,451.0,665707.0,156004.0,462.0,284451.0,71520.0,-11.0,-0.0243902439023849,3307.0,438.0,2869.0,2.1812639821028776,2.3403222347609876,0.0112107623318384,0.0203619909502261,-0.0444915254237288,2131,0.0,0.0,0.0,174.9,0.0,0.0,0.0,5650,0.0,0.0,0.0
2024-01-25,451.0,662702.0,169289.0,460.0,283627.0,81817.0,-9.0,-0.0199556541019513,-3005.0,-824.0,-2181.0,2.069117665032914,2.3365264943041306,0.0,0.0157657657657657,-0.0444915254237288,2131,0.0,0.0,0.0,174.9,0.0,0.0,0.0,5650,0.0,0.0,0.0
2024-01-26,446.5,655972.0,135726.0,455.0,286555.0,51684.0,-8.5,-0.0190369540873033,-6730.0,2928.0,-9658.0,2.626073833294586,2.289166128666391,-0.0099778270509978,0.0050647158131682,-0.0688216892596454,2131,0.0,0.0,0.0,174.9,0.0,0.0,0.0,5650,0.0,0.0,0.0
2024-01-29,439.5,653937.0,203565.0,450.0,289649.0,90722.0,-10.5,-0.0238907849828807,-2035.0,3094.0,-5129.0,2.243832807918672,2.257687753108065,-0.0156774916013437,-0.0140213123948401,-0.0771653543307087,2131,0.0,0.0,0.0,174.9,0.0,0.0,0.0,5650,0.0,0.0,0.0
2024-01-30,447.0,647869.0,194898.0,458.0,291050.0,69395.0,-11.0,-0.0246085011185131,-6068.0,1401.0,-7469.0,2.8085308739822348,2.225971482563126,0.0170648464163822,0.0022421524663676,-0.0569620253164556,2131,0.0,0.0,0.0,174.9,0.0,0.0,0.0,5650,0.0,0.0,0.0
2024-01-31,448.0,652302.0,135485.0,457.75,294132.0,55424.0,-9.75,-0.0217633928570942,4433.0,3082.0,1351.0,2.444518620092335,2.2177185753335165,0.0022371364653244,-0.0066518847006651,-0.048832271762208,2162,31.0,31.0,3.734904400831829,177.3,2.4000000000000057,2.4000000000000057,4.898979475566352,5675,25.0,25.0,4.898979484606355
2024-02-01,446.0,639995.0,153724.0,457.25,295245.0,88273.0,-11.25,-0.0252242152465802,-12307.0,1113.0,-13420.0,1.7414611489356684,2.167674304391261,-0.0044642857142856,-0.0110864745011086,-0.0393107162089391,2162,0.0,0.0,0.0,177.3,0.0,0.0,0.0,5675,0.0,0.0,0.0
2024-02-02,442.5,628058.0,129450.0,453.25,302062.0,58992.0,-10.75,-0.0242937853106795,-11937.0,6817.0,-18754.0,2.194365337672868,2.0792353887612407,-0.0078475336322869,-0.0089585666293393,-0.0483870967741935,2162,0.0,0.0,0.0,177.3,0.0,0.0,0.0,5675,0.0,0.0,0.0
2024-02-05,442.75,621685.0,137664.0,454.0,309664.0,59867.0,-11.25,-0.0254093732354028,-6373.0,7602.0,-13975.0,2.299497218835046,2.007611475663939,0.0005649717514124,0.0073947667804323,-0.0509110396570203,2162,0.0,0.0,0.0,177.3,0.0,0.0,0.0,5675,0.0,0.0,0.0
2024-02-06,438.5,594080.0,193360.0,449.5,318445.0,114462.0,-11.0,-0.0250855188140819,-27605.0,8781.0,-36386.0,1.6892942635983847,1.8655654822653776,-0.0095990965556183,-0.0190156599552572,-0.0498374864572047,2162,0.0,0.0,0.0,177.3,0.0,0.0,0.0,5675,0.0,0.0,0.0
2024-02-07,434.25,557750.0,245418.0,446.25,338498.0,150030.0,-12.0,-0.0276338514679847,-36330.0,20053.0,-56383.0,1.635792841431703,1.6477202228668957,-0.0096921322690991,-0.0306919642857143,-0.0456043956043955,2162,0.0,0.0,0.0,177.3,0.0,0.0,0.0,5675,0.0,0.0,0.0
2024-02-08,433.0,525360.0,222878.0,445.0,359000.0,141632.0,-12.0,-0.0277136258659868,-32390.0,20502.0,-52892.0,1.5736415499322076,1.4633983286908037,-0.0028785261945883,-0.0291479820627802,-0.0566448801742919,2162,0.0,0.0,0.0,177.3,0.0,0.0,0.0,5675,0.0,0.0,0.0
2024-02-09,430.0,494428.0,206271.0,443.0,380934.0,136375.0,-13.0,-0.0302325581394645,-30932.0,21934.0,-52866.0,1.5125279560036553,1.297936125418048,-0.0069284064665127,-0.0282485875706214,-0.0631808278867102,2162,0.0,0.0,0.0,177.3,0.0,0.0,0.0,5675,0.0,0.0,0.0
2024-02-12,430.0,451019.0,198795.0,442.0,415392.0,133709.0,-12.0,-0.0279069767441211,-43409.0,34458.0,-77867.0,1.4867735156197304,1.085767178953853,0.0,-0.0287972896668549,-0.0590809628008752,2162,0.0,0.0,0.0,177.3,0.0,0.0,0.0,5675,0.0,0.0,0.0
2024-02-13,431.25,429166.0,182682.0,443.0,441139.0,133841.0,-11.75,-0.027246376811531,-21853.0,25747.0,-47600.0,1.3649180744315916,0.9728588948154642,0.002906976744186,-0.016533637400228,-0.035234899328859,2162,0.0,0.0,0.0,177.3,0.0,0.0,0.0,5675,0.0,0.0,0.0
2024-02-14,423.75,390325.0,230224.0,437.0,462102.0,150646.0,-13.25,-0.0312684365780973,-38841.0,20963.0,-59804.0,1.5282450247600234,0.8446728211520382,-0.017391304347826,-0.0241796200345423,-0.0434537246049661,2162,0.0,0.0,0.0,177.3,0.0,0.0,0.0,5675,0.0,0.0,0.0
2024-02-15,417.5,358997.0,217729.0,429.75,480632.0,176163.0,-12.25,-0.0293413173651991,-31328.0,18530.0,-49858.0,1.2359519308821874,0.7469269628322693,-0.0147492625368731,-0.0357967667436489,-0.0554298642533936,2162,0.0,0.0,0.0,177.3,0.0,0.0,0.0,5675,0.0,0.0,0.0
2024-02-16,416.5,331070.0,176972.0,429.0,502781.0,141725.0,-12.5,-0.0300120048018487,-27927.0,22149.0,-50076.0,1.248699947080605,0.6584775478786974,-0.0023952095808382,-0.0313953488372092,-0.0619369369369369,2162,0.0,0.0,0.0,177.3,0.0,0.0,0.0,5675,0.0,0.0,0.0
2024-02-20,418.5,300044.0,217838.0,431.75,526936.0,154802.0,-13.25,-0.0316606929509398,-31026.0,24155.0,-55181.0,1.4072040412914473,0.5694126041872246,0.0048019207683074,-0.0267441860465116,-0.0579628587507033,2162,0.0,0.0,0.0,177.3,0.0,0.0,0.0,5675,0.0,0.0,0.0
2024-02-21,410.0,274027.0,180048.0,423.5,556434.0,162908.0,-13.5,-0.0329268292682123,-26017.0,29498.0,-55515.0,1.1052127581211415,0.4924699065837089,-0.020310633213859,-0.0492753623188405,-0.0802019068984857,2162,0.0,0.0,0.0,177.3,0.0,0.0,0.0,5675,0.0,0.0,0.0
2024-02-22,406.25,235652.0,199941.0,418.5,584284.0,228789.0,-12.25,-0.0301538461537719,-38375.0,27850.0,-66225.0,0.8739100218979021,0.4033175647459105,-0.0091463414634146,-0.0412979351032448,-0.0891255605381166,2162,0.0,0.0,0.0,177.3,0.0,0.0,0.0,5675,0.0,0.0,0.0
2024-02-23,399.75,180751.0,218218.0,413.0,603165.0,223022.0,-13.25,-0.0331457160724624,-54901.0,18881.0,-73782.0,0.9784595241724988,0.2996709026551601,-0.016,-0.0425149700598802,-0.1136363636363636,2162,0.0,0.0,0.0,177.3,0.0,0.0,0.0,5675,0.0,0.0,0.0
2024-02-26,407.0,115990.0,227175.0,421.5,607049.0,317455.0,-14.5,-0.035626535626448,-64761.0,3884.0,-68645.0,0.7156132365217095,0.1910718904075285,0.0181363352095058,-0.0228091236494597,-0.097560975609756,2162,0.0,0.0,0.0,177.3,0.0,0.0,0.0,5675,0.0,0.0,0.0
2024-02-27,406.5,61735.0,139596.0,423.5,624882.0,223742.0,-17.0,-0.0418204182040791,-54255.0,17833.0,-72088.0,0.6239150450071931,0.0987946524303786,-0.0012285012285012,-0.028673835125448,-0.089585666293393,2162,0.0,0.0,0.0,177.3,0.0,0.0,0.0,5675,0.0,0.0,0.0
2024-02-28,414.0,10073.0,118959.0,429.75,646890.0,227188.0,-15.75,-0.0380434782607776,-51662.0,22008.0,-73670.0,0.5236148035987793,0.0155714263630601,0.0184501845018449,0.0097560975609756,-0.0580204778156996,2162,0.0,0.0,0.0,177.3,0.0,0.0,0.0,5675,0.0,0.0,0.0
2024-02-29,415.0,6564.0,8781.0,429.75,644197.0,145905.0,-14.75,-0.0355421686746131,-3509.0,-2693.0,-816.0,0.0601829957849281,0.0101894296309979,0.002415458937198,0.0215384615384615,-0.0715883668903802,2172,10.0,10.0,1.5234781183943578,177.3,0.0,0.0,0.0,5675,0.0,0.0,0.0
2024-03-01,405.5,5292.0,3475.0,424.5,646743.0,152580.0,-19.0,-0.0468557336620299,-1272.0,2546.0,-3818.0,0.0227749377375801,0.0081825392775801,-0.0228915662650602,0.0143839899937461,-0.0948660714285714,2172,0.0,0.0,0.0,177.3,0.0,0.0,0.0,5675,0.0,0.0,0.0
2024-03-04,410.0,4063.0,2214.0,430.0,646812.0,146093.0,-20.0,-0.048780487804759,-1229.0,69.0,-1298.0,0.0151547302061014,0.0062815779546452,0.0110974106041923,0.0073710073710073,-0.0807174887892376,2172,0.0,0.0,0.0,177.3,0.0,0.0,0.0,5675,0.0,0.0,0.0
2024-03-05,410.0,3174.0,1544.0,425.75,643051.0,132187.0,-15.75,-0.0384146341462477,-889.0,-3761.0,2872.0,0.0116804224318578,0.0049358449018818,0.0,0.0086100861008611,-0.0734463276836158,2172,0.0,0.0,0.0,177.3,0.0,0.0,0.0,5675,0.0,0.0,0.0
2024-03-06,410.0,2459.0,2542.0,428.75,644339.0,132542.0,-18.75,-0.0457317073169616,-715.0,1288.0,-2003.0,0.0191788263342938,0.0038163140831146,0.0,-0.0096618357487923,-0.0739695087521175,2172,0.0,0.0,0.0,177.3,0.0,0.0,0.0,5675,0.0,0.0,0.0
2024-03-07,422.0,1406.0,1645.0,437.5,640083.0,197196.0,-15.5,-0.0367298578198181,-1053.0,-4256.0,3203.0,0.0083419541978538,0.0021965901297175,0.0292682926829268,0.0168674698795181,-0.0376282782212086,2172,0.0,0.0,0.0,177.3,0.0,0.0,0.0,5675,0.0,0.0,0.0
2024-03-08,405.0,905.0,755.0,439.75,630493.0,194454.0,-34.75,-0.0858024691355906,-501.0,-9590.0,9089.0,0.0038826663375399,0.0014353846910274,-0.0402843601895734,-0.001233045622688,-0.0673575129533678,2172,0.0,0.0,0.0,177.3,0.0,0.0,0.0,5675,0.0,0.0,0.0
2024-03-11,405.0,444.0,615.0,441.25,627055.0,151654.0,-36.25,-0.0895061728392851,-461.0,-3438.0,2977.0,0.0040552837379824,0.0007080718597252,0.0,-0.0121951219512195,-0.0646651270207852,2172,0.0,0.0,0.0,177.3,0.0,0.0,0.0,5675,0.0,0.0,0.0
2024-03-12,405.0,77.0,527.0,441.5,623191.0,136537.0,-36.5,-0.0901234567899009,-367.0,-3864.0,3497.0,0.0038597596255959,0.0001235576251903,0.0,-0.0121951219512195,-0.0581395348837209,2172,0.0,0.0,0.0,177.3,0.0,0.0,0.0,5675,0.0,0.0,0.0
2024-03-13,405.0,58.0,75.0,441.0,625709.0,126196.0,-36.0,-0.0888888888886694,-19.0,2518.0,-2537.0,0.0005943136074043,9.269484696560208e-05,0.0,-0.0121951219512195,-0.0581395348837209,2172,0.0,0.0,0.0,177.3,0.0,0.0,0.0,5675,0.0,0.0,0.0
2024-03-14,,30.0,50.0,434.25,621296.0,153348.0,,,-28.0,-4413.0,4385.0,0.0003260557685786,4.828616311709709e-05,0.0,-0.0402843601895734,-0.0608695652173912,2172,0.0,0.0,0.0,177.3,0.0,0.0,0.0,5675,0.0,0.0,0.0
2024-03-15,437.75,612241.0,140242.0,449.75,355918.0,69638.0,-12.0,-0.0274129069102743,612211.0,-265378.0,877589.0,2.0138717366954535,1.7201743098129296,0.0808641975308641,0.0808641975308641,0.0330383480825959,2172,0.0,0.0,0.0,177.3,0.0,0.0,0.0,5675,0.0,0.0,0.0
2024-03-18,436.25,616651.0,121822.0,449.25,364738.0,59454.0,-13.0,-0.0297994269340291,4410.0,8820.0,-4410.0,2.0490126820735015,1.6906683701725576,-0.0034266133637921,0.0771604938271603,0.0449101796407185,2172,0.0,0.0,0.0,177.3,0.0,0.0,0.0,5675,0.0,0.0,0.0
2024-03-19,439.0,617656.0,115115.0,452.0,366790.0,57764.0,-13.0,-0.0296127562641694,1005.0,2052.0,-1047.0,1.992850218128904,1.683949944109704,0.0063037249283668,0.0839506172839505,0.0540216086434572,2172,0.0,0.0,0.0,177.3,0.0,0.0,0.0,5675,0.0,0.0,0.0
2024-03-20,439.25,618267.0,131971.0,452.5,372745.0,68933.0,-13.25,-0.0301650540693678,611.0,5955.0,-5344.0,1.9144821783470627,1.6586862332157328,0.0005694760820045,0.0845679012345679,0.0495818399044205,2172,0.0,0.0,0.0,177.3,0.0,0.0,0.0,5675,0.0,0.0,0.0
2024-03-21,441.0,615881.0,158789.0,454.5,374192.0,67959.0,-13.5,-0.0306122448978897,-2386.0,1447.0,-3833.0,2.336541149810881,1.6458956899131951,0.0039840637450199,0.0888888888888888,0.075609756097561,2172,0.0,0.0,0.0,177.3,0.0,0.0,0.0,5675,0.0,0.0,0.0
2024-03-22,439.0,610133.0,132898.0,451.5,375830.0,61303.0,-12.5,-0.0284738041001629,-5748.0,1638.0,-7386.0,2.1678873790841857,1.6234281457041704,-0.0045351473922902,0.0028555111364934,0.0806153846153845,2172,0.0,0.0,0.0,177.3,0.0,0.0,0.0,5675,0.0,0.0,0.0
2024-03-25,437.0,609148.0,118606.0,450.25,383499.0,60164.0,-13.25,-0.0303203661326537,-985.0,7669.0,-8654.0,1.9713782328302312,1.5883952761284863,-0.0045558086560364,0.0017191977077364,0.0931832395247029,2172,0.0,0.0,0.0,177.3,0.0,0.0,0.0,5675,0.0,0.0,0.0
2024-03-26,432.0,606384.0,155311.0,445.0,384974.0,81267.0,-13.0,-0.0300925925925229,-2764.0,1475.0,-4239.0,1.9111201348640665,1.5751297490220078,-0.0114416475972539,-0.0159453302961275,0.0614250614250613,2172,0.0,0.0,0.0,177.3,0.0,0.0,0.0,5675,0.0,0.0,0.0
2024-03-27,426.5,599541.0,165189.0,438.75,387405.0,88530.0,-12.25,-0.0287221570925469,-6843.0,2431.0,-9274.0,1.865909861064025,1.5475819878421768,-0.0127314814814815,-0.0290267501422879,0.04920049200492,2172,0.0,0.0,0.0,177.3,0.0,0.0,0.0,5675,0.0,0.0,0.0
2024-03-28,442.0,606556.0,360086.0,454.0,404349.0,183709.0,-12.0,-0.0271493212669069,7015.0,16944.0,-9929.0,1.9600890538841216,1.5000803761107324,0.0363423212192262,0.002267573696145,0.0676328502415459,2172,0.0,0.0,0.0,177.3,0.0,0.0,0.0,5675,0.0,0.0,0.0
2024-04-01,435.75,593347.0,200474.0,449.25,408750.0,105532.0,-13.5,-0.0309810671255743,-13209.0,4401.0,-17610.0,1.89965129060378,1.451613455657489,-0.0141402714932126,-0.0074031890660591,0.05,2172,0.0,0.0,0.0,177.3,0.0,0.0,0.0,5675,0.0,0.0,0.0
2024-04-02,427.75,579428.0,235504.0,442.75,413187.0,147589.0,-15.0,-0.0350672121565515,-13919.0,4437.0,-18356.0,1.5956744743849367,1.4023384085172057,-0.0183591508892714,-0.0211670480549198,0.0548705302096177,2172,0.0,0.0,0.0,177.3,0.0,0.0,0.0,5675,0.0,0.0,0.0
2024-04-03,432.25,557257.0,187684.0,445.5,419012.0,109702.0,-13.25,-0.0306535569692755,-22171.0,5825.0,-27996.0,1.7108530382308278,1.3299308850343157,0.01052016364699,0.0005787037037037,0.0542682926829267,2172,0.0,0.0,0.0,177.3,0.0,0.0,0.0,5675,0.0,0.0,0.0
2024-04-04,435.5,546430.0,153811.0,447.5,413429.0,97859.0,-12.0,-0.0275545350171583,-10827.0,-5583.0,-5244.0,1.5717614118272047,1.3217021544207077,0.0075187969924812,0.0211019929660023,0.0621951219512195,2172,0.0,0.0,0.0,177.3,0.0,0.0,0.0,5675,0.0,0.0,0.0
2024-04-05,433.5,515692.0,192940.0,446.0,427711.0,141718.0,-12.5,-0.028835063437073,-30738.0,14282.0,-45020.0,1.3614360913927563,1.2057019810105394,-0.0045924225028702,-0.0192307692307692,0.0573170731707317,2172,0.0,0.0,0.0,177.3,0.0,0.0,0.0,5675,0.0,0.0,0.0
2024-04-08,435.25,473882.0,215991.0,447.25,445981.0,177641.0,-12.0,-0.027570361860936,-41810.0,18270.0,-60080.0,1.215884846403695,1.0625609611171754,0.0040369088811995,-0.0011474469305794,0.0313981042654027,2172,0.0,0.0,0.0,177.3,0.0,0.0,0.0,5675,0.0,0.0,0.0
2024-04-09,431.25,448890.0,219304.0,442.0,470248.0,172979.0,-10.75,-0.0249275362318262,-24992.0,24267.0,-49259.0,1.2678070748472283,0.9545814123611353,-0.009190120620333,0.0081823495032145,0.0648148148148148,2172,0.0,0.0,0.0,177.3,0.0,0.0,0.0,5675,0.0,0.0,0.0
2024-04-10,433.75,420453.0,210255.0,445.0,490306.0,176851.0,-11.25,-0.0259365994235713,-28437.0,20058.0,-48495.0,1.1888821663434124,0.8575318270630976,0.0057971014492752,0.0034702139965296,0.0709876543209877,2172,0.0,0.0,0.0,177.3,0.0,0.0,0.0,5675,0.0,0.0,0.0
2024-04-11,428.5,374891.0,250695.0,440.75,535975.0,189338.0,-12.25,-0.0285880980162693,-45562.0,45669.0,-91231.0,1.3240606745608314,0.6994561313494085,-0.0121037463976945,-0.0160734787600459,0.0580246913580246,2172,0.0,0.0,0.0,177.3,0.0,0.0,0.0,5675,0.0,0.0,0.0
2024-04-12,434.75,352924.0,202052.0,446.25,537361.0,121697.0,-11.5,-0.0264519838987315,-21967.0,1386.0,-23353.0,1.660287435187378,0.6567726351558809,0.014585764294049,0.002883506343714,0.0734567901234568,2172,0.0,0.0,0.0,177.3,0.0,0.0,0.0,5675,0.0,0.0,0.0
2024-04-15,431.0,332425.0,152252.0,444.0,548008.0,103077.0,-13.0,-0.0301624129929694,-20499.0,10647.0,-31146.0,1.477070539499583,0.6066061079400289,-0.0086256469235193,-0.0097645031591039,0.0641975308641975,2172,0.0,0.0,0.0,177.3,0.0,0.0,0.0,5675,0.0,0.0,0.0
2024-04-16,430.75,304759.0,148116.0,442.75,561942.0,122877.0,-12.0,-0.0278583865350485,-27666.0,13934.0,-41600.0,1.2054005224736837,0.5423317708945041,-0.0005800464037123,-0.001159420289855,-0.0159908623643632,2172,0.0,0.0,0.0,177.3,0.0,0.0,0.0,5675,0.0,0.0,0.0
2024-04-17,430.0,288539.0,139235.0,440.5,572647.0,122102.0,-10.5,-0.024418604651106,-16220.0,10705.0,-26925.0,1.1403171119228093,0.5038688755900222,-0.0017411491584445,-0.0086455331412104,-0.0143266475644698,2172,0.0,0.0,0.0,177.3,0.0,0.0,0.0,5675,0.0,0.0,0.0
2024-04-18,426.75,272580.0,180777.0,436.5,590146.0,168928.0,-9.75,-0.0228471001756933,-15959.0,17499.0,-33458.0,1.070142309149454,0.4618857028599694,-0.0075581395348837,-0.0040840140023337,-0.0279043280182232,2172,0.0,0.0,0.0,177.3,0.0,0.0,0.0,5675,0.0,0.0,0.0
2024-04-19,432.75,259237.0,163574.0,442.5,601214.0,152758.0,-9.75,-0.022530329289376,-13343.0,11068.0,-24411.0,1.070804802367136,0.4311892271304386,0.0140597539543056,-0.0046003450258769,-0.0147979510529311,2172,0.0,0.0,0.0,177.3,0.0,0.0,0.0,5675,0.0,0.0,0.0
2024-04-22,439.0,229395.0,192556.0,449.75,625351.0,202243.0,-10.75,-0.0244874715261401,-29842.0,24137.0,-53979.0,0.95210217411727,0.3668259905237213,0.0144425187752743,0.0185614849187936,-0.0045351473922902,2172,0.0,0.0,0.0,177.3,0.0,0.0,0.0,5675,0.0,0.0,0.0
2024-04-23,443.0,197308.0,144096.0,452.5,638992.0,173811.0,-9.5,-0.0214446952595452,-32087.0,13641.0,-45728.0,0.82903843830367,0.308780078623832,0.0091116173120728,0.028438769587928,0.0091116173120728,2172,0.0,0.0,0.0,177.3,0.0,0.0,0.0,5675,0.0,0.0,0.0
2024-04-24,438.0,165819.0,161654.0,448.25,651825.0,228268.0,-10.25,-0.0234018264839648,-31489.0,12833.0,-44322.0,0.7081763541100781,0.2543918996663211,-0.0112866817155756,0.0186046511627906,0.0022883295194509,2172,0.0,0.0,0.0,177.3,0.0,0.0,0.0,5675,0.0,0.0,0.0
2024-04-25,440.25,140606.0,168023.0,451.75,671105.0,235154.0,-11.5,-0.0261215218625187,-25213.0,19280.0,-44493.0,0.7145232485945351,0.20951415948324,0.0051369863013699,0.031634446397188,0.0190972222222223,2172,0.0,0.0,0.0,177.3,0.0,0.0,0.0,5675,0.0,0.0,0.0
2024-04-26,439.0,74450.0,165048.0,450.0,686631.0,225497.0,-11.0,-0.0250569476081433,-66156.0,15526.0,-81682.0,0.7319299148103934,0.108427962034921,-0.002839295854628,0.0144425187752743,0.0293083235638922,2172,0.0,0.0,0.0,177.3,0.0,0.0,0.0,5675,0.0,0.0,0.0
2024-04-29,441.5,17713.0,117196.0,449.0,697341.0,211471.0,-7.5,-0.0169875424688176,-56737.0,10710.0,-67447.0,0.5541941921114453,0.0254007723624453,0.0056947608200454,0.0056947608200454,-0.001131221719457,2172,0.0,0.0,0.0,177.3,0.0,0.0,0.0,5675,0.0,0.0,0.0
2024-04-30,438.25,8257.0,14833.0,447.0,700144.0,149008.0,-8.75,-0.0199657729605933,-9456.0,2803.0,-12259.0,0.0995449908729726,0.0117932882378481,-0.0073612684031709,-0.0107223476297968,0.0057372346528972,2122,-50.0,-50.0,-4.898979485086263,177.3,0.0,0.0,0.0,5700,25.0,25.0,4.898979484606355
2024-05-01,437.0,6064.0,4184.0,450.0,705795.0,151383.0,-13.0,-0.0297482837527923,-2193.0,5651.0,-7844.0,0.0276385063051992,0.0085917298932409,-0.0028522532800913,-0.002283105022831,0.0216247808299239,2122,0.0,0.0,0.0,177.3,0.0,0.0,0.0,5700,0.0,0.0,0.0
2024-05-02,446.0,5072.0,2944.0,459.75,717704.0,240171.0,-13.75,-0.0308295964124869,-992.0,11909.0,-12901.0,0.0122579328894828,0.0070669802592712,0.0205949656750572,0.0130607609312889,0.0318102949681897,2122,0.0,0.0,0.0,177.3,0.0,0.0,0.0,5700,0.0,0.0,0.0
2024-05-03,446.0,3520.0,2540.0,460.0,695547.0,303314.0,-14.0,-0.0313901345290776,-1552.0,-22157.0,20605.0,0.0083741601113037,0.0050607651244272,0.0,0.0159453302961276,0.0241102181400689,2122,0.0,0.0,0.0,177.3,0.0,0.0,0.0,5700,0.0,0.0,0.0
2024-05-06,445.0,2361.0,1907.0,468.75,690098.0,248355.0,-23.75,-0.053370786516734,-1159.0,-5449.0,4290.0,0.0076785246924764,0.0034212532133117,-0.0022421524663677,0.0079275198187995,0.0265282583621684,2122,0.0,0.0,0.0,177.3,0.0,0.0,0.0,5700,0.0,0.0,0.0
2024-05-07,451.0,1544.0,1021.0,467.25,675805.0,208392.0,-16.25,-0.0360310421285232,-817.0,-14293.0,13476.0,0.0048994203232369,0.0022846827117289,0.0134831460674156,0.0290929834569309,0.0361860999425618,2122,0.0,0.0,0.0,177.3,0.0,0.0,0.0,5700,0.0,0.0,0.0
2024-05-08,430.0,1222.0,634.0,458.75,670427.0,221307.0,-28.75,-0.0668604651161235,-322.0,-5378.0,5056.0,0.0028647986733361,0.0018227189537414,-0.0465631929046562,-0.0160183066361555,-0.0028985507246376,2122,0.0,0.0,0.0,177.3,0.0,0.0,0.0,5700,0.0,0.0,0.0
2024-05-09,430.0,539.0,573.0,456.75,673757.0,184154.0,-26.75,-0.0622093023254367,-683.0,3330.0,-4013.0,0.003111526222618,0.000799991688398,0.0,-0.0358744394618834,-0.0086455331412104,2122,0.0,0.0,0.0,177.3,0.0,0.0,0.0,5700,0.0,0.0,0.0
2024-05-10,436.5,384.0,316.0,468.5,679724.0,245388.0,-32.0,-0.0733104238257198,-155.0,5967.0,-6122.0,0.0012877565325117,0.0005649351795728,0.0151162790697674,-0.0213004484304932,0.0186697782963827,2122,0.0,0.0,0.0,177.3,0.0,0.0,0.0,5700,0.0,0.0,0.0
2024-05-13,430.0,152.0,317.0,471.5,670323.0,269735.0,-41.5,-0.0965116279067523,-232.0,-9401.0,9169.0,0.0011752275381392,0.0002267563547722,-0.0148911798396333,-0.0337078651685393,-0.0109258194364577,2122,0.0,0.0,0.0,177.3,0.0,0.0,0.0,5700,0.0,0.0,0.0
2024-05-14,,56.0,27.0,467.75,662401.0,246243.0,,,-96.0,-7922.0,7826.0,0.0001096477869421,8.454093517370884e-05,0.0,-0.0465631929046562,-0.0023201856148491,2122,0.0,0.0,0.0,177.3,0.0,0.0,0.0,5700,0.0,0.0,0.0
2024-05-15,462.75,656302.0,222335.0,473.25,285374.0,53692.0,-10.5,-0.0226904376012475,656246.0,-377027.0,1033273.0,4.1409334723980455,2.299796057104003,0.0761627906976745,0.0761627906976745,0.0742890307603016,2122,0.0,0.0,0.0,177.3,0.0,0.0,0.0,5700,0.0,0.0,0.0
2024-05-16,457.25,666229.0,200532.0,467.5,287427.0,55014.0,-10.25,-0.0224166211043796,9927.0,2053.0,7874.0,3.6451085178317584,2.3179068076415845,-0.0118854673149648,0.0633720930232557,0.0633720930232557,2122,0.0,0.0,0.0,177.3,0.0,0.0,0.0,5700,0.0,0.0,0.0
2024-05-17,452.75,663442.0,217848.0,463.25,286816.0,81817.0,-10.5,-0.0231916068469946,-2787.0,-611.0,-2176.0,2.662625126807354,2.3131275800513142,-0.0098414434117003,0.0372279495990837,0.0609256004686584,2122,0.0,0.0,0.0,177.3,0.0,0.0,0.0,5700,0.0,0.0,0.0
2024-05-20,460.0,664185.0,185086.0,470.5,284853.0,49868.0,-10.5,-0.0228260869564721,743.0,-1963.0,2706.0,3.7115184085986264,2.3316763383218633,0.0160132523467697,0.069767441860465,0.0629693818601964,2122,0.0,0.0,0.0,177.3,0.0,0.0,0.0,5700,0.0,0.0,0.0
2024-05-21,458.0,658600.0,168069.0,468.5,290738.0,51251.0,-10.5,-0.0229257641920896,-5585.0,5885.0,-11470.0,3.27933113500218,2.2652697617786384,-0.0043478260869564,0.0651162790697674,0.0432801822323463,2122,0.0,0.0,0.0,177.3,0.0,0.0,0.0,5700,0.0,0.0,0.0
2024-05-22,461.0,649055.0,175899.0,470.0,290724.0,61301.0,-9.0,-0.0195227765726257,-9545.0,-14.0,-9531.0,2.8694311675176123,2.232547020541812,0.0065502183406114,-0.0037817396002161,0.0406320541760722,2122,0.0,0.0,0.0,177.3,0.0,0.0,0.0,5700,0.0,0.0,0.0
2024-05-23,464.5,644173.0,166864.0,473.5,293916.0,45834.0,-9.0,-0.0193756727663737,-4882.0,3192.0,-8074.0,3.640616136492481,2.191690823228398,0.007592190889371,0.0158556588299616,0.0605022831050228,2122,0.0,0.0,0.0,177.3,0.0,0.0,0.0,5700,0.0,0.0,0.0
2024-05-24,464.75,636180.0,169182.0,474.0,300945.0,59086.0,-9.25,-0.0199031737492847,-7993.0,7029.0,-15022.0,2.863317875638851,2.113941085580415,0.0005382131324003,0.026504693539481,0.0556501987507098,2122,0.0,0.0,0.0,177.3,0.0,0.0,0.0,5700,0.0,0.0,0.0
2024-05-28,463.0,637874.0,166128.0,472.0,308558.0,46479.0,-9.0,-0.019438444924364,1694.0,7613.0,-5919.0,3.574259342928988,2.0672742239708515,-0.0037654653039268,0.0065217391304348,0.0546697038724373,2122,0.0,0.0,0.0,177.3,0.0,0.0,0.0,5700,0.0,0.0,0.0
2024-05-29,455.5,639809.0,166319.0,465.25,321334.0,58607.0,-9.75,-0.0214050493962208,1935.0,12776.0,-10841.0,2.837869196512314,1.991102715554526,-0.0161987041036717,-0.0054585152838427,0.031710079275198,2122,0.0,0.0,0.0,177.3,0.0,0.0,0.0,5700,0.0,0.0,0.0
2024-05-30,448.75,644302.0,225176.0,457.25,332476.0,77150.0,-8.5,-0.0189415041782307,4493.0,11142.0,-6649.0,2.918677900194389,1.9378902537325944,-0.0148188803512623,-0.0265726681127982,0.0239589275527667,2122,0.0,0.0,0.0,177.3,0.0,0.0,0.0,5700,0.0,0.0,0.0
2024-05-31,446.0,645643.0,174860.0,454.0,343241.0,70748.0,-8.0,-0.0179372197309014,1341.0,10765.0,-9424.0,2.471589302877785,1.8810194586311024,-0.0061281337047354,-0.0398277717976318,0.0205949656750572,2102,-20.0,-20.0,-1.8473423826711262,181.0,3.6999999999999886,3.6999999999999886,4.898979479079869,5750,50.0,50.0,4.460032722788383
2024-06-03,443.0,656873.0,262804.0,449.25,358321.0,114865.0,-6.25,-0.0141083521444376,11230.0,15080.0,-3850.0,2.287938014190551,1.833197049572864,-0.0067264573991031,-0.0467993544916621,-0.0067264573991031,2102,0.0,0.0,0.0,181.0,0.0,0.0,0.0,5750,0.0,0.0,0.0
2024-06-04,442.0,644932.0,221274.0,448.0,371781.0,89333.0,-6.0,-0.0135746606334534,-11941.0,13460.0,-25401.0,2.476957003570881,1.734709412261515,-0.002257336343115,-0.0453563714902808,-0.0089686098654708,2102,0.0,0.0,0.0,181.0,0.0,0.0,0.0,5750,0.0,0.0,0.0
2024-06-05,439.0,645323.0,183305.0,445.5,381431.0,80968.0,-6.5,-0.0148063781320847,391.0,9650.0,-9259.0,2.263919079142349,1.6918472803731168,-0.006787330316742,-0.0362239297475301,-0.0134831460674157,2102,0.0,0.0,0.0,181.0,0.0,0.0,0.0,5750,0.0,0.0,0.0
2024-06-06,453.0,630884.0,261537.0,458.5,388318.0,96372.0,-5.5,-0.012141280353174,-14439.0,6887.0,-21326.0,2.713827667787296,1.6246581410081389,0.031890660592255,0.0094707520891363,0.0044345898004434,2102,0.0,0.0,0.0,181.0,0.0,0.0,0.0,5750,0.0,0.0,0.0
2024-06-07,448.75,596354.0,238072.0,454.75,393814.0,114924.0,-6.0,-0.0133704735375746,-34530.0,5496.0,-40026.0,2.071560335526069,1.5143037068260612,-0.0093818984547461,0.0061659192825112,0.0436046511627907,2102,0.0,0.0,0.0,181.0,0.0,0.0,0.0,5750,0.0,0.0,0.0
2024-06-10,451.0,543756.0,230930.0,455.25,412634.0,126902.0,-4.25,-0.0094235033259214,-52598.0,18820.0,-71418.0,1.8197506737482323,1.317768288604426,0.0050139275766016,0.0180586907449209,0.0488372093023254,2102,0.0,0.0,0.0,181.0,0.0,0.0,0.0,5750,0.0,0.0,0.0
2024-06-11,449.0,492869.0,271960.0,454.0,431786.0,155757.0,-5.0,-0.0111358574609996,-50887.0,19152.0,-70039.0,1.7460531468890532,1.1414659113542331,-0.0044345898004434,0.0158371040723981,0.0286368843069872,2102,0.0,0.0,0.0,181.0,0.0,0.0,0.0,5750,0.0,0.0,0.0
2024-06-12,453.0,442671.0,276468.0,455.0,456340.0,144560.0,-2.0,-0.0044150110375178,-50198.0,24554.0,-74752.0,1.9124792473713208,0.970046456589383,0.0089086859688196,0.031890660592255,0.0534883720930232,2102,0.0,0.0,0.0,181.0,0.0,0.0,0.0,5750,0.0,0.0,0.0
2024-06-13,458.0,396211.0,296248.0,463.0,487211.0,172683.0,-5.0,-0.0109170305676617,-46460.0,30871.0,-77331.0,1.7155597250453043,0.8132226078639423,0.011037527593819,0.011037527593819,0.0651162790697674,2102,0.0,0.0,0.0,181.0,0.0,0.0,0.0,5750,0.0,0.0,0.0
2024-06-14,448.75,365424.0,228388.0,455.0,497703.0,135417.0,-6.25,-0.0139275766016402,-30787.0,10492.0,-41279.0,1.6865533869454967,0.7342210113260303,-0.0201965065502183,0.0,-0.0302539168017288,2102,0.0,0.0,0.0,181.0,0.0,0.0,0.0,5750,0.0,0.0,0.0
2024-06-17,444.0,340196.0,172134.0,450.0,503238.0,87762.0,-6.0,-0.013513513513483,-25228.0,5535.0,-30763.0,1.9613728037191271,0.6760141324780706,-0.0105849582172702,-0.015521064301552,-0.0289775833788955,2102,0.0,0.0,0.0,181.0,0.0,0.0,0.0,5750,0.0,0.0,0.0
2024-06-18,448.0,302203.0,191652.0,453.75,509573.0,106453.0,-5.75,-0.0128348214285427,-37993.0,6335.0,-44328.0,1.8003438137018044,0.5930514371836801,0.0090090090090089,-0.0022271714922048,-0.0104914411927111,2102,0.0,0.0,0.0,181.0,0.0,0.0,0.0,5750,0.0,0.0,0.0
2024-06-20,439.75,276679.0,229750.0,444.75,516995.0,147816.0,-5.0,-0.0113700966457956,-25524.0,7422.0,-32946.0,1.5542972343995134,0.5351676515246753,-0.0184151785714286,-0.0292494481236202,-0.0440217391304348,2102,0.0,0.0,0.0,181.0,0.0,0.0,0.0,5750,0.0,0.0,0.0
2024-06-21,434.75,230150.0,217553.0,440.5,526545.0,163094.0,-5.75,-0.0132259919493657,-46529.0,9550.0,-56079.0,1.3339117318846718,0.4370946452819788,-0.0113700966458214,-0.050764192139738,-0.050764192139738,2102,0.0,0.0,0.0,181.0,0.0,0.0,0.0,5750,0.0,0.0,0.0
2024-06-24,433.0,177061.0,203582.0,439.5,538743.0,162494.0,-6.5,-0.0150115473440761,-53089.0,12198.0,-65287.0,1.2528585670855463,0.3286557783581404,-0.0040253018976422,-0.0350974930362116,-0.0607375271149674,2102,0.0,0.0,0.0,181.0,0.0,0.0,0.0,5750,0.0,0.0,0.0
2024-06-25,424.25,119349.0,172164.0,431.25,563969.0,177837.0,-7.0,-0.0164997053623653,-57712.0,25226.0,-82938.0,0.9681000016869328,0.2116233339066505,-0.0202078521939953,-0.0444819819819819,-0.0866523143164693,2102,0.0,0.0,0.0,181.0,0.0,0.0,0.0,5750,0.0,0.0,0.0
2024-06-26,420.0,68198.0,161453.0,425.25,590609.0,234606.0,-5.25,-0.0124999999999702,-51151.0,26640.0,-77791.0,0.6881878553830649,0.1154706413210768,-0.0100176782557454,-0.0625,-0.0962883270575578,2102,0.0,0.0,0.0,181.0,0.0,0.0,0.0,5750,0.0,0.0,0.0
2024-06-27,414.5,11636.0,142693.0,422.25,619566.0,257427.0,-7.75,-0.0186972255729343,-56562.0,28957.0,-85519.0,0.5543047155115798,0.018780888557474,-0.013095238095238,-0.0574189880613985,-0.1047516198704103,2102,0.0,0.0,0.0,181.0,0.0,0.0,0.0,5750,0.0,0.0,0.0
2024-06-28,397.25,3944.0,15899.0,408.5,616113.0,314602.0,-11.25,-0.0283196979231508,-7692.0,-3453.0,-4239.0,0.0505368688056654,0.0064014231155648,-0.0416164053075994,-0.0862564692351925,-0.1278814489571899,2102,0.0,0.0,0.0,181.0,0.0,0.0,0.0,5750,0.0,0.0,0.0
2024-07-01,392.25,2404.0,1731.0,407.5,615475.0,158704.0,-15.25,-0.0388782664116281,-1540.0,-638.0,-902.0,0.0109070974896662,0.0039059263170721,-0.0125865324103209,-0.0941108545034642,-0.1259052924791086,2102,0.0,0.0,0.0,181.0,0.0,0.0,0.0,5750,0.0,0.0,0.0
2024-07-02,388.75,1755.0,764.0,407.75,615160.0,121577.0,-19.0,-0.0488745980706138,-649.0,-315.0,-334.0,0.0062840833381313,0.0028529163144547,-0.0089228808158062,-0.0836770771950501,-0.1283632286995515,2102,0.0,0.0,0.0,181.0,0.0,0.0,0.0,5750,0.0,0.0,0.0
2024-07-03,398.0,1474.0,584.0,404.75,610631.0,110943.0,-6.75,-0.0169597989949322,-281.0,-4529.0,4248.0,0.005263964378104,0.0024138964448251,0.0237942122186494,-0.0523809523809524,-0.1015801354401806,2102,0.0,0.0,0.0,181.0,0.0,0.0,0.0,5750,0.0,0.0,0.0
2024-07-05,407.0,1235.0,398.0,410.25,609976.0,90317.0,-3.25,-0.0079852579852383,-239.0,-655.0,416.0,0.0044067008425877,0.002024669823075,0.0226130653266332,-0.0180940892641736,-0.079185520361991,2102,0.0,0.0,0.0,181.0,0.0,0.0,0.0,5750,0.0,0.0,0.0
2024-07-08,,732.0,666.0,393.5,619921.0,183880.0,,,-503.0,9945.0,-10448.0,0.0036219273439199,0.001180795617506,0.0,0.0245437382001258,-0.0728929384965831,2102,0.0,0.0,0.0,181.0,0.0,0.0,0.0,5750,0.0,0.0,0.0
2024-07-09,399.75,438.0,585.0,394.0,624539.0,158713.0,5.75,0.0143839899937101,-294.0,4618.0,-4912.0,0.0036858984456219,0.0007013172916343,-0.0178132678132678,0.0191204588910134,-0.1175496688741721,2102,0.0,0.0,0.0,181.0,0.0,0.0,0.0,5750,0.0,0.0,0.0
2024-07-10,399.75,168.0,214.0,395.5,626075.0,221922.0,4.25,0.0106316447779596,-270.0,1536.0,-1806.0,0.0009643027730463,0.0002683384578524,0.0,0.0282958199356913,-0.1091922005571031,2102,0.0,0.0,0.0,181.0,0.0,0.0,0.0,5750,0.0,0.0,0.0
2024-07-11,,78.0,65.0,400.0,616899.0,197071.0,,,-90.0,-9176.0,9086.0,0.0003298303657057,0.0001264388497955,0.0,0.004396984924623,-0.1136363636363636,2102,0.0,0.0,0.0,181.0,0.0,0.0,0.0,5750,0.0,0.0,0.0
2024-07-12,,111.0,125.0,402.25,606796.0,211323.0,,,33.0,-10103.0,10136.0,0.0005915115723323,0.0001829280351221,0.0,-0.0178132678132678,-0.1096881959910913,2102,0.0,0.0,0.0,181.0,0.0,0.0,0.0,5750,0.0,0.0,0.0
2024-07-15,390.5,601725.0,140155.0,403.0,662564.0,168499.0,-12.5,-0.0320102432777669,601614.0,55768.0,545846.0,0.8317853518418458,0.9081764176743666,-0.0231394621638524,-0.0405405405405405,-0.1379690949227373,2102,0.0,0.0,0.0,181.0,0.0,0.0,0.0,5750,0.0,0.0,0.0
2024-07-16,395.25,600450.0,133849.0,409.5,667345.0,146694.0,-14.25,-0.0360531309297,-1275.0,4781.0,-6056.0,0.9124367731468164,0.899759494714127,0.0121638924455826,-0.0112570356472795,-0.1370087336244541,2102,0.0,0.0,0.0,181.0,0.0,0.0,0.0,5750,0.0,0.0,0.0
2024-07-17,398.0,596891.0,115086.0,412.25,675209.0,136923.0,-14.25,-0.0358040201004125,-3559.0,7864.0,-11423.0,0.8405162025371864,0.8840092475070668,0.0069576217583806,-0.0043777360850532,-0.113091922005571,2102,0.0,0.0,0.0,181.0,0.0,0.0,0.0,5750,0.0,0.0,0.0
2024-07-18,391.0,591826.0,114790.0,405.75,676716.0,123126.0,-14.75,-0.0377237851661439,-5065.0,1507.0,-6572.0,0.9322969965726092,0.8745559437045956,-0.0175879396984924,-0.0218886804252658,-0.1193693693693693,2102,0.0,0.0,0.0,181.0,0.0,0.0,0.0,5750,0.0,0.0,0.0
2024-07-19,391.0,591097.0,111883.0,405.25,677470.0,113812.0,-14.25,-0.0364450127876305,-729.0,754.0,-1483.0,0.9830509963799864,0.8725065316545368,0.0,-0.0218886804252658,-0.1272321428571429,2102,0.0,0.0,0.0,181.0,0.0,0.0,0.0,5750,0.0,0.0,0.0
2024-07-22,399.75,588706.0,150907.0,414.75,679609.0,170637.0,-15.0,-0.0375234521575046,-2391.0,2139.0,-4530.0,0.8843744322743551,0.8662422069160343,0.0223785166240408,0.0236875800256082,-0.0909607731665719,2102,0.0,0.0,0.0,181.0,0.0,0.0,0.0,5750,0.0,0.0,0.0
2024-07-23,401.75,585918.0,143835.0,417.0,691420.0,175647.0,-15.25,-0.0379589296825439,-2788.0,11811.0,-14599.0,0.8188867444362795,0.8474125712302206,0.0050031269543464,0.0164452877925362,-0.0759056929269694,2102,0.0,0.0,0.0,181.0,0.0,0.0,0.0,5750,0.0,0.0,0.0
2024-07-24,402.5,582594.0,149625.0,418.0,698378.0,166658.0,-15.5,-0.0385093167700906,-3324.0,6958.0,-10282.0,0.8977966854276369,0.8342101268940304,0.0018668326073427,0.0113065326633166,-0.0704387990762124,2102,0.0,0.0,0.0,181.0,0.0,0.0,0.0,5750,0.0,0.0,0.0
2024-07-25,405.75,577434.0,119013.0,420.75,687955.0,155681.0,-15.0,-0.0369685767097055,-5160.0,-10423.0,5263.0,0.764467083330652,0.8393485038992363,0.0080745341614907,0.0377237851662404,-0.0436063641720683,2102,0.0,0.0,0.0,181.0,0.0,0.0,0.0,5750,0.0,0.0,0.0
2024-07-26,394.5,570595.0,154397.0,410.25,687322.0,161574.0,-15.75,-0.0399239543725223,-6839.0,-633.0,-6206.0,0.9555807246215298,0.8301713025336002,-0.0277264325323475,0.0089514066496163,-0.0607142857142857,2102,0.0,0.0,0.0,181.0,0.0,0.0,0.0,5750,0.0,0.0,0.0
2024-07-29,396.0,563259.0,142225.0,412.5,687433.0,169459.0,-16.5,-0.0416666666665614,-7336.0,111.0,-7447.0,0.8392885594745583,0.8193656690906592,0.0038022813688212,-0.0093808630393996,-0.0446320868516284,2102,0.0,0.0,0.0,181.0,0.0,0.0,0.0,5750,0.0,0.0,0.0
2024-07-30,387.75,560382.0,123321.0,404.75,692237.0,136869.0,-17.0,-0.0438426821404414,-2877.0,4804.0,-7681.0,0.9010148390066348,0.8095233279931572,-0.0208333333333333,-0.0348475420037336,-0.0239144115796098,2102,0.0,0.0,0.0,181.0,0.0,0.0,0.0,5750,0.0,0.0,0.0
2024-07-31,382.0,545904.0,156261.0,400.0,692422.0,207179.0,-18.0,-0.0471204188480441,-14478.0,185.0,-14663.0,0.7542318478224108,0.7883978267588251,-0.0148291424887169,-0.0509316770186335,-0.0261312938177182,2097,-5.0,-5.0,-4.898979480757102,181.0,0.0,0.0,0.0,5825,75.0,75.0,4.898979485246356
2024-08-01,382.0,539069.0,116742.0,399.5,691211.0,152322.0,-17.5,-0.0458115183244874,-6835.0,-1211.0,-5624.0,0.7664158821443996,0.779890655675328,0.0,-0.0585335797905114,-0.0173633440514469,2097,0.0,0.0,0.0,181.0,0.0,0.0,0.0,5825,0.0,0.0,0.0
2024-08-02,386.0,535497.0,113751.0,403.5,693136.0,150808.0,-17.5,-0.0453367875646493,-3572.0,1925.0,-5497.0,0.7542769614344017,0.7725713279933508,0.0104712041884815,-0.0215462610899873,-0.0301507537688442,2097,0.0,0.0,0.0,181.0,0.0,0.0,0.0,5825,0.0,0.0,0.0
2024-08-05,390.0,517731.0,157029.0,407.0,687361.0,172739.0,-17.0,-0.0435897435896318,-17766.0,-5775.0,-11991.0,0.909053543206798,0.7532155592185172,0.0103626943005181,-0.0151515151515151,-0.0417690417690417,2097,0.0,0.0,0.0,181.0,0.0,0.0,0.0,5825,0.0,0.0,0.0
2024-08-06,387.75,510290.0,107227.0,404.0,685866.0,135712.0,-16.25,-0.0419084461636572,-7441.0,-1495.0,-5946.0,0.7901069912756368,0.7440083048292221,-0.0057692307692307,0.0,-0.0472972972972972,2097,0.0,0.0,0.0,181.0,0.0,0.0,0.0,5825,0.0,0.0,0.0
2024-08-07,383.25,481320.0,199142.0,401.25,694427.0,207130.0,-18.0,-0.0469667318981162,-28970.0,8561.0,-37531.0,0.9614348476801964,0.6931182111294625,-0.011605415860735,0.0032722513089005,-0.0412757973733584,2097,0.0,0.0,0.0,181.0,0.0,0.0,0.0,5825,0.0,0.0,0.0
2024-08-08,379.0,462358.0,157714.0,396.5,698564.0,184321.0,-17.5,-0.0461741424800892,-18962.0,4137.0,-23099.0,0.8556485696149606,0.6618692059711054,-0.0110893672537508,-0.0078534031413612,-0.0519074421513445,2097,0.0,0.0,0.0,181.0,0.0,0.0,0.0,5825,0.0,0.0,0.0
2024-08-09,376.5,440799.0,157231.0,395.0,706215.0,182297.0,-18.5,-0.0491367861884485,-21559.0,7651.0,-29210.0,0.8624991085975038,0.624171109364711,-0.0065963060686016,-0.0246113989637305,-0.0581613508442776,2097,0.0,0.0,0.0,181.0,0.0,0.0,0.0,5825,0.0,0.0,0.0
2024-08-12,383.0,408939.0,203695.0,401.5,729367.0,295709.0,-18.5,-0.048302872062537,-31860.0,23152.0,-55012.0,0.6888359840248329,0.5606765866840691,0.0172642762284196,-0.0179487179487179,-0.0419011882426516,2097,0.0,0.0,0.0,181.0,0.0,0.0,0.0,5825,0.0,0.0,0.0
2024-08-13,377.25,389937.0,172577.0,397.0,745087.0,212080.0,-19.75,-0.0523525513583768,-19002.0,15720.0,-34722.0,0.8137353828743832,0.5233442537582852,-0.0150130548302872,-0.0270793036750484,-0.0339308578745198,2097,0.0,0.0,0.0,181.0,0.0,0.0,0.0,5825,0.0,0.0,0.0
2024-08-14,380.25,368456.0,125031.0,400.75,755455.0,175723.0,-20.5,-0.0539119000656044,-21481.0,10368.0,-31849.0,0.7115232496599722,0.4877272637020067,0.0079522862823062,-0.0078277886497064,-0.0379506641366224,2097,0.0,0.0,0.0,181.0,0.0,0.0,0.0,5825,0.0,0.0,0.0
2024-08-15,375.0,344356.0,151990.0,397.0,758203.0,217108.0,-22.0,-0.0586666666665102,-24100.0,2748.0,-26848.0,0.700066326436609,0.4541738821924992,-0.0138067061143983,-0.0105540897097625,-0.057788944723618,2097,0.0,0.0,0.0,181.0,0.0,0.0,0.0,5825,0.0,0.0,0.0
2024-08-16,369.75,330222.0,137465.0,392.0,766487.0,215487.0,-22.25,-0.0601757944555505,-14134.0,8284.0,-22418.0,0.6379271139326241,0.4308253108010958,-0.014,-0.0179282868525896,-0.0543478260869565,2097,0.0,0.0,0.0,181.0,0.0,0.0,0.0,5825,0.0,0.0,0.0
2024-08-19,378.0,303880.0,151084.0,400.25,766469.0,201011.0,-22.25,-0.0588624338622781,-26342.0,-18.0,-26324.0,0.7516205580789074,0.3964674370392013,0.0223123732251522,-0.0130548302872062,-0.0332480818414322,2097,0.0,0.0,0.0,181.0,0.0,0.0,0.0,5825,0.0,0.0,0.0
2024-08-20,375.0,288016.0,122507.0,398.0,773682.0,156422.0,-23.0,-0.0613333333331697,-15864.0,7213.0,-23077.0,0.7831826725140916,0.3722666418502687,-0.0079365079365079,-0.0059642147117295,-0.0619136960600374,2097,0.0,0.0,0.0,181.0,0.0,0.0,0.0,5825,0.0,0.0,0.0
2024-08-21,374.75,277239.0,96191.0,398.25,775235.0,148027.0,-23.5,-0.0627084723147092,-10777.0,1553.0,-12330.0,0.6498206408290336,0.3576193025340698,-0.0006666666666667,-0.0144641683103221,-0.0672059738643434,2097,0.0,0.0,0.0,181.0,0.0,0.0,0.0,5825,0.0,0.0,0.0
2024-08-22,370.5,250684.0,131932.0,393.25,783351.0,189304.0,-22.75,-0.061403508771764,-26555.0,8116.0,-34671.0,0.6969319190297052,0.3200149103020225,-0.0113408939292861,-0.012,-0.0795031055900621,2097,0.0,0.0,0.0,181.0,0.0,0.0,0.0,5825,0.0,0.0,0.0
2024-08-23,367.25,198825.0,138358.0,391.0,799221.0,190430.0,-23.75,-0.0646698434307292,-51859.0,15870.0,-67729.0,0.7265556897547617,0.2487734931889924,-0.0087719298245614,-0.006761325219743,-0.0948860135551448,2097,0.0,0.0,0.0,181.0,0.0,0.0,0.0,5825,0.0,0.0,0.0
2024-08-26,361.0,162944.0,143588.0,386.0,807238.0,251693.0,-25.0,-0.069252077562135,-35881.0,8017.0,-43898.0,0.5704886508563982,0.2018537283923697,-0.0170183798502382,-0.044973544973545,-0.0849176172370088,2097,0.0,0.0,0.0,181.0,0.0,0.0,0.0,5825,0.0,0.0,0.0
2024-08-27,366.0,114395.0,161618.0,392.25,810594.0,283622.0,-26.25,-0.0717213114752138,-48549.0,3356.0,-51905.0,0.5698359083568956,0.1411249034658532,0.0138504155124654,-0.024,-0.0757575757575758,2097,0.0,0.0,0.0,181.0,0.0,0.0,0.0,5825,0.0,0.0,0.0
2024-08-28,363.25,53327.0,160784.0,390.25,799755.0,270537.0,-27.0,-0.0743289745352392,-61068.0,-10839.0,-50229.0,0.5943142712457055,0.0666791704959643,-0.0075136612021857,-0.0306871247498332,-0.0631850419084462,2097,0.0,0.0,0.0,181.0,0.0,0.0,0.0,5825,0.0,0.0,0.0
2024-08-29,371.0,7178.0,100531.0,395.5,807931.0,236853.0,-24.5,-0.0660377358488786,-46149.0,8176.0,-54325.0,0.4244446977661232,0.0088844220607947,0.0213351686166551,0.001349527665317,-0.0287958115183245,2097,0.0,0.0,0.0,181.0,0.0,0.0,0.0,5825,0.0,0.0,0.0
2024-08-30,378.0,3702.0,6393.0,401.25,802870.0,187444.0,-23.25,-0.0615079365077737,-3476.0,-5061.0,1585.0,0.0341061863809989,0.0046109581875023,0.0188679245283018,0.0292716133424097,-0.0104712041884816,2097,0.0,0.0,0.0,181.0,0.0,0.0,0.0,5825,0.0,0.0,0.0
2024-09-03,376.25,1901.0,3017.0,408.75,797215.0,238850.0,-32.5,-0.0863787375412986,-1801.0,-5655.0,3854.0,0.0126313585932593,0.0023845512189309,-0.0046296296296296,0.0422437673130193,-0.0252590673575129,2073,-24.0,-24.0,-4.8381901186820615,183.1,2.0999999999999943,2.0999999999999943,4.8989794741377795,5825,0.0,0.0,0.0
2024-09-04,386.25,1231.0,1519.0,413.0,793671.0,205919.0,-26.75,-0.0692556634302414,-670.0,-3544.0,2874.0,0.0073766869497229,0.0015510205110177,0.0265780730897009,0.0553278688524589,-0.0096153846153845,2073,0.0,0.0,0.0,183.1,0.0,0.0,0.0,5825,0.0,0.0,0.0
2024-09-05,386.25,737.0,485.0,410.5,784991.0,162780.0,-24.25,-0.062783171520873,-494.0,-8680.0,8186.0,0.0029794815087848,0.0009388642672336,0.0,0.0633172746042669,-0.0038684719535783,2073,0.0,0.0,0.0,183.1,0.0,0.0,0.0,5825,0.0,0.0,0.0
2024-09-06,376.0,475.0,504.0,406.0,784244.0,174629.0,-30.0,-0.0797872340423409,-262.0,-747.0,485.0,0.0028861185713712,0.0006056788448493,-0.0265372168284789,0.0134770889487869,-0.0189171559034573,2073,0.0,0.0,0.0,183.1,0.0,0.0,0.0,5825,0.0,0.0,0.0
2024-09-09,378.0,310.0,381.0,407.0,782268.0,139745.0,-29.0,-0.0767195767193737,-165.0,-1976.0,1811.0,0.0027263945042756,0.0003962836265832,0.0053191489361701,0.0,-0.0026385224274406,2073,0.0,0.0,0.0,183.1,0.0,0.0,0.0,5825,0.0,0.0,0.0
2024-09-10,378.0,197.0,296.0,404.0,779858.0,132473.0,-26.0,-0.0687830687828868,-113.0,-2410.0,2297.0,0.0022344175794312,0.0002526100905549,0.0,0.0046511627906977,0.0039840637450199,2073,0.0,0.0,0.0,183.1,0.0,0.0,0.0,5825,0.0,0.0,0.0
2024-09-11,381.0,168.0,117.0,405.0,778588.0,156927.0,-24.0,-0.0629921259840866,-29.0,-1270.0,1241.0,0.0007455695960542,0.0002157752238667,0.0079365079365079,-0.0135922330097086,-0.0052219321148825,2073,0.0,0.0,0.0,183.1,0.0,0.0,0.0,5825,0.0,0.0,0.0
2024-09-12,360.0,65.0,123.0,406.5,775734.0,271824.0,-46.5,-0.1291666666663078,-103.0,-2854.0,2751.0,0.0004524986756136,8.379160897936653e-05,-0.0551181102362204,-0.0679611650485436,-0.0457256461232604,2073,0.0,0.0,0.0,183.1,0.0,0.0,0.0,5825,0.0,0.0,0.0
2024-09-13,,9.0,40.0,413.25,790357.0,229028.0,,,-56.0,14623.0,-14679.0,0.0001746511343591,1.1387259175284066e-05,0.0,-0.0425531914893616,-0.0532544378698225,2073,0.0,0.0,0.0,183.1,0.0,0.0,0.0,5825,0.0,0.0,0.0
2024-09-16,410.0,790622.0,150818.0,429.0,268726.0,53577.0,-19.0,-0.0463414634145211,790613.0,-521631.0,1312244.0,2.8149765757694007,2.942112039772843,0.1388888888888888,0.0846560846560846,0.0933333333333332,2073,0.0,0.0,0.0,183.1,0.0,0.0,0.0,5825,0.0,0.0,0.0
2024-09-17,412.0,788859.0,123973.0,430.0,269616.0,46857.0,-18.0,-0.0436893203882434,-1763.0,890.0,-2653.0,2.6457733102844263,2.9258612248531137,0.0048780487804878,0.08994708994709,0.1142663962136578,2073,0.0,0.0,0.0,183.1,0.0,0.0,0.0,5825,0.0,0.0,0.0
2024-09-18,412.0,794764.0,134644.0,430.25,275113.0,43227.0,-18.25,-0.0442961165047468,5905.0,5497.0,408.0,3.1148125014457837,2.8888638486730804,0.0,0.0813648293963253,0.08994708994709,2073,0.0,0.0,0.0,183.1,0.0,0.0,0.0,5825,0.0,0.0,0.0
2024-09-19,405.75,791138.0,166204.0,424.25,278598.0,60412.0,-18.5,-0.0455945779419701,-3626.0,3485.0,-7111.0,2.751175263192698,2.8397116992943134,-0.0151699029126213,0.1270833333333334,0.082,2073,0.0,0.0,0.0,183.1,0.0,0.0,0.0,5825,0.0,0.0,0.0
2024-09-20,401.75,789437.0,178231.0,419.75,288562.0,68392.0,-18.0,-0.0448039825761174,-1701.0,9964.0,-11665.0,2.6060211720668702,2.7357621585655676,-0.0098582871226124,0.1159722222222221,0.0720480320213474,2073,0.0,0.0,0.0,183.1,0.0,0.0,0.0,5825,0.0,0.0,0.0
2024-09-23,413.0,783858.0,228072.0,431.0,287451.0,59689.0,-18.0,-0.0435835351088533,-5579.0,-1111.0,-4468.0,3.821005545410314,2.726927371969474,0.0280024891101431,0.0073170731707317,0.1147098515519569,2073,0.0,0.0,0.0,183.1,0.0,0.0,0.0,5825,0.0,0.0,0.0
2024-09-24,411.75,787020.0,210496.0,430.25,293058.0,69004.0,-18.5,-0.0449301760776079,3162.0,5607.0,-2445.0,3.05048982667667,2.6855434760354515,-0.0030266343825665,-0.0006067961165048,0.1211708645336964,2073,0.0,0.0,0.0,183.1,0.0,0.0,0.0,5825,0.0,0.0,0.0
2024-09-25,415.0,774105.0,158957.0,432.75,295114.0,60585.0,-17.75,-0.0427710843372463,-12915.0,2056.0,-14971.0,2.62370223652715,2.623071084394496,0.00789313904068,0.0072815533980583,0.1495844875346259,2073,0.0,0.0,0.0,183.1,0.0,0.0,0.0,5825,0.0,0.0,0.0
2024-09-26,413.25,780378.0,204872.0,431.0,296194.0,75196.0,-17.75,-0.0429522081063691,6273.0,1080.0,5193.0,2.72450662269266,2.6346853751257533,-0.0042168674698794,0.0184842883548983,0.1290983606557376,2073,0.0,0.0,0.0,183.1,0.0,0.0,0.0,5825,0.0,0.0,0.0
2024-09-27,417.25,769606.0,218578.0,434.0,302984.0,80136.0,-16.75,-0.0401437986817492,-10772.0,6790.0,-17562.0,2.7275881002295757,2.540087925434998,0.0096793708408953,0.0385812072184195,0.1486579490708879,2073,0.0,0.0,0.0,183.1,0.0,0.0,0.0,5825,0.0,0.0,0.0
2024-09-30,424.0,770713.0,272926.0,440.0,304578.0,91078.0,-16.0,-0.0377358490565147,1107.0,1594.0,-487.0,2.996618283229726,2.5304289869918297,0.0161773517076093,0.026634382566586,0.1428571428571428,2057,-16.0,-16.0,-2.773694249240978,183.6,0.5,0.5,1.1459865226441337,5825,0.0,0.0,0.0
2024-10-01,428.25,763499.0,262757.0,445.0,314175.0,108872.0,-16.75,-0.0391126678341176,-7214.0,9597.0,-16811.0,2.413448820633382,2.4301710829951384,0.0100235849056604,0.0400728597449908,0.1329365079365079,2057,0.0,0.0,0.0,183.6,0.0,0.0,0.0,5825,0.0,0.0,0.0
2024-10-02,431.5,768074.0,239747.0,449.0,321898.0,99767.0,-17.5,-0.0405561993046568,4575.0,7723.0,-3148.0,2.4030691511220903,2.3860788199988745,0.0075890251021599,0.0397590361445783,0.146843853820598,2057,0.0,0.0,0.0,183.6,0.0,0.0,0.0,5825,0.0,0.0,0.0
2024-10-03,427.5,766116.0,181331.0,445.0,326876.0,56802.0,-17.5,-0.0409356725145241,-1958.0,4978.0,-6936.0,3.192334776944418,2.3437511472240167,-0.0092699884125144,0.0344827586206897,0.1067961165048543,2057,0.0,0.0,0.0,183.6,0.0,0.0,0.0,5825,0.0,0.0,0.0
2024-10-04,425.0,745402.0,165354.0,442.0,326688.0,51141.0,-17.0,-0.0399999999999058,-20714.0,-188.0,-20526.0,3.2332961811461796,2.2816938485649847,-0.0058479532163743,0.0185739964050328,0.1003236245954692,2057,0.0,0.0,0.0,183.6,0.0,0.0,0.0,5825,0.0,0.0,0.0
2024-10-07,426.25,735558.0,161439.0,443.0,331988.0,61891.0,-16.75,-0.0392961876831922,-9844.0,5300.0,-15144.0,2.6084406456511835,2.215616227092539,0.0029411764705882,0.0053066037735849,0.1336436170212767,2057,0.0,0.0,0.0,183.6,0.0,0.0,0.0,5825,0.0,0.0,0.0
2024-10-08,420.25,731486.0,229659.0,437.75,344084.0,108529.0,-17.5,-0.0416418798333333,-4072.0,12096.0,-16168.0,2.1161072155829124,2.125893677125347,-0.0140762463343108,-0.0186806771745475,0.1117724867724867,2057,0.0,0.0,0.0,183.6,0.0,0.0,0.0,5825,0.0,0.0,0.0
2024-10-09,421.0,729095.0,148815.0,438.25,343664.0,73814.0,-17.25,-0.0409738717338694,-2391.0,-420.0,-1971.0,2.0160809602514154,2.121534405698583,0.0017846519928614,-0.0243337195828504,0.1137566137566137,2057,0.0,0.0,0.0,183.6,0.0,0.0,0.0,5825,0.0,0.0,0.0
2024-10-10,418.25,731988.0,171360.0,436.0,355464.0,75221.0,-17.75,-0.0424387328152003,2893.0,11800.0,-8907.0,2.278087236277073,2.059246505975283,-0.0065320665083135,-0.0216374269005847,0.097769028871391,2057,0.0,0.0,0.0,183.6,0.0,0.0,0.0,5825,0.0,0.0,0.0
2024-10-11,416.25,731177.0,224069.0,433.0,359323.0,90250.0,-16.75,-0.0402402402401435,-811.0,3859.0,-4670.0,2.4827590027700555,2.0348739156691833,-0.0047818290496114,-0.0205882352941176,0.15625,2057,0.0,0.0,0.0,183.6,0.0,0.0,0.0,5825,0.0,0.0,0.0
2024-10-14,408.0,741732.0,257782.0,424.25,368176.0,127701.0,-16.25,-0.0398284313724514,10555.0,8853.0,1702.0,2.0186372855341617,2.0146125765937977,-0.0198198198198198,-0.0428152492668622,0.1333333333333333,2057,0.0,0.0,0.0,183.6,0.0,0.0,0.0,5825,0.0,0.0,0.0
2024-10-15,401.25,754065.0,305403.0,418.0,372497.0,156923.0,-16.75,-0.0417445482865003,12333.0,4321.0,8012.0,1.9461965422531944,2.0243518739748185,-0.0165441176470588,-0.0452111838191552,-0.0213414634146341,2057,0.0,0.0,0.0,183.6,0.0,0.0,0.0,5825,0.0,0.0,0.0
2024-10-16,404.5,756853.0,214285.0,420.0,386686.0,97243.0,-15.5,-0.0383189122372353,2788.0,14189.0,-11401.0,2.2036033441995597,1.9572805842466448,0.0080996884735202,-0.0391923990498812,-0.0182038834951456,2057,0.0,0.0,0.0,183.6,0.0,0.0,0.0,5825,0.0,0.0,0.0
2024-10-17,406.75,755132.0,255482.0,421.0,391954.0,123123.0,-14.25,-0.0350338045481621,-1721.0,5268.0,-6989.0,2.0750144164778144,1.9265832215004772,0.0055624227441286,-0.0274955170352659,-0.0127427184466019,2057,0.0,0.0,0.0,183.6,0.0,0.0,0.0,5825,0.0,0.0,0.0
2024-10-18,404.0,749701.0,193538.0,418.75,391958.0,90708.0,-14.75,-0.0365099009900086,-5431.0,4.0,-5435.0,2.133637606385301,1.912707483965114,-0.0067609096496619,-0.0294294294294293,-0.0043130006161429,2057,0.0,0.0,0.0,183.6,0.0,0.0,0.0,5825,0.0,0.0,0.0
2024-10-21,409.0,750384.0,241760.0,422.75,405513.0,100157.0,-13.75,-0.0336185819070082,683.0,13555.0,-12872.0,2.413810317801028,1.8504560889539872,0.0123762376237623,0.0024509803921568,0.0180460485376476,2057,0.0,0.0,0.0,183.6,0.0,0.0,0.0,5825,0.0,0.0,0.0
2024-10-22,416.5,747736.0,267224.0,429.0,424231.0,124172.0,-12.5,-0.0300120048018487,-2648.0,18718.0,-21366.0,2.152047160390409,1.762568034867792,0.0183374083129583,0.0380062305295949,0.0084745762711864,2057,0.0,0.0,0.0,183.6,0.0,0.0,0.0,5825,0.0,0.0,0.0
2024-10-23,418.75,747184.0,246005.0,431.75,437875.0,121702.0,-13.0,-0.0310447761193288,-552.0,13644.0,-14196.0,2.021371875564888,1.7063865258349946,0.0054021608643457,0.0352286773794807,0.0170006071645416,2057,0.0,0.0,0.0,183.6,0.0,0.0,0.0,5825,0.0,0.0,0.0
2024-10-24,421.0,736366.0,287987.0,435.0,445989.0,145630.0,-14.0,-0.0332541567695172,-10818.0,8114.0,-18932.0,1.9775252351850443,1.6510855648906102,0.0053731343283582,0.0350338045482483,0.0144578313253012,2057,0.0,0.0,0.0,183.6,0.0,0.0,0.0,5825,0.0,0.0,0.0
2024-10-25,415.5,729535.0,247609.0,429.5,445421.0,135638.0,-14.0,-0.0336943441635771,-6831.0,-568.0,-6263.0,1.8255134991668869,1.63785497316022,-0.0130641330166271,0.0284653465346533,0.0054446460980035,2057,0.0,0.0,0.0,183.6,0.0,0.0,0.0,5825,0.0,0.0,0.0
2024-10-28,410.25,724007.0,251359.0,424.75,455798.0,151513.0,-14.5,-0.0353443022546365,-5528.0,10377.0,-15905.0,1.6589929576999884,1.588438299422109,-0.0126353790613717,0.0030562347188263,-0.0167765128819652,2057,0.0,0.0,0.0,183.6,0.0,0.0,0.0,5825,0.0,0.0,0.0
2024-10-29,413.5,712894.0,197431.0,426.75,460994.0,101919.0,-13.25,-0.0320435308342635,-11113.0,5196.0,-16309.0,1.9371363533786443,1.546427936155348,0.0079219987812308,-0.007202881152461,-0.0247641509433962,2057,0.0,0.0,0.0,183.6,0.0,0.0,0.0,5825,0.0,0.0,0.0
2024-10-30,411.25,706835.0,170092.0,425.75,465717.0,85342.0,-14.5,-0.0352583586625282,-6059.0,4723.0,-10782.0,1.9930632045182677,1.5177350193357737,-0.0054413542926239,-0.0179104477611939,-0.0396964389959135,2057,0.0,0.0,0.0,183.6,0.0,0.0,0.0,5825,0.0,0.0,0.0
2024-10-31,411.0,690634.0,238814.0,426.0,459267.0,151615.0,-15.0,-0.0364963503648747,-16201.0,-6450.0,-9751.0,1.575134386439326,1.5037744928331418,-0.0006079027355623,-0.0237529691211401,-0.0475086906141367,1999,-58.0,-58.0,-4.776113727924954,183.8,0.20000000000001705,0.20000000000001705,1.8473423657785304,5825,0.0,0.0,0.0
2024-11-01,414.25,687117.0,197406.0,428.75,471903.0,105048.0,-14.5,-0.0350030175014242,-3517.0,12636.0,-16153.0,1.8791980808772952,1.4560555876949255,0.0079075425790753,-0.0030084235860409,-0.0309941520467835,1999,0.0,0.0,0.0,183.8,0.0,0.0,0.0,5825,0.0,0.0,0.0
2024-11-04,416.25,671250.0,219138.0,430.0,473988.0,112143.0,-13.75,-0.0330330330329536,-15867.0,2085.0,-17952.0,1.9540943259944716,1.4161750930403272,0.0048280024140012,0.0146252285191956,-0.0205882352941176,1999,0.0,0.0,0.0,183.8,0.0,0.0,0.0,5825,0.0,0.0,0.0
2024-11-05,418.25,654158.0,167928.0,431.5,477309.0,80448.0,-13.25,-0.0316796174536002,-17092.0,3321.0,-20413.0,2.0874105011932915,1.370512602946935,0.0048048048048048,0.0114873035066505,-0.0187683284457478,1999,0.0,0.0,0.0,183.8,0.0,0.0,0.0,5825,0.0,0.0,0.0
2024-11-06,426.0,644100.0,283193.0,438.75,480468.0,124895.0,-12.75,-0.0299295774647184,-10058.0,3159.0,-13217.0,2.2674486568717542,1.3405679462524012,0.0185295875672444,0.0358662613981763,0.0136823319452705,1999,0.0,0.0,0.0,183.8,0.0,0.0,0.0,5825,0.0,0.0,0.0
2024-11-07,428.0,611209.0,310584.0,440.25,493200.0,186635.0,-12.25,-0.0286214953270359,-32891.0,12732.0,-45623.0,1.6641251640903278,1.2392721005677183,0.0046948356807512,0.0413625304136253,0.0166270783847981,1999,0.0,0.0,0.0,183.8,0.0,0.0,0.0,5825,0.0,0.0,0.0
2024-11-08,431.0,590371.0,347310.0,443.5,510713.0,222605.0,-12.5,-0.0290023201855475,-20838.0,17513.0,-38351.0,1.560207542508023,1.1559740989557714,0.0070093457943924,0.04043452021726,0.030484160191273,1999,0.0,0.0,0.0,183.8,0.0,0.0,0.0,5825,0.0,0.0,0.0
2024-11-11,429.5,543747.0,250205.0,442.75,531025.0,168405.0,-13.25,-0.030849825378275,-46624.0,20312.0,-66936.0,1.4857337965024704,1.0239574407984535,-0.0034802784222738,0.0318318318318318,0.0318318318318318,1999,0.0,0.0,0.0,183.8,0.0,0.0,0.0,5825,0.0,0.0,0.0
2024-11-12,429.0,518244.0,250503.0,440.0,546859.0,170400.0,-11.0,-0.0256410256409658,-25503.0,15834.0,-41337.0,1.4700880281690056,0.9476738976591754,-0.0011641443538998,0.0257023311416617,0.0514705882352941,1999,0.0,0.0,0.0,183.8,0.0,0.0,0.0,5825,0.0,0.0,0.0
2024-11-13,426.0,478864.0,235165.0,437.0,579340.0,172933.0,-11.0,-0.0258215962440708,-39380.0,32481.0,-71861.0,1.3598619118386812,0.8265681637725673,-0.0069930069930069,0.0,0.0616822429906542,1999,0.0,0.0,0.0,183.8,0.0,0.0,0.0,5825,0.0,0.0,0.0
2024-11-14,418.75,455774.0,292267.0,430.0,592033.0,190127.0,-11.25,-0.0268656716417268,-23090.0,12693.0,-35783.0,1.53721985830523,0.7698455998229815,-0.017018779342723,-0.0216121495327102,0.0352286773794807,1999,0.0,0.0,0.0,183.8,0.0,0.0,0.0,5825,0.0,0.0,0.0
2024-11-15,423.75,438710.0,218570.0,435.0,608802.0,149876.0,-11.25,-0.026548672566309,-17064.0,16769.0,-33833.0,1.4583388934852717,0.7206119559396967,0.0119402985074625,-0.0168213457076565,0.0417947141979102,1999,0.0,0.0,0.0,183.8,0.0,0.0,0.0,5825,0.0,0.0,0.0
2024-11-18,428.75,413176.0,190964.0,439.0,620186.0,149251.0,-10.25,-0.0239067055393028,-25534.0,11384.0,-36918.0,1.2794822145245173,0.6662130393140111,0.0117994100294984,-0.0017462165308498,0.0612623762376238,1999,0.0,0.0,0.0,183.8,0.0,0.0,0.0,5825,0.0,0.0,0.0
2024-11-19,427.25,385585.0,215160.0,437.0,638444.0,165885.0,-9.75,-0.0228203627852011,-27591.0,18258.0,-45849.0,1.2970431322904343,0.603944903546747,-0.0034985422740524,-0.004079254079254,0.0446210268948654,1999,0.0,0.0,0.0,183.8,0.0,0.0,0.0,5825,0.0,0.0,0.0
2024-11-20,430.25,361594.0,224875.0,440.0,658108.0,184194.0,-9.75,-0.0226612434630501,-23991.0,19664.0,-43655.0,1.220859528540554,0.5494447719827132,0.0070216500877706,0.0099765258215962,0.0330132052821128,1999,0.0,0.0,0.0,183.8,0.0,0.0,0.0,5825,0.0,0.0,0.0
2024-11-21,427.0,326876.0,187445.0,436.0,672414.0,184039.0,-9.0,-0.0210772833723159,-34718.0,14306.0,-49024.0,1.0185069468971195,0.4861231324749328,-0.0075537478210342,0.0197014925373133,0.0197014925373133,1999,0.0,0.0,0.0,183.8,0.0,0.0,0.0,5825,0.0,0.0,0.0
2024-11-22,426.0,267939.0,159873.0,435.25,695076.0,175792.0,-9.25,-0.0217136150234232,-58937.0,22662.0,-81599.0,0.9094441157731814,0.3854815876249498,-0.0023419203747072,0.0053097345132744,0.0118764845605701,1999,0.0,0.0,0.0,183.8,0.0,0.0,0.0,5825,0.0,0.0,0.0
2024-11-25,424.75,174062.0,226269.0,433.0,717989.0,271395.0,-8.25,-0.0194231901117847,-93877.0,22913.0,-116790.0,0.8337257502901644,0.2424298979510824,-0.0029342723004694,-0.0093294460641399,0.0222623345367027,1999,0.0,0.0,0.0,183.8,0.0,0.0,0.0,5825,0.0,0.0,0.0
2024-11-26,419.5,89422.0,210241.0,427.5,752049.0,323713.0,-8.0,-0.0190703218116351,-84640.0,34060.0,-118700.0,0.6494672750244795,0.1189044862768248,-0.0123602118893466,-0.0181392627267408,0.0225472273004265,1999,0.0,0.0,0.0,183.8,0.0,0.0,0.0,5825,0.0,0.0,0.0
2024-11-27,414.5,17675.0,145009.0,427.75,789048.0,264979.0,-13.25,-0.0319662243666297,-71747.0,36999.0,-108746.0,0.5472471403394211,0.022400411635287,-0.0119189511323003,-0.0366066240557815,0.0024183796856105,1999,0.0,0.0,0.0,183.8,0.0,0.0,0.0,5825,0.0,0.0,0.0
2024-11-29,420.0,12409.0,7903.0,433.0,788186.0,124100.0,-13.0,-0.0309523809523072,-5266.0,-862.0,-4404.0,0.0636825141015305,0.0157437457655933,0.0132689987937273,-0.0163934426229508,0.0212765957446807,1999,0.0,0.0,0.0,183.8,0.0,0.0,0.0,5825,0.0,0.0,0.0
2024-12-02,424.0,9402.0,3895.0,433.0,785925.0,173212.0,-9.0,-0.0212264150942895,-3007.0,-2261.0,-746.0,0.0224868946724244,0.0119629735661799,0.0095238095238094,-0.0046948356807511,0.0316301703163017,1938,-61.0,-61.0,-3.6299911676948913,183.1,-0.700000000000017,-0.700000000000017,-4.657301451313474,5825,0.0,0.0,0.0
2024-12-03,421.0,6416.0,4091.0,432.25,795460.0,150614.0,-11.25,-0.0267220902612191,-2986.0,9535.0,-12521.0,0.0271621496009665,0.008065773263269,-0.0070754716981131,-0.0088287227781047,0.016294508147254,1938,0.0,0.0,0.0,183.1,0.0,0.0,0.0,5825,0.0,0.0,0.0
2024-12-04,420.0,4913.0,1723.0,429.75,791507.0,138433.0,-9.75,-0.0232142857142304,-1503.0,-3953.0,2450.0,0.0124464542414018,0.0062071466203078,-0.002375296912114,0.0011918951132301,0.0090090090090089,1938,0.0,0.0,0.0,183.1,0.0,0.0,0.0,5825,0.0,0.0,0.0
2024-12-05,426.5,3579.0,2566.0,435.75,785976.0,164265.0,-9.25,-0.0216881594372293,-1334.0,-5531.0,4197.0,0.0156211000517455,0.004553574154936,0.0154761904761904,0.0289505428226779,0.0197250448296473,1938,0.0,0.0,0.0,183.1,0.0,0.0,0.0,5825,0.0,0.0,0.0
2024-12-06,425.0,2669.0,1372.0,439.75,800470.0,216789.0,-14.75,-0.0347058823528595,-910.0,14494.0,-15404.0,0.006328734391505,0.0033342911039764,-0.003516998827667,0.0119047619047618,-0.0023474178403756,1938,0.0,0.0,0.0,183.1,0.0,0.0,0.0,5825,0.0,0.0,0.0
2024-12-09,431.0,1603.0,1586.0,441.0,798843.0,228237.0,-10.0,-0.023201856148438,-1066.0,-1627.0,561.0,0.0069489171343822,0.0020066521206294,0.0141176470588235,0.0165094339622642,0.0070093457943924,1938,0.0,0.0,0.0,183.1,0.0,0.0,0.0,5825,0.0,0.0,0.0
2024-12-10,438.0,657.0,1685.0,448.5,804784.0,296082.0,-10.5,-0.0239726027396712,-946.0,5941.0,-6887.0,0.0056909910092474,0.0008163681186504,0.0162412993039442,0.0403800475059381,0.0162412993039442,1938,0.0,0.0,0.0,183.1,0.0,0.0,0.0,5825,0.0,0.0,0.0
2024-12-11,435.25,319.0,570.0,447.75,807644.0,265284.0,-12.5,-0.028719126938475,-338.0,2860.0,-3198.0,0.00214864070204,0.0003949760042791,-0.0062785388127853,0.0363095238095239,0.0133876600698485,1938,0.0,0.0,0.0,183.1,0.0,0.0,0.0,5825,0.0,0.0,0.0
2024-12-12,421.5,189.0,334.0,443.5,801600.0,224320.0,-22.0,-0.0521945432976223,-130.0,-6044.0,5914.0,0.0014889443651925,0.0002357784431137,-0.0315910396323951,-0.0117233294255568,-0.0174825174825175,1938,0.0,0.0,0.0,183.1,0.0,0.0,0.0,5825,0.0,0.0,0.0
2024-12-13,,43.0,17.0,442.25,793751.0,170867.0,,,-146.0,-7849.0,7703.0,9.949258780220815e-05,5.4173160096806104e-05,0.0,-0.008235294117647,-0.0105633802816901,1938,0.0,0.0,0.0,183.1,0.0,0.0,0.0,5825,0.0,0.0,0.0
2024-12-16,445.0,789079.0,157167.0,451.5,273269.0,42915.0,-6.5,-0.0146067415730008,789036.0,-520482.0,1309518.0,3.662285914015994,2.887554021861233,0.055753262158956,0.0324825986078887,0.0626865671641792,1938,0.0,0.0,0.0,183.1,0.0,0.0,0.0,5825,0.0,0.0,0.0
2024-12-17,443.5,778582.0,164416.0,449.75,274326.0,51033.0,-6.25,-0.0140924464486717,-10497.0,1057.0,-11554.0,3.2217584700095387,2.8381633530908377,-0.0033707865168539,0.0125570776255707,0.0466076696165191,1938,0.0,0.0,0.0,183.1,0.0,0.0,0.0,5825,0.0,0.0,0.0
2024-12-18,437.5,773388.0,176178.0,443.75,275616.0,44396.0,-6.25,-0.0142857142856816,-5194.0,1290.0,-6484.0,3.9683304802233543,2.806034482758611,-0.0135287485907553,0.0051694428489375,0.0204081632653061,1938,0.0,0.0,0.0,183.1,0.0,0.0,0.0,5825,0.0,0.0,0.0
2024-12-19,440.25,775208.0,182519.0,446.0,276478.0,54082.0,-5.75,-0.0130607609312593,1820.0,862.0,958.0,3.37485669908651,2.803868662244364,0.0062857142857142,0.0444839857651244,0.0304271503803392,1938,0.0,0.0,0.0,183.1,0.0,0.0,0.0,5825,0.0,0.0,0.0
2024-12-20,446.0,773714.0,191422.0,451.25,274442.0,47534.0,-5.25,-0.0117713004484041,-1494.0,-2036.0,542.0,4.027054319013674,2.8192259202308585,0.0130607609312889,0.0581257413997626,0.0366066240557814,1938,0.0,0.0,0.0,183.1,0.0,0.0,0.0,5825,0.0,0.0,0.0
2024-12-23,447.5,773308.0,132878.0,453.0,276236.0,38337.0,-5.5,-0.0122905027932686,-406.0,1794.0,-2200.0,3.4660510733755,2.7994468497950926,0.0033632286995515,0.0056179775280897,0.0480093676814987,1938,0.0,0.0,0.0,183.1,0.0,0.0,0.0,5825,0.0,0.0,0.0
2024-12-24,448.25,765553.0,88153.0,453.0,275634.0,42256.0,-4.75,-0.0105967651979685,-7755.0,-602.0,-7153.0,2.0861652783036235,2.777425861831259,0.0016759776536312,0.0107102593010146,0.0522300469483567,1938,0.0,0.0,0.0,183.1,0.0,0.0,0.0,5825,0.0,0.0,0.0
2024-12-26,453.5,765265.0,176165.0,457.5,280183.0,48769.0,-4.0,-0.0088202866592969,-288.0,4549.0,-4837.0,3.612233180914032,2.731304183337309,0.0117122141662018,0.0365714285714284,0.0676868746321366,1938,0.0,0.0,0.0,183.1,0.0,0.0,0.0,5825,0.0,0.0,0.0
2024-12-27,453.5,749899.0,162024.0,460.75,290183.0,53865.0,-7.25,-0.0159867695699757,-15366.0,10000.0,-25366.0,3.007964355332721,2.5842278837836727,0.0,0.0300965360590572,0.0810488676996423,1938,0.0,0.0,0.0,183.1,0.0,0.0,0.0,5825,0.0,0.0,0.0
2024-12-30,452.5,743912.0,217069.0,460.0,294749.0,71065.0,-7.5,-0.0165745856353224,-5987.0,4566.0,-10553.0,3.0545134735804815,2.5238830326820363,-0.002205071664829,0.0145739910313902,0.0916767189384801,1938,0.0,0.0,0.0,183.1,0.0,0.0,0.0,5825,0.0,0.0,0.0
2024-12-31,458.25,746247.0,172882.0,465.75,300407.0,53677.0,-7.5,-0.0163666121112572,2335.0,5658.0,-3323.0,3.2207835758331647,2.4841198773663646,0.0127071823204418,0.024022346368715,0.0910714285714284,1738,-200.0,-200.0,-4.743779860836466,183.1,0.0,0.0,0.0,5825,0.0,0.0,0.0
2025-01-02,459.5,743840.0,163449.0,467.0,304171.0,55292.0,-7.5,-0.0163220892273855,-2407.0,3764.0,-6171.0,2.9561057657526777,2.445466530339834,0.0027277686852154,0.0250976017847184,0.0837264150943395,1738,0.0,0.0,0.0,183.1,0.0,0.0,0.0,5825,0.0,0.0,0.0
2025-01-03,450.75,726805.0,199340.0,458.25,303542.0,45256.0,-7.5,-0.0166389351081161,-17035.0,-629.0,-16406.0,4.404719816156876,2.3944132937122298,-0.0190424374319913,-0.00606394707828,0.0706650831353918,1738,0.0,0.0,0.0,183.1,0.0,0.0,0.0,5825,0.0,0.0,0.0
2025-01-06,456.5,720713.0,227403.0,464.25,316130.0,74520.0,-7.75,-0.0169769989046725,-6092.0,12588.0,-18680.0,3.0515700483091375,2.2797994495935145,0.0127565169162506,0.0066152149944873,0.0869047619047618,1738,0.0,0.0,0.0,183.1,0.0,0.0,0.0,5825,0.0,0.0,0.0
2025-01-07,458.0,718953.0,211629.0,465.0,319031.0,67746.0,-7.0,-0.0152838427947264,-1760.0,2901.0,-4661.0,3.12385971127442,2.253552162642495,0.0032858707557503,0.0121546961325966,0.0738569753810081,1738,0.0,0.0,0.0,183.1,0.0,0.0,0.0,5825,0.0,0.0,0.0
2025-01-08,453.75,706036.0,192588.0,462.0,332705.0,87037.0,-8.25,-0.0181818181817781,-12917.0,13674.0,-26591.0,2.2127141330698183,2.12210817390781,-0.0092794759825327,-0.0098199672667758,0.0676470588235294,1738,0.0,0.0,0.0,183.1,0.0,0.0,0.0,5825,0.0,0.0,0.0
2025-01-09,456.25,696482.0,157712.0,465.0,333996.0,66201.0,-8.75,-0.0191780821917387,-9554.0,1291.0,-10845.0,2.382320508753608,2.085300422759548,0.0055096418732782,-0.0070729053318824,0.0585846867749419,1738,0.0,0.0,0.0,183.1,0.0,0.0,0.0,5825,0.0,0.0,0.0
2025-01-10,470.5,725603.0,467086.0,479.0,356926.0,209013.0,-8.5,-0.0180658873538404,29121.0,22930.0,6191.0,2.2347222421571757,2.032922790718519,0.0312328767123286,0.0438158624514697,0.0742009132420091,1738,0.0,0.0,0.0,183.1,0.0,0.0,0.0,5825,0.0,0.0,0.0
2025-01-13,475.75,724076.0,376883.0,485.75,380066.0,183530.0,-10.0,-0.0210194429847167,-1527.0,23140.0,-24667.0,2.053522584863499,1.9051322665010764,0.0111583421891605,0.0421686746987952,0.093049971280873,1738,0.0,0.0,0.0,183.1,0.0,0.0,0.0,5825,0.0,0.0,0.0
2025-01-14,474.25,717966.0,278017.0,484.25,394637.0,131176.0,-10.0,-0.0210859251449212,-6110.0,14571.0,-20681.0,2.1194197109227138,1.8193073634757972,-0.003152916447714,0.0354803493449782,0.1251482799525505,1738,0.0,0.0,0.0,183.1,0.0,0.0,0.0,5825,0.0,0.0,0.0
2025-01-15,478.75,722959.0,218140.0,488.0,401241.0,99883.0,-9.25,-0.0193211488250249,4993.0,6604.0,-1611.0,2.183955227616289,1.801807392564564,0.0094886663152344,0.0550964187327822,0.1358244365361802,1738,0.0,0.0,0.0,183.1,0.0,0.0,0.0,5825,0.0,0.0,0.0
2025-01-16,474.5,723691.0,209824.0,482.5,404511.0,86161.0,-8.0,-0.0168598524762553,732.0,3270.0,-2538.0,2.435254929724557,1.789051472024242,-0.0088772845953002,0.04,0.0662921348314606,1738,0.0,0.0,0.0,183.1,0.0,0.0,0.0,5825,0.0,0.0,0.0
2025-01-17,484.25,734986.0,305007.0,493.0,425406.0,157985.0,-8.75,-0.0180691791429673,11295.0,20895.0,-9600.0,1.9306073361394949,1.7277283348142676,0.0205479452054795,0.0292242295430393,0.0918827508455468,1738,0.0,0.0,0.0,183.1,0.0,0.0,0.0,5825,0.0,0.0,0.0
2025-01-21,489.5,731108.0,295105.0,499.0,441569.0,124155.0,-9.5,-0.0194075587333617,-3878.0,16163.0,-20041.0,2.3769078973863125,1.65570499740697,0.0108415074858028,0.0289017341040462,0.1188571428571427,1738,0.0,0.0,0.0,183.1,0.0,0.0,0.0,5825,0.0,0.0,0.0
2025-01-22,484.25,730560.0,264538.0,493.5,445933.0,116651.0,-9.25,-0.0191017036654226,-548.0,4364.0,-4912.0,2.267773100959252,1.6382730141074968,-0.0107252298263533,0.0210859251449657,0.0999432140829075,1738,0.0,0.0,0.0,183.1,0.0,0.0,0.0,5825,0.0,0.0,0.0
2025-01-23,489.0,739097.0,250550.0,498.5,463172.0,118837.0,-9.5,-0.0194274028629459,8537.0,17239.0,-8702.0,2.1083500929844905,1.5957290164344962,0.0098089829633454,0.0214099216710181,0.0964125560538116,1738,0.0,0.0,0.0,183.1,0.0,0.0,0.0,5825,0.0,0.0,0.0
2025-01-24,485.75,704672.0,208959.0,495.75,469160.0,97323.0,-10.0,-0.0205867215645484,-34425.0,5988.0,-40413.0,2.1470669831385987,1.5019865291158634,-0.0066462167689161,0.023709167544784,0.0854748603351955,1738,0.0,0.0,0.0,183.1,0.0,0.0,0.0,5825,0.0,0.0,0.0
2025-01-27,482.25,693686.0,216234.0,492.5,478214.0,83981.0,-10.25,-0.0212545360289865,-10986.0,9054.0,-20040.0,2.5747966802014433,1.450576520135334,-0.0072053525476067,-0.0041300980898296,0.0758505298382599,1738,0.0,0.0,0.0,183.1,0.0,0.0,0.0,5825,0.0,0.0,0.0
2025-01-28,485.0,688017.0,225855.0,495.5,491257.0,98934.0,-10.5,-0.0216494845360378,-5669.0,13043.0,-18712.0,2.282885560070327,1.40052355488064,0.0057024364955935,-0.0091930541368743,0.0694597574421169,1738,0.0,0.0,0.0,183.1,0.0,0.0,0.0,5825,0.0,0.0,0.0
2025-01-29,495.75,699507.0,277207.0,506.0,503185.0,129134.0,-10.25,-0.0206757438224494,11490.0,11928.0,-438.0,2.1466616073226095,1.390158689150111,0.0221649484536081,0.0237480640165204,0.0931642778390298,1738,0.0,0.0,0.0,183.1,0.0,0.0,0.0,5825,0.0,0.0,0.0
2025-01-30,490.0,696397.0,218110.0,501.75,519219.0,102614.0,-11.75,-0.0239795918366857,-3110.0,16034.0,-19144.0,2.125538425555946,1.3412394384643065,-0.0115985879979828,0.0020449897750511,0.0828729281767954,1738,0.0,0.0,0.0,183.1,0.0,0.0,0.0,5825,0.0,0.0,0.0
2025-01-31,482.5,680248.0,318483.0,492.0,516787.0,151879.0,-9.5,-0.0196891191709436,-16149.0,-2432.0,-13717.0,2.0969521790372463,1.3163024611687189,-0.0153061224489795,-0.0066906845084919,0.0529187124931804,1540,-198.0,-198.0,-3.524109000734517,179.3,-3.799999999999983,-3.799999999999983,-4.898979479250566,5775,-50.0,-50.0,-4.898979485086357
2025-02-03,488.0,666145.0,322166.0,499.0,518311.0,158846.0,-11.0,-0.0225409836065111,-14103.0,1524.0,-15627.0,2.0281656447124763,1.285222578722039,0.01139896373057,0.0119232763089682,0.0620239390642001,1540,0.0,0.0,0.0,179.3,0.0,0.0,0.0,5775,0.0,0.0,0.0
2025-02-04,493.75,654135.0,279780.0,504.0,526984.0,167842.0,-10.25,-0.020759493670844,-12010.0,8673.0,-20683.0,1.666924845986096,1.241280570188087,0.0117827868852458,0.0180412371134019,0.0953965612867442,1540,0.0,0.0,0.0,179.3,0.0,0.0,0.0,5775,0.0,0.0,0.0
2025-02-05,493.0,640625.0,226004.0,504.25,533339.0,126818.0,-11.25,-0.0228194726165865,-13510.0,6355.0,-19865.0,1.782112949265863,1.2011591126844254,-0.0015189873417721,-0.005547150781644,0.0799561883899233,1540,0.0,0.0,0.0,179.3,0.0,0.0,0.0,5775,0.0,0.0,0.0
2025-02-06,495.5,607712.0,299134.0,507.5,545245.0,203499.0,-12.0,-0.0242179616548451,-32913.0,11906.0,-44819.0,1.469953169303036,1.1145668460967066,0.0050709939148072,0.0112244897959183,0.081877729257642,1540,0.0,0.0,0.0,179.3,0.0,0.0,0.0,5775,0.0,0.0,0.0
2025-02-07,487.5,553885.0,287303.0,501.0,574798.0,197726.0,-13.5,-0.0276923076922508,-53827.0,29553.0,-83380.0,1.4530360195421874,0.9636167836352928,-0.0161453077699293,0.0103626943005181,0.0743801652892561,1540,0.0,0.0,0.0,179.3,0.0,0.0,0.0,5775,0.0,0.0,0.0
2025-02-10,491.75,519665.0,250904.0,504.25,605648.0,173332.0,-12.5,-0.0254194204371623,-34220.0,30850.0,-65070.0,1.447534211801621,0.8580313977756041,0.0087179487179487,0.0076844262295081,0.0778082191780822,1540,0.0,0.0,0.0,179.3,0.0,0.0,0.0,5775,0.0,0.0,0.0
2025-02-11,483.75,467202.0,311257.0,498.0,635605.0,222792.0,-14.25,-0.0294573643410243,-52463.0,29957.0,-82420.0,1.3970744012352267,0.735050857057448,-0.0162684290798169,-0.020253164556962,0.0281615302869286,1540,0.0,0.0,0.0,179.3,0.0,0.0,0.0,5775,0.0,0.0,0.0
2025-02-12,490.5,420862.0,271391.0,504.0,674346.0,190528.0,-13.5,-0.0275229357797604,-46340.0,38741.0,-85081.0,1.4244153090359348,0.6241039466386682,0.013953488372093,-0.0050709939148072,0.0310036784025222,1540,0.0,0.0,0.0,179.3,0.0,0.0,0.0,5775,0.0,0.0,0.0
2025-02-13,493.0,384127.0,269316.0,505.25,707836.0,211061.0,-12.25,-0.0248478701825053,-36735.0,33490.0,-70225.0,1.2760102529600388,0.5426779649523328,0.0050968399592252,-0.0050454086781028,0.0395361096468107,1540,0.0,0.0,0.0,179.3,0.0,0.0,0.0,5775,0.0,0.0,0.0
2025-02-14,496.5,369697.0,195600.0,508.25,726295.0,160764.0,-11.75,-0.0236656596172735,-14430.0,18459.0,-32889.0,1.2166903037993506,0.5090176856511466,0.0070993914807302,0.0184615384615385,0.0370757180156657,1540,0.0,0.0,0.0,179.3,0.0,0.0,0.0,5775,0.0,0.0,0.0
2025-02-18,501.75,345971.0,238775.0,515.0,752766.0,173575.0,-13.25,-0.0264075734927226,-23726.0,26471.0,-50197.0,1.375630131067254,0.4595996631091196,0.0105740181268882,0.0203355363497712,0.0574288724973657,1540,0.0,0.0,0.0,179.3,0.0,0.0,0.0,5775,0.0,0.0,0.0
2025-02-19,497.5,297547.0,210080.0,512.0,787861.0,185421.0,-14.5,-0.0291457286431574,-48424.0,35095.0,-83519.0,1.1329892514871502,0.3776643341909291,-0.0084703537618335,0.028423772609819,0.0273618998451212,1540,0.0,0.0,0.0,179.3,0.0,0.0,0.0,5775,0.0,0.0,0.0
2025-02-20,497.75,265543.0,163804.0,511.5,803214.0,167194.0,-13.75,-0.0276243093922096,-32004.0,15353.0,-47357.0,0.9797241527805964,0.3306005622411955,0.0005025125628139,0.0147808358817533,0.0168539325842695,1540,0.0,0.0,0.0,179.3,0.0,0.0,0.0,5775,0.0,0.0,0.0
2025-02-21,490.5,166183.0,168137.0,505.0,805571.0,225966.0,-14.5,-0.0295616717634463,-99360.0,2357.0,-101717.0,0.7440809679332256,0.206292182811943,-0.0145655449522852,-0.0050709939148072,0.0129065565307175,1540,0.0,0.0,0.0,179.3,0.0,0.0,0.0,5775,0.0,0.0,0.0
2025-02-24,483.0,119591.0,189315.0,497.25,818765.0,280980.0,-14.25,-0.029503105590001,-46592.0,13194.0,-59786.0,0.6737668161434954,0.146062667554182,-0.0152905198776758,-0.0271903323262839,-0.0122699386503067,1540,0.0,0.0,0.0,179.3,0.0,0.0,0.0,5775,0.0,0.0,0.0
2025-02-25,480.25,77419.0,116438.0,494.75,814449.0,233372.0,-14.5,-0.0301926080165951,-42172.0,-4316.0,-37856.0,0.4989373189585704,0.095056903501631,-0.0056935817805382,-0.0428500249128052,-0.011322696860525,1540,0.0,0.0,0.0,179.3,0.0,0.0,0.0,5775,0.0,0.0,0.0
2025-02-26,478.25,46457.0,101750.0,493.5,823658.0,221417.0,-15.25,-0.0318870883428502,-30962.0,9209.0,-40171.0,0.4595401437107338,0.0564032644617061,-0.00416449765747,-0.0386934673366834,-0.0082944530844997,1540,0.0,0.0,0.0,179.3,0.0,0.0,0.0,5775,0.0,0.0,0.0
2025-02-27,464.75,8313.0,86413.0,481.0,833922.0,323813.0,-16.25,-0.0349650349649597,-38144.0,10264.0,-48408.0,0.266860811641286,0.0099685582104801,-0.0282279142707788,-0.0662983425414365,-0.0417525773195875,1540,0.0,0.0,0.0,179.3,0.0,0.0,0.0,5775,0.0,0.0,0.0
2025-02-28,453.0,4482.0,7600.0,469.5,834087.0,268768.0,-16.5,-0.0364238410595222,-3831.0,165.0,-3996.0,0.0282771758542682,0.00537354017027,-0.0252824098977945,-0.0764525993883792,-0.086232980332829,1540,0.0,0.0,0.0,179.3,0.0,0.0,0.0,5775,0.0,0.0,0.0
2025-03-03,437.75,2787.0,3364.0,456.5,807222.0,353207.0,-18.75,-0.0428326670473036,-1695.0,-26865.0,25170.0,0.009524160053453,0.0034525818176412,-0.0336644591611479,-0.0936853002070393,-0.1066326530612244,1540,0.0,0.0,0.0,179.3,0.0,0.0,0.0,5775,0.0,0.0,0.0
2025-03-04,435.0,1901.0,2273.0,452.25,792062.0,391274.0,-17.25,-0.0396551724137019,-886.0,-15160.0,14274.0,0.0058092283157071,0.0024000646414043,-0.0062821245002855,-0.0942217595002602,-0.0984455958549223,1540,0.0,0.0,0.0,179.3,0.0,0.0,0.0,5775,0.0,0.0,0.0
2025-03-05,431.0,1460.0,1169.0,456.5,773488.0,277827.0,-25.5,-0.059164733178517,-441.0,-18574.0,18133.0,0.0042076544036396,0.001887553523778,-0.0091954022988506,-0.0987976999477261,-0.1168032786885245,1540,0.0,0.0,0.0,179.3,0.0,0.0,0.0,5775,0.0,0.0,0.0
2025-03-06,444.0,885.0,668.0,464.0,756635.0,313858.0,-20.0,-0.0450450450449435,-575.0,-16853.0,16278.0,0.0021283510377304,0.0011696524744427,0.0301624129930393,-0.0446476600322753,-0.1007594936708861,1540,0.0,0.0,0.0,179.3,0.0,0.0,0.0,5775,0.0,0.0,0.0
2025-03-07,445.0,682.0,311.0,469.5,748076.0,170217.0,-24.5,-0.0550561797751571,-203.0,-8559.0,8356.0,0.0018270795513961,0.0009116720760992,0.0022522522522523,-0.0176600441501103,-0.0973630831643002,1540,0.0,0.0,0.0,179.3,0.0,0.0,0.0,5775,0.0,0.0,0.0
2025-03-10,449.5,335.0,479.0,472.0,729182.0,158427.0,-22.5,-0.0500556173525026,-347.0,-18894.0,18547.0,0.0030234745340124,0.0004594189105051,0.0101123595505618,0.0268418046830383,-0.0928355196770938,1540,0.0,0.0,0.0,179.3,0.0,0.0,0.0,5775,0.0,0.0,0.0
2025-03-11,451.0,297.0,76.0,469.0,723465.0,189880.0,-18.0,-0.0399113082039026,-38.0,-5717.0,5679.0,0.0004002527912365,0.0004105243515581,0.0033370411568409,0.0367816091954023,-0.0748717948717948,1540,0.0,0.0,0.0,179.3,0.0,0.0,0.0,5775,0.0,0.0,0.0
2025-03-12,446.0,132.0,233.0,461.5,721958.0,231919.0,-15.5,-0.0347533632286216,-165.0,-1507.0,1342.0,0.0010046611101289,0.0001828361206607,-0.0110864745011086,0.0348027842227378,-0.0930350788002033,1540,0.0,0.0,0.0,179.3,0.0,0.0,0.0,5775,0.0,0.0,0.0
2025-03-13,425.0,70.0,101.0,464.0,718058.0,189221.0,-39.0,-0.091764705882137,-62.0,-3900.0,3838.0,0.0005337673936825,9.748516136579482e-05,-0.047085201793722,-0.0427927927927928,-0.1214470284237726,1540,0.0,0.0,0.0,179.3,0.0,0.0,0.0,5775,0.0,0.0,0.0
2025-03-14,,68.0,32.0,458.5,698506.0,242039.0,,,-2.0,-19552.0,19550.0,0.0001322100983725,9.735063120431306e-05,0.0,-0.0449438202247191,-0.1335372069317023,1540,0.0,0.0,0.0,179.3,0.0,0.0,0.0,5775,0.0,0.0,0.0
2025-03-17,460.75,684690.0,180875.0,469.5,454484.0,98696.0,-8.75,-0.018990775908803,684622.0,-244022.0,928644.0,1.8326477263516063,1.5065216817313667,0.0841176470588236,0.0250278086763069,-0.0654158215010142,1540,0.0,0.0,0.0,179.3,0.0,0.0,0.0,5775,0.0,0.0,0.0
2025-03-18,458.25,673772.0,177170.0,466.75,460139.0,94661.0,-8.5,-0.0185488270594248,-10918.0,5655.0,-16573.0,1.8716261184648175,1.4642792721329827,-0.0054259359739554,0.0160753880266075,-0.0770392749244712,1540,0.0,0.0,0.0,179.3,0.0,0.0,0.0,5775,0.0,0.0,0.0
2025-03-19,462.25,663462.0,185225.0,469.25,459452.0,98580.0,-7.0,-0.0151433207138666,-10310.0,-687.0,-9623.0,1.8789308176100437,1.4440289736468632,0.0087288597926895,0.0364349775784753,-0.0787244643746886,1540,0.0,0.0,0.0,179.3,0.0,0.0,0.0,5775,0.0,0.0,0.0
2025-03-20,467.5,658785.0,219751.0,474.0,465624.0,133221.0,-6.5,-0.0139037433154782,-4677.0,6172.0,-10849.0,1.6495222224724209,1.4148433070460256,0.0113574905354245,0.1,-0.0603015075376884,1540,0.0,0.0,0.0,179.3,0.0,0.0,0.0,5775,0.0,0.0,0.0
2025-03-21,463.0,656332.0,182427.0,470.5,480310.0,108350.0,-7.5,-0.0161987041036367,-2453.0,14686.0,-17139.0,1.6836825103830024,1.3664758177010652,-0.0096256684491978,0.0894117647058823,-0.0698141637368157,1540,0.0,0.0,0.0,179.3,0.0,0.0,0.0,5775,0.0,0.0,0.0
2025-03-24,464.0,650835.0,125182.0,471.5,484235.0,67046.0,-7.5,-0.0161637931034134,-5497.0,3925.0,-9422.0,1.8671061659159105,1.3440478280173855,0.0021598272138227,0.0070537167661421,-0.0540265035677879,1540,0.0,0.0,0.0,179.3,0.0,0.0,0.0,5775,0.0,0.0,0.0
2025-03-25,458.75,652322.0,148189.0,466.0,490780.0,96901.0,-7.25,-0.015803814713862,1487.0,6545.0,-5058.0,1.529282463545252,1.32915359224092,-0.0113146551724138,0.0010911074740862,-0.0502070393374741,1540,0.0,0.0,0.0,179.3,0.0,0.0,0.0,5775,0.0,0.0,0.0
2025-03-26,451.5,645623.0,154487.0,459.0,497311.0,84966.0,-7.5,-0.0166112956810263,-6699.0,6531.0,-13230.0,1.8182214062095212,1.298227869482072,-0.0158038147138964,-0.0232558139534884,-0.0598646538261322,1540,0.0,0.0,0.0,179.3,0.0,0.0,0.0,5775,0.0,0.0,0.0
2025-03-27,450.0,646262.0,170192.0,458.0,505044.0,126025.0,-8.0,-0.0177777777777382,639.0,7733.0,-7094.0,1.3504622098789816,1.2796152414443074,-0.0033222591362126,-0.0374331550802139,-0.0590695243073706,1540,0.0,0.0,0.0,179.3,0.0,0.0,0.0,5775,0.0,0.0,0.0
2025-03-28,453.0,623072.0,206960.0,460.0,523746.0,163002.0,-7.0,-0.0154525386313124,-23190.0,18702.0,-41892.0,1.2696776726665853,1.1896453624466798,0.0066666666666665,-0.0215982721382289,-0.0252824098977945,1540,0.0,0.0,0.0,179.3,0.0,0.0,0.0,5775,0.0,0.0,0.0
2025-03-31,457.5,619538.0,282804.0,464.0,551585.0,216324.0,-6.5,-0.0142076502731929,-3534.0,27839.0,-31373.0,1.307316802573911,1.1231958809612277,0.009933774834437,-0.0140086206896551,0.009933774834437,1540,0.0,0.0,0.0,179.3,0.0,0.0,0.0,5775,0.0,0.0,0.0
2025-04-01,460.25,607630.0,179571.0,467.0,557388.0,126856.0,-6.75,-0.0146659424225645,-11908.0,5803.0,-17711.0,1.4155499148640869,1.0901382878712833,0.0060109289617487,0.0032697547683924,0.0513992004568817,1540,0.0,0.0,0.0,179.3,0.0,0.0,0.0,5775,0.0,0.0,0.0
2025-04-02,457.25,601505.0,159591.0,464.5,569169.0,107473.0,-7.25,-0.015855658829927,-6125.0,11781.0,-17906.0,1.4849404036362484,1.056812651426903,-0.006518196632265,0.012735326688815,0.0511494252873563,1540,0.0,0.0,0.0,179.3,0.0,0.0,0.0,5775,0.0,0.0,0.0
2025-04-03,458.0,579860.0,203152.0,465.5,577802.0,139283.0,-7.5,-0.0163755458514926,-21645.0,8633.0,-30278.0,1.4585556026219897,1.003561773756406,0.0016402405686166,0.0177777777777776,0.062645011600928,1540,0.0,0.0,0.0,179.3,0.0,0.0,0.0,5775,0.0,0.0,0.0
2025-04-04,460.25,562971.0,212888.0,466.25,580622.0,126896.0,-6.0,-0.0130363932645018,-16889.0,2820.0,-19709.0,1.6776572941621353,0.969599842927066,0.0049126637554586,0.0160044150110374,0.0365990990990992,1540,0.0,0.0,0.0,179.3,0.0,0.0,0.0,5775,0.0,0.0,0.0
2025-04-07,464.75,515571.0,216782.0,468.0,587793.0,140908.0,-3.25,-0.0069930069929919,-47400.0,7171.0,-54571.0,1.5384648139211292,0.8771302142080615,0.0097772949483976,0.015846994535519,0.04438202247191,1540,0.0,0.0,0.0,179.3,0.0,0.0,0.0,5775,0.0,0.0,0.0
2025-04-08,468.5,475642.0,255177.0,474.25,608680.0,206915.0,-5.75,-0.0122732123799097,-39929.0,20887.0,-60816.0,1.2332455356064025,0.7814319511073129,0.0080688542227003,0.017925040738729,0.0422691879866519,1540,0.0,0.0,0.0,179.3,0.0,0.0,0.0,5775,0.0,0.0,0.0
2025-04-09,473.25,446751.0,257173.0,479.5,618144.0,200946.0,-6.25,-0.0132065504489948,-28891.0,9464.0,-38355.0,1.2798114916445151,0.7227296552259656,0.0101387406616861,0.0349917987971568,0.0493348115299334,1540,0.0,0.0,0.0,179.3,0.0,0.0,0.0,5775,0.0,0.0,0.0
2025-04-10,482.0,405090.0,326270.0,487.0,578804.0,333680.0,-5.0,-0.0103734439833809,-41661.0,-39340.0,-2321.0,0.9777930951810088,0.6998742233985931,0.0184891706286318,0.0524017467248907,0.0807174887892376,1540,0.0,0.0,0.0,179.3,0.0,0.0,0.0,5775,0.0,0.0,0.0
2025-04-11,489.0,355026.0,284335.0,496.0,612526.0,275411.0,-7.0,-0.0143149284253286,-50064.0,33722.0,-83786.0,1.032402482108554,0.5796096818747276,0.0145228215767634,0.0624660510592069,0.1505882352941177,1540,0.0,0.0,0.0,179.3,0.0,0.0,0.0,5775,0.0,0.0,0.0
2025-04-14,485.0,338513.0,201393.0,492.0,635751.0,188941.0,-7.0,-0.0144329896906918,-16513.0,23225.0,-39738.0,1.0659041711433672,0.5324616083969973,-0.0081799591002045,0.0435718128025819,0.1411764705882352,1540,0.0,0.0,0.0,179.3,0.0,0.0,0.0,5775,0.0,0.0,0.0
2025-04-15,480.75,313243.0,178411.0,488.75,647520.0,189549.0,-8.0,-0.0166406656265904,-25270.0,11769.0,-37039.0,0.9412394684224082,0.4837580306399794,-0.0087628865979381,0.0261472785485592,0.0434074877916441,1540,0.0,0.0,0.0,179.3,0.0,0.0,0.0,5775,0.0,0.0,0.0
2025-04-16,483.75,293755.0,136221.0,491.0,651145.0,142357.0,-7.25,-0.0149870801033281,-19488.0,3625.0,-23113.0,0.9568970967356648,0.451136075682067,0.0062402496099844,0.0221870047543581,0.0556464811783961,1540,0.0,0.0,0.0,179.3,0.0,0.0,0.0,5775,0.0,0.0,0.0
2025-04-17,483.0,279832.0,117566.0,490.0,660700.0,115218.0,-7.0,-0.0144927536231584,-13923.0,9555.0,-23478.0,1.0203787602631444,0.4235386711064016,-0.0015503875968991,0.0020746887966804,0.0448891292590589,1540,0.0,0.0,0.0,179.3,0.0,0.0,0.0,5775,0.0,0.0,0.0
2025-04-21,482.0,261497.0,128840.0,490.0,666016.0,132427.0,-8.0,-0.0165975103734095,-18335.0,5316.0,-23651.0,0.9729133786916492,0.3926287056166813,-0.0020703933747412,-0.0143149284253578,0.0310160427807486,1540,0.0,0.0,0.0,179.3,0.0,0.0,0.0,5775,0.0,0.0,0.0
2025-04-22,475.25,240636.0,152079.0,483.0,667834.0,162010.0,-7.75,-0.0163072067332639,-20861.0,1818.0,-22679.0,0.9387013147336528,0.3603230742969056,-0.0140041493775933,-0.0201030927835051,0.0264578833693305,1540,0.0,0.0,0.0,179.3,0.0,0.0,0.0,5775,0.0,0.0,0.0
2025-04-23,472.0,213016.0,147853.0,479.5,674953.0,165328.0,-7.5,-0.0158898305084409,-27620.0,7119.0,-34739.0,0.8943010258395379,0.3156012344563246,-0.0068385060494476,-0.0182007280291212,0.0172413793103447,1540,0.0,0.0,0.0,179.3,0.0,0.0,0.0,5775,0.0,0.0,0.0
2025-04-24,477.0,176861.0,146915.0,483.25,672170.0,183145.0,-6.25,-0.0131027253668488,-36155.0,-2783.0,-33372.0,0.8021786016544225,0.2631194489489262,0.0105932203389831,-0.0139534883720929,0.0397820163487738,1540,0.0,0.0,0.0,179.3,0.0,0.0,0.0,5775,0.0,0.0,0.0
2025-04-25,477.0,120641.0,129454.0,484.25,671411.0,172391.0,-7.25,-0.0151991614255446,-56220.0,-759.0,-55461.0,0.7509324732729624,0.1796827874431604,0.0,-0.0124223602484472,0.0564784053156146,1540,0.0,0.0,0.0,179.3,0.0,0.0,0.0,5775,0.0,0.0,0.0
2025-04-28,475.0,55681.0,176588.0,482.5,689553.0,281192.0,-7.5,-0.0157894736841772,-64960.0,18142.0,-83102.0,0.6279979515775675,0.0807494130255396,-0.0041928721174003,-0.0145228215767634,0.0555555555555555,1540,0.0,0.0,0.0,179.3,0.0,0.0,0.0,5775,0.0,0.0,0.0
2025-04-29,462.0,10534.0,100359.0,470.5,677764.0,318620.0,-8.5,-0.0183982683982285,-45147.0,-11789.0,-33358.0,0.3149802272299281,0.0155422831546083,-0.0273684210526315,-0.0278800631246711,0.0198675496688742,1540,0.0,0.0,0.0,179.3,0.0,0.0,0.0,5775,0.0,0.0,0.0
2025-04-30,462.5,5076.0,10991.0,475.25,665212.0,196430.0,-12.75,-0.0275675675675079,-5458.0,-12552.0,7094.0,0.0559537748816369,0.0076306500784712,0.001082251082251,-0.0201271186440678,0.0109289617486338,1465,-75.0,-75.0,-4.898979485246313,179.3,0.0,0.0,0.0,5750,-25.0,-25.0,-4.8989794846063575
2025-05-01,464.25,3513.0,3008.0,472.25,666763.0,163168.0,-8.0,-0.0172320947764841,-1563.0,1551.0,-3114.0,0.0184349872524023,0.0052687386672625,0.0037837837837837,-0.0267295597484277,0.0086909288430201,1465,0.0,0.0,0.0,179.3,0.0,0.0,0.0,5750,0.0,0.0,0.0
2025-05-02,459.0,1966.0,2624.0,469.0,665836.0,163656.0,-10.0,-0.0217864923746802,-1547.0,-927.0,-620.0,0.016033631519773,0.0029526790380814,-0.011308562197092,-0.0377358490566037,0.003827227993439,1465,0.0,0.0,0.0,179.3,0.0,0.0,0.0,5750,0.0,0.0,0.0
2025-05-05,442.5,1201.0,1098.0,454.5,676223.0,270570.0,-12.0,-0.0271186440677353,-765.0,10387.0,-11152.0,0.0040580995675795,0.0017760413354766,-0.0359477124183006,-0.0684210526315789,-0.0338427947598253,1465,0.0,0.0,0.0,179.3,0.0,0.0,0.0,5750,0.0,0.0,0.0
2025-05-06,442.5,957.0,466.0,456.0,668587.0,218024.0,-13.5,-0.0305084745762022,-244.0,-7636.0,7392.0,0.0021373793710784,0.0014313769187854,0.0,-0.0422077922077922,-0.0385659967409016,1465,0.0,0.0,0.0,179.3,0.0,0.0,0.0,5750,0.0,0.0,0.0
2025-05-07,439.5,725.0,617.0,449.75,674660.0,248109.0,-10.25,-0.0233219567690026,-232.0,6073.0,-6305.0,0.0024868102325993,0.0010746153618118,-0.0067796610169491,-0.0497297297297297,-0.0543302850995158,1465,0.0,0.0,0.0,179.3,0.0,0.0,0.0,5750,0.0,0.0,0.0
2025-05-08,425.0,500.0,438.0,448.75,678978.0,256171.0,-23.75,-0.0558823529410449,-225.0,4318.0,-4543.0,0.0017097954100971,0.0007364008848593,-0.0329920364050057,-0.0845449649973074,-0.0928495197438633,1465,0.0,0.0,0.0,179.3,0.0,0.0,0.0,5750,0.0,0.0,0.0
2025-05-09,425.0,324.0,240.0,449.5,674777.0,179566.0,-24.5,-0.0576470588233937,-176.0,-4201.0,4025.0,0.0013365559181582,0.0004801586301844,0.0,-0.074074074074074,-0.1019545694664553,1465,0.0,0.0,0.0,179.3,0.0,0.0,0.0,5750,0.0,0.0,0.0
2025-05-12,422.0,228.0,205.0,447.5,670475.0,249867.0,-25.5,-0.060426540284217,-96.0,-4302.0,4206.0,0.0008204364722032,0.0003400574219769,-0.0070588235294117,-0.0463276836158191,-0.1244813278008298,1465,0.0,0.0,0.0,179.3,0.0,0.0,0.0,5750,0.0,0.0,0.0
2025-05-13,422.0,110.0,66.0,443.0,674385.0,241737.0,-21.0,-0.0497630331752375,-118.0,3910.0,-4028.0,0.0002730239888804,0.0001631115757319,0.0,-0.0463276836158191,-0.1370143149284253,1465,0.0,0.0,0.0,179.3,0.0,0.0,0.0,5750,0.0,0.0,0.0
2025-05-14,,76.0,44.0,445.0,675892.0,177064.0,,,-34.0,1507.0,-1541.0,0.0002484977183391,0.0001124439999289,0.0,-0.0398179749715585,-0.1298969072164948,1465,0.0,0.0,0.0,179.3,0.0,0.0,0.0,5750,0.0,0.0,0.0
2025-05-15,448.0,679315.0,191182.0,425.0,310899.0,78515.0,23.0,0.0513392857141711,679239.0,-364993.0,1044232.0,2.4349742087498893,2.1850022032878775,0.061611374407583,0.0541176470588236,-0.0681227249089964,1465,0.0,0.0,0.0,179.3,0.0,0.0,0.0,5750,0.0,0.0,0.0
2025-05-16,443.25,682405.0,173410.0,420.75,317870.0,87124.0,22.5,0.0507614213196824,3090.0,6971.0,-3881.0,1.9903815251824757,2.1468052977632297,-0.0106026785714286,0.0429411764705882,-0.0837209302325581,1465,0.0,0.0,0.0,179.3,0.0,0.0,0.0,5750,0.0,0.0,0.0
2025-05-19,447.25,687629.0,179623.0,426.75,324632.0,71629.0,20.5,0.045835662381116,5224.0,6762.0,-1538.0,2.50768543467028,2.1181799699351815,0.0090242526790749,0.0598341232227488,-0.0740165631469979,1465,0.0,0.0,0.0,179.3,0.0,0.0,0.0,5750,0.0,0.0,0.0
2025-05-20,454.5,679970.0,194894.0,435.25,326447.0,89154.0,19.25,0.0423542354234491,-7659.0,1815.0,-9474.0,2.1860376427305317,2.082941488204817,0.0162101732811625,0.0770142180094786,-0.0570539419087137,1465,0.0,0.0,0.0,179.3,0.0,0.0,0.0,5750,0.0,0.0,0.0
2025-05-21,459.75,676564.0,201425.0,441.75,328023.0,79331.0,18.0,0.0391517128873536,-3406.0,1576.0,-4982.0,2.539045266037204,2.0625504918862334,0.0115511551155116,0.0894549763033174,-0.0326144134665965,1465,0.0,0.0,0.0,179.3,0.0,0.0,0.0,5750,0.0,0.0,0.0
2025-05-22,462.75,669733.0,192800.0,441.0,328983.0,71803.0,21.75,0.0470016207454413,-6831.0,960.0,-7791.0,2.6851245769674987,2.035767805631288,0.0065252854812398,0.0329241071428572,-0.0195974576271186,1465,0.0,0.0,0.0,179.3,0.0,0.0,0.0,5750,0.0,0.0,0.0
2025-05-23,459.25,669855.0,167356.0,437.25,331551.0,70787.0,22.0,0.0479041916166621,122.0,2568.0,-2446.0,2.3642194188198062,2.020367907199791,-0.0075634792004322,0.0360970107163001,-0.0372117400419287,1465,0.0,0.0,0.0,179.3,0.0,0.0,0.0,5750,0.0,0.0,0.0
2025-05-27,458.25,663164.0,153148.0,432.75,335785.0,53721.0,25.5,0.0556464811782746,-6691.0,4234.0,-10925.0,2.8508032240650243,1.9749661241568208,-0.0021774632553075,0.0245947456679709,-0.0393081761006289,1465,0.0,0.0,0.0,179.3,0.0,0.0,0.0,5750,0.0,0.0,0.0
2025-05-28,450.75,663834.0,196402.0,430.0,342895.0,91024.0,20.75,0.0460343871324547,670.0,7110.0,-6440.0,2.157694673932126,1.935968736785308,-0.0163666121112929,-0.0082508250825082,-0.0510526315789473,1465,0.0,0.0,0.0,179.3,0.0,0.0,0.0,5750,0.0,0.0,0.0
2025-05-29,447.0,651774.0,157586.0,427.25,348687.0,52939.0,19.75,0.0441834451900577,-12060.0,5792.0,-17852.0,2.97674682181373,1.8692236877199269,-0.0083194675540765,-0.0277324632952691,-0.0324675324675324,1465,0.0,0.0,0.0,179.3,0.0,0.0,0.0,5750,0.0,0.0,0.0
2025-05-30,444.0,644804.0,140113.0,423.75,351813.0,78834.0,20.25,0.0456081081080053,-6970.0,3126.0,-10096.0,1.7773168937260346,1.832803222166316,-0.0067114093959731,-0.0405186385737439,-0.04,1465,0.0,0.0,0.0,179.3,0.0,0.0,0.0,5750,0.0,0.0,0.0
2025-06-02,438.25,633846.0,211154.0,420.0,352455.0,87669.0,18.25,0.0416428978892375,-10958.0,642.0,-11600.0,2.4085366549179024,1.7983742605438942,-0.0129504504504504,-0.0457267283614588,-0.0560043080236941,1800,335.0,335.0,4.736928972177631,181.0,1.6999999999999886,1.6999999999999886,4.898979471448701,5900,150.0,150.0,4.798609300121516
2025-06-03,438.5,631008.0,209493.0,423.75,365885.0,91583.0,14.75,0.0336374002279734,-2838.0,13430.0,-16268.0,2.287466014434968,1.7246074586277065,0.0005704506560182,-0.0430987452264047,-0.0446623093681917,1800,0.0,0.0,0.0,181.0,0.0,0.0,0.0,5900,0.0,0.0,0.0
2025-06-04,438.25,618917.0,220751.0,427.5,370737.0,108753.0,10.75,0.0245293782087289,-12091.0,4852.0,-16943.0,2.029838257335411,1.6694233378378698,-0.000570125427594,-0.0277315585135884,-0.0096045197740113,1800,0.0,0.0,0.0,181.0,0.0,0.0,0.0,5900,0.0,0.0,0.0
2025-06-05,438.0,602011.0,199450.0,430.75,378433.0,127453.0,7.25,0.0165525114154873,-16906.0,7696.0,-24602.0,1.5648905871183765,1.590799428168258,-0.0005704506560182,-0.0201342281879194,-0.0101694915254236,1800,0.0,0.0,0.0,181.0,0.0,0.0,0.0,5900,0.0,0.0,0.0
2025-06-06,442.0,568794.0,229798.0,433.0,387154.0,154725.0,9.0,0.0203619909501801,-33217.0,8721.0,-41938.0,1.4852027791242433,1.4691673080996157,0.0091324200913243,-0.0045045045045044,0.005688282138794,1800,0.0,0.0,0.0,181.0,0.0,0.0,0.0,5900,0.0,0.0,0.0
2025-06-09,433.5,531803.0,228598.0,422.75,402508.0,158917.0,10.75,0.0247981545558828,-36991.0,15354.0,-52345.0,1.4384741720520686,1.3212234290995426,-0.0192307692307692,-0.0108385624643467,0.02,1800,0.0,0.0,0.0,181.0,0.0,0.0,0.0,5900,0.0,0.0,0.0
2025-06-10,438.75,488572.0,245097.0,424.75,413379.0,165595.0,14.0,0.0319088319087591,-43231.0,10871.0,-54102.0,1.480099036806658,1.1818984515420443,0.0121107266435986,0.000570125427594,0.0323529411764706,1800,0.0,0.0,0.0,181.0,0.0,0.0,0.0,5900,0.0,0.0,0.0
2025-06-11,436.25,456412.0,201677.0,425.0,432306.0,126178.0,11.25,0.0257879656159867,-32160.0,18927.0,-51087.0,1.598353120195267,1.0557614282475816,-0.0056980056980057,-0.004563605248146,0.0337677725118483,1800,0.0,0.0,0.0,181.0,0.0,0.0,0.0,5900,0.0,0.0,0.0
2025-06-12,438.25,420160.0,190442.0,426.0,458177.0,130969.0,12.25,0.0279520821448306,-36252.0,25871.0,-62123.0,1.4540998251494517,0.9170255163397532,0.0045845272206304,0.0005707762557076,0.0385071090047393,1800,0.0,0.0,0.0,181.0,0.0,0.0,0.0,5900,0.0,0.0,0.0
2025-06-13,444.25,391830.0,179124.0,428.5,469594.0,104075.0,15.75,0.035453010692098,-28330.0,11417.0,-39747.0,1.721104972375674,0.8344016320481079,0.0136908157444382,0.0050904977375565,0.0527251184834123,1800,0.0,0.0,0.0,181.0,0.0,0.0,0.0,5900,0.0,0.0,0.0
2025-06-16,435.0,361355.0,177619.0,420.0,480762.0,106249.0,15.0,0.0344827586206103,-30475.0,11168.0,-41643.0,1.671723969166753,0.7516297045107543,-0.0208216094541361,0.0034602076124568,-0.029017857142857,1800,0.0,0.0,0.0,181.0,0.0,0.0,0.0,5900,0.0,0.0,0.0
2025-06-17,431.75,322271.0,231168.0,424.25,501578.0,151154.0,7.5,0.0173711638679389,-39084.0,20816.0,-59900.0,1.529354168596256,0.6425142251055656,-0.007471264367816,-0.0159544159544159,-0.0259447264523406,1800,0.0,0.0,0.0,181.0,0.0,0.0,0.0,5900,0.0,0.0,0.0
2025-06-18,432.5,287534.0,225878.0,428.5,520033.0,154947.0,4.0,0.0092485549132734,-34737.0,18455.0,-53192.0,1.4577758846573252,0.5529149111690979,0.0017371163867978,-0.0085959885386819,-0.0329793180547791,1800,0.0,0.0,0.0,181.0,0.0,0.0,0.0,5900,0.0,0.0,0.0
2025-06-20,428.75,245013.0,189743.0,425.5,526403.0,125508.0,3.25,0.007580174927096,-42521.0,6370.0,-48891.0,1.5118000446186577,0.4654475753367658,-0.0086705202312138,-0.0216771249286936,-0.0566556655665566,1800,0.0,0.0,0.0,181.0,0.0,0.0,0.0,5900,0.0,0.0,0.0
2025-06-23,419.0,199288.0,197265.0,417.5,542587.0,165835.0,1.5,0.0035799522672945,-45725.0,16184.0,-61909.0,1.1895257334097074,0.3672922499064659,-0.0227405247813411,-0.0568373663477771,-0.0886351277868406,1800,0.0,0.0,0.0,181.0,0.0,0.0,0.0,5900,0.0,0.0,0.0
2025-06-24,415.0,158136.0,192057.0,412.0,566978.0,185361.0,3.0,0.0072289156626331,-41152.0,24391.0,-65543.0,1.0361241037758695,0.2789102928155937,-0.0095465393794749,-0.0459770114942529,-0.1031874662344678,1800,0.0,0.0,0.0,181.0,0.0,0.0,0.0,5900,0.0,0.0,0.0
2025-06-25,410.0,110852.0,144137.0,405.25,583352.0,192101.0,4.75,0.0115853658536302,-47284.0,16374.0,-63658.0,0.7503188426921217,0.1900259191705862,-0.0120481927710843,-0.0503763752171395,-0.1072400653238976,1800,0.0,0.0,0.0,181.0,0.0,0.0,0.0,5900,0.0,0.0,0.0
2025-06-26,408.0,61017.0,159014.0,404.0,600733.0,205559.0,4.0,0.0098039215686034,-49835.0,17381.0,-67216.0,0.7735686591197624,0.101570914199819,-0.0048780487804878,-0.0566473988439306,-0.1096563011456628,1800,0.0,0.0,0.0,181.0,0.0,0.0,0.0,5900,0.0,0.0,0.0
2025-06-27,414.75,11135.0,106238.0,411.5,620155.0,189078.0,3.25,0.0078360458107104,-49882.0,19422.0,-69304.0,0.5618739356244483,0.0179551886221992,0.0165441176470588,-0.0326530612244897,-0.0798668885191348,1800,0.0,0.0,0.0,181.0,0.0,0.0,0.0,5900,0.0,0.0,0.0
2025-06-30,422.0,4795.0,12555.0,409.0,620261.0,161235.0,13.0,0.0308056872037184,-6340.0,106.0,-6446.0,0.0778677086240575,0.0077306166275164,0.0174804098854732,0.0071599045346062,-0.0559284116331095,1750,-50.0,-50.0,-0.7186328983343605,181.0,0.0,0.0,0.0,5900,0.0,0.0,0.0
2025-07-01,415.0,3641.0,4103.0,406.0,621498.0,147773.0,9.0,0.0216867469878995,-1154.0,1237.0,-2391.0,0.0277655593376325,0.0058584259321831,-0.0165876777251184,0.0,-0.0653153153153153,1750,0.0,0.0,0.0,181.0,0.0,0.0,0.0,5900,0.0,0.0,0.0
2025-07-02,430.0,2173.0,3639.0,417.5,617613.0,165858.0,12.5,0.0290697674417928,-1468.0,-3885.0,2417.0,0.0219404550880872,0.0035183844899637,0.036144578313253,0.048780487804878,-0.0188248716486023,1750,0.0,0.0,0.0,181.0,0.0,0.0,0.0,5900,0.0,0.0,0.0
2025-07-03,427.0,1362.0,1493.0,420.5,611705.0,153367.0,6.5,0.0152224824355615,-811.0,-5908.0,5097.0,0.0097348190940684,0.0022265634578759,-0.0069767441860465,0.0465686274509804,-0.0262257696693272,1750,0.0,0.0,0.0,181.0,0.0,0.0,0.0,5900,0.0,0.0,0.0
2025-07-07,415.0,997.0,709.0,403.75,601656.0,163226.0,11.25,0.0271084337348744,-365.0,-10049.0,9684.0,0.0043436707387303,0.0016570930897389,-0.0281030444964871,0.0006027727546715,-0.0530519110096976,1750,0.0,0.0,0.0,181.0,0.0,0.0,0.0,5900,0.0,0.0,0.0
2025-07-08,407.0,718.0,573.0,398.25,598367.0,199608.0,8.75,0.0214987714987186,-279.0,-3289.0,3010.0,0.0028706264277984,0.0011999324829076,-0.0192771084337349,-0.0355450236966824,-0.0707762557077625,1750,0.0,0.0,0.0,181.0,0.0,0.0,0.0,5900,0.0,0.0,0.0
2025-07-09,412.5,486.0,349.0,399.25,587265.0,177946.0,13.25,0.0321212121211342,-232.0,-11102.0,10870.0,0.0019612691490676,0.0008275650685806,0.0135135135135135,-0.0060240963855421,-0.0667420814479637,1750,0.0,0.0,0.0,181.0,0.0,0.0,0.0,5900,0.0,0.0,0.0
2025-07-10,407.25,186.0,571.0,399.0,576999.0,132798.0,8.25,0.0202578268876114,-300.0,-10266.0,9966.0,0.0042997635506558,0.0003223575777427,-0.0127272727272726,-0.052906976744186,-0.0605536332179931,1750,0.0,0.0,0.0,181.0,0.0,0.0,0.0,5900,0.0,0.0,0.0
2025-07-11,411.75,98.0,315.0,396.0,566189.0,145838.0,15.75,0.0382513661201256,-88.0,-10810.0,10722.0,0.0021599308822117,0.0001730870786963,0.011049723756906,-0.0357142857142857,-0.0615384615384615,1750,0.0,0.0,0.0,181.0,0.0,0.0,0.0,5900,0.0,0.0,0.0
2025-07-14,,29.0,76.0,400.25,563411.0,185262.0,,,-69.0,-2778.0,2709.0,0.0004102298366637,5.147219347865048e-05,0.0,-0.0078313253012047,-0.0561604584527221,1750,0.0,0.0,0.0,181.0,0.0,0.0,0.0,5900,0.0,0.0,0.0
2025-07-15,400.25,551764.0,182568.0,419.0,607106.0,210298.0,-18.75,-0.0468457214239928,551735.0,43695.0,508040.0,0.8681394972848013,0.9088429368182804,-0.0279295689131754,-0.0165847665847665,-0.0867084997147746,1750,0.0,0.0,0.0,181.0,0.0,0.0,0.0,5900,0.0,0.0,0.0
2025-07-16,405.0,550700.0,163241.0,424.25,606235.0,186715.0,-19.25,-0.0475308641974135,-1064.0,-871.0,-193.0,0.8742789813351853,0.908393609738796,0.0118675827607745,-0.0181818181818181,-0.088351153629713,1750,0.0,0.0,0.0,181.0,0.0,0.0,0.0,5900,0.0,0.0,0.0
2025-07-17,401.25,547121.0,103691.0,420.75,602096.0,122209.0,-19.5,-0.0485981308410003,-3579.0,-4139.0,560.0,0.8484726984100938,0.9086939624245952,-0.0092592592592593,-0.014732965009208,-0.0775862068965517,1750,0.0,0.0,0.0,181.0,0.0,0.0,0.0,5900,0.0,0.0,0.0
2025-07-18,408.25,549256.0,127464.0,427.75,605616.0,156897.0,-19.5,-0.0477648499692645,2135.0,3520.0,-1385.0,0.8124055909290757,0.9069377295183731,0.0174454828660435,-0.0085003035822708,-0.0544296467863346,1750,0.0,0.0,0.0,181.0,0.0,0.0,0.0,5900,0.0,0.0,0.0
2025-07-21,404.25,550384.0,112066.0,422.25,602025.0,137079.0,-18.0,-0.0445269016696486,1128.0,-3591.0,4719.0,0.8175285784109834,0.914221170217182,-0.0097979179424372,-0.018214936247723,-0.0653179190751445,1750,0.0,0.0,0.0,181.0,0.0,0.0,0.0,5900,0.0,0.0,0.0
2025-07-22,399.25,553582.0,114958.0,417.5,611485.0,121714.0,-18.25,-0.0457107075765918,3198.0,9460.0,-6262.0,0.944492827447944,0.9053075709134304,-0.0123685837971552,-0.0024984384759525,-0.068804664723032,1750,0.0,0.0,0.0,181.0,0.0,0.0,0.0,5900,0.0,0.0,0.0
2025-07-23,398.75,560074.0,92982.0,417.25,617561.0,95249.0,-18.5,-0.0463949843259024,6492.0,6076.0,416.0,0.9761992251887056,0.9069128393794282,-0.0012523481527865,-0.015432098765432,-0.0483293556085918,1750,0.0,0.0,0.0,181.0,0.0,0.0,0.0,5900,0.0,0.0,0.0
2025-07-24,401.5,561416.0,111447.0,420.25,624247.0,119505.0,-18.75,-0.0466998754668824,1342.0,6686.0,-5344.0,0.9325718589180292,0.8993491358388571,0.0068965517241379,0.0006230529595014,-0.0325301204819277,1750,0.0,0.0,0.0,181.0,0.0,0.0,0.0,5900,0.0,0.0,0.0
2025-07-25,399.5,572810.0,97166.0,418.75,626580.0,92307.0,-19.25,-0.0481852315393036,11394.0,2333.0,9061.0,1.052639561463366,0.914184940470489,-0.0049813200498132,-0.0214329454990814,-0.025609756097561,1750,0.0,0.0,0.0,181.0,0.0,0.0,0.0,5900,0.0,0.0,0.0
2025-07-28,393.0,561180.0,141670.0,413.25,635882.0,160905.0,-20.25,-0.0515267175571208,-11630.0,9302.0,-20932.0,0.8804574127590761,0.8825222289670082,-0.0162703379224029,-0.0278293135435993,-0.0367647058823529,1750,0.0,0.0,0.0,181.0,0.0,0.0,0.0,5900,0.0,0.0,0.0
2025-07-29,389.0,561408.0,169994.0,410.75,652976.0,209242.0,-21.75,-0.0559125964008845,228.0,17094.0,-16866.0,0.8124277152770438,0.859768199750066,-0.010178117048346,-0.0256731371321227,-0.0620855937311634,1750,0.0,0.0,0.0,181.0,0.0,0.0,0.0,5900,0.0,0.0,0.0
2025-07-30,391.5,550024.0,132091.0,412.0,659207.0,148306.0,-20.5,-0.0523627075349875,-11384.0,6231.0,-17615.0,0.890665246180189,0.8343722078193938,0.006426735218509,-0.0181818181818181,-0.0722748815165876,1750,0.0,0.0,0.0,181.0,0.0,0.0,0.0,5900,0.0,0.0,0.0
2025-07-31,394.0,544779.0,124175.0,413.5,669939.0,167472.0,-19.5,-0.0494923857866764,-5245.0,10732.0,-15977.0,0.7414672303429783,0.8131770205944111,0.0063856960408683,-0.0186799501867994,-0.0506024096385542,1660,-90.0,-90.0,-4.363781552274656,181.0,0.0,0.0,0.0,5850,-50.0,-50.0,-4.89897948508636
2025-08-01,389.25,547532.0,111475.0,410.75,671118.0,137743.0,-21.5,-0.0552344251764798,2753.0,1179.0,1574.0,0.8092970241681915,0.8158505657723368,-0.0120558375634517,-0.0256570713391739,-0.0947674418604651,1660,0.0,0.0,0.0,181.0,0.0,0.0,0.0,5850,0.0,0.0,0.0
2025-08-04,387.0,532079.0,133486.0,407.25,677416.0,165950.0,-20.25,-0.0523255813952136,-15453.0,6298.0,-21751.0,0.8043748116902634,0.7854538422475985,-0.0057803468208093,-0.0152671755725191,-0.0936768149882903,1660,0.0,0.0,0.0,181.0,0.0,0.0,0.0,5850,0.0,0.0,0.0
2025-08-05,380.5,541509.0,166267.0,402.0,682821.0,205896.0,-21.5,-0.0565045992114152,9430.0,5405.0,4025.0,0.8075290437890935,0.7930467867859939,-0.0167958656330748,-0.0218508997429306,-0.0831325301204819,1660,0.0,0.0,0.0,181.0,0.0,0.0,0.0,5850,0.0,0.0,0.0
2025-08-06,380.0,527913.0,151730.0,401.25,681657.0,188249.0,-21.25,-0.0559210526314317,-13596.0,-1164.0,-12432.0,0.8060069376198503,0.7744554812757724,-0.0013140604467805,-0.0293742017879948,-0.0663390663390663,1660,0.0,0.0,0.0,181.0,0.0,0.0,0.0,5850,0.0,0.0,0.0
2025-08-07,384.0,496158.0,154983.0,407.0,691777.0,209898.0,-23.0,-0.0598958333331773,-31755.0,10120.0,-41875.0,0.7383729239916496,0.7172224575260514,0.0105263157894737,-0.0253807106598984,-0.069090909090909,1660,0.0,0.0,0.0,181.0,0.0,0.0,0.0,5850,0.0,0.0,0.0
2025-08-08,382.75,453518.0,174531.0,405.5,714292.0,218129.0,-22.75,-0.0594382756366833,-42640.0,22515.0,-65155.0,0.8001274475195834,0.6349196127074073,-0.0032552083333333,-0.01669877970456,-0.060159607120933,1660,0.0,0.0,0.0,181.0,0.0,0.0,0.0,5850,0.0,0.0,0.0
2025-08-11,384.75,408077.0,180486.0,407.5,719646.0,222153.0,-22.75,-0.0591293047431861,-45441.0,5354.0,-50795.0,0.8124400750833849,0.5670524118802848,0.0052253429131285,-0.0058139534883721,-0.0655737704918032,1660,0.0,0.0,0.0,181.0,0.0,0.0,0.0,5850,0.0,0.0,0.0
2025-08-12,371.5,358517.0,252732.0,394.0,757435.0,418565.0,-22.5,-0.0605652759083161,-49560.0,37789.0,-87349.0,0.6038058604995625,0.4733303847854925,-0.0344379467186485,-0.0236530880420499,-0.0977534911961141,1660,0.0,0.0,0.0,181.0,0.0,0.0,0.0,5850,0.0,0.0,0.0
2025-08-13,372.75,325989.0,167774.0,396.75,788739.0,249115.0,-24.0,-0.0643863179072719,-32528.0,31304.0,-63832.0,0.6734801196234644,0.413304020721683,0.003364737550471,-0.019078947368421,-0.0687070580886946,1660,0.0,0.0,0.0,181.0,0.0,0.0,0.0,5850,0.0,0.0,0.0
2025-08-14,376.0,303212.0,112000.0,398.25,797139.0,186631.0,-22.25,-0.0591755319147362,-22777.0,8400.0,-31177.0,0.6001146647663004,0.380375317228237,0.0087189805499665,-0.0208333333333333,-0.0716049382716049,1660,0.0,0.0,0.0,181.0,0.0,0.0,0.0,5850,0.0,0.0,0.0
2025-08-15,383.5,293035.0,129521.0,405.25,797828.0,202741.0,-21.75,-0.0567144719685613,-10177.0,689.0,-10866.0,0.6388495666885305,0.3672909449154449,0.0199468085106382,0.0019595035924233,-0.0442367601246106,1660,0.0,0.0,0.0,181.0,0.0,0.0,0.0,5850,0.0,0.0,0.0
2025-08-18,382.75,281768.0,104730.0,406.25,815847.0,167859.0,-23.5,-0.0613977792291015,-11267.0,18019.0,-29286.0,0.6239165013493431,0.3453686781957887,-0.0019556714471968,-0.0051981806367771,-0.0624617268830373,1660,0.0,0.0,0.0,181.0,0.0,0.0,0.0,5850,0.0,0.0,0.0
2025-08-19,379.0,264679.0,79845.0,402.75,819067.0,141707.0,-23.75,-0.0626649076515497,-17089.0,3220.0,-20309.0,0.5634513467930268,0.3231469464646966,-0.0097975179621162,0.0201884253028263,-0.0624613481756338,1660,0.0,0.0,0.0,181.0,0.0,0.0,0.0,5850,0.0,0.0,0.0
2025-08-20,380.0,241826.0,109776.0,404.0,819974.0,143806.0,-24.0,-0.0631578947366759,-22853.0,907.0,-23760.0,0.7633617512482042,0.2949191071912032,0.0026385224274405,0.0194500335345406,-0.0482154038822792,1660,0.0,0.0,0.0,181.0,0.0,0.0,0.0,5850,0.0,0.0,0.0
2025-08-21,387.5,224194.0,116898.0,412.0,833839.0,256769.0,-24.5,-0.0632258064514497,-17632.0,13865.0,-31497.0,0.4552652384049458,0.2688696498964425,0.019736842105263,0.0305851063829787,-0.0282131661442006,1660,0.0,0.0,0.0,181.0,0.0,0.0,0.0,5850,0.0,0.0,0.0
2025-08-22,388.25,166237.0,108358.0,411.25,832390.0,180162.0,-23.0,-0.0592401802960483,-57957.0,-1449.0,-56508.0,0.6014475860614303,0.1997104722545919,0.0019354838709677,0.0123859191655801,-0.0330012453300124,1660,0.0,0.0,0.0,181.0,0.0,0.0,0.0,5850,0.0,0.0,0.0
2025-08-25,389.25,128240.0,123992.0,412.0,834884.0,195064.0,-22.75,-0.05844572896581,-37997.0,2494.0,-40491.0,0.6356477873928524,0.1536021770689099,0.0025756600128783,0.0169823644676681,-0.0256570713391739,1660,0.0,0.0,0.0,181.0,0.0,0.0,0.0,5850,0.0,0.0,0.0
2025-08-26,387.0,80835.0,170218.0,409.25,838348.0,266957.0,-22.25,-0.057493540051531,-47405.0,3464.0,-50869.0,0.6376232876455735,0.0964217723427501,-0.0057803468208093,0.0211081794195251,-0.0152671755725191,1660,0.0,0.0,0.0,181.0,0.0,0.0,0.0,5850,0.0,0.0,0.0
2025-08-27,381.75,45810.0,108482.0,406.0,854543.0,204078.0,-24.25,-0.0635232481989167,-35025.0,16195.0,-51220.0,0.5315712619684605,0.0536076007877894,-0.0135658914728682,0.0046052631578947,-0.0186375321336761,1660,0.0,0.0,0.0,181.0,0.0,0.0,0.0,5850,0.0,0.0,0.0
2025-08-28,385.0,6606.0,81216.0,410.5,874978.0,208709.0,-25.5,-0.0662337662335942,-39204.0,20435.0,-59639.0,0.3891351115668208,0.0075499041118748,0.0085134250163718,-0.0064516129032258,-0.0166028097062579,1660,0.0,0.0,0.0,181.0,0.0,0.0,0.0,5850,0.0,0.0,0.0
2025-08-29,399.0,3227.0,7520.0,419.5,871220.0,277558.0,-20.5,-0.0513784461151594,-3379.0,-3758.0,379.0,0.0270934363268216,0.0037040012855535,0.0363636363636363,0.0276883451384417,0.0126903553299493,1660,0.0,0.0,0.0,181.0,0.0,0.0,0.0,5850,0.0,0.0,0.0
2025-09-02,382.5,2207.0,1546.0,422.75,870263.0,246406.0,-40.25,-0.1052287581696595,-1020.0,-957.0,-63.0,0.0062741978685583,0.0025360149747834,-0.0413533834586465,-0.0173410404624277,-0.0173410404624277,2117,457.0,457.0,4.767518553026546,188.8,7.800000000000011,7.800000000000011,4.898979482489432,6100,250.0,250.0,4.764175523654388
2025-09-03,397.75,1484.0,1025.0,417.75,861943.0,187053.0,-20.0,-0.0502828409803889,-723.0,-8320.0,7597.0,0.0054797303438062,0.0017216915735727,0.0398692810457517,0.0277777777777776,0.0277777777777776,2117,0.0,0.0,0.0,188.8,0.0,0.0,0.0,6100,0.0,0.0,0.0
2025-09-04,399.0,759.0,863.0,420.0,859314.0,153762.0,-21.0,-0.0526315789472365,-725.0,-2629.0,1904.0,0.0056125700758314,0.000883262695592,0.0031426775612821,0.0451866404715126,0.0486202365308803,2117,0.0,0.0,0.0,188.8,0.0,0.0,0.0,6100,0.0,0.0,0.0
2025-09-05,380.0,618.0,417.0,417.5,852452.0,166147.0,-37.5,-0.0986842105260561,-141.0,-6862.0,6721.0,0.002509825636334,0.0007249675055017,-0.0476190476190476,-0.0129870129870129,0.0,2117,0.0,0.0,0.0,188.8,0.0,0.0,0.0,6100,0.0,0.0,0.0
2025-09-08,380.0,327.0,549.0,421.25,848697.0,133439.0,-41.25,-0.1085526315786617,-291.0,-3755.0,3464.0,0.0041142394652237,0.0003852965192524,0.0,-0.0476190476190476,-0.0104166666666666,2117,0.0,0.0,0.0,188.8,0.0,0.0,0.0,6100,0.0,0.0,0.0
2025-09-09,401.0,265.0,146.0,419.5,849058.0,116928.0,-18.5,-0.0461346633415308,-62.0,361.0,-423.0,0.0012486316365626,0.0003121105978625,0.0552631578947369,0.0483660130718954,0.047681254082299,2117,0.0,0.0,0.0,188.8,0.0,0.0,0.0,6100,0.0,0.0,0.0
2025-09-10,380.0,227.0,57.0,417.0,847269.0,98507.0,-37.0,-0.0973684210523753,-38.0,-1789.0,1751.0,0.0005786390814865,0.000267919633552,-0.0523690773067331,-0.0446260213702074,-0.0123456790123457,2117,0.0,0.0,0.0,188.8,0.0,0.0,0.0,6100,0.0,0.0,0.0
2025-09-11,376.0,52.0,120.0,419.75,851601.0,138704.0,-43.75,-0.1163563829784139,-175.0,4332.0,-4507.0,0.0008651516899296,6.106145953327901e-05,-0.0105263157894737,-0.0576441102756892,0.0121130551816959,2117,0.0,0.0,0.0,188.8,0.0,0.0,0.0,6100,0.0,0.0,0.0
2025-09-12,,36.0,37.0,427.25,849543.0,363844.0,,,-16.0,-2058.0,2042.0,0.0001016919339057,4.2375724360038226e-05,0.0,-0.0105263157894737,0.0087189805499665,2117,0.0,0.0,0.0,188.8,0.0,0.0,0.0,6100,0.0,0.0,0.0
2025-09-15,423.25,832723.0,192792.0,441.0,292165.0,47758.0,-17.75,-0.0419373892497532,832687.0,-557378.0,1390065.0,4.036852464508479,2.850180548662561,0.1256648936170212,0.1138157894736842,0.1256648936170212,2117,0.0,0.0,0.0,188.8,0.0,0.0,0.0,6100,0.0,0.0,0.0
2025-09-16,428.5,840309.0,178779.0,446.25,298059.0,48310.0,-17.75,-0.0414235705950025,7586.0,5894.0,1692.0,3.700662388739315,2.819270681308054,0.0124040165386887,0.0685785536159599,0.1173402868318123,2117,0.0,0.0,0.0,188.8,0.0,0.0,0.0,6100,0.0,0.0,0.0
2025-09-17,426.75,842604.0,146851.0,444.5,297580.0,54777.0,-17.75,-0.0415934387813905,2295.0,-479.0,2774.0,2.6808879639264167,2.831520935546734,-0.0040840140023337,0.1230263157894737,0.1149575440888308,2117,0.0,0.0,0.0,188.8,0.0,0.0,0.0,6100,0.0,0.0,0.0
2025-09-18,424.0,835078.0,113263.0,441.75,300309.0,34380.0,-17.75,-0.041863207547071,-7526.0,2729.0,-10255.0,3.294444444444349,2.7807291822755804,-0.0064440538957234,0.127659574468085,0.1187335092348285,2117,0.0,0.0,0.0,188.8,0.0,0.0,0.0,6100,0.0,0.0,0.0
2025-09-19,424.0,834005.0,162409.0,441.25,305612.0,50971.0,-17.25,-0.0406839622640549,-1073.0,5303.0,-6376.0,3.186302014871139,2.7289667944975893,0.0,0.127659574468085,0.1157894736842104,2117,0.0,0.0,0.0,188.8,0.0,0.0,0.0,6100,0.0,0.0,0.0
2025-09-22,421.75,823431.0,189769.0,438.75,302836.0,57003.0,-17.0,-0.0403082394782683,-10574.0,-2776.0,-7798.0,3.329105485676134,2.719065764968489,-0.0053066037735849,-0.0035440047253396,0.0883870967741935,2117,0.0,0.0,0.0,188.8,0.0,0.0,0.0,6100,0.0,0.0,0.0
2025-09-23,425.5,825997.0,145931.0,442.25,301454.0,45199.0,-16.75,-0.0393654524088381,2566.0,-1382.0,3948.0,3.228633376844549,2.740043257014328,0.0088915234143449,-0.0070011668611434,0.0959433354797167,2117,0.0,0.0,0.0,188.8,0.0,0.0,0.0,6100,0.0,0.0,0.0
2025-09-24,424.0,819886.0,134256.0,440.75,302416.0,36114.0,-16.75,-0.0395047169810389,-6111.0,962.0,-7073.0,3.7175610566538264,2.7111197820221062,-0.0035252643948295,-0.0064440538957234,0.0892742453436095,2117,0.0,0.0,0.0,188.8,0.0,0.0,0.0,6100,0.0,0.0,0.0
2025-09-25,425.0,823224.0,146851.0,441.75,305728.0,49216.0,-16.75,-0.0394117647057896,3338.0,3312.0,26.0,2.983806079323737,2.692667992463881,0.0023584905660376,0.0023584905660376,0.0981912144702843,2117,0.0,0.0,0.0,188.8,0.0,0.0,0.0,6100,0.0,0.0,0.0
2025-09-26,421.75,807029.0,131813.0,438.75,309694.0,39744.0,-17.0,-0.0403082394782683,-16195.0,3966.0,-20161.0,3.3165509259258426,2.6058916220527277,-0.0076470588235294,-0.0053066037735849,0.1047806155861166,2117,0.0,0.0,0.0,188.8,0.0,0.0,0.0,6100,0.0,0.0,0.0
2025-09-29,421.25,802928.0,146154.0,438.5,314597.0,38562.0,-17.25,-0.0409495548960452,-4101.0,4903.0,-9004.0,3.790104247704897,2.552243028382335,-0.0011855364552459,-0.0011855364552459,0.0941558441558441,2117,0.0,0.0,0.0,188.8,0.0,0.0,0.0,6100,0.0,0.0,0.0
2025-09-30,415.75,796993.0,279177.0,431.75,323250.0,93763.0,-16.0,-0.0384846662656921,-5935.0,8653.0,-14588.0,2.9774751234495165,2.465562258313991,-0.0130563798219585,-0.0229142185663925,0.0419799498746866,2110,-7.0,-7.0,-0.07498036554819155,186.7,-2.1000000000000227,-2.1000000000000227,-1.2599274185594336,6100,0.0,0.0,0.0
2025-10-01,418.25,800920.0,285170.0,434.25,334085.0,98996.0,-16.0,-0.0382546323968003,3927.0,10835.0,-6908.0,2.8806214392500413,2.397353966804848,0.0060132291040289,-0.0135613207547169,0.0934640522875815,2110,0.0,0.0,0.0,186.7,0.0,0.0,0.0,6100,0.0,0.0,0.0
2025-10-02,421.0,806589.0,192896.0,437.25,338405.0,64088.0,-16.25,-0.038598574821761,5669.0,4320.0,1349.0,3.009861440519239,2.383502016814165,0.0065750149432157,-0.0094117647058823,0.0584538026398491,2110,0.0,0.0,0.0,186.7,0.0,0.0,0.0,6100,0.0,0.0,0.0
2025-10-03,419.25,797271.0,179524.0,436.75,338053.0,71210.0,-17.5,-0.0417412045318026,-9318.0,-352.0,-8966.0,2.5210504142676236,2.3584201293879885,-0.0041567695961994,-0.0059276822762299,0.0507518796992481,2110,0.0,0.0,0.0,186.7,0.0,0.0,0.0,6100,0.0,0.0,0.0
2025-10-06,421.75,796524.0,141859.0,438.5,342502.0,42733.0,-16.75,-0.0397154712506467,-747.0,4449.0,-5196.0,3.319659279713493,2.325603938079187,0.005963029218843,0.0011869436201781,0.1098684210526315,2110,0.0,0.0,0.0,186.7,0.0,0.0,0.0,6100,0.0,0.0,0.0
2025-10-07,419.0,793763.0,219828.0,435.75,358443.0,112486.0,-16.75,-0.0399761336514559,-2761.0,15941.0,-18702.0,1.9542698646942556,2.2144748258439915,-0.0065204505038529,0.0078171978352374,0.1026315789473684,2110,0.0,0.0,0.0,186.7,0.0,0.0,0.0,6100,0.0,0.0,0.0
2025-10-08,422.0,800496.0,167360.0,437.5,358612.0,78418.0,-15.5,-0.0367298578198181,6733.0,169.0,6564.0,2.134203881761813,2.232206395770353,0.0071599045346062,0.0089659294680215,0.0523690773067331,2110,0.0,0.0,0.0,186.7,0.0,0.0,0.0,6100,0.0,0.0,0.0
2025-10-09,418.25,795860.0,207206.0,434.25,364859.0,111236.0,-16.0,-0.0382546323968003,-4636.0,6247.0,-10883.0,1.8627602574705864,2.1812809879980977,-0.0088862559241705,-0.0065320665083135,0.1006578947368421,2110,0.0,0.0,0.0,186.7,0.0,0.0,0.0,6100,0.0,0.0,0.0
2025-10-10,414.25,810959.0,233653.0,430.0,381786.0,83936.0,-15.75,-0.0380205190101677,15099.0,16927.0,-1828.0,2.783704250857763,2.1241192710052172,-0.0095636580992229,-0.0119260584376863,0.1017287234042554,2110,0.0,0.0,0.0,186.7,0.0,0.0,0.0,6100,0.0,0.0,0.0
2025-10-13,411.0,811077.0,181175.0,427.25,381785.0,73056.0,-16.25,-0.0395377128952809,118.0,-1.0,119.0,2.4799468900569086,2.1244339091373363,-0.0078455039227519,-0.0254890337877889,0.0930851063829787,2110,0.0,0.0,0.0,186.7,0.0,0.0,0.0,6100,0.0,0.0,0.0
2025-10-14,413.0,801281.0,192433.0,429.25,386430.0,84369.0,-16.25,-0.0393462469732703,-9796.0,4645.0,-14441.0,2.280849601156796,2.0735476024118156,0.0048661800486617,-0.0143198090692123,-0.0242173656231541,2110,0.0,0.0,0.0,186.7,0.0,0.0,0.0,6100,0.0,0.0,0.0
2025-10-15,416.75,789452.0,195171.0,432.75,388722.0,77812.0,-16.0,-0.0383923215356007,-11829.0,2292.0,-14121.0,2.508237803937664,2.030890970925232,0.0090799031476997,-0.0124407582938388,-0.0274212368728121,2110,0.0,0.0,0.0,186.7,0.0,0.0,0.0,6100,0.0,0.0,0.0
2025-10-16,421.5,784881.0,304262.0,435.75,400742.0,150002.0,-14.25,-0.0338078291814144,-4571.0,12020.0,-16591.0,2.0283862881828107,1.958569353848606,0.0113977204559088,0.0077704722056186,-0.0123022847100175,2110,0.0,0.0,0.0,186.7,0.0,0.0,0.0,6100,0.0,0.0,0.0
2025-10-17,422.5,777668.0,185452.0,436.5,401025.0,84956.0,-14.0,-0.0331360946744777,-7213.0,283.0,-7496.0,2.1829182164885093,1.9392007979552348,0.0023724792408066,0.019915509957755,-0.0035377358490565,2110,0.0,0.0,0.0,186.7,0.0,0.0,0.0,6100,0.0,0.0,0.0
2025-10-20,423.5,767650.0,179465.0,437.25,404995.0,69823.0,-13.75,-0.0324675324674558,-10018.0,3970.0,-13988.0,2.570284863153938,1.895455499450606,0.0023668639053253,0.0304136253041362,-0.0011792452830188,2110,0.0,0.0,0.0,186.7,0.0,0.0,0.0,6100,0.0,0.0,0.0
2025-10-21,419.5,760197.0,181051.0,434.75,413917.0,71473.0,-15.25,-0.0363528009534294,-7453.0,8922.0,-16375.0,2.5331383879226763,1.8365928434927732,-0.0094451003541912,0.0157384987893463,-0.0053349140486069,2110,0.0,0.0,0.0,186.7,0.0,0.0,0.0,6100,0.0,0.0,0.0
2025-10-22,423.0,757156.0,186819.0,436.25,420528.0,80548.0,-13.25,-0.0313238770684838,-3041.0,6611.0,-9652.0,2.3193499528231323,1.8004889091808352,0.0083432657926103,0.01499700059988,-0.0058754406580493,2110,0.0,0.0,0.0,186.7,0.0,0.0,0.0,6100,0.0,0.0,0.0
2025-10-23,427.5,761344.0,206571.0,440.0,429374.0,101270.0,-12.5,-0.0292397660818029,4188.0,8846.0,-4658.0,2.0398044830650535,1.7731488166493503,0.0106382978723404,0.0142348754448398,0.008254716981132,2110,0.0,0.0,0.0,186.7,0.0,0.0,0.0,6100,0.0,0.0,0.0
2025-10-24,423.25,754980.0,211852.0,437.75,435038.0,104489.0,-14.5,-0.0342587123448688,-6364.0,5664.0,-12028.0,2.0275052876379136,1.7354346057126004,-0.0099415204678362,0.001775147928994,-0.0041176470588235,2110,0.0,0.0,0.0,186.7,0.0,0.0,0.0,6100,0.0,0.0,0.0
2025-10-27,428.0,733586.0,295622.0,443.25,437982.0,145056.0,-15.25,-0.035630841121412,-21394.0,2944.0,-24338.0,2.0379853298036483,1.674922713718825,0.011222681630242,0.0106257378984651,0.0148192056905749,2110,0.0,0.0,0.0,186.7,0.0,0.0,0.0,6100,0.0,0.0,0.0
2025-10-28,431.25,715271.0,378016.0,445.5,437468.0,215857.0,-14.25,-0.0330434782607929,-18315.0,-514.0,-17801.0,1.7512334554820936,1.635024733237627,0.0075934579439251,0.0280095351609057,0.0237388724035607,2110,0.0,0.0,0.0,186.7,0.0,0.0,0.0,6100,0.0,0.0,0.0
2025-10-29,434.25,689660.0,239879.0,447.0,438246.0,157844.0,-12.75,-0.0293609671847337,-25611.0,778.0,-26389.0,1.5197220040039436,1.5736823610483577,0.0069565217391305,0.0265957446808511,0.0444978953698136,2110,0.0,0.0,0.0,186.7,0.0,0.0,0.0,6100,0.0,0.0,0.0
2025-10-30,429.25,670246.0,301183.0,443.0,443530.0,158864.0,-13.75,-0.0320326150261338,-19414.0,5284.0,-24698.0,1.8958543156410397,1.5111627172908224,-0.0115141047783534,0.0040935672514619,0.026300059772863,2110,0.0,0.0,0.0,186.7,0.0,0.0,0.0,6100,0.0,0.0,0.0
2025-10-31,430.5,661306.0,214312.0,443.25,441115.0,127060.0,-12.75,-0.0296167247386071,-8940.0,-2415.0,-6525.0,1.686699197229642,1.499169150901689,0.0029120559114734,0.0171293561724747,0.0225653206650831,2110,0.0,0.0,0.0,186.7,0.0,0.0,0.0,6100,0.0,0.0,0.0
2025-11-03,434.5,653871.0,207957.0,446.5,447211.0,109257.0,-12.0,-0.027617951668521,-7435.0,6096.0,-13531.0,1.9033746121529795,1.462108490175775,0.0092915214866433,0.0151869158878503,0.0363744782349433,2110,0.0,0.0,0.0,186.7,0.0,0.0,0.0,6100,0.0,0.0,0.0
2025-11-04,430.75,642443.0,183033.0,444.75,451453.0,114456.0,-14.0,-0.0325014509575565,-11428.0,4242.0,-15670.0,1.5991560075487383,1.4230562206918518,-0.0086306098964327,-0.001159420289855,0.0213396561944279,2110,0.0,0.0,0.0,186.7,0.0,0.0,0.0,6100,0.0,0.0,0.0
2025-11-05,434.75,628029.0,201307.0,449.0,462888.0,115841.0,-14.25,-0.0327774583092978,-14414.0,11435.0,-25849.0,1.737787139268465,1.356762326955978,0.0092861288450376,0.0011514104778354,0.0375894988066825,2110,0.0,0.0,0.0,186.7,0.0,0.0,0.0,6100,0.0,0.0,0.0
2025-11-06,428.75,609681.0,228266.0,443.0,468140.0,122797.0,-14.25,-0.033236151603421,-18348.0,5252.0,-23600.0,1.8588890608076591,1.3023475883282751,-0.0138010350776308,-0.0011648223645893,0.0159952606635072,2110,0.0,0.0,0.0,186.7,0.0,0.0,0.0,6100,0.0,0.0,0.0
2025-11-07,426.75,582623.0,186066.0,442.0,477537.0,114033.0,-15.25,-0.0357352079671101,-27058.0,9397.0,-36455.0,1.6316855647049395,1.2200583410290695,-0.0046647230320699,-0.0087108013937282,0.0203227734608488,2110,0.0,0.0,0.0,186.7,0.0,0.0,0.0,6100,0.0,0.0,0.0
2025-11-10,429.25,549705.0,220392.0,444.0,502897.0,149131.0,-14.75,-0.0343622597553072,-32918.0,25360.0,-58278.0,1.477841629171658,1.0930767135218522,0.005858230814294,-0.0120828538550057,0.0362100181050091,2110,0.0,0.0,0.0,186.7,0.0,0.0,0.0,6100,0.0,0.0,0.0
2025-11-11,431.5,505590.0,221848.0,446.25,506392.0,165446.0,-14.75,-0.0341830822710679,-44115.0,3495.0,-47610.0,1.3409088161696183,0.9984162467021576,0.0052417006406522,0.0017411491584444,0.0498783454987834,2110,0.0,0.0,0.0,186.7,0.0,0.0,0.0,6100,0.0,0.0,0.0
2025-11-12,435.0,483348.0,271699.0,449.0,512494.0,215669.0,-14.0,-0.032183908045903,-22242.0,6102.0,-28344.0,1.25979626186424,0.9431290902917868,0.0081112398609501,0.0005750431282345,0.0532687651331718,2110,0.0,0.0,0.0,186.7,0.0,0.0,0.0,6100,0.0,0.0,0.0
2025-11-13,442.0,450169.0,400924.0,455.0,563744.0,304493.0,-13.0,-0.0294117647058158,-33179.0,51250.0,-84429.0,1.3166936514139855,0.7985344411647826,0.0160919540229884,0.0309037900874635,0.0605878824235153,2110,0.0,0.0,0.0,186.7,0.0,0.0,0.0,6100,0.0,0.0,0.0
2025-11-14,430.0,414388.0,411585.0,443.5,576329.0,314292.0,-13.5,-0.0313953488371362,-35781.0,12585.0,-48366.0,1.30956244511473,0.7190129249092085,-0.0271493212669683,0.0076157000585823,0.0201660735468565,2110,0.0,0.0,0.0,186.7,0.0,0.0,0.0,6100,0.0,0.0,0.0
2025-11-17,434.75,393282.0,219642.0,447.75,579528.0,173671.0,-13.0,-0.0299022426681313,-21106.0,3199.0,-24305.0,1.2647016485193197,0.6786246738725296,0.011046511627907,0.0128130460104833,0.0289940828402366,2110,0.0,0.0,0.0,186.7,0.0,0.0,0.0,6100,0.0,0.0,0.0
2025-11-18,435.5,376028.0,162294.0,448.75,585736.0,140864.0,-13.25,-0.0304247990814456,-17254.0,6208.0,-23462.0,1.152132553384817,0.6419752243331456,0.0017251293847038,0.0092699884125144,0.0283353010625737,2110,0.0,0.0,0.0,186.7,0.0,0.0,0.0,6100,0.0,0.0,0.0
2025-11-19,429.75,345372.0,198902.0,442.0,598157.0,178328.0,-12.25,-0.0285049447352449,-30656.0,12421.0,-43077.0,1.1153716746668998,0.5773935605534991,-0.013203214695752,-0.0120689655172413,0.0244338498212157,2110,0.0,0.0,0.0,186.7,0.0,0.0,0.0,6100,0.0,0.0,0.0
2025-11-20,426.25,308966.0,195292.0,437.75,619695.0,227070.0,-11.5,-0.0269794721406991,-36406.0,21538.0,-57944.0,0.860051966353984,0.4985775260410354,-0.0081442699243746,-0.0356334841628959,0.0076832151300236,2110,0.0,0.0,0.0,186.7,0.0,0.0,0.0,6100,0.0,0.0,0.0
2025-11-21,425.75,223441.0,194578.0,437.5,646444.0,195235.0,-11.75,-0.0275983558425658,-85525.0,26749.0,-112274.0,0.9966348246984352,0.345646335954854,-0.0011730205278592,-0.0098837209302325,-0.004093567251462,2110,0.0,0.0,0.0,186.7,0.0,0.0,0.0,6100,0.0,0.0,0.0
2025-11-24,424.0,154559.0,227312.0,437.0,682949.0,259740.0,-13.0,-0.0306603773584182,-68882.0,36505.0,-105387.0,0.8751520751520718,0.2263111886831956,-0.0041103934233704,-0.0247268545140885,0.0017720023626697,2110,0.0,0.0,0.0,186.7,0.0,0.0,0.0,6100,0.0,0.0,0.0
2025-11-25,423.5,77870.0,227795.0,437.75,716267.0,281855.0,-14.25,-0.0336481700117269,-76689.0,33318.0,-110007.0,0.8081992513881222,0.1087164423322586,-0.0011792452830188,-0.0275545350172216,-0.0105140186915887,2110,0.0,0.0,0.0,186.7,0.0,0.0,0.0,6100,0.0,0.0,0.0
2025-11-26,428.0,13468.0,158325.0,445.5,745324.0,310045.0,-17.5,-0.0408878504671941,-64402.0,29057.0,-93459.0,0.5106516795948959,0.0180699937208515,0.0106257378984651,-0.0040721349621872,-0.0075362318840579,2110,0.0,0.0,0.0,186.7,0.0,0.0,0.0,6100,0.0,0.0,0.0
2025-11-28,426.5,8066.0,8642.0,447.5,739987.0,87644.0,-21.0,-0.0492379835872233,-5402.0,-5337.0,-65.0,0.0986034411939197,0.0109001914898504,-0.0035046728971962,0.0005865102639295,-0.0178468624064479,2110,0.0,0.0,0.0,186.7,0.0,0.0,0.0,6100,0.0,0.0,0.0
2025-12-01,433.5,5861.0,3265.0,445.0,727008.0,168991.0,-11.5,-0.0265282583621072,-2205.0,-12979.0,10774.0,0.019320555532543,0.0080618094986575,0.0164126611957795,0.0182031708749266,0.0099009900990099,2154,44.0,44.0,4.898979485020737,186.0,-0.6999999999999886,-0.6999999999999886,-4.898979451280554,6100,0.0,0.0,0.0
2025-12-02,436.5,4358.0,2267.0,449.5,738669.0,211525.0,-13.0,-0.0297823596791986,-1503.0,11661.0,-13164.0,0.010717409289682,0.0058998008580297,0.0069204152249136,0.0294811320754717,0.0139372822299652,2154,0.0,0.0,0.0,186.0,0.0,0.0,0.0,6100,0.0,0.0,0.0
2025-12-03,431.0,3888.0,1340.0,443.0,730114.0,187591.0,-12.0,-0.0278422273781256,-470.0,-8555.0,8085.0,0.0071431998336806,0.0053251957913421,-0.0126002290950744,0.0177095631641086,-0.0080552359033371,2154,0.0,0.0,0.0,186.0,0.0,0.0,0.0,6100,0.0,0.0,0.0
2025-12-04,435.0,3395.0,1242.0,446.25,730678.0,151430.0,-11.25,-0.0258620689654577,-493.0,564.0,-1057.0,0.0082018094168922,0.0046463695362389,0.0092807424593968,0.0163551401869159,0.0098665118978524,2154,0.0,0.0,0.0,186.0,0.0,0.0,0.0,6100,0.0,0.0,0.0
2025-12-05,435.5,2517.0,1038.0,444.5,727826.0,112552.0,-9.0,-0.0206659012628687,-878.0,-2852.0,1974.0,0.0092224038666571,0.0034582441407699,0.0011494252873562,0.0211019929660023,0.0017251293847038,2154,0.0,0.0,0.0,186.0,0.0,0.0,0.0,6100,0.0,0.0,0.0
2025-12-08,434.0,1423.0,1738.0,443.5,724884.0,114701.0,-9.5,-0.0218894009216085,-1094.0,-2942.0,1848.0,0.0151524398217974,0.0019630727123236,-0.0034443168771527,0.0011534025374855,0.0122448979591835,2154,0.0,0.0,0.0,186.0,0.0,0.0,0.0,6100,0.0,0.0,0.0
2025-12-09,435.0,,873.0,447.75,,168071.0,-12.75,-0.0293103448275188,,,,0.0051942333894603,,0.0023041474654377,-0.0034364261168384,0.0193321616871704,2154,0.0,0.0,0.0,186.0,0.0,0.0,0.0,6100,0.0,0.0,0.0
