date,s1_bid,s1_oi,s1_vol,s2_bid,s2_oi,s2_vol,spread_c1_c2,spread_pct,d_c1_oi,d_c2_oi,roll_pressure,vol_ratio,oi_ratio,ret_1d,ret_5d,ret_21d,ending_stocks,stocks_change,stocks_surprise,stocks_surprise_z,exports,exports_change,exports_surprise,exports_surprise_z,yield,yield_change,yield_surprise,yield_surprise_z
2020-12-09,1158.25,208104.0,121502.0,1163.5,300525.0,90650.0,-5.25,-0.0045327001942546,,,,1.340341974627674,0.6924681806838011,,,,190,,,,2200,,,,50.7,,,
2020-12-10,1154.0,193333.0,202110.0,1157.0,311111.0,121428.0,-3.0,-0.0025996533795471,-14771.0,10586.0,-25357.0,1.6644431267911712,0.6214277219384702,-0.0036693287286855,,,190,0.0,0.0,,2200,0.0,0.0,,50.7,0.0,0.0,
2020-12-11,1156.0,179304.0,129424.0,1160.0,326259.0,82893.0,-4.0,-0.0034602076124537,-14029.0,15148.0,-29177.0,1.5613381105762665,0.5495756438902818,0.0017331022530329,,,190,0.0,0.0,0.0,2200,0.0,0.0,0.0,50.7,0.0,0.0,0.0
2020-12-14,1168.5,171289.0,101997.0,1173.5,326249.0,58809.0,-5.0,-0.0042789901583189,-8015.0,-10.0,-8005.0,1.7343773912156009,0.525025364062417,0.0108131487889273,,,190,0.0,0.0,0.0,2200,0.0,0.0,0.0,50.7,0.0,0.0,0.0
2020-12-15,1182.5,163535.0,128713.0,1189.0,334272.0,71589.0,-6.5,-0.005496828752638,-7754.0,8023.0,-15777.0,1.7979438181843328,0.4892273358223228,0.0119811724433034,,,190,0.0,0.0,0.0,2200,0.0,0.0,0.0,50.7,0.0,0.0,0.0
2020-12-16,1181.75,148691.0,122886.0,1185.0,350634.0,95554.0,-3.25,-0.0027501586629974,-14844.0,16362.0,-31206.0,1.286037214559293,0.4240632682512237,-0.0006342494714587,0.0202892294409668,,190,0.0,0.0,0.0,2200,0.0,0.0,0.0,50.7,0.0,0.0,0.0
2020-12-17,1204.5,141343.0,125030.0,1205.5,363880.0,102177.0,-1.0,-0.0008302200083015,-7348.0,13246.0,-20594.0,1.2236609021599654,0.3884329998900725,0.0192511106409984,0.0437608318890814,,190,0.0,0.0,0.0,2200,0.0,0.0,0.0,50.7,0.0,0.0,0.0
2020-12-18,1217.0,129368.0,110919.0,1220.5,376005.0,102066.0,-3.5,-0.0028759244042704,-11975.0,12125.0,-24100.0,1.0867379930633012,0.3440592545311888,0.0103777501037773,0.0527681660899654,,190,0.0,0.0,0.0,2200,0.0,0.0,0.0,50.7,0.0,0.0,0.0
2020-12-21,1241.5,118882.0,129147.0,1247.0,389479.0,154422.0,-5.5,-0.0044301248489694,-10486.0,13474.0,-23960.0,0.8363251350196163,0.3052334015441132,0.0201314708299096,0.0624732563115104,,190,0.0,0.0,0.0,2200,0.0,0.0,0.0,50.7,0.0,0.0,0.0
2020-12-22,1247.75,102115.0,102551.0,1251.0,391121.0,127913.0,-3.25,-0.0026046884391884,-16767.0,1642.0,-18409.0,0.8017246096956462,0.2610828873929033,0.0050342327829238,0.0551797040169133,,190,0.0,0.0,0.0,2200,0.0,0.0,0.0,50.7,0.0,0.0,0.0
2020-12-23,1256.0,86074.0,93382.0,1262.0,394312.0,121837.0,-6.0,-0.0047770700636904,-16041.0,3191.0,-19232.0,0.7664502573109911,0.2182890705836996,0.0066119014225605,0.0628305479162258,,190,0.0,0.0,0.0,2200,0.0,0.0,0.0,50.7,0.0,0.0,0.0
2020-12-24,1261.0,61607.0,41312.0,1261.25,399338.0,69536.0,-0.25,-0.0001982553528943,-24467.0,5026.0,-29493.0,0.5941095260009118,0.1542728215196145,0.0039808917197452,0.0469074304690741,,190,0.0,0.0,0.0,2200,0.0,0.0,0.0,50.7,0.0,0.0,0.0
2020-12-28,1249.0,33750.0,56756.0,1256.75,400329.0,147552.0,-7.75,-0.0062049639711719,-27857.0,991.0,-28848.0,0.3846508349598759,0.0843056585958047,-0.0095162569389373,0.0262941659819226,,190,0.0,0.0,0.0,2200,0.0,0.0,0.0,50.7,0.0,0.0,0.0
2020-12-29,1295.0,15691.0,43283.0,1296.0,409271.0,162644.0,-1.0,-0.0007722007722001,-18059.0,8942.0,-27001.0,0.2661210988416402,0.0383389001419596,0.0368294635708565,0.0430930326218284,,190,0.0,0.0,0.0,2200,0.0,0.0,0.0,50.7,0.0,0.0,0.0
2020-12-30,1295.5,6001.0,24625.0,1298.0,411939.0,150666.0,-2.5,-0.0019297568506353,-9690.0,2668.0,-12358.0,0.1634409886769399,0.0145676908474312,0.0003861003861003,0.0382688839911842,,190,0.0,0.0,0.0,2200,0.0,0.0,0.0,50.7,0.0,0.0,0.0
2020-12-31,1312.0,4198.0,3634.0,1307.0,410499.0,115566.0,5.0,0.0038109756097531,-1803.0,-1440.0,-363.0,0.0314452347576274,0.0102265778966574,0.012736395214203,0.0445859872611464,,175,-15.0,-15.0,-3.8729833452074165,2200,0.0,0.0,0.0,50.7,0.0,0.0,0.0
2021-01-04,1307.0,3071.0,2421.0,1311.0,412568.0,200649.0,-4.0,-0.0030604437643434,-1127.0,2069.0,-3196.0,0.0120658463286634,0.0074436214151363,-0.003810975609756,0.0364789849325932,,175,0.0,0.0,0.0,2200,0.0,0.0,0.0,50.7,0.0,0.0,0.0
2021-01-05,1342.0,2499.0,1194.0,1356.75,407859.0,204605.0,-14.75,-0.0109910581221974,-572.0,-4709.0,4137.0,0.0058356345152855,0.0061271174597103,0.0267788829380259,0.0744595676541233,,175,0.0,0.0,0.0,2200,0.0,0.0,0.0,50.7,0.0,0.0,0.0
2021-01-06,1345.0,1962.0,880.0,1368.0,408541.0,161320.0,-23.0,-0.0171003717471991,-537.0,682.0,-1219.0,0.0054549962806843,0.004802455567495,0.0022354694485842,0.0386100386100385,,175,0.0,0.0,0.0,2200,0.0,0.0,0.0,50.7,0.0,0.0,0.0
2021-01-07,1350.0,1133.0,1097.0,1355.0,406514.0,150334.0,-5.0,-0.0037037037037009,-829.0,-2027.0,1198.0,0.0072970851570502,0.0027871118829855,0.003717472118959,0.0420686993438825,,175,0.0,0.0,0.0,2200,0.0,0.0,0.0,50.7,0.0,0.0,0.0
2021-01-08,1351.75,689.0,810.0,1375.0,405929.0,140360.0,-23.25,-0.0171999260218108,-444.0,-585.0,141.0,0.0057708748931319,0.0016973411606463,0.0012962962962963,0.0302972560975609,,175,0.0,0.0,0.0,2200,0.0,0.0,0.0,50.7,0.0,0.0,0.0
2021-01-11,1374.5,462.0,365.0,1372.5,392369.0,143484.0,2.0,0.0014550745725707,-227.0,-13560.0,13333.0,0.0025438376404337,0.0011774630513623,0.0168300351396337,0.0516449885233358,0.1867040794301748,175,0.0,0.0,0.0,2200,0.0,0.0,0.0,50.7,0.0,0.0,0.0
2021-01-12,1351.75,199.0,331.0,1418.0,389247.0,167397.0,-66.25,-0.0490105418901061,-263.0,-3122.0,2859.0,0.0019773353166424,0.0005112435034823,-0.0165514732630047,0.0072652757078985,0.1713604852686308,175,0.0,0.0,0.0,2200,0.0,0.0,0.0,50.7,0.0,0.0,0.0
2021-01-13,1271.5,52.0,242.0,1405.0,382289.0,137450.0,-133.5,-0.1049941014548918,-147.0,-6958.0,6811.0,0.0017606402328119,0.0001360227471886,-0.0593674865914555,-0.0546468401486989,0.0999134948096884,175,0.0,0.0,0.0,2200,0.0,0.0,0.0,50.7,0.0,0.0,0.0
2021-01-14,,11.0,12.0,1432.25,378606.0,109224.0,,,-41.0,-3683.0,3642.0,0.0001098659635244,2.905395054489356e-05,0.0,-0.0581481481481481,0.0881471972614462,175,0.0,0.0,0.0,2200,0.0,0.0,0.0,50.7,0.0,0.0,0.0
2021-01-15,1421.75,375156.0,102084.0,1414.75,172516.0,36396.0,7.0,0.0049235097590962,375145.0,-206090.0,581235.0,2.804813715792867,2.1746156878202476,0.1181675186787258,0.0517847235065656,0.2023255813953488,175,0.0,0.0,0.0,2200,0.0,0.0,0.0,50.7,0.0,0.0,0.0
2021-01-19,1385.0,366235.0,129335.0,1383.0,172091.0,48297.0,2.0,0.0014440433212985,-8921.0,-425.0,-8496.0,2.6779096010103594,2.128147317407638,-0.0258484262352733,0.0076391415060022,0.171990691770679,175,0.0,0.0,0.0,2200,0.0,0.0,0.0,50.7,0.0,0.0,0.0
2021-01-20,1368.75,358270.0,182300.0,1362.25,173185.0,53327.0,6.5,0.0047488584474851,-7965.0,1094.0,-9059.0,3.418530950550314,2.0687126483240346,-0.0117328519855595,0.0125762899944517,0.1363636363636364,175,0.0,0.0,0.0,2200,0.0,0.0,0.0,50.7,0.0,0.0,0.0
2021-01-21,1367.5,352896.0,118977.0,1365.0,174200.0,34117.0,2.5,0.0018281535648981,-5374.0,1015.0,-6389.0,3.487323035436777,2.0258094144661194,-0.0009132420091324,0.0755013763271725,0.1236647493837304,175,0.0,0.0,0.0,2200,0.0,0.0,0.0,50.7,0.0,0.0,0.0
2021-01-22,1307.75,338462.0,203991.0,1311.5,176526.0,70399.0,-3.75,-0.0028675205505617,-14434.0,2326.0,-16760.0,2.897640591485634,1.9173492856576264,-0.0436928702010969,0.0285096342902084,0.0533628674989932,175,0.0,0.0,0.0,2200,0.0,0.0,0.0,50.7,0.0,0.0,0.0
2021-01-25,1345.75,332410.0,150390.0,1343.0,177441.0,47324.0,2.75,0.0020434701839107,-6052.0,915.0,-6967.0,3.1778801453807124,1.873355087043007,0.0290575415790479,-0.0534552488130825,0.0785413744740533,175,0.0,0.0,0.0,2200,0.0,0.0,0.0,50.7,0.0,0.0,0.0
2021-01-26,1368.75,328931.0,116570.0,1369.0,182148.0,46000.0,-0.25,-0.0001826484018263,-3479.0,4707.0,-8186.0,2.5341304347825537,1.8058446977183291,0.0170908415381756,-0.0117328519855595,0.0897691082802547,175,0.0,0.0,0.0,2200,0.0,0.0,0.0,50.7,0.0,0.0,0.0
2021-01-27,1370.75,312837.0,176959.0,1370.0,185524.0,78654.0,0.75,0.0005471457231438,-16094.0,3376.0,-19470.0,2.249841076105446,1.686234665056803,0.0014611872146119,0.0014611872146119,0.0870340999206977,175,0.0,0.0,0.0,2200,0.0,0.0,0.0,50.7,0.0,0.0,0.0
2021-01-28,1350.0,307001.0,147312.0,1347.75,184991.0,71449.0,2.25,0.0016666666666654,-5836.0,-533.0,-5303.0,2.0617783313971914,1.6595455995156432,-0.0151376983403246,-0.0127970749542961,0.0808646917534028,175,0.0,0.0,0.0,2200,0.0,0.0,0.0,50.7,0.0,0.0,0.0
2021-01-29,1363.75,305373.0,140139.0,1361.0,186293.0,64239.0,2.75,0.002016498625113,-1628.0,1302.0,-2930.0,2.1815252416755837,1.6392081291299103,0.010185185185185,0.0428216402217549,0.053088803088803,175,0.0,0.0,0.0,2200,0.0,0.0,0.0,50.7,0.0,0.0,0.0
2021-02-01,1365.0,300123.0,122610.0,1363.0,189703.0,56122.0,2.0,0.0014652014652003,-5250.0,3410.0,-8660.0,2.184704750365237,1.5820677585488814,0.000916590284143,0.0143042912873863,0.0536472404477035,140,-35.0,-35.0,-4.575476424881923,2230,30.0,30.0,4.898979484766357,50.2,-0.5,-0.5,-4.898979437566357
2021-02-02,1351.0,299187.0,101229.0,1344.0,188845.0,43557.0,7.0,0.0051813471502552,-936.0,-858.0,-78.0,2.3240581307252035,1.584299293071029,-0.0102564102564102,-0.0129680365296803,0.0297256097560976,140,0.0,0.0,0.0,2230,0.0,0.0,0.0,50.2,0.0,0.0,0.0
2021-02-03,1368.0,295750.0,104412.0,1362.75,192480.0,48151.0,5.25,0.0038377192982428,-3437.0,3635.0,-7072.0,2.1684284853896667,1.5365232751454618,0.0125832716506291,-0.0020062009848622,0.0466717674062739,140,0.0,0.0,0.0,2230,0.0,0.0,0.0,50.2,0.0,0.0,0.0
2021-02-04,1370.0,291246.0,105595.0,1363.0,191770.0,66828.0,7.0,0.0051094890510911,-4504.0,-710.0,-3794.0,1.5801011552043815,1.5187255566564035,0.0014619883040936,0.0148148148148148,0.0208643815201192,140,0.0,0.0,0.0,2230,0.0,0.0,0.0,50.2,0.0,0.0,0.0
2021-02-05,1366.75,270906.0,125252.0,1365.0,206118.0,86959.0,1.75,0.001280409731113,-20340.0,14348.0,-34688.0,1.440356949826913,1.3143248042383426,-0.0023722627737226,0.0021998166819432,0.016171003717472,140,0.0,0.0,0.0,2230,0.0,0.0,0.0,50.2,0.0,0.0,0.0
2021-02-08,1389.0,255638.0,132805.0,1389.0,213979.0,89280.0,0.0,0.0,-15268.0,7861.0,-23129.0,1.4875112007168292,1.1946873291304232,0.0162794951527345,0.0175824175824175,0.0288888888888889,140,0.0,0.0,0.0,2230,0.0,0.0,0.0,50.2,0.0,0.0,0.0
2021-02-09,1404.25,236722.0,183992.0,1402.0,234957.0,114104.0,2.25,0.0016022787965094,-18916.0,20978.0,-39894.0,1.6124938652457266,1.007512012836387,0.0109791216702663,0.0394152479644707,0.0388385426299242,140,0.0,0.0,0.0,2230,0.0,0.0,0.0,50.2,0.0,0.0,0.0
2021-02-10,1352.5,222032.0,171264.0,1352.5,254701.0,104938.0,0.0,0.0,-14690.0,19744.0,-34434.0,1.632049400598433,0.8717358785399316,-0.0368524123197436,-0.0113304093567251,-0.0160058202982903,140,0.0,0.0,0.0,2230,0.0,0.0,0.0,50.2,0.0,0.0,0.0
2021-02-11,1368.0,205732.0,133481.0,1361.5,269773.0,92718.0,6.5,0.0047514619883006,-16300.0,15072.0,-31372.0,1.43964494488663,0.7626115289521163,0.0114602587800369,-0.0014598540145985,0.0120214536711669,140,0.0,0.0,0.0,2230,0.0,0.0,0.0,50.2,0.0,0.0,0.0
2021-02-12,1371.0,195952.0,89711.0,1362.5,274257.0,58887.0,8.5,0.0061998541210749,-9780.0,4484.0,-14264.0,1.5234432047820143,0.7144831307860849,0.0021929824561404,0.0031095664898481,0.0782540306724342,140,0.0,0.0,0.0,2230,0.0,0.0,0.0,50.2,0.0,0.0,0.0
2021-02-16,1385.0,174951.0,115890.0,1382.5,275168.0,95224.0,2.5,0.0018050541516232,-21001.0,911.0,-21912.0,1.217025119717705,0.6357970403535272,0.0102115244347191,-0.0028797696184305,0.0892646480534802,140,0.0,0.0,0.0,2230,0.0,0.0,0.0,50.2,0.0,0.0,0.0
2021-02-17,1384.0,166991.0,75855.0,1384.75,281494.0,68554.0,-0.75,-0.0005419075144504,-7960.0,6326.0,-14286.0,1.106499985412943,0.5932311168266443,-0.0007220216606498,-0.0144205091685953,-0.0265517847722877,140,0.0,0.0,0.0,2230,0.0,0.0,0.0,50.2,0.0,0.0,0.0
2021-02-18,1377.0,150525.0,114634.0,1379.75,296114.0,85745.0,-2.75,-0.0019970951343485,-16466.0,14620.0,-31086.0,1.3369176045250295,0.5083346278798013,-0.005057803468208,0.0181146025878002,-0.0057761732851985,140,0.0,0.0,0.0,2230,0.0,0.0,0.0,50.2,0.0,0.0,0.0
2021-02-19,1374.75,99633.0,140822.0,1379.0,322754.0,118332.0,-4.25,-0.0030914711765753,-50892.0,26640.0,-77532.0,1.1900584795321536,0.3086964065511184,-0.0016339869281045,0.0049342105263157,0.0043835616438356,140,0.0,0.0,0.0,2230,0.0,0.0,0.0,50.2,0.0,0.0,0.0
2021-02-22,1380.0,70941.0,124120.0,1388.5,339586.0,131827.0,-8.5,-0.0061594202898506,-28692.0,16832.0,-45524.0,0.9415370144204076,0.2089043717938896,0.0038188761593016,0.0065645514223193,0.0091407678244972,140,0.0,0.0,0.0,2230,0.0,0.0,0.0,50.2,0.0,0.0,0.0
2021-02-23,1405.5,48129.0,88637.0,1408.0,360520.0,169884.0,-2.5,-0.0017787264318735,-22812.0,20934.0,-43746.0,0.521750135386496,0.1334988350160875,0.0184782608695652,0.0148014440433212,0.0747467023513668,140,0.0,0.0,0.0,2230,0.0,0.0,0.0,50.2,0.0,0.0,0.0
2021-02-24,1420.0,21712.0,66143.0,1420.25,361949.0,140127.0,-0.25,-0.000176056338028,-26417.0,1429.0,-27846.0,0.4720218087877392,0.0599863516683288,0.0103166133048737,0.0260115606936415,0.0551736949656325,140,0.0,0.0,0.0,2230,0.0,0.0,0.0,50.2,0.0,0.0,0.0
2021-02-25,1407.0,5150.0,44673.0,1405.0,360501.0,184671.0,2.0,0.0014214641080302,-16562.0,-1448.0,-15114.0,0.2419058758548974,0.0142856746583226,-0.0091549295774647,0.0217864923747277,0.027945205479452,140,0.0,0.0,0.0,2230,0.0,0.0,0.0,50.2,0.0,0.0,0.0
2021-02-26,1380.0,2734.0,5701.0,1406.25,356633.0,117310.0,-26.25,-0.019021739130421,-2416.0,-3868.0,1452.0,0.0485977325036224,0.0076661441874419,-0.0191897654584222,0.0038188761593016,0.0067481305854459,140,0.0,0.0,0.0,2230,0.0,0.0,0.0,50.2,0.0,0.0,0.0
2021-03-01,1391.0,1943.0,1258.0,1392.5,356975.0,106588.0,-1.5,-0.0010783608914442,-791.0,342.0,-1133.0,0.0118024543100535,0.0054429581903494,0.0079710144927536,0.0079710144927536,0.0303703703703703,120,-20.0,-20.0,-2.4774171128307105,2250,20.0,20.0,2.773694249337309,50.2,0.0,0.0,0.0
2021-03-02,1385.0,1489.0,680.0,1412.5,353265.0,110167.0,-27.5,-0.0198555956678557,-454.0,-3710.0,3256.0,0.0061724472845769,0.0042149661019347,-0.00431344356578,-0.0145855567413731,0.0155820348304307,120,0.0,0.0,0.0,2250,0.0,0.0,0.0,50.2,0.0,0.0,0.0
2021-03-03,1405.0,1028.0,619.0,1407.5,351828.0,83314.0,-2.5,-0.0017793594306037,-461.0,-1437.0,976.0,0.0074297236958973,0.0029218822833884,0.0144404332129963,-0.0105633802816901,0.0293040293040292,120,0.0,0.0,0.0,2250,0.0,0.0,0.0,50.2,0.0,0.0,0.0
2021-03-04,1405.0,777.0,385.0,1410.0,353933.0,140366.0,-5.0,-0.0035587188612074,-251.0,2105.0,-2356.0,0.0027428294601256,0.0021953307546908,0.0,-0.0014214641080312,0.0399703923019985,120,0.0,0.0,0.0,2250,0.0,0.0,0.0,50.2,0.0,0.0,0.0
2021-03-05,1420.0,704.0,171.0,1430.0,356513.0,94022.0,-10.0,-0.0070422535211218,-73.0,2580.0,-2653.0,0.0018187232775307,0.0019746825501454,0.0106761565836299,0.0289855072463767,0.0380116959064327,120,0.0,0.0,0.0,2250,0.0,0.0,0.0,50.2,0.0,0.0,0.0
2021-03-08,1430.0,581.0,149.0,1433.0,358690.0,103932.0,-3.0,-0.0020979020979006,-123.0,2177.0,-2300.0,0.0014336296809452,0.0016197830996124,0.0070422535211267,0.0280373831775699,0.0437956204379561,120,0.0,0.0,0.0,2250,0.0,0.0,0.0,50.2,0.0,0.0,0.0
2021-03-09,1405.0,451.0,186.0,1439.75,352602.0,115316.0,-34.75,-0.0247330960853916,-130.0,-6088.0,5958.0,0.0016129591730548,0.0012790625124077,-0.0174825174825175,0.0144404332129963,0.0279860984086335,120,0.0,0.0,0.0,2250,0.0,0.0,0.0,50.2,0.0,0.0,0.0
2021-03-10,1405.0,166.0,340.0,1410.0,347640.0,124169.0,-5.0,-0.0035587188612074,-285.0,-4962.0,4677.0,0.0027382035773824,0.000477505465424,0.0,0.0,0.011519078473722,120,0.0,0.0,0.0,2250,0.0,0.0,0.0,50.2,0.0,0.0,0.0
2021-03-11,1336.5,26.0,180.0,1413.5,342592.0,95557.0,-77.0,-0.0576131687242367,-140.0,-5048.0,4908.0,0.0018836924558116,7.589202316458039e-05,-0.0487544483985765,-0.0487544483985765,-0.0482463948727078,120,0.0,0.0,0.0,2250,0.0,0.0,0.0,50.2,0.0,0.0,0.0
2021-03-12,,3.0,25.0,1410.0,337704.0,100480.0,,,-23.0,-4888.0,4865.0,0.000248805732484,8.883519295003882e-06,0.0,-0.0588028169014084,-0.0118299445471349,120,0.0,0.0,0.0,2250,0.0,0.0,0.0,50.2,0.0,0.0,0.0
2021-03-15,1419.0,332208.0,82218.0,1407.5,180822.0,39929.0,11.5,0.0081042988019675,332205.0,-156882.0,489087.0,2.0591049112173594,1.837210073995411,0.0617283950617284,-0.0076923076923076,0.0372807017543859,120,0.0,0.0,0.0,2250,0.0,0.0,0.0,50.2,0.0,0.0,0.0
2021-03-16,1423.0,325805.0,71215.0,1407.75,185881.0,37661.0,15.25,0.010716795502452,-6403.0,5059.0,-11462.0,1.8909481957462129,1.7527611751604428,0.0028188865398168,0.0128113879003559,0.0379285193289569,120,0.0,0.0,0.0,2250,0.0,0.0,0.0,50.2,0.0,0.0,0.0
2021-03-17,1413.75,320119.0,69409.0,1400.75,187967.0,41004.0,13.0,0.009195402298844,-5686.0,2086.0,-7772.0,1.692737293922503,1.7030595796070498,-0.0065003513703443,0.0062277580071175,0.0207581227436823,120,0.0,0.0,0.0,2250,0.0,0.0,0.0,50.2,0.0,0.0,0.0
2021-03-18,1391.75,319039.0,93486.0,1378.25,188804.0,44260.0,13.5,0.0097000179629892,-1080.0,837.0,-1917.0,2.1122006326253477,1.6897894112412783,-0.0155614500442086,0.0413393191170969,0.0055997109826588,120,0.0,0.0,0.0,2250,0.0,0.0,0.0,50.2,0.0,0.0,0.0
2021-03-19,1415.0,318508.0,86775.0,1400.0,189840.0,36302.0,15.0,0.0106007067137734,-531.0,1036.0,-1567.0,2.390364167263446,1.6777707543194182,0.0167055864918268,0.0587355031799476,0.0275962236746549,120,0.0,0.0,0.0,2250,0.0,0.0,0.0,50.2,0.0,0.0,0.0
2021-03-22,1416.0,315149.0,77293.0,1402.0,190122.0,30152.0,14.0,0.0098870056497105,-3359.0,282.0,-3641.0,2.5634452109311963,1.6576145843195336,0.0007067137809186,-0.0021141649048626,0.0300054555373703,120,0.0,0.0,0.0,2250,0.0,0.0,0.0,50.2,0.0,0.0,0.0
2021-03-23,1422.25,314610.0,108200.0,1409.0,189836.0,60235.0,13.25,0.0093162242924877,-539.0,-286.0,-253.0,1.796297833485485,1.6572725931856884,0.0044138418079096,-0.0005270555165144,0.0306159420289855,120,0.0,0.0,0.0,2250,0.0,0.0,0.0,50.2,0.0,0.0,0.0
2021-03-24,1431.5,312064.0,78103.0,1415.0,189194.0,49085.0,16.5,0.0115263709395658,-2546.0,-642.0,-1904.0,1.591178567790535,1.6494391999746203,0.006503779223062,0.0125552608311227,0.0184987548914976,120,0.0,0.0,0.0,2250,0.0,0.0,0.0,50.2,0.0,0.0,0.0
2021-03-25,1414.25,307757.0,104662.0,1400.25,189525.0,56548.0,14.0,0.0098992398797879,-4307.0,331.0,-4638.0,1.850852373205032,1.6238332673789653,-0.0120502968913727,0.0161666966049938,-0.0040492957746478,120,0.0,0.0,0.0,2250,0.0,0.0,0.0,50.2,0.0,0.0,0.0
2021-03-26,1400.0,308841.0,100389.0,1390.0,193487.0,61670.0,10.0,0.007142857142852,1084.0,3962.0,-2878.0,1.6278417382843908,1.5961847565986265,-0.0100760120205055,-0.0106007067137808,-0.0049751243781094,120,0.0,0.0,0.0,2250,0.0,0.0,0.0,50.2,0.0,0.0,0.0
2021-03-29,1390.0,305045.0,98533.0,1385.5,195315.0,47810.0,4.5,0.0032374100719401,-3796.0,1828.0,-5624.0,2.0609286760091603,1.561810408826759,-0.0071428571428571,-0.0183615819209039,0.0072463768115942,120,0.0,0.0,0.0,2250,0.0,0.0,0.0,50.2,0.0,0.0,0.0
2021-03-30,1366.5,301827.0,96925.0,1357.75,197178.0,44744.0,8.75,0.0064032199048617,-3218.0,1863.0,-5081.0,2.166212229572632,1.5307336518272754,-0.0169064748201438,-0.0391984531552118,-0.0176132278936017,120,0.0,0.0,0.0,2250,0.0,0.0,0.0,50.2,0.0,0.0,0.0
2021-03-31,1436.75,296006.0,128593.0,1427.75,205455.0,101574.0,9.0,0.0062641378110274,-5821.0,8277.0,-14098.0,1.2660031110323382,1.440733980677027,0.0514087083790706,0.0036674816625916,0.0373646209386282,120,0.0,0.0,0.0,2250,0.0,0.0,0.0,50.2,0.0,0.0,0.0
2021-04-01,1401.25,286273.0,169783.0,1394.0,206949.0,117768.0,7.25,0.0051739518287206,-9733.0,1494.0,-11227.0,1.441673459683433,1.3833021662341864,-0.0247085435879589,-0.0091921513169525,-0.0026690391459074,120,0.0,0.0,0.0,2250,0.0,0.0,0.0,50.2,0.0,0.0,0.0
2021-04-02,1401.25,286234.0,,1394.0,206977.0,,7.25,0.0051739518287206,-39.0,28.0,-67.0,,1.3829266053716047,0.0,0.0008928571428572,-0.0026690391459074,120,0.0,0.0,0.0,2250,0.0,0.0,0.0,50.2,0.0,0.0,0.0
2021-04-05,1411.0,284632.0,63975.0,1404.0,205605.0,39408.0,7.0,0.0049610205527959,-1602.0,-1372.0,-230.0,1.6234013398294351,1.3843632207387886,0.0069580731489742,0.0151079136690648,-0.006338028169014,120,0.0,0.0,0.0,2250,0.0,0.0,0.0,50.2,0.0,0.0,0.0
2021-04-06,1416.75,284668.0,81203.0,1409.0,203207.0,47331.0,7.75,0.0054702664549105,36.0,-2398.0,2434.0,1.7156409118759015,1.4008769382944417,0.0040751240255139,0.0367727771679473,-0.0092657342657342,120,0.0,0.0,0.0,2250,0.0,0.0,0.0,50.2,0.0,0.0,0.0
2021-04-07,1407.5,279848.0,84843.0,1402.0,208462.0,57559.0,5.5,0.0039076376554146,-4820.0,5255.0,-10075.0,1.4740179641758635,1.3424413082480195,-0.0065290277042526,-0.0203584478858535,0.001779359430605,120,0.0,0.0,0.0,2250,0.0,0.0,0.0,50.2,0.0,0.0,0.0
2021-04-08,1415.0,264595.0,98187.0,1406.0,224341.0,77897.0,9.0,0.006360424028264,-15253.0,15879.0,-31132.0,1.2604721619574404,1.1794322036542533,0.0053285968028418,0.0098126672613738,0.0071174377224199,120,0.0,0.0,0.0,2250,0.0,0.0,0.0,50.2,0.0,0.0,0.0
2021-04-09,1403.0,246716.0,113734.0,1400.0,242798.0,92190.0,3.0,0.0021382751247311,-17879.0,18457.0,-36336.0,1.2336912897277228,1.0161368709791638,-0.0084805653710247,0.0012488849241747,0.0497568275346054,120,0.0,0.0,0.0,2250,0.0,0.0,0.0,50.2,0.0,0.0,0.0
2021-04-12,1382.25,222019.0,134732.0,1376.0,266527.0,102693.0,6.25,0.0045216133116263,-24697.0,23729.0,-48426.0,1.3119881588813131,0.8330075376978662,-0.0147897362794012,-0.0203756201275691,0.0342312008978675,120,0.0,0.0,0.0,2250,0.0,0.0,0.0,50.2,0.0,0.0,0.0
2021-04-13,1389.5,210160.0,119433.0,1383.0,285142.0,96049.0,6.5,0.0046779417056461,-11859.0,18615.0,-30474.0,1.2434590677674806,0.7370362836762009,0.0052450714414902,-0.0192341626963119,-0.0207892882311486,120,0.0,0.0,0.0,2250,0.0,0.0,0.0,50.2,0.0,0.0,0.0
2021-04-14,1406.0,203858.0,113554.0,1400.5,298628.0,93320.0,5.5,0.0039118065433827,-6302.0,13486.0,-19788.0,1.2168238319759834,0.6826486464765505,0.0118747750989565,-0.0010657193605684,-0.0119465917076598,120,0.0,0.0,0.0,2250,0.0,0.0,0.0,50.2,0.0,0.0,0.0
2021-04-15,1412.75,193639.0,85081.0,1409.5,305807.0,76933.0,3.25,0.0023004777915396,-10219.0,7179.0,-17398.0,1.1059103375664394,0.6332065649249342,0.004800853485064,-0.0015901060070671,-0.0007073386383731,120,0.0,0.0,0.0,2250,0.0,0.0,0.0,50.2,0.0,0.0,0.0
2021-04-16,1433.0,185947.0,88555.0,1418.0,316745.0,97086.0,15.0,0.0104675505931538,-7692.0,10938.0,-18630.0,0.9121294522382124,0.5870558335569603,0.0143337462396035,0.0213827512473272,0.0296389437758217,120,0.0,0.0,0.0,2250,0.0,0.0,0.0,50.2,0.0,0.0,0.0
2021-04-19,1449.0,181192.0,78228.0,1435.75,327161.0,91840.0,13.25,0.0091442374051006,-4755.0,10416.0,-15171.0,0.8517857142857049,0.5538312940723358,0.0111653872993719,0.0482908301682041,0.0240282685512367,120,0.0,0.0,0.0,2250,0.0,0.0,0.0,50.2,0.0,0.0,0.0
2021-04-20,1474.25,161453.0,91627.0,1457.75,334682.0,122053.0,16.5,0.0111921315923274,-19739.0,7521.0,-27260.0,0.7507148533833601,0.4824071805475033,0.0174258109040716,0.0609931630082762,0.0411370056497175,120,0.0,0.0,0.0,2250,0.0,0.0,0.0,50.2,0.0,0.0,0.0
2021-04-21,1496.25,147300.0,88608.0,1477.0,347938.0,126879.0,19.25,0.0128654970760147,-14153.0,13256.0,-27409.0,0.6983661598846089,0.4233512867234955,0.0149228421231133,0.0641891891891892,0.0520302337844964,120,0.0,0.0,0.0,2250,0.0,0.0,0.0,50.2,0.0,0.0,0.0
2021-04-22,1532.75,131275.0,115383.0,1514.5,357638.0,158657.0,18.25,0.0119067036372455,-16025.0,9700.0,-25725.0,0.7272480886440515,0.3670611064819724,0.0243943191311613,0.0849407184569102,0.0707300034928397,120,0.0,0.0,0.0,2250,0.0,0.0,0.0,50.2,0.0,0.0,0.0
2021-04-23,1539.75,98477.0,112190.0,1514.25,362769.0,139849.0,25.5,0.0165611300535693,-32798.0,5131.0,-37929.0,0.8022223970139165,0.2714592481717008,0.0045669548197684,0.0744940683879971,0.0887396146367331,120,0.0,0.0,0.0,2250,0.0,0.0,0.0,50.2,0.0,0.0,0.0
2021-04-26,1571.0,77482.0,84662.0,1540.5,364721.0,160823.0,30.5,0.0194143857415535,-20995.0,1952.0,-22947.0,0.5264296773471424,0.2124418391044107,0.0202955025166422,0.0841959972394754,0.1221428571428571,120,0.0,0.0,0.0,2250,0.0,0.0,0.0,50.2,0.0,0.0,0.0
2021-04-27,1547.0,52604.0,77706.0,1518.25,368565.0,195808.0,28.75,0.0185843568196389,-24878.0,3844.0,-28722.0,0.3968479326687347,0.1427265204238054,-0.0152768936982813,0.0493471256571138,0.1129496402877698,120,0.0,0.0,0.0,2250,0.0,0.0,0.0,50.2,0.0,0.0,0.0
2021-04-28,1547.0,19172.0,66001.0,1507.75,370885.0,188637.0,39.25,0.0253716871363766,-33432.0,2320.0,-35752.0,0.3498836389467583,0.0516925731695807,0.0,0.0339181286549707,0.1320892791803878,120,0.0,0.0,0.0,2250,0.0,0.0,0.0,50.2,0.0,0.0,0.0
2021-04-29,1532.5,7130.0,22542.0,1500.5,371672.0,122271.0,32.0,0.0208809135399537,-12042.0,787.0,-12829.0,0.1843609686679573,0.0191835812221528,-0.0093729799612152,-0.0001631055292774,0.0666434661562553,120,0.0,0.0,0.0,2250,0.0,0.0,0.0,50.2,0.0,0.0,0.0
2021-04-30,1529.25,4422.0,4669.0,1534.0,373710.0,108723.0,-4.75,-0.003106097760338,-2708.0,2038.0,-4746.0,0.0429439952907844,0.0118327045034919,-0.0021207177814028,-0.0068192888455917,0.0913470115967884,120,0.0,0.0,0.0,2280,30.0,30.0,4.898979484766357,50.2,0.0,0.0,0.0
2021-05-03,1529.0,3172.0,1617.0,1524.0,370249.0,107742.0,5.0,0.0032701111837781,-1250.0,-3461.0,2211.0,0.015008074845464,0.0085672074738891,-0.0001634788294915,-0.0267345639719923,0.0911685994647635,120,0.0,0.0,0.0,2280,0.0,0.0,0.0,50.2,0.0,0.0,0.0
2021-05-04,1550.75,2045.0,1618.0,1540.0,365278.0,93057.0,10.75,0.006932129614698,-1127.0,-4971.0,3844.0,0.0173871927958131,0.0055984756815356,0.0142249836494441,0.0024240465416935,0.0990432317505316,120,0.0,0.0,0.0,2280,0.0,0.0,0.0,50.2,0.0,0.0,0.0
2021-05-05,1550.75,1649.0,631.0,1542.0,359479.0,87263.0,8.75,0.005642431081731,-396.0,-5799.0,5403.0,0.0072310142901343,0.0045871942450045,0.0,0.0024240465416935,0.0945826716075524,120,0.0,0.0,0.0,2280,0.0,0.0,0.0,50.2,0.0,0.0,0.0
2021-05-06,1550.75,1227.0,588.0,1566.5,358033.0,112467.0,-15.75,-0.0101563759471158,-422.0,-1446.0,1024.0,0.0052282002720797,0.0034270583996447,0.0,0.0119086460032626,0.1017761989342806,120,0.0,0.0,0.0,2280,0.0,0.0,0.0,50.2,0.0,0.0,0.0
2021-05-07,1605.0,762.0,508.0,1580.25,349906.0,108531.0,24.75,0.0154205607476539,-465.0,-8127.0,7662.0,0.004680690309681,0.002177727732591,0.0349830727067548,0.0495340853359489,0.1342756183745583,120,0.0,0.0,0.0,2280,0.0,0.0,0.0,50.2,0.0,0.0,0.0
2021-05-10,1595.0,436.0,396.0,1587.0,344294.0,94978.0,8.0,0.005015673981188,-326.0,-5612.0,5286.0,0.0041693865947903,0.0012663595647905,-0.0062305295950155,0.0431654676258992,0.1368496079828938,120,0.0,0.0,0.0,2280,0.0,0.0,0.0,50.2,0.0,0.0,0.0
2021-05-11,1595.0,364.0,128.0,1615.0,343499.0,116837.0,-20.0,-0.0125391849529701,-72.0,-795.0,723.0,0.0010955433638316,0.0010596828520607,0.0,0.0285345800419152,0.1539157171278713,120,0.0,0.0,0.0,2280,0.0,0.0,0.0,50.2,0.0,0.0,0.0
2021-05-12,1627.75,316.0,172.0,1640.75,342661.0,153357.0,-13.0,-0.0079864844109918,-48.0,-838.0,790.0,0.0011215660191579,0.0009221942386206,0.0205329153605016,0.0496533935192649,0.1714645555955378,120,0.0,0.0,0.0,2280,0.0,0.0,0.0,50.2,0.0,0.0,0.0
2021-05-13,1448.25,50.0,199.0,1581.75,329910.0,164120.0,-133.5,-0.0921802175038203,-266.0,-12751.0,12485.0,0.0012125274189617,0.0001515564851019,-0.1102749193672246,-0.0660970498146058,0.0300497866287339,120,0.0,0.0,0.0,2280,0.0,0.0,0.0,50.2,0.0,0.0,0.0
2021-05-14,,22.0,22.0,1586.0,319606.0,104663.0,,,-28.0,-10304.0,10276.0,0.0002101984464423,6.88347527893717e-05,0.0,-0.0976635514018691,0.0251282958768359,120,0.0,0.0,0.0,2280,0.0,0.0,0.0,50.2,0.0,0.0,0.0
2021-05-17,1587.0,314338.0,84850.0,1525.0,36315.0,11064.0,62.0,0.0390674228103093,314316.0,-283291.0,597607.0,7.669016630512683,8.655872229106192,0.0958052822371828,-0.0050156739811911,0.107466852756455,120,0.0,0.0,0.0,2280,0.0,0.0,0.0,50.2,0.0,0.0,0.0
2021-05-18,1574.0,311791.0,100081.0,1521.0,38189.0,12493.0,53.0,0.0336721728081107,-2547.0,1874.0,-4421.0,8.01096614103834,8.164419073554999,-0.0081915563957152,-0.013166144200627,0.0862663906142167,120,0.0,0.0,0.0,2280,0.0,0.0,0.0,50.2,0.0,0.0,0.0
2021-05-19,1545.25,303006.0,125738.0,1484.25,38597.0,16429.0,61.0,0.0394758129752211,-8785.0,408.0,-9193.0,7.653417736928136,7.850506516050268,-0.0182655654383735,-0.0506834587620949,0.0481600813973206,120,0.0,0.0,0.0,2280,0.0,0.0,0.0,50.2,0.0,0.0,0.0
2021-05-20,1533.0,302031.0,74949.0,1476.75,39795.0,8877.0,56.25,0.036692759295475,-975.0,1198.0,-2173.0,8.44305508617681,7.589672069355257,-0.0079275198187995,0.0585189021232521,0.024561403508772,120,0.0,0.0,0.0,2280,0.0,0.0,0.0,50.2,0.0,0.0,0.0
2021-05-21,1528.5,303742.0,87016.0,1455.0,39787.0,10391.0,73.5,0.0480863591756309,1711.0,-8.0,1719.0,8.374169954767744,7.634202126322477,-0.0029354207436399,0.0554117037804247,-0.0027727939977165,120,0.0,0.0,0.0,2280,0.0,0.0,0.0,50.2,0.0,0.0,0.0
2021-05-24,1522.75,300851.0,78380.0,1460.0,39421.0,6996.0,62.75,0.0412083401740001,-2891.0,-366.0,-2525.0,11.203544882788565,7.631744501661358,-0.0037618580307491,-0.0404851921865154,-0.0110407533690534,120,0.0,0.0,0.0,2280,0.0,0.0,0.0,50.2,0.0,0.0,0.0
2021-05-25,1506.0,297033.0,98163.0,1461.0,39590.0,8711.0,45.0,0.0298804780876295,-3818.0,169.0,-3987.0,11.268855470093987,7.502727961606277,-0.0109998358233459,-0.0432020330368487,-0.0413749204328453,120,0.0,0.0,0.0,2280,0.0,0.0,0.0,50.2,0.0,0.0,0.0
2021-05-26,1503.25,294582.0,101218.0,1452.0,39506.0,12077.0,51.25,0.0340927989356167,-2451.0,-84.0,-2367.0,8.38105489773881,7.456639497797615,-0.0018260292164674,-0.0271800679501699,-0.0282805429864253,120,0.0,0.0,0.0,2280,0.0,0.0,0.0,50.2,0.0,0.0,0.0
2021-05-27,1535.5,291456.0,87612.0,1487.75,39509.0,11348.0,47.75,0.0310973624226433,-3126.0,3.0,-3129.0,7.720479379625686,7.376952086866098,0.0214535173790122,0.0016307893020222,-0.0074337427278603,120,0.0,0.0,0.0,2280,0.0,0.0,0.0,50.2,0.0,0.0,0.0
2021-05-28,1525.5,289265.0,74559.0,1481.25,40037.0,7952.0,44.25,0.0290068829891648,-2191.0,528.0,-2719.0,9.376131790743289,7.224941928715758,-0.0065125366330185,-0.0019627085377821,-0.0045676998368678,120,0.0,0.0,0.0,2280,0.0,0.0,0.0,50.2,0.0,0.0,0.0
2021-06-01,1548.5,284513.0,97373.0,1500.25,40029.0,12705.0,48.25,0.0311591863093114,-4752.0,-8.0,-4744.0,7.664147973238279,7.107671937844885,0.0150770239265813,0.0169101953702184,0.0125878698708516,140,20.0,20.0,4.8989794843663566,2075,-205.0,-205.0,-4.817433264280205,50.8,0.5999999999999943,0.5999999999999943,4.898979445566357
2021-06-02,1559.0,276142.0,93696.0,1493.0,41002.0,16380.0,66.0,0.0423348300192159,-8371.0,973.0,-9344.0,5.720146520146171,6.734842202819211,0.0067807555699064,0.0351925630810092,0.0196206671026815,140,0.0,0.0,0.0,2075,0.0,0.0,0.0,50.8,0.0,0.0,0.0
2021-06-03,1545.0,271324.0,91793.0,1504.0,42542.0,15518.0,41.0,0.0265372168284617,-4818.0,1540.0,-6358.0,5.915259698414363,6.377791359127301,-0.0089801154586273,0.0277731581573257,-0.0037078832822827,140,0.0,0.0,0.0,2075,0.0,0.0,0.0,50.8,0.0,0.0,0.0
2021-06-04,1576.25,268784.0,80384.0,1537.5,45203.0,14114.0,38.75,0.0245836637589058,-2540.0,2661.0,-5201.0,5.6953379623065254,5.9461540163262185,0.0202265372168284,0.0265385867795506,0.0164436562953409,140,0.0,0.0,0.0,2075,0.0,0.0,0.0,50.8,0.0,0.0,0.0
2021-06-07,1560.25,251079.0,145331.0,1516.0,45523.0,27535.0,44.25,0.0283608396090188,-17705.0,320.0,-18025.0,5.278046123115843,5.515431759769666,-0.0101506740681998,0.0227794165847263,0.0061260680315975,140,0.0,0.0,0.0,2075,0.0,0.0,0.0,50.8,0.0,0.0,0.0
2021-06-08,1575.75,238462.0,141918.0,1542.0,45998.0,22571.0,33.75,0.0214183722036989,-12617.0,475.0,-13092.0,6.2876257144120205,5.184181920952972,0.0099343053997755,0.0175976751695188,-0.0182242990654205,140,0.0,0.0,0.0,2075,0.0,0.0,0.0,50.8,0.0,0.0,0.0
2021-06-09,1559.0,216678.0,117025.0,1517.0,47513.0,18927.0,42.0,0.0269403463758646,-21784.0,1515.0,-23299.0,6.182966133037133,4.560393997432186,-0.010629858797398,0.0,-0.0225705329153604,140,0.0,0.0,0.0,2075,0.0,0.0,0.0,50.8,0.0,0.0,0.0
2021-06-10,1543.25,196622.0,144526.0,1509.75,49112.0,33488.0,33.5,0.0217074356066601,-20056.0,1599.0,-21655.0,4.315754897276508,4.003542922299967,-0.0101026298909557,-0.0011326860841424,-0.0324451410658307,140,0.0,0.0,0.0,2075,0.0,0.0,0.0,50.8,0.0,0.0,0.0
2021-06-11,1508.0,177188.0,155417.0,1473.25,53601.0,42102.0,34.75,0.023043766578234,-19434.0,4489.0,-23923.0,3.691439836587248,3.305684595436591,-0.0228414061234407,-0.0432989690721649,-0.0735678083243741,140,0.0,0.0,0.0,2075,0.0,0.0,0.0,50.8,0.0,0.0,0.0
2021-06-14,1471.75,164124.0,106170.0,1428.0,53769.0,25399.0,43.75,0.0297265160522984,-13064.0,168.0,-13232.0,4.180085830150628,3.052390782793003,-0.0240384615384615,-0.056721679218074,0.016226480234766,140,0.0,0.0,0.0,2075,0.0,0.0,0.0,50.8,0.0,0.0,0.0
2021-06-15,1460.0,156293.0,103081.0,1426.0,56477.0,33517.0,34.0,0.0232876712328607,-7831.0,2708.0,-10539.0,3.075484082704208,2.7673743293729705,-0.0079836928826226,-0.073457083928288,0.0081132401173831,140,0.0,0.0,0.0,2075,0.0,0.0,0.0,50.8,0.0,0.0,0.0
2021-06-16,1442.0,152241.0,74804.0,1396.75,58787.0,22625.0,45.25,0.0313800277392292,-4052.0,2310.0,-6362.0,3.3062541436462625,2.589705206933462,-0.0123287671232876,-0.0750481077613854,-0.0913673597983616,140,0.0,0.0,0.0,2075,0.0,0.0,0.0,50.8,0.0,0.0,0.0
2021-06-17,1329.0,145034.0,121978.0,1285.25,60575.0,45786.0,43.75,0.0329194883370707,-7207.0,1788.0,-8995.0,2.6640894596601,2.3942880726371873,-0.0783633841886268,-0.1388303904098493,-0.1556543837357051,140,0.0,0.0,0.0,2075,0.0,0.0,0.0,50.8,0.0,0.0,0.0
2021-06-18,1390.0,135212.0,100857.0,1330.0,60634.0,36497.0,60.0,0.0431654676258682,-9822.0,59.0,-9881.0,2.7634326108994505,2.2299699838374143,0.0458991723100075,-0.0782493368700265,-0.1004691797443779,140,0.0,0.0,0.0,2075,0.0,0.0,0.0,50.8,0.0,0.0,0.0
2021-06-21,1415.0,129169.0,64081.0,1371.25,60688.0,25418.0,43.75,0.0309187279151724,-6043.0,54.0,-6097.0,2.521087418364839,2.128410888478742,0.0179856115107914,-0.0385595379650076,-0.0769732550554468,140,0.0,0.0,0.0,2075,0.0,0.0,0.0,50.8,0.0,0.0,0.0
2021-06-22,1392.25,125707.0,67595.0,1349.75,61779.0,23546.0,42.5,0.0305261267731869,-3462.0,1091.0,-4553.0,2.870763611653662,2.0347852830249433,-0.0160777385159011,-0.046404109589041,-0.0891396794242721,140,0.0,0.0,0.0,2075,0.0,0.0,0.0,50.8,0.0,0.0,0.0
2021-06-23,1381.5,118256.0,65951.0,1344.0,64077.0,26508.0,37.5,0.0271444082518804,-7451.0,2298.0,-9749.0,2.4879658970875775,1.845529597203336,-0.0077213144191057,-0.0419556171983356,-0.0927598095550812,140,0.0,0.0,0.0,2075,0.0,0.0,0.0,50.8,0.0,0.0,0.0
2021-06-24,1364.75,107977.0,57347.0,1322.5,64363.0,29887.0,42.25,0.0309580509250551,-10279.0,286.0,-10565.0,1.9187941245356872,1.6776253437533728,-0.0121245023525153,0.0268999247554553,-0.0937915006640106,140,0.0,0.0,0.0,2075,0.0,0.0,0.0,50.8,0.0,0.0,0.0
2021-06-25,1325.75,35880.0,97444.0,1303.0,69530.0,39509.0,22.75,0.0171600980576902,-72097.0,5167.0,-77264.0,2.466374750056887,0.5160362433481875,-0.0285766623923795,-0.0462230215827338,-0.1180774987527024,140,0.0,0.0,0.0,2075,0.0,0.0,0.0,50.8,0.0,0.0,0.0
2021-06-28,1357.0,14524.0,51276.0,1326.5,69007.0,40249.0,30.5,0.0224760501105213,-21356.0,-523.0,-20833.0,1.2739695396158597,0.2104714014520235,0.0235715632660757,-0.0409893992932862,-0.1162487788993813,140,0.0,0.0,0.0,2075,0.0,0.0,0.0,50.8,0.0,0.0,0.0
2021-06-29,1365.0,6439.0,20510.0,1338.0,70242.0,33736.0,27.0,0.0197802197802052,-8085.0,1235.0,-9320.0,0.6079558928147792,0.0916688021411678,0.0058953574060427,-0.019572634225175,-0.1052114060963618,140,0.0,0.0,0.0,2075,0.0,0.0,0.0,50.8,0.0,0.0,0.0
2021-06-30,1408.0,3842.0,4559.0,1422.25,70971.0,41059.0,-14.25,-0.0101207386363564,-2597.0,729.0,-3326.0,0.111035339389656,0.0541347874483936,0.0315018315018316,0.0191820484980094,-0.0907329673877946,155,15.0,15.0,3.0027210883936934,2075,0.0,0.0,0.0,50.8,0.0,0.0,0.0
2021-07-01,1446.0,2816.0,2182.0,1429.0,71169.0,29448.0,17.0,0.011756569847848,-1026.0,198.0,-1224.0,0.0740967128497665,0.0395677893464845,0.0269886363636364,0.0595347133174573,-0.072482360487492,155,0.0,0.0,0.0,2075,0.0,0.0,0.0,50.8,0.0,0.0,0.0
2021-07-02,1408.0,2016.0,1542.0,1434.5,69563.0,20783.0,-26.5,-0.0188210227272593,-800.0,-1606.0,806.0,0.0741952557378591,0.0289809237669446,-0.0262793914246196,0.0620403545163115,-0.088673139158576,155,0.0,0.0,0.0,2075,0.0,0.0,0.0,50.8,0.0,0.0,0.0
2021-07-06,1355.0,1564.0,586.0,1342.0,67248.0,27205.0,13.0,0.0095940959409523,-452.0,-2315.0,1863.0,0.0215401580591795,0.0232571972400662,-0.0376420454545454,-0.0014738393515106,-0.1403647898493258,155,0.0,0.0,0.0,2075,0.0,0.0,0.0,50.8,0.0,0.0,0.0
2021-07-07,1355.0,868.0,795.0,1366.0,66034.0,31220.0,-11.0,-0.0081180811808058,-696.0,-1214.0,518.0,0.0254644458680324,0.0131447436169244,0.0,-0.0073260073260073,-0.1315494311809004,155,0.0,0.0,0.0,2075,0.0,0.0,0.0,50.8,0.0,0.0,0.0
2021-07-08,1377.75,536.0,507.0,1368.25,64664.0,28358.0,9.5,0.0068953003084689,-332.0,-1370.0,1038.0,0.0178785527893357,0.0082890016083136,0.016789667896679,-0.021484375,-0.1256544502617801,155,0.0,0.0,0.0,2075,0.0,0.0,0.0,50.8,0.0,0.0,0.0
2021-07-09,1387.5,282.0,329.0,1374.5,62106.0,21974.0,13.0,0.0093693693693626,-254.0,-2558.0,2304.0,0.0149722399199046,0.0045406240942903,0.0070767555797495,-0.0404564315352696,-0.1100064143681847,155,0.0,0.0,0.0,2075,0.0,0.0,0.0,50.8,0.0,0.0,0.0
2021-07-12,1412.5,185.0,105.0,1395.0,59967.0,26870.0,17.5,0.0123893805309646,-97.0,-2139.0,2042.0,0.0039077037588387,0.0030850300998882,0.018018018018018,0.0031960227272727,-0.0847237971812733,155,0.0,0.0,0.0,2075,0.0,0.0,0.0,50.8,0.0,0.0,0.0
2021-07-13,1438.0,24.0,172.0,1407.25,57214.0,32508.0,30.75,0.021383866481209,-161.0,-2753.0,2592.0,0.0052910052910051,0.0004194777502009,0.0180530973451327,0.0612546125461255,-0.046419098143236,155,0.0,0.0,0.0,2075,0.0,0.0,0.0,50.8,0.0,0.0,0.0
2021-07-14,,,29.0,1453.0,52512.0,36423.0,,,,-4702.0,,0.0007962002031683,,0.0,0.0612546125461255,-0.0229318838117886,155,0.0,0.0,0.0,2075,0.0,0.0,0.0,50.8,0.0,0.0,0.0
2021-07-15,1444.0,50512.0,30128.0,1382.0,39080.0,20699.0,62.0,0.0429362880886129,,-13432.0,,1.4555292526208292,1.2925281473899364,0.0041724617524339,0.0480856468880421,-0.0109589041095889,155,0.0,0.0,0.0,2075,0.0,0.0,0.0,50.8,0.0,0.0,0.0
2021-07-16,1440.0,50787.0,31628.0,1396.25,40482.0,19555.0,43.75,0.0303819444444233,275.0,1402.0,-1127.0,1.6173868575810986,1.2545575811471457,-0.002770083102493,0.0378378378378378,-0.001386962552011,155,0.0,0.0,0.0,2075,0.0,0.0,0.0,50.8,0.0,0.0,0.0
2021-07-19,1429.0,51778.0,24475.0,1382.0,40292.0,14626.0,47.0,0.0328901329600889,991.0,-190.0,1181.0,1.6733898536851035,1.2850689963267825,-0.0076388888888888,0.0116814159292035,0.0752445447705041,155,0.0,0.0,0.0,2075,0.0,0.0,0.0,50.8,0.0,0.0,0.0
2021-07-20,1446.0,45661.0,33664.0,1396.0,43278.0,18663.0,50.0,0.0345781466113177,-6117.0,2986.0,-9103.0,1.803782885923924,1.0550626184204204,0.0118964310706788,0.0055632823365785,0.0402877697841725,155,0.0,0.0,0.0,2075,0.0,0.0,0.0,50.8,0.0,0.0,0.0
2021-07-21,1435.0,43654.0,21426.0,1389.0,43649.0,15092.0,46.0,0.0320557491288975,-2007.0,371.0,-2378.0,1.4196925523455195,1.000114550161493,-0.0076071922544951,-0.0020862308762169,0.0141342756183746,155,0.0,0.0,0.0,2075,0.0,0.0,0.0,50.8,0.0,0.0,0.0
2021-07-22,1416.0,41030.0,30714.0,1350.75,43131.0,23583.0,65.25,0.0460805084745437,-2624.0,-518.0,-2106.0,1.3023788322095873,0.9512879367508068,-0.0132404181184668,-0.0193905817174515,0.0170587179026755,155,0.0,0.0,0.0,2075,0.0,0.0,0.0,50.8,0.0,0.0,0.0
2021-07-23,1395.0,33701.0,23499.0,1352.0,42487.0,16471.0,43.0,0.0308243727598345,-7329.0,-644.0,-6685.0,1.4266893327665942,0.7932073340080309,-0.0148305084745762,-0.03125,0.009771986970684,155,0.0,0.0,0.0,2075,0.0,0.0,0.0,50.8,0.0,0.0,0.0
2021-07-26,1403.75,28624.0,25875.0,1364.5,41874.0,16569.0,39.25,0.0279608192341742,-5077.0,-613.0,-4464.0,1.5616512764800796,0.6835745331231627,0.0062724014336916,-0.0176696990902729,0.0285766623923795,155,0.0,0.0,0.0,2075,0.0,0.0,0.0,50.8,0.0,0.0,0.0
2021-07-27,1423.0,24074.0,22129.0,1367.25,41683.0,20185.0,55.75,0.0391777933942099,-4550.0,-191.0,-4359.0,1.0963091404507754,0.577549600556568,0.013713268032057,-0.0159059474412172,0.0733547048840279,155,0.0,0.0,0.0,2075,0.0,0.0,0.0,50.8,0.0,0.0,0.0
2021-07-28,1420.0,17882.0,21549.0,1369.0,43083.0,19531.0,51.0,0.0359154929577211,-6192.0,1400.0,-7592.0,1.1033229225333518,0.4150593041338715,-0.0021082220660576,-0.0104529616724738,0.0464259395725865,155,0.0,0.0,0.0,2075,0.0,0.0,0.0,50.8,0.0,0.0,0.0
2021-07-29,1428.5,7920.0,17953.0,1375.25,44654.0,17419.0,53.25,0.037276863843166,-9962.0,1571.0,-11533.0,1.030656180033238,0.1773637300129848,0.0059859154929577,0.0088276836158192,0.0465201465201465,155,0.0,0.0,0.0,2075,0.0,0.0,0.0,50.8,0.0,0.0,0.0
2021-07-30,1409.25,6335.0,2967.0,1352.0,44854.0,16017.0,57.25,0.0406244456270777,-1585.0,200.0,-1785.0,0.1852406817756018,0.1412360101663142,-0.0134756737836891,0.0102150537634408,0.0008877840909091,155,0.0,0.0,0.0,2075,0.0,0.0,0.0,50.8,0.0,0.0,0.0
2021-08-02,1398.0,5518.0,1153.0,1352.25,44893.0,11372.0,45.75,0.0327253218883886,-817.0,39.0,-856.0,0.1013893774182112,0.122914485554538,-0.0079829696647152,-0.0040961709706144,-0.0331950207468879,155,0.0,0.0,0.0,2075,0.0,0.0,0.0,50.8,0.0,0.0,0.0
2021-08-03,1381.75,3954.0,2286.0,1324.0,42979.0,23947.0,57.75,0.0417948254025389,-1564.0,-1914.0,350.0,0.0954608092871718,0.0919984178319623,-0.011623748211731,-0.0289880534082923,-0.0186434659090909,155,0.0,0.0,0.0,2075,0.0,0.0,0.0,50.8,0.0,0.0,0.0
2021-08-04,1398.0,2286.0,2841.0,1329.25,42511.0,16795.0,68.75,0.0491773962803653,-1668.0,-468.0,-1200.0,0.1691574873474147,0.0537743172355377,0.0117604487063507,-0.0154929577464788,0.0317343173431734,155,0.0,0.0,0.0,2075,0.0,0.0,0.0,50.8,0.0,0.0,0.0
2021-08-05,1381.75,1721.0,1246.0,1335.75,41360.0,13114.0,46.0,0.0332911163379531,-565.0,-1151.0,586.0,0.0950129632453793,0.0416102514506759,-0.011623748211731,-0.0327266363318166,0.0197416974169741,155,0.0,0.0,0.0,2075,0.0,0.0,0.0,50.8,0.0,0.0,0.0
2021-08-06,1410.5,1244.0,957.0,1343.75,41848.0,13011.0,66.75,0.047323644097804,-477.0,488.0,-965.0,0.0735531473368631,0.0297266297075121,0.0208069477112358,0.0008869966294127,0.0237706405371076,155,0.0,0.0,0.0,2075,0.0,0.0,0.0,50.8,0.0,0.0,0.0
2021-08-09,1430.0,922.0,446.0,1338.5,40439.0,12251.0,91.5,0.0639860139859692,-322.0,-1409.0,1087.0,0.0364051914129429,0.0227997724968465,0.0138248847926267,0.0228898426323318,0.0306306306306305,155,0.0,0.0,0.0,2075,0.0,0.0,0.0,50.8,0.0,0.0,0.0
2021-08-10,1445.25,334.0,812.0,1347.75,40341.0,14056.0,97.5,0.0674623767513804,-588.0,-98.0,-490.0,0.0577689243027847,0.0082794179618748,0.0106643356643356,0.0459562149448162,0.0231858407079645,155,0.0,0.0,0.0,2075,0.0,0.0,0.0,50.8,0.0,0.0,0.0
2021-08-11,1388.0,73.0,285.0,1346.75,38212.0,18931.0,41.25,0.0297190201728892,-261.0,-2129.0,1868.0,0.0150546722307318,0.001910394640427,-0.0396125237848122,-0.0071530758226037,-0.0347705146036161,155,0.0,0.0,0.0,2075,0.0,0.0,0.0,50.8,0.0,0.0,0.0
2021-08-12,1370.0,36.0,37.0,1340.75,36356.0,21963.0,29.25,0.021350364963488,-37.0,-1856.0,1819.0,0.0016846514592723,0.0009902079436681,-0.0129682997118155,-0.0085037090645919,-0.0472878998609179,155,0.0,0.0,0.0,2075,0.0,0.0,0.0,50.8,0.0,0.0,0.0
2021-08-13,,,43.0,1361.75,35024.0,20560.0,,,,-1332.0,,0.0020914396887158,,0.0,-0.0287132222616093,-0.0512465373961218,155,0.0,0.0,0.0,2075,0.0,0.0,0.0,50.8,0.0,0.0,0.0
2021-08-16,1375.0,34147.0,13440.0,1368.0,371774.0,75607.0,7.0,0.0050909090909053,,336750.0,,0.1777613183964424,0.0918488113746521,0.0036496350364962,-0.0384615384615384,-0.0451388888888888,155,0.0,0.0,0.0,2075,0.0,0.0,0.0,50.8,0.0,0.0,0.0
2021-08-17,1364.75,33982.0,12021.0,1361.5,370274.0,86757.0,3.25,0.0023813885326965,-165.0,-1500.0,1335.0,0.1385594245997425,0.0917752799278369,-0.0074545454545454,-0.0556997059332295,-0.044961511546536,155,0.0,0.0,0.0,2075,0.0,0.0,0.0,50.8,0.0,0.0,0.0
2021-08-18,1355.5,33191.0,10179.0,1351.0,373347.0,66371.0,4.5,0.0033198081888577,-791.0,3073.0,-3864.0,0.153365174549123,0.0889012098664243,-0.0067777981315259,-0.0234149855907781,-0.0625864453665283,155,0.0,0.0,0.0,2075,0.0,0.0,0.0,50.8,0.0,0.0,0.0
2021-08-19,1319.0,32856.0,17626.0,1321.0,376325.0,109711.0,-2.0,-0.0015163002274438,-335.0,2978.0,-3313.0,0.1606584572194204,0.0873075134524677,-0.0269273330874215,-0.0372262773722628,-0.0808362369337979,155,0.0,0.0,0.0,2075,0.0,0.0,0.0,50.8,0.0,0.0,0.0
2021-08-20,1280.0,34133.0,18268.0,1292.5,377331.0,118551.0,-12.5,-0.0097656249999923,1277.0,1006.0,271.0,0.1540940186080239,0.0904590399410594,-0.0295678544351781,-0.0656934306569343,-0.096045197740113,155,0.0,0.0,0.0,2075,0.0,0.0,0.0,50.8,0.0,0.0,0.0
2021-08-23,1292.25,31350.0,13922.0,1299.0,375261.0,91589.0,-6.75,-0.0052234474753296,-2783.0,-2070.0,-713.0,0.1520051534572912,0.0835418548690109,0.0095703124999999,-0.0601818181818182,-0.0736559139784945,155,0.0,0.0,0.0,2075,0.0,0.0,0.0,50.8,0.0,0.0,0.0
2021-08-24,1337.0,26894.0,25598.0,1331.75,376463.0,120283.0,5.25,0.0039267015706776,-4456.0,1202.0,-5658.0,0.2128147784807477,0.071438627434834,0.0346295221512864,-0.0203333943945777,-0.0475512021371327,155,0.0,0.0,0.0,2075,0.0,0.0,0.0,50.8,0.0,0.0,0.0
2021-08-25,1340.0,22738.0,24442.0,1331.75,374897.0,91317.0,8.25,0.0061567164179058,-4156.0,-1566.0,-2590.0,0.2676610050702468,0.0606513255640881,0.0022438294689604,-0.0114348948727406,-0.0583274771609275,155,0.0,0.0,0.0,2075,0.0,0.0,0.0,50.8,0.0,0.0,0.0
2021-08-26,1354.5,18450.0,23771.0,1324.5,372561.0,77535.0,30.0,0.0221483942414011,-4288.0,-2336.0,-1952.0,0.3065841232991512,0.0495220916843146,0.010820895522388,0.0269143290371494,-0.0461267605633802,155,0.0,0.0,0.0,2075,0.0,0.0,0.0,50.8,0.0,0.0,0.0
2021-08-27,1341.5,8596.0,16506.0,1318.5,373014.0,75646.0,23.0,0.0171449869548884,-9854.0,453.0,-10307.0,0.2182005657932974,0.023044711458551,-0.0095976375046142,0.048046875,-0.0609030451522576,155,0.0,0.0,0.0,2075,0.0,0.0,0.0,50.8,0.0,0.0,0.0
2021-08-30,1260.0,1322.0,7248.0,1303.0,373598.0,102394.0,-43.0,-0.034126984126957,-7274.0,584.0,-7858.0,0.0707853975818888,0.0035385628402721,-0.0607528885575847,-0.0249564712710388,-0.1059073975518892,155,0.0,0.0,0.0,2075,0.0,0.0,0.0,50.8,0.0,0.0,0.0
2021-08-31,1260.0,918.0,1682.0,1292.5,375261.0,111697.0,-32.5,-0.0257936507936303,-404.0,1663.0,-2067.0,0.0150585960231696,0.0024462973770255,0.0,-0.0575916230366492,-0.0987124463519313,155,0.0,0.0,0.0,2055,-20.0,-20.0,-4.898979484366353,50.0,-0.7999999999999972,-0.7999999999999972,-4.898979455566356
2021-09-01,1260.0,430.0,663.0,1275.0,375798.0,111522.0,-15.0,-0.0119047619047524,-488.0,537.0,-1025.0,0.0059450153332974,0.0011442317415207,0.0,-0.0597014925373133,-0.088112900307581,155,0.0,0.0,0.0,2055,0.0,0.0,0.0,50.0,0.0,0.0,0.0
2021-09-02,1260.0,232.0,354.0,1281.75,368070.0,93827.0,-21.75,-0.017261904761891,-198.0,-7728.0,7530.0,0.0037729011904888,0.0006303148857554,0.0,-0.0697674418604651,-0.0987124463519313,155,0.0,0.0,0.0,2055,0.0,0.0,0.0,50.0,0.0,0.0,0.0
2021-09-03,1260.0,196.0,62.0,1295.0,361928.0,73697.0,-35.0,-0.0277777777777557,-36.0,-6142.0,6106.0,0.0008412825488147,0.0005415441745319,0.0,-0.0607528885575847,-0.088112900307581,155,0.0,0.0,0.0,2055,0.0,0.0,0.0,50.0,0.0,0.0,0.0
2021-09-07,1260.0,186.0,31.0,1278.0,357381.0,73517.0,-18.0,-0.0142857142857029,-10.0,-4547.0,4537.0,0.0004216711780948,0.0005204529619649,0.0,0.0,-0.1066997518610421,155,0.0,0.0,0.0,2055,0.0,0.0,0.0,50.0,0.0,0.0,0.0
2021-09-08,1260.0,157.0,30.0,1279.0,355388.0,88642.0,-19.0,-0.0150793650793531,-29.0,-1993.0,1964.0,0.0003384400171476,0.000441770684435,0.0,0.0,-0.1188811188811188,155,0.0,0.0,0.0,2055,0.0,0.0,0.0,50.0,0.0,0.0,0.0
2021-09-09,,96.0,175.0,1270.0,350919.0,84691.0,,,-61.0,-4469.0,4408.0,0.0020663352658487,0.0002735674044437,0.0,0.0,-0.1281785158277114,155,0.0,0.0,0.0,2055,0.0,0.0,0.0,50.0,0.0,0.0,0.0
2021-09-10,,61.0,49.0,1281.0,345844.0,139989.0,,,-35.0,-5075.0,5040.0,0.0003500275021608,0.0001763801020113,0.0,0.0,-0.0922190201729106,155,0.0,0.0,0.0,2055,0.0,0.0,0.0,50.0,0.0,0.0,0.0
2021-09-13,,48.0,22.0,1284.75,338221.0,67956.0,,,-13.0,-7623.0,7610.0,0.0003237388898699,0.0001419190411003,0.0,0.0,-0.0802919708029197,155,0.0,0.0,0.0,2055,0.0,0.0,0.0,50.0,0.0,0.0,0.0
2021-09-14,,1.0,48.0,1281.75,332888.0,72169.0,,,-47.0,-5333.0,5286.0,0.0006651055162188,3.0040133618514244e-06,0.0,0.0,-0.0802919708029197,155,0.0,0.0,0.0,2055,0.0,0.0,0.0,50.0,0.0,0.0,0.0
2021-09-15,1296.75,333358.0,91389.0,1297.5,94906.0,26380.0,-0.75,-0.0005783689994211,333357.0,-237982.0,571339.0,3.4643290371492244,3.512507112300555,0.0291666666666665,0.0291666666666665,-0.0569090909090909,155,0.0,0.0,0.0,2055,0.0,0.0,0.0,50.0,0.0,0.0,0.0
2021-09-16,1295.5,328587.0,75853.0,1304.5,96978.0,22434.0,-9.0,-0.0069471246622871,-4771.0,2072.0,-6843.0,3.3811625211730685,3.388263317453408,-0.0009639483323693,0.028174603174603,-0.0507418941198021,155,0.0,0.0,0.0,2055,0.0,0.0,0.0,50.0,0.0,0.0,0.0
2021-09-17,1284.0,325065.0,72388.0,1294.0,99649.0,21742.0,-10.0,-0.0077881619937634,-3522.0,2671.0,-6193.0,3.3294085180754607,3.2620999708978187,-0.0088768815129294,0.0190476190476189,-0.0527480634452232,155,0.0,0.0,0.0,2055,0.0,0.0,0.0,50.0,0.0,0.0,0.0
2021-09-20,1262.0,324452.0,94112.0,1271.25,100953.0,25308.0,-9.25,-0.0073296354992017,-613.0,1304.0,-1917.0,3.718666034455361,3.2138916129287565,-0.0171339563862927,0.0015873015873015,-0.0432145564821834,155,0.0,0.0,0.0,2055,0.0,0.0,0.0,50.0,0.0,0.0,0.0
2021-09-21,1272.0,322276.0,78941.0,1278.5,102568.0,21709.0,-6.5,-0.0051100628930777,-2176.0,1615.0,-3791.0,3.636325947763433,3.1420716012791208,0.0079239302694136,0.0095238095238094,-0.0062499999999999,155,0.0,0.0,0.0,2055,0.0,0.0,0.0,50.0,0.0,0.0,0.0
2021-09-22,1281.25,321772.0,75666.0,1291.0,104918.0,17218.0,-9.75,-0.007609756097555,-504.0,2350.0,-2854.0,4.394587060053177,3.0668903334032,0.0072720125786163,-0.0119529593213804,-0.0085122847746179,155,0.0,0.0,0.0,2055,0.0,0.0,0.0,50.0,0.0,0.0,0.0
2021-09-23,1283.25,321175.0,70612.0,1288.0,108895.0,23358.0,-4.75,-0.0037015390609751,-597.0,3977.0,-4574.0,3.0230327939034582,2.9494007989347266,0.001560975609756,-0.0094558085681204,-0.0402019446522063,155,0.0,0.0,0.0,2055,0.0,0.0,0.0,50.0,0.0,0.0,0.0
2021-09-24,1284.25,325109.0,64911.0,1291.75,111084.0,19547.0,-7.5,-0.0058399844267036,3934.0,2189.0,1745.0,3.32076533483382,2.926695113607694,0.0007792713812584,0.0001947040498442,-0.0416044776119403,155,0.0,0.0,0.0,2055,0.0,0.0,0.0,50.0,0.0,0.0,0.0
2021-09-27,1286.75,329484.0,96607.0,1295.25,114019.0,29974.0,-8.5,-0.0066057897804495,4375.0,2935.0,1440.0,3.2230266230732227,2.8897289048316255,0.0019466614755694,0.0196117274167988,-0.0500184569952011,155,0.0,0.0,0.0,2055,0.0,0.0,0.0,50.0,0.0,0.0,0.0
2021-09-28,1276.0,327477.0,88017.0,1285.75,116738.0,25099.0,-9.75,-0.007641065830715,-2007.0,2719.0,-4726.0,3.5067930993265266,2.805230516198643,-0.0083543811929279,0.0031446540880504,-0.0488259411106969,155,0.0,0.0,0.0,2055,0.0,0.0,0.0,50.0,0.0,0.0,0.0
2021-09-29,1283.0,327527.0,91807.0,1293.25,117516.0,22001.0,-10.25,-0.0079890880748184,50.0,778.0,-728.0,4.17285577928257,2.7870843119234587,0.0054858934169279,0.0013658536585365,0.0182539682539681,155,0.0,0.0,0.0,2055,0.0,0.0,0.0,50.0,0.0,0.0,0.0
2021-09-30,1255.75,324251.0,202394.0,1267.0,122212.0,63540.0,-11.25,-0.0089587895679801,-3276.0,4696.0,-7972.0,3.1853005980484235,2.6531846299872135,-0.0212392829306313,-0.0214299629846094,-0.0033730158730158,185,30.0,30.0,4.898979484766357,2090,35.0,35.0,4.176011441862877,50.6,0.6000000000000014,0.6000000000000014,2.879899817490091
2021-10-01,1245.0,321129.0,117447.0,1255.0,127977.0,42014.0,-10.0,-0.0080321285140497,-3122.0,5765.0,-8887.0,2.7954253344122724,2.5092711971682213,-0.0085606211427433,-0.0305625851664395,-0.0119047619047618,185,0.0,0.0,0.0,2090,0.0,0.0,0.0,50.6,0.0,0.0,0.0
2021-10-04,1232.25,318862.0,111356.0,1245.0,133892.0,42979.0,-12.75,-0.0103469263542216,-2267.0,5915.0,-8182.0,2.5909397612787037,2.381486571266376,-0.0102409638554217,-0.0423547697687973,-0.0220238095238095,185,0.0,0.0,0.0,2090,0.0,0.0,0.0,50.6,0.0,0.0,0.0
2021-10-05,1249.5,316600.0,119391.0,1255.5,137322.0,44297.0,-6.0,-0.0048019207683034,-2262.0,3430.0,-5692.0,2.695238955233928,2.305530068015305,0.0139987827145464,-0.0207680250783699,-0.0083333333333333,185,0.0,0.0,0.0,2090,0.0,0.0,0.0,50.6,0.0,0.0,0.0
2021-10-06,1240.0,311566.0,83888.0,1252.0,143591.0,31521.0,-12.0,-0.0096774193548309,-5034.0,6269.0,-11303.0,2.6613368865200133,2.1698156569701292,-0.0076030412164865,-0.0335151987529228,-0.0158730158730159,185,0.0,0.0,0.0,2090,0.0,0.0,0.0,50.6,0.0,0.0,0.0
2021-10-07,1245.0,300179.0,120772.0,1258.25,153309.0,69219.0,-13.25,-0.0106425702811159,-11387.0,9718.0,-21105.0,1.7447810572241471,1.9579998564989536,0.0040322580645162,-0.0085606211427433,-0.0119047619047618,185,0.0,0.0,0.0,2090,0.0,0.0,0.0,50.6,0.0,0.0,0.0
2021-10-08,1242.0,290755.0,143586.0,1254.25,160244.0,75695.0,-12.25,-0.0098631239935508,-9424.0,6935.0,-16359.0,1.896902041085912,1.8144517111404992,-0.0024096385542168,-0.0024096385542168,-0.0142857142857142,185,0.0,0.0,0.0,2090,0.0,0.0,0.0,50.6,0.0,0.0,0.0
2021-10-11,1226.0,283525.0,112209.0,1237.75,173605.0,58966.0,-11.75,-0.0095840130505631,-7230.0,13361.0,-20591.0,1.9029440694637263,1.6331614872843432,-0.0128824476650563,-0.0050720227226618,-0.026984126984127,185,0.0,0.0,0.0,2090,0.0,0.0,0.0,50.6,0.0,0.0,0.0
2021-10-12,1198.25,285327.0,183780.0,1208.25,189048.0,90880.0,-10.0,-0.0083455038597885,1802.0,15443.0,-13641.0,2.022227112676034,1.5092833566078376,-0.0226345840130505,-0.041016406562625,-0.0490079365079365,185,0.0,0.0,0.0,2090,0.0,0.0,0.0,50.6,0.0,0.0,0.0
2021-10-13,1194.0,272743.0,186725.0,1206.75,198192.0,116240.0,-12.75,-0.01067839195979,-12584.0,9144.0,-21728.0,1.606374741913269,1.3761554452248257,-0.003546839140413,-0.0370967741935484,-0.0523809523809524,185,0.0,0.0,0.0,2090,0.0,0.0,0.0,50.6,0.0,0.0,0.0
2021-10-14,1205.25,259022.0,127035.0,1210.0,200352.0,76473.0,-4.75,-0.0039410910599428,-13721.0,2160.0,-15881.0,1.661174532187809,1.2928346110844848,0.0094221105527638,-0.0319277108433735,-0.070561017929439,185,0.0,0.0,0.0,2090,0.0,0.0,0.0,50.6,0.0,0.0,0.0
2021-10-15,1216.75,255687.0,111808.0,1226.0,207499.0,69986.0,-9.25,-0.0076022190260878,-3335.0,7147.0,-10482.0,1.5975766581887576,1.2322324444937025,0.0095415888819747,-0.020330112721417,-0.0607873407950598,185,0.0,0.0,0.0,2090,0.0,0.0,0.0,50.6,0.0,0.0,0.0
2021-10-18,1222.0,249722.0,99058.0,1227.5,214043.0,49531.0,-5.5,-0.0045008183306018,-5965.0,6544.0,-12509.0,1.999919242494559,1.1666908051185922,0.0043147729607562,-0.0032626427406199,-0.0482866043613706,185,0.0,0.0,0.0,2090,0.0,0.0,0.0,50.6,0.0,0.0,0.0
2021-10-19,1228.5,231299.0,139462.0,1236.0,217446.0,88095.0,-7.5,-0.0061050061050011,-18423.0,3403.0,-21826.0,1.5830864407741465,1.0637077711247802,0.0053191489361701,0.0252451491758813,-0.0265451664025356,185,0.0,0.0,0.0,2090,0.0,0.0,0.0,50.6,0.0,0.0,0.0
2021-10-20,1242.0,218568.0,134395.0,1253.75,224895.0,73665.0,-11.75,-0.0094605475040181,-12731.0,7449.0,-20180.0,1.824407792031469,0.9718668712065588,0.0109890109890109,0.0402010050251255,-0.0235849056603774,185,0.0,0.0,0.0,2090,0.0,0.0,0.0,50.6,0.0,0.0,0.0
2021-10-21,1222.0,210136.0,105786.0,1230.75,235833.0,63993.0,-8.75,-0.0071603927986848,-8432.0,10938.0,-19370.0,1.6530870563967677,0.8910373018195041,-0.0161030595813204,0.0138975316324414,-0.0462439024390244,185,0.0,0.0,0.0,2090,0.0,0.0,0.0,50.6,0.0,0.0,0.0
2021-10-22,1219.0,126148.0,176315.0,1226.0,240469.0,76621.0,-7.0,-0.0057424118129567,-83988.0,4636.0,-88624.0,2.3011315435715756,0.5245915273902227,-0.0024549918166939,0.0018491884117526,-0.05006818624586,185,0.0,0.0,0.0,2090,0.0,0.0,0.0,50.6,0.0,0.0,0.0
2021-10-25,1236.0,92524.0,137468.0,1242.0,247998.0,99035.0,-6.0,-0.0048543689320349,-33624.0,7529.0,-41153.0,1.3880749230070035,0.3730836539004332,0.0139458572600492,0.0114566284779051,-0.0375705664784894,185,0.0,0.0,0.0,2090,0.0,0.0,0.0,50.6,0.0,0.0,0.0
2021-10-26,1236.75,72133.0,94349.0,1244.5,253112.0,86774.0,-7.75,-0.0062664240954062,-20391.0,5114.0,-25505.0,1.0872957337451183,0.284984512784853,0.0006067961165048,0.0067155067155066,-0.0388575869438507,185,0.0,0.0,0.0,2090,0.0,0.0,0.0,50.6,0.0,0.0,0.0
2021-10-27,1238.0,38166.0,122469.0,1248.0,260762.0,167187.0,-10.0,-0.0080775444264878,-33967.0,7650.0,-41617.0,0.7325270505481842,0.146363350488184,0.001010713563776,-0.0032206119162641,-0.0297805642633228,185,0.0,0.0,0.0,2090,0.0,0.0,0.0,50.6,0.0,0.0,0.0
2021-10-28,1235.0,8658.0,73201.0,1245.0,265872.0,131176.0,-10.0,-0.0080971659918962,-29508.0,5110.0,-34618.0,0.558036531072753,0.0325645423361616,-0.0024232633279482,0.0106382978723404,-0.0374123148869836,185,0.0,0.0,0.0,2090,0.0,0.0,0.0,50.6,0.0,0.0,0.0
2021-10-29,1235.0,4355.0,10990.0,1248.0,265140.0,87766.0,-13.0,-0.0105263157894651,-4303.0,-732.0,-3571.0,0.1252193332269885,0.0164252847552235,0.0,0.0131255127153404,-0.0165239896476209,185,0.0,0.0,0.0,2090,0.0,0.0,0.0,50.6,0.0,0.0,0.0
2021-11-01,1230.5,2820.0,3899.0,1248.0,263771.0,85984.0,-17.5,-0.0142218610320892,-1535.0,-1369.0,-166.0,0.0453456457015253,0.010691091894105,-0.0036437246963563,-0.0044498381877022,-0.0116465863453815,320,135.0,135.0,4.826969569514023,2090,0.0,0.0,0.0,51.5,0.8999999999999986,0.8999999999999986,4.160541355349513
2021-11-02,1236.0,2048.0,2003.0,1253.5,265133.0,87428.0,-17.5,-0.0141585760517684,-772.0,1362.0,-2134.0,0.0229102804593491,0.0077244250998555,0.0044697277529459,-0.0006064281382656,0.0030432136335971,320,0.0,0.0,0.0,2090,0.0,0.0,0.0,51.5,0.0,0.0,0.0
2021-11-03,1220.0,1818.0,1263.0,1243.75,261440.0,78352.0,-23.75,-0.0194672131147381,-230.0,-3693.0,3463.0,0.0161195629977535,0.006953794369645,-0.0129449838187701,-0.0145395799676898,-0.0236094437775109,320,0.0,0.0,0.0,2090,0.0,0.0,0.0,51.5,0.0,0.0,0.0
2021-11-04,1211.25,1697.0,2676.0,1223.0,262827.0,107991.0,-11.75,-0.0097007223942128,-121.0,1387.0,-1508.0,0.0247798427646746,0.0064567186780657,-0.007172131147541,-0.0192307692307692,-0.0231854838709677,320,0.0,0.0,0.0,2090,0.0,0.0,0.0,51.5,0.0,0.0,0.0
2021-11-05,1190.0,1216.0,776.0,1204.0,264711.0,92046.0,-14.0,-0.011764705882343,-481.0,1884.0,-2365.0,0.008430567325033,0.0045936889664577,-0.0175438596491228,-0.0364372469635627,-0.0441767068273092,320,0.0,0.0,0.0,2090,0.0,0.0,0.0,51.5,0.0,0.0,0.0
2021-11-08,1175.5,932.0,596.0,1187.75,263749.0,108733.0,-12.25,-0.0104210974053505,-284.0,-962.0,678.0,0.0054813166196094,0.0035336626868727,-0.0121848739495797,-0.0446972775294596,-0.0535426731078905,320,0.0,0.0,0.0,2090,0.0,0.0,0.0,51.5,0.0,0.0,0.0
2021-11-09,1170.0,733.0,512.0,1212.0,261359.0,148532.0,-42.0,-0.0358974358974052,-199.0,-2390.0,2191.0,0.0034470686451404,0.0028045714897898,-0.004678860059549,-0.0533980582524271,-0.0456769983686786,320,0.0,0.0,0.0,2090,0.0,0.0,0.0,51.5,0.0,0.0,0.0
2021-11-10,1200.0,515.0,825.0,1216.0,260248.0,89601.0,-16.0,-0.0133333333333222,-218.0,-1111.0,893.0,0.0092074865235878,0.0019788816820878,0.0256410256410255,-0.0163934426229508,0.0014604631754642,320,0.0,0.0,0.0,2090,0.0,0.0,0.0,51.5,0.0,0.0,0.0
2021-11-11,1170.0,150.0,336.0,1221.5,256126.0,78391.0,-51.5,-0.0440170940170564,-365.0,-4122.0,3757.0,0.0042862063247055,0.0005856492507593,-0.025,-0.0340557275541795,-0.0201005025125627,320,0.0,0.0,0.0,2090,0.0,0.0,0.0,51.5,0.0,0.0,0.0
2021-11-12,,32.0,62.0,1244.0,252275.0,104151.0,,,-118.0,-3851.0,3733.0,0.0005952895315455,0.0001268457040927,0.0,-0.0168067226890756,-0.029247044181705,320,0.0,0.0,0.0,2090,0.0,0.0,0.0,51.5,0.0,0.0,0.0
2021-11-15,1255.75,250944.0,94353.0,1259.0,169232.0,36677.0,-3.25,-0.0025880947640831,250912.0,-83043.0,333955.0,2.5725386481990737,1.4828401247990837,0.0732905982905982,0.0682688217779667,0.0320525991370455,320,0.0,0.0,0.0,2090,0.0,0.0,0.0,51.5,0.0,0.0,0.0
2021-11-16,1250.0,250995.0,80591.0,1263.25,173043.0,32325.0,-13.25,-0.0105999999999915,51.0,3811.0,-3760.0,2.493147718484068,1.450477626948207,-0.0045789368903046,0.0683760683760683,0.0229132569558101,320,0.0,0.0,0.0,2090,0.0,0.0,0.0,51.5,0.0,0.0,0.0
2021-11-17,1277.0,254194.0,146987.0,1288.0,177843.0,68463.0,-11.0,-0.0086139389193354,3199.0,4800.0,-1601.0,2.1469552897185027,1.4293168693735403,0.0216,0.0641666666666667,0.0394790394790394,320,0.0,0.0,0.0,2090,0.0,0.0,0.0,51.5,0.0,0.0,0.0
2021-11-18,1264.0,250376.0,103205.0,1272.5,182368.0,53047.0,-8.5,-0.0067246835442984,-3818.0,4525.0,-8343.0,1.9455388617640592,1.3729163011054497,-0.0101801096319499,0.0803418803418802,0.0177133655394525,320,0.0,0.0,0.0,2090,0.0,0.0,0.0,51.5,0.0,0.0,0.0
2021-11-19,1263.0,251732.0,78709.0,1276.75,188280.0,38418.0,-13.75,-0.0108867775138472,1356.0,5912.0,-4556.0,2.048753188609453,1.3370087104312656,-0.0007911392405063,0.0794871794871794,0.0335515548281506,320,0.0,0.0,0.0,2090,0.0,0.0,0.0,51.5,0.0,0.0,0.0
2021-11-22,1274.0,250314.0,70634.0,1286.25,190712.0,28376.0,-12.25,-0.009615384615377,-1418.0,2432.0,-3850.0,2.489216239075187,1.3125235957884072,0.0087094220110848,0.0145331475214014,0.0451189499589828,320,0.0,0.0,0.0,2090,0.0,0.0,0.0,51.5,0.0,0.0,0.0
2021-11-23,1273.25,245461.0,65548.0,1280.75,193963.0,30430.0,-7.5,-0.0058904378558759,-4853.0,3251.0,-8104.0,2.1540584949062715,1.265504245655093,-0.0005886970172684,0.0185999999999999,0.0301375404530743,320,0.0,0.0,0.0,2090,0.0,0.0,0.0,51.5,0.0,0.0,0.0
2021-11-24,1265.75,240422.0,72906.0,1273.25,192276.0,30067.0,-7.5,-0.0059253407070859,-5039.0,-1687.0,-3352.0,2.424784647620234,1.2504004659967898,-0.0058904378558806,-0.0088097102584181,0.0234485546796037,320,0.0,0.0,0.0,2090,0.0,0.0,0.0,51.5,0.0,0.0,0.0
2021-11-26,1250.0,236347.0,88520.0,1257.0,189057.0,39386.0,-7.0,-0.0055999999999955,-4075.0,-3219.0,-856.0,2.2474991113593092,1.25013620230935,-0.0124432154848903,-0.0110759493670885,0.0096930533117931,320,0.0,0.0,0.0,2090,0.0,0.0,0.0,51.5,0.0,0.0,0.0
2021-11-29,1234.75,231093.0,82284.0,1251.0,191350.0,36408.0,-16.25,-0.0131605588175637,-5254.0,2293.0,-7547.0,2.26005273566243,1.2076979357198787,-0.0121999999999999,-0.0223673792557402,-0.0002024291497976,320,0.0,0.0,0.0,2090,0.0,0.0,0.0,51.5,0.0,0.0,0.0
2021-11-30,1217.25,228347.0,132640.0,1224.0,189419.0,69779.0,-6.75,-0.0055452865064649,-2746.0,-1931.0,-815.0,1.9008584244543216,1.2055126465666,-0.0141729094958493,-0.0445447409733124,-0.0143724696356275,340,20.0,20.0,0.7225072093855095,2050,-40.0,-40.0,-4.898979484966355,51.2,-0.29999999999999716,-0.29999999999999716,-1.5293734099295595
2021-12-01,1225.0,225490.0,105476.0,1233.0,194716.0,60566.0,-8.0,-0.0065306122448926,-2857.0,5297.0,-8154.0,1.7415051348941364,1.1580455637954703,0.0063668104333538,-0.0378951502061652,-0.0044697277529459,340,0.0,0.0,0.0,2050,0.0,0.0,0.0,51.2,0.0,0.0,0.0
2021-12-02,1242.5,220589.0,94962.0,1247.5,197081.0,53695.0,-5.0,-0.004024144869212,-4901.0,2365.0,-7266.0,1.76854455722131,1.1192809048056327,0.0142857142857142,-0.018368556191981,0.0052588996763753,340,0.0,0.0,0.0,2050,0.0,0.0,0.0,51.2,0.0,0.0,0.0
2021-12-03,1265.0,218608.0,94245.0,1267.0,203391.0,54807.0,-2.0,-0.0015810276679829,-1981.0,6310.0,-8291.0,1.7195796157424834,1.074816486471864,0.0181086519114688,0.012,0.0368852459016393,340,0.0,0.0,0.0,2050,0.0,0.0,0.0,51.2,0.0,0.0,0.0
2021-12-06,1261.0,213373.0,75260.0,1265.25,207425.0,52035.0,-4.25,-0.0033703409992043,-5235.0,4034.0,-9269.0,1.4463341981358424,1.0286754248523513,-0.0031620553359683,0.0212593642437739,0.0410732714138286,340,0.0,0.0,0.0,2050,0.0,0.0,0.0,51.2,0.0,0.0,0.0
2021-12-07,1250.0,198625.0,171655.0,1258.0,215053.0,133880.0,-8.0,-0.0063999999999948,-14748.0,7628.0,-22376.0,1.2821556617866652,0.9236095288138232,-0.0087232355273592,0.0269049086054631,0.0504201680672269,340,0.0,0.0,0.0,2050,0.0,0.0,0.0,51.2,0.0,0.0,0.0
2021-12-08,1258.0,186458.0,122041.0,1267.0,223335.0,81296.0,-9.0,-0.0071542130365602,-12167.0,8282.0,-20449.0,1.5011931706356831,0.8348803367139014,0.0063999999999999,0.0269387755102041,0.0701829008932368,340,0.0,0.0,0.0,2050,0.0,0.0,0.0,51.2,0.0,0.0,0.0
2021-12-09,1264.25,171089.0,102868.0,1266.25,230126.0,81084.0,-2.0,-0.0015819655922471,-15369.0,6791.0,-22160.0,1.2686596615855006,0.7434579317417382,0.0049682034976152,0.0175050301810866,0.0805555555555554,340,0.0,0.0,0.0,2050,0.0,0.0,0.0,51.2,0.0,0.0,0.0
2021-12-10,1264.5,165695.0,112572.0,1272.25,236771.0,87900.0,-7.75,-0.0061289047054123,-5394.0,6645.0,-12039.0,1.2806825938566406,0.6998112099877067,0.0001977456990309,-0.000395256916996,0.0537499999999999,340,0.0,0.0,0.0,2050,0.0,0.0,0.0,51.2,0.0,0.0,0.0
2021-12-13,1243.5,152778.0,116561.0,1250.0,240767.0,78306.0,-6.5,-0.0052271813429793,-12917.0,3996.0,-16913.0,1.4885321686716024,0.6345470932478262,-0.0166073546856464,-0.0138778747026169,0.0628205128205128,340,0.0,0.0,0.0,2050,0.0,0.0,0.0,51.2,0.0,0.0,0.0
2021-12-14,1257.75,140090.0,102492.0,1260.25,243290.0,75910.0,-2.5,-0.0019876764062794,-12688.0,2523.0,-15211.0,1.350177842181513,0.5758148711414338,0.0114595898673099,0.0061999999999999,0.0749999999999999,340,0.0,0.0,0.0,2050,0.0,0.0,0.0,51.2,0.0,0.0,0.0
2021-12-15,1260.0,129144.0,91939.0,1262.0,248052.0,74625.0,-2.0,-0.0015873015873003,-10946.0,4762.0,-15708.0,1.2320134003349918,0.5206327705481089,0.0017889087656528,0.0015898251192367,0.003384431614573,340,0.0,0.0,0.0,2050,0.0,0.0,0.0,51.2,0.0,0.0,0.0
2021-12-16,1276.0,120328.0,115189.0,1275.0,255753.0,92487.0,1.0,0.0007836990595605,-8816.0,7701.0,-16517.0,1.2454615243223237,0.4704851946995716,0.0126984126984126,0.0092940478544591,0.0207999999999999,340,0.0,0.0,0.0,2050,0.0,0.0,0.0,51.2,0.0,0.0,0.0
2021-12-17,1282.0,100221.0,122742.0,1285.0,259290.0,103739.0,-3.0,-0.0023400936037423,-20107.0,3537.0,-23644.0,1.183180867369059,0.3865208839523299,0.0047021943573668,0.0138394622380386,0.0039154267815191,340,0.0,0.0,0.0,2050,0.0,0.0,0.0,51.2,0.0,0.0,0.0
2021-12-20,1292.0,91476.0,83928.0,1294.75,268114.0,70137.0,-2.75,-0.0021284829721345,-8745.0,8824.0,-17569.0,1.1966294537832929,0.3411832280298666,0.0078003120124805,0.0390028146361076,0.0221518987341771,340,0.0,0.0,0.0,2050,0.0,0.0,0.0,51.2,0.0,0.0,0.0
2021-12-21,1307.75,79931.0,81517.0,1310.0,282737.0,100579.0,-2.25,-0.001720512330337,-11545.0,14623.0,-26168.0,0.8104773362232592,0.282704421423442,0.0121904024767802,0.0397535281256211,0.0354315122723674,340,0.0,0.0,0.0,2050,0.0,0.0,0.0,51.2,0.0,0.0,0.0
2021-12-22,1320.0,71439.0,68991.0,1333.0,290230.0,105913.0,-13.0,-0.0098484848484773,-8492.0,7493.0,-15985.0,0.6513931245456115,0.246146159942114,0.0093672337985089,0.0476190476190476,0.0361067503924645,340,0.0,0.0,0.0,2050,0.0,0.0,0.0,51.2,0.0,0.0,0.0
2021-12-23,1331.0,51530.0,60005.0,1335.75,294262.0,90260.0,-4.75,-0.0035687453042798,-19909.0,4032.0,-23941.0,0.6648016840239235,0.1751160530411668,0.0083333333333333,0.0431034482758621,0.0453563714902807,340,0.0,0.0,0.0,2050,0.0,0.0,0.0,51.2,0.0,0.0,0.0
2021-12-27,1355.75,38887.0,54478.0,1370.5,303239.0,103758.0,-14.75,-0.0108795869444876,-12643.0,8977.0,-21620.0,0.5250486709458497,0.12823878195087,0.0185950413223141,0.0575273010920436,0.0711040884850879,340,0.0,0.0,0.0,2050,0.0,0.0,0.0,51.2,0.0,0.0,0.0
2021-12-28,1354.0,28342.0,40328.0,1367.25,306941.0,107536.0,-13.25,-0.009785819793198,-10545.0,3702.0,-14247.0,0.3750185984228502,0.0923369637813127,-0.0012907984510418,0.0479876160990713,0.0831999999999999,340,0.0,0.0,0.0,2050,0.0,0.0,0.0,51.2,0.0,0.0,0.0
2021-12-29,1354.25,12770.0,51167.0,1365.5,311552.0,110446.0,-11.25,-0.0083071810965417,-15572.0,4611.0,-20183.0,0.4632761711605629,0.0409883422350039,0.0001846381093058,0.0355572548269929,0.0967807248430856,340,0.0,0.0,0.0,2050,0.0,0.0,0.0,51.2,0.0,0.0,0.0
2021-12-30,1319.0,3979.0,16224.0,1337.0,308835.0,102595.0,-18.0,-0.0136467020469949,-8791.0,-2717.0,-6074.0,0.1581363614211203,0.0128839024074343,-0.0260291674358501,-0.0007575757575757,0.0835900595604846,340,0.0,0.0,0.0,2050,0.0,0.0,0.0,51.2,0.0,0.0,0.0
2021-12-31,1326.0,2844.0,2572.0,1337.75,308445.0,58165.0,-11.75,-0.0088612368024065,-1135.0,-390.0,-745.0,0.0442190320639552,0.009220444487672,0.0053070507960575,-0.0037565740045079,0.0824489795918368,340,0.0,0.0,0.0,2050,0.0,0.0,0.0,51.2,0.0,0.0,0.0
2022-01-03,1331.0,1820.0,3434.0,1355.0,311812.0,90234.0,-24.0,-0.0180315552216243,-1024.0,3367.0,-4391.0,0.0380566083737832,0.0058368504098623,0.0037707390648566,-0.0182555780933062,0.0712273641851106,340,0.0,0.0,0.0,2050,0.0,0.0,0.0,51.2,0.0,0.0,0.0
2022-01-04,1366.0,920.0,2450.0,1389.25,315354.0,122661.0,-23.25,-0.0170204978037942,-900.0,3542.0,-4442.0,0.0199737487873079,0.0029173563677644,0.0262960180315552,0.0088626292466764,0.0798418972332015,340,0.0,0.0,0.0,2050,0.0,0.0,0.0,51.2,0.0,0.0,0.0
2022-01-05,1375.0,833.0,1101.0,1390.0,314826.0,96172.0,-15.0,-0.0109090909090829,-87.0,-528.0,441.0,0.0114482385725573,0.0026459059925164,0.006588579795022,0.0153221340225215,0.0904044409199047,340,0.0,0.0,0.0,2050,0.0,0.0,0.0,51.2,0.0,0.0,0.0
2022-01-06,1368.0,538.0,691.0,1386.75,309316.0,99489.0,-18.75,-0.0137061403508671,-295.0,-5510.0,5215.0,0.0069454914613675,0.0017393215999172,-0.0050909090909091,0.0371493555724034,0.0944,340,0.0,0.0,0.0,2050,0.0,0.0,0.0,51.2,0.0,0.0,0.0
2022-01-07,1388.5,333.0,254.0,1402.0,311883.0,129914.0,-13.5,-0.0097227223622544,-205.0,2567.0,-2772.0,0.0019551395538586,0.0010677080828387,0.014985380116959,0.0471342383107089,0.1037360890302065,340,0.0,0.0,0.0,2050,0.0,0.0,0.0,51.2,0.0,0.0,0.0
2022-01-10,1357.75,205.0,73.0,1383.75,304999.0,120554.0,-26.0,-0.0191493279322267,-128.0,-6884.0,6756.0,0.0006055377673075,0.0006721333512568,-0.0221462009362621,0.0200976709241171,0.0739568914376112,340,0.0,0.0,0.0,2050,0.0,0.0,0.0,51.2,0.0,0.0,0.0
2022-01-11,1357.75,108.0,57.0,1381.5,299820.0,97943.0,-23.75,-0.0174921745534763,-97.0,-5179.0,5082.0,0.0005819711464831,0.0003602161296778,0.0,-0.0060395314787701,0.0737445630684063,340,0.0,0.0,0.0,2050,0.0,0.0,0.0,51.2,0.0,0.0,0.0
2022-01-12,1360.0,198.0,293.0,1398.5,297751.0,118595.0,-38.5,-0.0283088235293909,90.0,-2069.0,2159.0,0.0024705931953286,0.000664985172174,0.0016571533787517,-0.0109090909090908,0.0936871733011661,340,0.0,0.0,0.0,2050,0.0,0.0,0.0,51.2,0.0,0.0,0.0
2022-01-13,1340.0,163.0,415.0,1377.0,293310.0,109592.0,-37.0,-0.0276119402984868,-35.0,-4441.0,4406.0,0.0037867727571355,0.0005557260236609,-0.0147058823529411,-0.0204678362573099,0.0653945537666467,340,0.0,0.0,0.0,2050,0.0,0.0,0.0,51.2,0.0,0.0,0.0
2022-01-14,,38.0,42.0,1369.0,290153.0,86045.0,,,-125.0,-3157.0,3032.0,0.0004881166831309,0.0001309653872267,0.0,-0.0349297803384948,0.0634920634920634,340,0.0,0.0,0.0,2050,0.0,0.0,0.0,51.2,0.0,0.0,0.0
2022-01-18,1361.0,285847.0,124254.0,1363.5,127644.0,35772.0,-2.5,-0.001836884643643,285809.0,-162509.0,448318.0,3.473498825897253,2.2394080411143316,0.0156716417910447,0.00239366599153,0.0666144200626959,340,0.0,0.0,0.0,2050,0.0,0.0,0.0,51.2,0.0,0.0,0.0
2022-01-19,1389.25,287497.0,107595.0,1397.0,130078.0,30942.0,-7.75,-0.0055785495771059,1650.0,2434.0,-784.0,3.477312390924844,2.210189271052736,0.0207567964731814,0.0232001473025225,0.0836583463338533,340,0.0,0.0,0.0,2050,0.0,0.0,0.0,51.2,0.0,0.0,0.0
2022-01-20,1421.0,290881.0,149817.0,1425.0,133637.0,48768.0,-4.0,-0.0028149190710747,3384.0,3559.0,-175.0,3.072034940944819,2.176650179216818,0.0228540579449343,0.0448529411764706,0.0998452012383901,340,0.0,0.0,0.0,2050,0.0,0.0,0.0,51.2,0.0,0.0,0.0
2022-01-21,1413.75,286331.0,104361.0,1415.0,135456.0,34276.0,-1.25,-0.0008841732979657,-4550.0,1819.0,-6369.0,3.044725172132015,2.1138303212851253,-0.0051020408163264,0.0550373134328359,0.0810552475626076,340,0.0,0.0,0.0,2050,0.0,0.0,0.0,51.2,0.0,0.0,0.0
2022-01-24,1401.5,282956.0,134866.0,1408.0,139175.0,41538.0,-6.5,-0.004637887977164,-3375.0,3719.0,-7094.0,3.2468101497423265,2.0330950242500303,-0.0086648983200707,0.0458955223880597,0.0617424242424242,340,0.0,0.0,0.0,2050,0.0,0.0,0.0,51.2,0.0,0.0,0.0
2022-01-25,1405.75,279888.0,107870.0,1413.25,143272.0,36180.0,-7.5,-0.0053352303041043,-3068.0,4097.0,-7165.0,2.9814814814813992,1.9535429113853235,0.0030324652158402,0.0328802351212342,0.056160781367393,340,0.0,0.0,0.0,2050,0.0,0.0,0.0,51.2,0.0,0.0,0.0
2022-01-26,1434.0,272267.0,139954.0,1444.75,146991.0,50702.0,-10.75,-0.007496513249646,-7621.0,3719.0,-11340.0,2.760325036487658,1.8522698668625843,0.0200960341454738,0.0322116249775059,0.057717130739443,340,0.0,0.0,0.0,2050,0.0,0.0,0.0,51.2,0.0,0.0,0.0
2022-01-27,1442.5,269813.0,143879.0,1444.75,150843.0,53477.0,-2.25,-0.0015597920277285,-2454.0,3852.0,-6306.0,2.690483759373138,1.78870083464263,0.0059274755927476,0.0151301900070373,0.0653618906942392,340,0.0,0.0,0.0,2050,0.0,0.0,0.0,51.2,0.0,0.0,0.0
2022-01-28,1465.0,269544.0,148673.0,1472.0,153355.0,79062.0,-7.0,-0.0047781569965837,-269.0,2512.0,-2781.0,1.880460904100555,1.7576472889700254,0.0155979202772964,0.0362511052166225,0.0817795827949048,340,0.0,0.0,0.0,2050,0.0,0.0,0.0,51.2,0.0,0.0,0.0
2022-01-31,1485.0,272604.0,111725.0,1487.0,155914.0,48133.0,-2.0,-0.0013468013468004,3060.0,2559.0,501.0,2.321172584297627,1.7484254140102766,0.0136518771331057,0.0595790224759187,0.1258529188779378,350,10.0,10.0,4.89897948316633,2050,0.0,0.0,0.0,51.4,0.19999999999999574,0.19999999999999574,4.898979365566356
2022-02-01,1528.0,274385.0,157814.0,1532.0,163227.0,80294.0,-4.0,-0.0026178010471187,1781.0,7313.0,-5532.0,1.965451964032157,1.6810025302186424,0.0289562289562288,0.0869642539569623,0.152337858220211,350,0.0,0.0,0.0,2050,0.0,0.0,0.0,51.4,0.0,0.0,0.0
2022-02-02,1544.75,266086.0,175949.0,1548.0,169240.0,85944.0,-3.25,-0.0021039003074917,-8299.0,6013.0,-14312.0,2.0472516987805776,1.5722406050578968,0.0109620418848168,0.0772315202231519,0.1605935386927122,350,0.0,0.0,0.0,2050,0.0,0.0,0.0,51.4,0.0,0.0,0.0
2022-02-03,1543.0,261036.0,133829.0,1544.0,174426.0,60937.0,-1.0,-0.0006480881399866,-5050.0,5186.0,-10236.0,2.1961862251177084,1.4965429465790565,-0.0011328693963424,0.0696707105719236,0.1295754026354318,350,0.0,0.0,0.0,2050,0.0,0.0,0.0,51.4,0.0,0.0,0.0
2022-02-04,1553.5,257768.0,116119.0,1556.75,182330.0,69923.0,-3.25,-0.0020920502092036,-3268.0,7904.0,-11172.0,1.6606695936958988,1.4137443097679954,0.0068049254698638,0.0604095563139932,0.1298181818181818,350,0.0,0.0,0.0,2050,0.0,0.0,0.0,51.4,0.0,0.0,0.0
2022-02-07,1577.25,244271.0,178009.0,1584.25,194105.0,99837.0,-7.0,-0.0044381042954481,-13497.0,11775.0,-25272.0,1.7829962839428088,1.2584477473532305,0.0152880592211135,0.062121212121212,0.1529605263157893,350,0.0,0.0,0.0,2050,0.0,0.0,0.0,51.4,0.0,0.0,0.0
2022-02-08,1565.25,231508.0,176069.0,1565.0,204945.0,107484.0,0.25,0.0001597188947451,-12763.0,10840.0,-23603.0,1.6380949722749278,1.1296103832735558,-0.0076081787922016,0.0243782722513088,0.1272956427799783,350,0.0,0.0,0.0,2050,0.0,0.0,0.0,51.4,0.0,0.0,0.0
2022-02-09,1592.0,220629.0,190630.0,1594.0,221190.0,119209.0,-2.0,-0.0012562814070343,-10879.0,16245.0,-27124.0,1.5991242271975974,0.9974637189746328,0.0170899217377415,0.0305874737012461,0.1725280795433621,350,0.0,0.0,0.0,2050,0.0,0.0,0.0,51.4,0.0,0.0,0.0
2022-02-10,1573.0,209733.0,255540.0,1575.0,236514.0,142970.0,-2.0,-0.0012714558169095,-10896.0,15324.0,-26220.0,1.7873679792963435,0.8867678023288225,-0.0119346733668341,0.0194426441996111,0.1585343399005707,350,0.0,0.0,0.0,2050,0.0,0.0,0.0,51.4,0.0,0.0,0.0
2022-02-11,1586.0,192171.0,184659.0,1585.0,245184.0,114726.0,1.0,0.0006305170239592,-17562.0,8670.0,-26232.0,1.609565399299186,0.7837827916992921,0.0082644628099173,0.0209205020920502,0.1661764705882353,350,0.0,0.0,0.0,2050,0.0,0.0,0.0,51.4,0.0,0.0,0.0
2022-02-14,1569.0,180109.0,125494.0,1569.5,252222.0,84618.0,-0.5,-0.00031867431485,-12062.0,7038.0,-19100.0,1.4830650688978528,0.7140891754089623,-0.0107187894073139,-0.0052306229196386,0.1708955223880597,350,0.0,0.0,0.0,2050,0.0,0.0,0.0,51.4,0.0,0.0,0.0
2022-02-15,1549.0,168902.0,147743.0,1554.0,259074.0,101382.0,-5.0,-0.0032278889606176,-11207.0,6852.0,-18059.0,1.4572902487620931,0.6519450041300916,-0.0127469725940089,-0.0103817281584411,0.1559701492537313,350,0.0,0.0,0.0,2050,0.0,0.0,0.0,51.4,0.0,0.0,0.0
2022-02-16,1585.25,155684.0,100187.0,1590.0,258888.0,79385.0,-4.75,-0.0029963728118574,-13218.0,-186.0,-13032.0,1.26203942810353,0.601356571181358,0.0234021949644931,-0.0042399497487437,0.1647685525349007,350,0.0,0.0,0.0,2050,0.0,0.0,0.0,51.4,0.0,0.0,0.0
2022-02-17,1590.25,133405.0,114032.0,1594.0,265593.0,86167.0,-3.75,-0.0023581197924839,-22279.0,6705.0,-28984.0,1.3233836619587391,0.5022910995395191,0.0031540766440625,0.0109663064208518,0.144682382580529,350,0.0,0.0,0.0,2050,0.0,0.0,0.0,51.4,0.0,0.0,0.0
2022-02-18,1598.5,109006.0,107148.0,1597.0,278215.0,93752.0,1.5,0.0009383797309972,-24399.0,12622.0,-37021.0,1.142887618397462,0.3918048990888327,0.0051878635434681,0.0078814627994956,0.1249120337790288,350,0.0,0.0,0.0,2050,0.0,0.0,0.0,51.4,0.0,0.0,0.0
2022-02-22,1635.0,74561.0,117091.0,1635.0,291404.0,154679.0,0.0,0.0,-34445.0,13189.0,-47634.0,0.7569935156032768,0.2558681418237215,0.0228339067876133,0.0420650095602295,0.1564986737400531,350,0.0,0.0,0.0,2050,0.0,0.0,0.0,51.4,0.0,0.0,0.0
2022-02-23,1674.75,47658.0,98545.0,1661.75,307309.0,166301.0,13.0,0.0077623525899341,-26903.0,15905.0,-42808.0,0.5925700987967566,0.155081693019078,0.0243119266055045,0.0811814073595869,0.1949696753478416,350,0.0,0.0,0.0,2050,0.0,0.0,0.0,51.4,0.0,0.0,0.0
2022-02-24,1661.5,20861.0,70087.0,1650.5,307833.0,234273.0,11.0,0.006620523623228,-26797.0,524.0,-27321.0,0.2991680646083829,0.0677672634188015,-0.0079116286012838,0.0480996688219523,0.181931353370087,350,0.0,0.0,0.0,2050,0.0,0.0,0.0,51.4,0.0,0.0,0.0
2022-02-25,1572.5,6817.0,26189.0,1580.0,302314.0,173833.0,-7.5,-0.0047694753577076,-14044.0,-5519.0,-8525.0,0.1506560894651755,0.0225494022771025,-0.0535660547697863,-0.0111617670177645,0.0965829846582984,350,0.0,0.0,0.0,2050,0.0,0.0,0.0,51.4,0.0,0.0,0.0
2022-02-28,1628.0,4132.0,4729.0,1634.0,304117.0,122901.0,-6.0,-0.0036855036855014,-2685.0,1803.0,-4488.0,0.038478124669449,0.0135868761036048,0.0352941176470589,0.0184548013762901,0.1285961871750434,325,-25.0,-25.0,-4.481889806469936,2050,0.0,0.0,0.0,51.4,0.0,0.0,0.0
2022-03-01,1680.25,3394.0,1432.0,1686.0,304102.0,108758.0,-5.75,-0.0034221098050864,-738.0,-15.0,-723.0,0.013166847496276,0.011160728965939,0.0320945945945945,0.0276758409785933,0.1469283276450512,325,0.0,0.0,0.0,2050,0.0,0.0,0.0,51.4,0.0,0.0,0.0
2022-03-02,1665.0,2534.0,1342.0,1653.0,297828.0,111268.0,12.0,0.0072072072072028,-860.0,-6274.0,5414.0,0.0120609699104862,0.0085082665162442,-0.009076030352626,-0.005821764442454,0.1212121212121211,325,0.0,0.0,0.0,2050,0.0,0.0,0.0,51.4,0.0,0.0,0.0
2022-03-03,1670.0,1704.0,1585.0,1667.75,301430.0,101002.0,2.25,0.0013473053892207,-830.0,3602.0,-4432.0,0.0156927585592362,0.0056530537769962,0.003003003003003,0.0051158591634066,0.0929319371727748,325,0.0,0.0,0.0,2050,0.0,0.0,0.0,51.4,0.0,0.0,0.0
2022-03-04,1656.0,1448.0,305.0,1650.0,297966.0,95910.0,6.0,0.0036231884057949,-256.0,-3464.0,3208.0,0.0031800646439369,0.0048596148553861,-0.0083832335329341,0.0531001589825119,0.0720181259103414,325,0.0,0.0,0.0,2050,0.0,0.0,0.0,51.4,0.0,0.0,0.0
2022-03-07,1667.0,1186.0,298.0,1660.0,296905.0,82378.0,7.0,0.0041991601679638,-262.0,-1061.0,799.0,0.0036174706839204,0.0039945437092672,0.0066425120772946,0.0239557739557738,0.0803629293583927,325,0.0,0.0,0.0,2050,0.0,0.0,0.0,51.4,0.0,0.0,0.0
2022-03-08,1686.0,993.0,243.0,1689.0,296823.0,110023.0,-3.0,-0.0017793594306039,-193.0,-82.0,-111.0,0.0022086291048235,0.0033454280834032,0.0113977204559088,0.0034221098050886,0.085291277759897,325,0.0,0.0,0.0,2050,0.0,0.0,0.0,51.4,0.0,0.0,0.0
2022-03-09,1680.0,472.0,566.0,1672.25,292164.0,116468.0,7.75,0.0046130952380924,-521.0,-4659.0,4138.0,0.004859703953017,0.0016155310031352,-0.0035587188612099,0.0090090090090089,0.0651450309082264,325,0.0,0.0,0.0,2050,0.0,0.0,0.0,51.4,0.0,0.0,0.0
2022-03-10,1696.0,330.0,223.0,1686.0,291933.0,104946.0,10.0,0.0058962264150908,-142.0,-231.0,89.0,0.0021249023307224,0.0011303963580684,0.0095238095238094,0.015568862275449,0.0835329819517649,325,0.0,0.0,0.0,2050,0.0,0.0,0.0,51.4,0.0,0.0,0.0
2022-03-11,1600.0,196.0,333.0,1675.0,281366.0,90790.0,-75.0,-0.0468749999999707,-134.0,-10567.0,10433.0,0.0036678048243198,0.0006966015794374,-0.0566037735849056,-0.0338164251207729,0.0050251256281406,325,0.0,0.0,0.0,2050,0.0,0.0,0.0,51.4,0.0,0.0,0.0
2022-03-14,,71.0,48.0,1678.0,283145.0,73458.0,,,-125.0,1779.0,-1904.0,0.0006534346156987,0.0002507549135601,0.0,-0.0401919616076784,0.0171646535282898,325,0.0,0.0,0.0,2050,0.0,0.0,0.0,51.4,0.0,0.0,0.0
2022-03-15,1656.0,282448.0,70449.0,1628.25,164431.0,27205.0,27.75,0.0167572463768014,282377.0,-118714.0,401091.0,2.5895607425104727,1.7177296251923195,0.0349999999999999,-0.0177935943060498,0.0441361916771751,325,0.0,0.0,0.0,2050,0.0,0.0,0.0,51.4,0.0,0.0,0.0
2022-03-16,1649.75,281249.0,65232.0,1622.0,164544.0,26542.0,27.75,0.0168207304136888,-1199.0,113.0,-1312.0,2.4576896993443427,1.7092631758070689,-0.003774154589372,-0.0180059523809523,0.051465901848311,325,0.0,0.0,0.0,2050,0.0,0.0,0.0,51.4,0.0,0.0,0.0
2022-03-17,1668.25,284453.0,74317.0,1638.25,165633.0,28153.0,30.0,0.0179829162295711,3204.0,1089.0,2115.0,2.6397542002627556,1.7173691233027133,0.0112138202757994,-0.0163620283018868,0.0769851517107811,325,0.0,0.0,0.0,2050,0.0,0.0,0.0,51.4,0.0,0.0,0.0
2022-03-18,1665.5,279597.0,67110.0,1632.0,169030.0,32132.0,33.5,0.020114079855887,-4856.0,3397.0,-8253.0,2.0885721399227535,1.654126486422519,-0.0016484339877116,0.0409375,0.0506229301372023,325,0.0,0.0,0.0,2050,0.0,0.0,0.0,51.4,0.0,0.0,0.0
2022-03-21,1692.25,280274.0,82394.0,1673.0,168587.0,33887.0,19.25,0.0113753877973045,677.0,-443.0,1120.0,2.4314338831999756,1.6624888040002987,0.016061242870009,0.0576562499999999,0.0641408583556044,325,0.0,0.0,0.0,2050,0.0,0.0,0.0,51.4,0.0,0.0,0.0
2022-03-22,1696.0,278073.0,80750.0,1682.75,172369.0,40231.0,13.25,0.0078124999999953,-2201.0,3782.0,-5983.0,2.0071586587456935,1.6132425204067924,0.0022159846358398,0.0241545893719807,0.0609946825148577,325,0.0,0.0,0.0,2050,0.0,0.0,0.0,51.4,0.0,0.0,0.0
2022-03-23,1720.0,278677.0,75495.0,1701.5,175239.0,36274.0,18.5,0.0107558139534821,604.0,2870.0,-2266.0,2.081242763411753,1.5902681480720526,0.0141509433962263,0.0425822094256704,0.0519877675840978,325,0.0,0.0,0.0,2050,0.0,0.0,0.0,51.4,0.0,0.0,0.0
2022-03-24,1700.25,275474.0,72414.0,1677.0,178530.0,43423.0,23.25,0.0136744596382804,-3203.0,3291.0,-6494.0,1.6676415724385312,1.5430123788718897,-0.0114825581395349,0.0191817773115541,0.0152261531571875,325,0.0,0.0,0.0,2050,0.0,0.0,0.0,51.4,0.0,0.0,0.0
2022-03-25,1717.0,272177.0,64501.0,1689.0,181670.0,28488.0,28.0,0.0163075131042421,-3297.0,3140.0,-6437.0,2.2641463072169943,1.4981945285407523,0.009851492427584,0.0309216451516061,0.0334035510081252,325,0.0,0.0,0.0,2050,0.0,0.0,0.0,51.4,0.0,0.0,0.0
2022-03-28,1662.0,268430.0,76627.0,1643.0,184493.0,39448.0,19.0,0.0114320096269485,-3747.0,2823.0,-6570.0,1.9424812411275112,1.4549603507992095,-0.0320326150262084,-0.0178756093957748,0.0569157392686805,325,0.0,0.0,0.0,2050,0.0,0.0,0.0,51.4,0.0,0.0,0.0
2022-03-29,1643.0,265579.0,107185.0,1620.0,184137.0,42177.0,23.0,0.013998782714538,-2851.0,-356.0,-2495.0,2.5413139862957883,1.442290251280289,-0.0114320096269554,-0.03125,0.0092137592137591,325,0.0,0.0,0.0,2050,0.0,0.0,0.0,51.4,0.0,0.0,0.0
2022-03-30,1662.0,259419.0,67718.0,1650.0,184230.0,34305.0,12.0,0.0072202166064938,-6160.0,93.0,-6253.0,1.973997959481068,1.4081257124246789,0.0115642118076688,-0.0337209302325581,-0.0108614789465852,325,0.0,0.0,0.0,2050,0.0,0.0,0.0,51.4,0.0,0.0,0.0
2022-03-31,1628.5,261838.0,96368.0,1598.0,187225.0,59928.0,30.5,0.0187288916180419,2419.0,2995.0,-576.0,1.6080630089440395,1.398520496728528,-0.0201564380264741,-0.0421996765181591,-0.0219219219219218,285,-40.0,-40.0,-4.237964806403206,2090,40.0,40.0,4.898979484966356,51.4,0.0,0.0,0.0
2022-04-01,1586.0,253261.0,102861.0,1565.0,189736.0,58822.0,21.0,0.0132408575031442,-8577.0,2511.0,-11088.0,1.7486824657440798,1.3348073112113603,-0.0260976358612219,-0.0762958648806056,-0.0502994011976047,285,0.0,0.0,0.0,2090,0.0,0.0,0.0,51.4,0.0,0.0,0.0
2022-04-04,1603.25,247296.0,71525.0,1586.0,193183.0,42435.0,17.25,0.0107593949789422,-5965.0,3447.0,-9412.0,1.6855190291032949,1.280112639310906,0.0108764186633039,-0.0353489771359807,-0.0318538647342995,285,0.0,0.0,0.0,2090,0.0,0.0,0.0,51.4,0.0,0.0,0.0
2022-04-05,1627.5,243007.0,66277.0,1611.0,194822.0,36991.0,16.5,0.01013824884792,-4289.0,1639.0,-5928.0,1.7917060906706554,1.247328330476018,0.0151255262747544,-0.0094339622641509,-0.0236952609478104,285,0.0,0.0,0.0,2090,0.0,0.0,0.0,51.4,0.0,0.0,0.0
2022-04-06,1618.5,235928.0,75082.0,1603.0,199633.0,44390.0,15.5,0.0095767686129072,-7079.0,4811.0,-11890.0,1.6914169858075765,1.1818086188155206,-0.0055299539170506,-0.0261732851985559,-0.0400355871886121,285,0.0,0.0,0.0,2090,0.0,0.0,0.0,51.4,0.0,0.0,0.0
2022-04-07,1642.75,225509.0,114549.0,1625.25,205901.0,79385.0,17.5,0.0106528686653412,-10419.0,6268.0,-16687.0,1.4429552182402037,1.095230232004696,0.0149830089589124,0.0087503837887625,-0.022172619047619,285,0.0,0.0,0.0,2090,0.0,0.0,0.0,51.4,0.0,0.0,0.0
2022-04-08,1680.5,215116.0,116406.0,1656.0,214759.0,89195.0,24.5,0.0145789943469118,-10393.0,8858.0,-19251.0,1.305073154324779,1.0016623284705135,0.0229797595495357,0.0595838587641865,-0.0091391509433962,285,0.0,0.0,0.0,2090,0.0,0.0,0.0,51.4,0.0,0.0,0.0
2022-04-11,1658.0,198092.0,113893.0,1638.0,228736.0,88914.0,20.0,0.0120627261761085,-17024.0,13977.0,-31001.0,1.2809343860359304,0.8660289591494087,-0.0133888723594168,0.0341493840636206,0.0362499999999998,285,0.0,0.0,0.0,2090,0.0,0.0,0.0,51.4,0.0,0.0,0.0
2022-04-12,1665.75,174968.0,104828.0,1657.0,239974.0,90606.0,8.75,0.0052528890889957,-23124.0,11238.0,-34362.0,1.1569653223848182,0.7291123205013846,0.0046743063932448,0.0235023041474653,0.0410937499999999,285,0.0,0.0,0.0,2090,0.0,0.0,0.0,51.4,0.0,0.0,0.0
2022-04-13,1671.25,152996.0,117939.0,1665.0,254783.0,102774.0,6.25,0.0037397157815983,-21972.0,14809.0,-36781.0,1.1475567750598288,0.6004953234713438,0.0033018159987994,0.0325919060858819,0.0092089371980677,285,0.0,0.0,0.0,2090,0.0,0.0,0.0,51.4,0.0,0.0,0.0
2022-04-14,1679.5,142779.0,78738.0,1664.0,262978.0,76410.0,15.5,0.0092289371836801,-10217.0,8195.0,-18412.0,1.0304672163329271,0.5429313478694014,0.0049364248317127,0.0223710241972303,0.0180330353083799,285,0.0,0.0,0.0,2090,0.0,0.0,0.0,51.4,0.0,0.0,0.0
2022-04-18,1715.0,134601.0,83054.0,1691.0,274605.0,72236.0,24.0,0.0139941690962017,-8178.0,11627.0,-19805.0,1.1497591228750048,0.4901622330256168,0.021137243227151,0.0205296042844391,0.0280233777910985,285,0.0,0.0,0.0,2090,0.0,0.0,0.0,51.4,0.0,0.0,0.0
2022-04-19,1714.0,130182.0,71593.0,1685.25,281257.0,80905.0,28.75,0.0167736289381465,-4419.0,6652.0,-11071.0,0.8849020456090366,0.4628578133166447,-0.0005830903790087,0.0337756332931242,0.0291203842689882,285,0.0,0.0,0.0,2090,0.0,0.0,0.0,51.4,0.0,0.0,0.0
2022-04-20,1738.0,125777.0,89812.0,1716.0,290020.0,89889.0,22.0,0.0126582278480939,-4405.0,8763.0,-13168.0,0.999143387956246,0.4336838838700764,0.0140023337222869,0.0433738556205913,0.0270350125572462,285,0.0,0.0,0.0,2090,0.0,0.0,0.0,51.4,0.0,0.0,0.0
2022-04-21,1747.0,106163.0,86056.0,1718.0,299841.0,98298.0,29.0,0.0165998855180214,-19614.0,9821.0,-29435.0,0.875460334899989,0.3540643207566665,0.0051783659378596,0.0453253552729993,0.0300707547169811,285,0.0,0.0,0.0,2090,0.0,0.0,0.0,51.4,0.0,0.0,0.0
2022-04-22,1715.0,79267.0,85149.0,1684.25,302707.0,109862.0,30.75,0.0179300291545084,-26896.0,2866.0,-29762.0,0.7750541588538278,0.2618604789449855,-0.0183171150543789,0.021137243227151,-0.002906976744186,285,0.0,0.0,0.0,2090,0.0,0.0,0.0,51.4,0.0,0.0,0.0
2022-04-25,1700.0,60142.0,76951.0,1672.75,309999.0,106284.0,27.25,0.0160294117646964,-19125.0,7292.0,-26417.0,0.7240130217153972,0.1940070774421846,-0.0087463556851311,-0.0087463556851311,-0.0001470372004117,285,0.0,0.0,0.0,2090,0.0,0.0,0.0,51.4,0.0,0.0,0.0
2022-04-26,1705.0,41219.0,59609.0,1671.0,316081.0,106782.0,34.0,0.0199413489735953,-18923.0,6082.0,-25005.0,0.5582307879605124,0.1304064464488528,0.0029411764705882,-0.0052508751458576,-0.0069889341875364,285,0.0,0.0,0.0,2090,0.0,0.0,0.0,51.4,0.0,0.0,0.0
2022-04-27,1735.0,18723.0,49610.0,1692.75,318900.0,119531.0,42.25,0.0243515850143951,-22496.0,2819.0,-25315.0,0.415038776551686,0.0587111947318906,0.0175953079178885,-0.0017261219792865,0.0439229843561974,285,0.0,0.0,0.0,2090,0.0,0.0,0.0,51.4,0.0,0.0,0.0
2022-04-28,1704.25,5548.0,26981.0,1684.5,323333.0,74500.0,19.75,0.0115886753703907,-13175.0,4433.0,-17608.0,0.3621610738254984,0.0171587805760623,-0.0177233429394813,-0.0244705208929593,0.0372793670115643,285,0.0,0.0,0.0,2090,0.0,0.0,0.0,51.4,0.0,0.0,0.0
2022-04-29,1704.25,3870.0,3083.0,1685.0,322128.0,72602.0,19.25,0.0112952911837985,-1678.0,-1205.0,-473.0,0.0424643949202495,0.0120138578453285,0.0,-0.006268221574344,0.0254211793020457,285,0.0,0.0,0.0,2090,0.0,0.0,0.0,51.4,0.0,0.0,0.0
2022-05-02,1662.0,2965.0,1445.0,1645.0,322789.0,98828.0,17.0,0.0102286401925329,-905.0,661.0,-1566.0,0.0146213623669403,0.0091855670422473,-0.0247909637670529,-0.0223529411764705,0.0205710776788454,260,-25.0,-25.0,-2.6487280040020043,2115,25.0,25.0,2.648728004002005,51.4,0.0,0.0,0.0
2022-05-03,1655.0,2356.0,706.0,1630.75,321713.0,77552.0,24.25,0.0146525679758219,-609.0,-1076.0,467.0,0.0091035692180729,0.0073232974732136,-0.0042117930204572,-0.0293255131964809,0.0435056746532156,260,0.0,0.0,0.0,2115,0.0,0.0,0.0,51.4,0.0,0.0,0.0
2022-05-04,1654.0,1866.0,869.0,1640.0,321844.0,75744.0,14.0,0.0084643288996321,-490.0,131.0,-621.0,0.0114728559357835,0.0057978399473036,-0.0006042296072507,-0.046685878962536,0.0316544518945891,260,0.0,0.0,0.0,2115,0.0,0.0,0.0,51.4,0.0,0.0,0.0
2022-05-05,1671.0,1314.0,843.0,1649.5,322216.0,81208.0,21.5,0.0128665469778498,-552.0,372.0,-924.0,0.0103807506649589,0.0040780097822578,0.0102781136638452,-0.0195100484083907,0.0267281105990784,260,0.0,0.0,0.0,2115,0.0,0.0,0.0,51.4,0.0,0.0,0.0
2022-05-06,1652.5,979.0,352.0,1624.75,318462.0,74867.0,27.75,0.0167927382753302,-335.0,-3754.0,3419.0,0.0047016709631746,0.0030741501340819,-0.0110712148414123,-0.0303652633123074,0.0210071053444547,260,0.0,0.0,0.0,2115,0.0,0.0,0.0,51.4,0.0,0.0,0.0
2022-05-09,1612.0,689.0,309.0,1585.25,313943.0,96276.0,26.75,0.0165942928039599,-290.0,-4519.0,4229.0,0.0032095226224603,0.0021946659106907,-0.0245083207261724,-0.030084235860409,-0.0187186120833967,260,0.0,0.0,0.0,2115,0.0,0.0,0.0,51.4,0.0,0.0,0.0
2022-05-10,1621.5,318.0,395.0,1593.75,313102.0,71400.0,27.75,0.0171137835337544,-371.0,-841.0,470.0,0.0055322128851539,0.0010156434644301,0.0058933002481389,-0.0202416918429002,-0.0351085986313597,260,0.0,0.0,0.0,2115,0.0,0.0,0.0,51.4,0.0,0.0,0.0
2022-05-11,1641.5,71.0,319.0,1606.0,309856.0,73046.0,35.5,0.0216265610721768,-247.0,-3246.0,2999.0,0.0043671111354488,0.0002291386966849,0.0123342584027135,-0.0075574365175332,-0.0099517490952955,260,0.0,0.0,0.0,2115,0.0,0.0,0.0,51.4,0.0,0.0,0.0
2022-05-12,1604.0,10.0,66.0,1614.25,304400.0,91722.0,-10.25,-0.0063902743142104,-61.0,-5456.0,5395.0,0.0007195656440112,3.2851511169513694e-05,-0.022844958879074,-0.040095751047277,-0.0370703887137925,260,0.0,0.0,0.0,2115,0.0,0.0,0.0,51.4,0.0,0.0,0.0
2022-05-13,,,20.0,1639.0,302943.0,83090.0,,,,-1457.0,,0.0002407028523287,,0.0,-0.0293494704992435,-0.0402393418100224,260,0.0,0.0,0.0,2115,0.0,0.0,0.0,51.4,0.0,0.0,0.0
2022-05-16,1653.0,304021.0,63372.0,1600.5,23126.0,5793.0,52.5,0.0317604355716686,,-279817.0,,10.939409632312971,13.14628556602901,0.0305486284289275,0.0254342431761787,-0.0157785055075915,260,0.0,0.0,0.0,2115,0.0,0.0,0.0,51.4,0.0,0.0,0.0
2022-05-17,1675.25,304971.0,76915.0,1620.0,23580.0,5831.0,55.25,0.0329801522160674,950.0,454.0,496.0,13.190704853367656,12.933460559795888,0.0134603750756201,0.0331483194572925,-0.0231778425655976,260,0.0,0.0,0.0,2115,0.0,0.0,0.0,51.4,0.0,0.0,0.0
2022-05-18,1661.25,307701.0,86177.0,1600.0,23749.0,10197.0,61.25,0.0368698269375248,2730.0,169.0,2561.0,8.451211140530699,12.956377110614635,-0.0083569616475153,0.012031678342979,-0.0307759626604433,260,0.0,0.0,0.0,2115,0.0,0.0,0.0,51.4,0.0,0.0,0.0
2022-05-19,1692.0,311292.0,102891.0,1627.0,23762.0,9480.0,65.0,0.0384160756500955,3591.0,13.0,3578.0,10.853481012657085,13.100412423196149,0.018510158013544,0.0548628428927679,-0.0264672036823935,260,0.0,0.0,0.0,2115,0.0,0.0,0.0,51.4,0.0,0.0,0.0
2022-05-20,1704.25,305450.0,90964.0,1613.25,23810.0,10893.0,91.0,0.053395921959775,-5842.0,48.0,-5890.0,8.350683925455948,12.82864342713092,0.0072399527186761,0.0625,-0.0244705208929593,260,0.0,0.0,0.0,2115,0.0,0.0,0.0,51.4,0.0,0.0,0.0
2022-05-23,1688.75,302685.0,87419.0,1610.25,24610.0,10280.0,78.5,0.0464840858622966,-2765.0,800.0,-3565.0,8.503793774318238,12.299268590003564,-0.0090949097843626,0.0216273442226255,-0.0153061224489795,260,0.0,0.0,0.0,2115,0.0,0.0,0.0,51.4,0.0,0.0,0.0
2022-05-24,1688.0,298166.0,78583.0,1628.75,25326.0,10325.0,59.25,0.0351007109004531,-4519.0,716.0,-5235.0,7.610944309926623,11.7731185343121,-0.0004441154700222,0.0076108043575586,-0.0070588235294117,260,0.0,0.0,0.0,2115,0.0,0.0,0.0,51.4,0.0,0.0,0.0
2022-05-25,1679.25,294854.0,82862.0,1614.5,26354.0,7979.0,64.75,0.03855888045256,-3312.0,1028.0,-4340.0,10.385010652962729,11.188206723836563,-0.0051836492890995,0.0108352144469525,-0.0151026392961877,260,0.0,0.0,0.0,2115,0.0,0.0,0.0,51.4,0.0,0.0,0.0
2022-05-26,1724.75,296248.0,144069.0,1655.0,27932.0,16339.0,69.75,0.0404406435715086,1394.0,1578.0,-184.0,8.817491890568038,10.606043247887348,0.0270954295072205,0.0193557919621749,-0.0059077809798271,260,0.0,0.0,0.0,2115,0.0,0.0,0.0,51.4,0.0,0.0,0.0
2022-05-27,1731.75,296223.0,93346.0,1649.5,29157.0,9489.0,82.25,0.0474953082142067,-25.0,1225.0,-1250.0,9.83728527768892,10.159584319374073,0.0040585592114799,0.0161361302625788,0.0161361302625788,260,0.0,0.0,0.0,2115,0.0,0.0,0.0,51.4,0.0,0.0,0.0
2022-05-31,1685.0,281658.0,147012.0,1613.0,29925.0,12945.0,72.0,0.0427299703263841,-14565.0,768.0,-15333.0,11.356662804170616,9.41213032581422,-0.0269958134834704,-0.002220577350111,-0.0112952911838052,310,50.0,50.0,4.307507614101515,2200,85.0,85.0,4.756224091597592,51.5,0.10000000000000142,0.10000000000000142,4.898979245566355
2022-06-01,1687.0,275260.0,104722.0,1612.5,30562.0,10877.0,74.5,0.0441612329578872,-6398.0,637.0,-7035.0,9.62783855842515,9.006609515083797,0.0011869436201781,-0.0005924170616113,0.0150421179302044,310,0.0,0.0,0.0,2200,0.0,0.0,0.0,51.5,0.0,0.0,0.0
2022-06-02,1728.75,275089.0,111106.0,1646.0,31989.0,12109.0,82.75,0.0478669558929585,-171.0,1427.0,-1598.0,9.175489305474509,8.599487323767276,0.0247480735032601,0.029477445288075,0.0445619335347431,310,0.0,0.0,0.0,2200,0.0,0.0,0.0,51.5,0.0,0.0,0.0
2022-06-03,1697.0,265589.0,86973.0,1630.0,33314.0,13461.0,67.0,0.039481437831444,-9500.0,1325.0,-10825.0,6.461109872965867,7.97229393047944,-0.0183658712942877,-0.0160892883026525,0.0259975816203144,310,0.0,0.0,0.0,2200,0.0,0.0,0.0,51.5,0.0,0.0,0.0
2022-06-06,1699.5,258491.0,82275.0,1630.0,33413.0,8929.0,69.5,0.0408943807001818,-7098.0,99.0,-7197.0,9.214357710828848,7.736240385478475,0.0014731879787861,-0.0186227804244261,0.0170556552962297,310,0.0,0.0,0.0,2200,0.0,0.0,0.0,51.5,0.0,0.0,0.0
2022-06-07,1728.25,246349.0,147738.0,1648.25,34377.0,20323.0,80.0,0.0462895993056292,-12142.0,964.0,-13106.0,7.26949761354095,7.166099426942225,0.016916740217711,0.0256676557863502,0.045839636913767,310,0.0,0.0,0.0,2200,0.0,0.0,0.0,51.5,0.0,0.0,0.0
2022-06-08,1741.0,238221.0,138385.0,1660.75,35803.0,24095.0,80.25,0.0460941987363319,-8128.0,1426.0,-9554.0,5.7433077401948225,6.653660307795251,0.0073774048893389,0.032009484291642,0.0800248138957815,310,0.0,0.0,0.0,2200,0.0,0.0,0.0,51.5,0.0,0.0,0.0
2022-06-09,1767.5,228998.0,172229.0,1679.5,39938.0,31461.0,88.0,0.0497878359264216,-9223.0,4135.0,-13358.0,5.474365086932854,5.7338374480443255,0.0152211372774266,0.0224150397686189,0.0900400863398087,310,0.0,0.0,0.0,2200,0.0,0.0,0.0,51.5,0.0,0.0,0.0
2022-06-10,1744.0,200877.0,140826.0,1655.0,42028.0,24285.0,89.0,0.0510321100917138,-28121.0,2090.0,-30211.0,5.798888202593955,4.779599314742439,-0.0132956152758132,0.0276959340011786,0.0624428876028022,310,0.0,0.0,0.0,2200,0.0,0.0,0.0,51.5,0.0,0.0,0.0
2022-06-13,1708.75,185311.0,125077.0,1620.0,43024.0,16644.0,88.75,0.0519385515727567,-15566.0,996.0,-16562.0,7.5148401826479505,4.307154146522771,-0.0202121559633027,0.0054427772874374,0.0653054862842892,310,0.0,0.0,0.0,2200,0.0,0.0,0.0,51.5,0.0,0.0,0.0
2022-06-14,1702.0,178104.0,100752.0,1616.5,45674.0,23469.0,85.5,0.0502350176262924,-7207.0,2650.0,-9857.0,4.29298223188017,3.899461400358981,-0.0039502560351133,-0.0151887747721684,0.0610972568578553,310,0.0,0.0,0.0,2200,0.0,0.0,0.0,51.5,0.0,0.0,0.0
2022-06-15,1689.0,167967.0,101623.0,1605.75,47896.0,18774.0,83.25,0.0492895204262585,-10137.0,2222.0,-12359.0,5.412964738467806,3.506910806747881,-0.0076380728554641,-0.0298678920160827,0.0217785843920144,310,0.0,0.0,0.0,2200,0.0,0.0,0.0,51.5,0.0,0.0,0.0
2022-06-16,1709.5,161674.0,70574.0,1630.75,49545.0,13235.0,78.75,0.0460661011991541,-6293.0,1649.0,-7942.0,5.332376275027931,3.2631748915127003,0.012137359384251,-0.0328147100424328,0.0204447097448141,310,0.0,0.0,0.0,2200,0.0,0.0,0.0,51.5,0.0,0.0,0.0
2022-06-17,1700.25,151403.0,84650.0,1620.0,51170.0,19693.0,80.25,0.0471989413321292,-10271.0,1625.0,-11896.0,4.298481694002727,2.958823529411707,-0.0054109388710149,-0.0250860091743119,0.0234762979683973,310,0.0,0.0,0.0,2200,0.0,0.0,0.0,51.5,0.0,0.0,0.0
2022-06-21,1675.5,136610.0,100676.0,1594.0,51721.0,22240.0,81.5,0.0486421963592667,-14793.0,551.0,-15344.0,4.526798561150875,2.6412869047388368,-0.0145566828407587,-0.0194586686174104,-0.0097517730496453,310,0.0,0.0,0.0,2200,0.0,0.0,0.0,51.5,0.0,0.0,0.0
2022-06-22,1654.0,120207.0,102256.0,1564.5,55381.0,28464.0,89.5,0.0541112454655053,-16403.0,3660.0,-20063.0,3.592467678470925,2.170545855076612,-0.0128319904506117,-0.0282021151586369,-0.0294851107525304,310,0.0,0.0,0.0,2200,0.0,0.0,0.0,51.5,0.0,0.0,0.0
2022-06-23,1592.0,110711.0,128173.0,1500.0,54545.0,41287.0,92.0,0.0577889447235817,-9496.0,-836.0,-8660.0,3.104439654128343,2.029718580988138,-0.0374848851269649,-0.0574304322084073,-0.0572908956328644,310,0.0,0.0,0.0,2200,0.0,0.0,0.0,51.5,0.0,0.0,0.0
2022-06-24,1603.5,73111.0,92486.0,1525.0,54350.0,27161.0,78.5,0.0489554100405058,-37600.0,-195.0,-37405.0,3.405102904900283,1.345188592456277,0.0072236180904523,-0.0620064346300087,-0.0500592417061611,310,0.0,0.0,0.0,2200,0.0,0.0,0.0,51.5,0.0,0.0,0.0
2022-06-27,1629.5,50439.0,69643.0,1527.75,56858.0,35648.0,101.75,0.0624424670143832,-22672.0,2508.0,-25180.0,1.9536299371633208,0.8871047170143008,0.016214530714063,-0.0416115277165123,-0.0296263212743784,310,0.0,0.0,0.0,2200,0.0,0.0,0.0,51.5,0.0,0.0,0.0
2022-06-28,1666.5,28114.0,59698.0,1552.0,63630.0,49475.0,114.5,0.0687068706870274,-22325.0,6772.0,-29097.0,1.206629610914579,0.4418356121326349,0.0227063516416079,-0.0053715308863026,-0.0337730105812437,310,0.0,0.0,0.0,2200,0.0,0.0,0.0,51.5,0.0,0.0,0.0
2022-06-29,1666.5,12916.0,35558.0,1562.0,68085.0,42356.0,104.5,0.062706270627025,-15198.0,4455.0,-19653.0,0.8395032580980065,0.1897040464125697,0.0,0.0075574365175332,-0.0376786487656994,310,0.0,0.0,0.0,2200,0.0,0.0,0.0,51.5,0.0,0.0,0.0
2022-06-30,1665.0,9175.0,6466.0,1560.0,67402.0,35532.0,105.0,0.0630630630630251,-3741.0,-683.0,-3058.0,0.181976809636379,0.1361235571644738,-0.0009000900090009,0.0458542713567839,-0.0118694362017803,280,-30.0,-30.0,-2.4735049221653718,2200,0.0,0.0,0.0,51.5,0.0,0.0,0.0
2022-07-01,1620.0,5106.0,5313.0,1512.25,67297.0,31167.0,107.75,0.0665123456789712,-4069.0,-105.0,-3964.0,0.1704687650399406,0.0758726243368935,-0.0270270270270269,0.0102899906454629,-0.0397154712507409,280,0.0,0.0,0.0,2200,0.0,0.0,0.0,51.5,0.0,0.0,0.0
2022-07-05,1572.0,3465.0,2235.0,1440.0,65010.0,33910.0,132.0,0.0839694656488015,-1641.0,-2287.0,646.0,0.0659097611324073,0.0532994923857859,-0.0296296296296296,-0.0352868978214175,-0.0906724511930585,280,0.0,0.0,0.0,2200,0.0,0.0,0.0,51.5,0.0,0.0,0.0
2022-07-06,1570.0,1696.0,2309.0,1446.0,64600.0,25138.0,124.0,0.0789808917196949,-1769.0,-410.0,-1359.0,0.091852971596782,0.0262538699690398,-0.0012722646310432,-0.0579057905790578,-0.0748379493223335,280,0.0,0.0,0.0,2200,0.0,0.0,0.0,51.5,0.0,0.0,0.0
2022-07-07,1580.0,1088.0,744.0,1479.0,63170.0,31878.0,101.0,0.0639240506328709,-608.0,-1430.0,822.0,0.0233389798607182,0.017223365521608,0.0063694267515923,-0.0519051905190519,-0.0703147984701383,280,0.0,0.0,0.0,2200,0.0,0.0,0.0,51.5,0.0,0.0,0.0
2022-07-08,1595.0,773.0,399.0,1513.25,62223.0,24739.0,81.75,0.0512539184952656,-315.0,-947.0,632.0,0.0161283802902293,0.0124230589974766,0.009493670886076,-0.042042042042042,-0.0771011138434832,280,0.0,0.0,0.0,2200,0.0,0.0,0.0,51.5,0.0,0.0,0.0
2022-07-11,1632.5,456.0,384.0,1519.5,59839.0,22527.0,113.0,0.0692189892802026,-317.0,-2384.0,2067.0,0.01704621121321,0.007620448202677,0.0235109717868338,0.0077160493827159,-0.0623205054566341,280,0.0,0.0,0.0,2200,0.0,0.0,0.0,51.5,0.0,0.0,0.0
2022-07-12,1590.0,108.0,395.0,1468.0,56782.0,26782.0,122.0,0.0767295597483794,-348.0,-3057.0,2709.0,0.014748711821372,0.0019020112007325,-0.0260336906584992,0.0114503816793893,-0.1004243281471004,280,0.0,0.0,0.0,2200,0.0,0.0,0.0,51.5,0.0,0.0,0.0
2022-07-13,1570.0,65.0,60.0,1475.0,56082.0,20230.0,95.0,0.0605095541400888,-43.0,-700.0,657.0,0.0029658922392484,0.0011590171534538,-0.0125786163522012,0.0,-0.0997706422018348,280,0.0,0.0,0.0,2200,0.0,0.0,0.0,51.5,0.0,0.0,0.0
2022-07-14,,6.0,21.0,1470.0,55353.0,23094.0,,,-59.0,-729.0,670.0,0.0009093270979474,0.0001083952089317,0.0,-0.0063291139240506,-0.0811997073884418,280,0.0,0.0,0.0,2200,0.0,0.0,0.0,51.5,0.0,0.0,0.0
2022-07-15,1456.0,53370.0,22609.0,1345.0,22861.0,6943.0,111.0,0.0762362637362113,53364.0,-32492.0,85856.0,3.2563733256512664,2.334543545776548,-0.0726114649681528,-0.0871473354231975,-0.1445358401880141,280,0.0,0.0,0.0,2200,0.0,0.0,0.0,51.5,0.0,0.0,0.0
2022-07-18,1484.25,52384.0,22423.0,1384.25,23390.0,8832.0,100.0,0.0673740946605576,-986.0,529.0,-1515.0,2.53883605072435,2.239589568191439,0.0194024725274726,-0.0908116385911179,-0.1212255772646536,280,0.0,0.0,0.0,2200,0.0,0.0,0.0,51.5,0.0,0.0,0.0
2022-07-19,1478.0,52336.0,19403.0,1371.75,23248.0,8554.0,106.25,0.0718876860621976,-48.0,-142.0,94.0,2.2682955342527156,2.251204404679876,-0.0042108809162877,-0.070440251572327,-0.1354197133664814,280,0.0,0.0,0.0,2200,0.0,0.0,0.0,51.5,0.0,0.0,0.0
2022-07-20,1445.0,51828.0,26111.0,1351.0,23504.0,9140.0,94.0,0.0650519031141418,-508.0,256.0,-764.0,2.8567833698027507,2.2050714771952773,-0.0223274695534506,-0.0796178343949044,-0.1501249816203499,280,0.0,0.0,0.0,2200,0.0,0.0,0.0,51.5,0.0,0.0,0.0
2022-07-21,1418.0,49879.0,27254.0,1314.75,24636.0,11410.0,103.25,0.0728138222848569,-1949.0,1132.0,-3081.0,2.3886064855387916,2.0246387400551216,-0.0186851211072663,-0.0968152866242038,-0.1536854670247687,280,0.0,0.0,0.0,2200,0.0,0.0,0.0,51.5,0.0,0.0,0.0
2022-07-22,1410.0,31724.0,27240.0,1306.0,24444.0,13054.0,104.0,0.0737588652481746,-18155.0,-192.0,-17963.0,2.086716715182926,1.297823596792616,-0.005641748942172,-0.0315934065934065,-0.1475211608222491,280,0.0,0.0,0.0,2200,0.0,0.0,0.0,51.5,0.0,0.0,0.0
2022-07-25,1463.0,28478.0,24846.0,1351.0,25790.0,18226.0,112.0,0.0765550239233926,-3246.0,1346.0,-4592.0,1.3632173817622428,1.1042264443582357,0.0375886524822695,-0.014316995115378,-0.0810301507537688,280,0.0,0.0,0.0,2200,0.0,0.0,0.0,51.5,0.0,0.0,0.0
2022-07-26,1516.0,19556.0,28936.0,1388.0,27009.0,23102.0,128.0,0.0844327176780445,-8922.0,1219.0,-10141.0,1.252532248290137,0.7240549446480534,0.036226930963773,0.0257104194857915,-0.0545681322107889,280,0.0,0.0,0.0,2200,0.0,0.0,0.0,51.5,0.0,0.0,0.0
2022-07-27,1576.0,11077.0,31657.0,1417.5,30248.0,30684.0,158.5,0.1005710659897839,-8479.0,3239.0,-11718.0,1.031710337635216,0.3662060301507416,0.0395778364116095,0.0906574394463668,-0.0328321571034059,280,0.0,0.0,0.0,2200,0.0,0.0,0.0,51.5,0.0,0.0,0.0
2022-07-28,1597.0,4895.0,14499.0,1467.0,32581.0,26009.0,130.0,0.0814026299310698,-6182.0,2333.0,-8515.0,0.557460878926504,0.1502409379699779,0.0133248730964468,0.1262341325811,-0.0417041704170416,280,0.0,0.0,0.0,2200,0.0,0.0,0.0,51.5,0.0,0.0,0.0
2022-07-29,1619.0,2635.0,4783.0,1495.75,35098.0,31109.0,123.25,0.0761272390363952,-2260.0,2517.0,-4777.0,0.1537497187309089,0.0750755028776547,0.0137758296806511,0.1482269503546098,-0.0285028502850285,280,0.0,0.0,0.0,2200,0.0,0.0,0.0,51.5,0.0,0.0,0.0
2022-08-01,1563.0,2012.0,1378.0,1417.25,34070.0,23924.0,145.75,0.0932501599487567,-623.0,-1028.0,405.0,0.0575990637017197,0.0590548869973566,-0.0345892526250771,0.0683526999316472,-0.0612612612612613,230,-50.0,-50.0,-4.283814168079974,2135,-65.0,-65.0,-4.898979485197126,51.5,0.0,0.0,0.0
2022-08-02,1573.0,1387.0,1342.0,1400.0,33138.0,23005.0,173.0,0.1099809281626764,-625.0,-932.0,307.0,0.0583351445337944,0.0418552718932934,0.0063979526551503,0.0375989445910289,-0.0290123456790123,230,0.0,0.0,0.0,2135,0.0,0.0,0.0,51.5,0.0,0.0,0.0
2022-08-03,1545.75,879.0,872.0,1405.75,32352.0,15039.0,140.0,0.0905709202651848,-508.0,-786.0,278.0,0.0579825786288943,0.0271698813056371,-0.0173235855054036,-0.0191941624365482,-0.0166984732824427,230,0.0,0.0,0.0,2135,0.0,0.0,0.0,51.5,0.0,0.0,0.0
2022-08-04,1545.75,575.0,396.0,1461.0,33104.0,24346.0,84.75,0.0548277535176743,-304.0,752.0,-1056.0,0.016265505627207,0.0173695021749632,0.0,-0.0320914214151534,-0.0154458598726114,230,0.0,0.0,0.0,2135,0.0,0.0,0.0,51.5,0.0,0.0,0.0
2022-08-05,1560.0,427.0,240.0,1452.0,31935.0,19469.0,108.0,0.0692307692307248,-148.0,-1169.0,1021.0,0.0123272895372123,0.0133709096602469,0.0092188258127123,-0.0364422483014206,-0.0126582278481012,230,0.0,0.0,0.0,2135,0.0,0.0,0.0,51.5,0.0,0.0,0.0
2022-08-08,1604.5,307.0,350.0,1453.5,31177.0,12337.0,151.0,0.0941103147397356,-120.0,-758.0,638.0,0.0283699440706793,0.0098470025980687,0.0285256410256409,0.0265515035188739,0.0059561128526646,230,0.0,0.0,0.0,2135,0.0,0.0,0.0,51.5,0.0,0.0,0.0
2022-08-09,1672.5,231.0,427.0,1512.25,30598.0,24357.0,160.25,0.0958146487293896,-76.0,-579.0,503.0,0.0175308946093518,0.0075495130400677,0.0423808039887816,0.0632549268912905,0.0245022970903521,230,0.0,0.0,0.0,2135,0.0,0.0,0.0,51.5,0.0,0.0,0.0
2022-08-10,1663.0,98.0,239.0,1497.25,30325.0,24068.0,165.75,0.0996692723992184,-133.0,-273.0,140.0,0.0099301977729761,0.0032316570486396,-0.0056801195814648,0.0758531457221414,0.0459119496855346,230,0.0,0.0,0.0,2135,0.0,0.0,0.0,51.5,0.0,0.0,0.0
2022-08-11,1682.5,29.0,93.0,1514.25,28677.0,14757.0,168.25,0.0999999999999405,-69.0,-1648.0,1579.0,0.0063020939215283,0.0010112633818041,0.0117257967528563,0.0884683810448001,0.071656050955414,230,0.0,0.0,0.0,2135,0.0,0.0,0.0,51.5,0.0,0.0,0.0
2022-08-12,,15.0,21.0,1523.5,26809.0,17217.0,,,-14.0,-1868.0,1854.0,0.0012197246907125,0.0005595135961803,0.0,0.0785256410256409,0.071656050955414,230,0.0,0.0,0.0,2135,0.0,0.0,0.0,51.5,0.0,0.0,0.0
2022-08-15,1495.0,26091.0,13073.0,1409.0,317804.0,114275.0,86.0,0.0575250836120016,26076.0,290995.0,-264919.0,0.1143994749507756,0.0820977709531658,-0.1114413075780089,-0.0682455593642878,0.0267857142857141,230,0.0,0.0,0.0,2135,0.0,0.0,0.0,51.5,0.0,0.0,0.0
2022-08-16,1447.0,24226.0,12286.0,1379.0,314354.0,93291.0,68.0,0.0469937802349364,-1865.0,-3450.0,1585.0,0.1316954475780072,0.0770659829364344,-0.0321070234113712,-0.1348281016442452,-0.0250968502610746,230,0.0,0.0,0.0,2135,0.0,0.0,0.0,51.5,0.0,0.0,0.0
2022-08-17,1472.0,23460.0,8838.0,1389.0,312741.0,71049.0,83.0,0.056385869565179,-766.0,-1613.0,847.0,0.1243930245323632,0.0750141490882229,0.0172771250863856,-0.1148526758869512,-0.0040595399188092,230,0.0,0.0,0.0,2135,0.0,0.0,0.0,51.5,0.0,0.0,0.0
2022-08-18,1486.0,23071.0,8579.0,1401.5,311481.0,81698.0,84.5,0.0568640646029227,-389.0,-1260.0,871.0,0.1050086905432188,0.0740687232929133,0.0095108695652172,-0.1167904903417533,0.0283737024221453,230,0.0,0.0,0.0,2135,0.0,0.0,0.0,51.5,0.0,0.0,0.0
2022-08-19,1482.5,23070.0,5821.0,1401.5,310177.0,64962.0,81.0,0.0546374367621891,-1.0,-1304.0,1303.0,0.0896062313352407,0.0743768880348959,-0.0023553162853297,-0.1188707280832095,0.0454866008462624,230,0.0,0.0,0.0,2135,0.0,0.0,0.0,51.5,0.0,0.0,0.0
2022-08-22,1519.0,23069.0,10433.0,1430.0,312754.0,103045.0,89.0,0.058591178406808,-1.0,2577.0,-2578.0,0.1012470279974758,0.0737608471834091,0.0246205733558178,0.0160535117056856,0.0773049645390071,230,0.0,0.0,0.0,2135,0.0,0.0,0.0,51.5,0.0,0.0,0.0
2022-08-23,1558.0,23429.0,13082.0,1460.0,313884.0,135174.0,98.0,0.0629011553273023,360.0,1130.0,-770.0,0.0967789663692714,0.074642224516063,0.0256747860434496,0.0767104353835521,0.0649350649350648,230,0.0,0.0,0.0,2135,0.0,0.0,0.0,51.5,0.0,0.0,0.0
2022-08-24,1551.0,21965.0,12242.0,1457.0,313654.0,121782.0,94.0,0.0606060606060215,-1464.0,-230.0,-1234.0,0.1005238869455247,0.0700293954484876,-0.0044929396662387,0.0536684782608696,0.0230870712401054,230,0.0,0.0,0.0,2135,0.0,0.0,0.0,51.5,0.0,0.0,0.0
2022-08-25,1550.75,19660.0,9648.0,1431.5,311541.0,110359.0,119.25,0.0768982750281625,-2305.0,-2113.0,-192.0,0.0874237715093459,0.0631056586452503,-0.000161186331399,0.0435733512786002,-0.0160215736040608,230,0.0,0.0,0.0,2135,0.0,0.0,0.0,51.5,0.0,0.0,0.0
2022-08-26,1606.0,7712.0,14850.0,1459.0,315851.0,95204.0,147.0,0.0915317559152605,-11948.0,4310.0,-16258.0,0.1559808411411268,0.0244165761704093,0.0356279219732387,0.0833052276559864,0.0056355666875391,230,0.0,0.0,0.0,2135,0.0,0.0,0.0,51.5,0.0,0.0,0.0
2022-08-29,1520.0,3579.0,11281.0,1437.75,316874.0,94429.0,82.25,0.0541118421052275,-4133.0,1023.0,-5156.0,0.1194654184625473,0.0112947102002688,-0.0535491905354919,0.000658327847268,-0.0611488573193329,230,0.0,0.0,0.0,2135,0.0,0.0,0.0,51.5,0.0,0.0,0.0
2022-08-30,1454.25,1071.0,4540.0,1432.0,318298.0,81730.0,22.25,0.0152999828089975,-2508.0,1424.0,-3932.0,0.0555487581059579,0.0033647713777654,-0.0432565789473684,-0.066591784338896,-0.06957773512476,230,0.0,0.0,0.0,2135,0.0,0.0,0.0,51.5,0.0,0.0,0.0
2022-08-31,1488.0,832.0,578.0,1420.0,320211.0,77314.0,68.0,0.045698924731152,-239.0,1913.0,-2152.0,0.0074760069327675,0.0025982867546711,0.0232078390923156,-0.0406189555125725,-0.0540368722186903,245,15.0,15.0,1.3911624898867203,2155,20.0,20.0,1.423429937527006,51.9,0.3999999999999986,0.3999999999999986,4.898979425566357
2022-09-01,1454.25,899.0,697.0,1395.0,316188.0,89549.0,59.25,0.040742650850926,67.0,-4023.0,4090.0,0.0077834481680419,0.0028432451579439,-0.0226814516129032,-0.062227954215702,-0.0591945657447841,245,0.0,0.0,0.0,2155,0.0,0.0,0.0,51.9,0.0,0.0,0.0
2022-09-02,1454.25,856.0,123.0,1416.0,316105.0,66349.0,38.25,0.0263022176379396,-43.0,-83.0,40.0,0.001853833516707,0.0027079609623384,0.0,-0.0944894146948941,-0.0591945657447841,245,0.0,0.0,0.0,2155,0.0,0.0,0.0,51.9,0.0,0.0,0.0
2022-09-06,1485.25,794.0,82.0,1399.0,308317.0,97907.0,86.25,0.058071031812787,-62.0,-7788.0,7726.0,0.0008375294922732,0.0025752715549256,0.0213168299810899,-0.0228618421052632,-0.0479166666666667,245,0.0,0.0,0.0,2155,0.0,0.0,0.0,51.9,0.0,0.0,0.0
2022-09-07,1450.0,743.0,54.0,1381.25,311935.0,123177.0,68.75,0.0474137931034155,-51.0,3618.0,-3669.0,0.0004383935312598,0.0023819064869283,-0.023733378219155,-0.0029224686264397,-0.0962916796509816,245,0.0,0.0,0.0,2155,0.0,0.0,0.0,51.9,0.0,0.0,0.0
2022-09-08,1450.0,702.0,59.0,1393.0,309696.0,87702.0,57.0,0.039310344827559,-41.0,-2239.0,2198.0,0.0006727326628811,0.0022667389956602,0.0,-0.0255376344086021,-0.1330343796711509,245,0.0,0.0,0.0,2155,0.0,0.0,0.0,51.9,0.0,0.0,0.0
2022-09-09,1450.0,695.0,9.0,1408.0,310158.0,77088.0,42.0,0.0289655172413593,-7.0,462.0,-469.0,0.0001167496886674,0.0022407934020724,0.0,-0.0029224686264397,-0.1280817799158148,245,0.0,0.0,0.0,2155,0.0,0.0,0.0,51.9,0.0,0.0,0.0
2022-09-12,1472.5,685.0,25.0,1485.5,319758.0,161988.0,-13.0,-0.0088285229201977,-10.0,9600.0,-9610.0,0.0001543324196854,0.0021422450728363,0.0155172413793103,0.0125494241017707,-0.1248142644873699,245,0.0,0.0,0.0,2155,0.0,0.0,0.0,51.9,0.0,0.0,0.0
2022-09-13,1424.0,520.0,170.0,1477.0,323587.0,141611.0,-53.0,-0.0372191011235693,-165.0,3829.0,-3994.0,0.0012004717147679,0.001606986683643,-0.0329371816638369,-0.0412388486786736,-0.1536404160475483,245,0.0,0.0,0.0,2155,0.0,0.0,0.0,51.9,0.0,0.0,0.0
2022-09-14,,322.0,201.0,1456.5,327835.0,110615.0,,,-198.0,4248.0,-4446.0,0.0018171134113818,0.0009822014122958,0.0,-0.0179310344827585,-0.0474916387959866,245,0.0,0.0,0.0,2155,0.0,0.0,0.0,51.9,0.0,0.0,0.0
2022-09-15,1449.5,328423.0,100629.0,1458.0,102933.0,32266.0,-8.5,-0.0058640910658807,328101.0,-224902.0,553003.0,3.1187317919790765,3.190648285778096,0.0179073033707866,-0.0003448275862069,0.0017277125086385,245,0.0,0.0,0.0,2155,0.0,0.0,0.0,51.9,0.0,0.0,0.0
2022-09-16,1446.0,323470.0,85172.0,1445.0,104284.0,23172.0,1.0,0.0006915629322263,-4953.0,1351.0,-6304.0,3.675643017434677,3.101818112078525,-0.0024146257330114,-0.0027586206896551,-0.0176630434782608,245,0.0,0.0,0.0,2155,0.0,0.0,0.0,51.9,0.0,0.0,0.0
2022-09-19,1461.25,319329.0,88514.0,1466.0,107959.0,28373.0,-4.75,-0.0032506415739926,-4141.0,3675.0,-7816.0,3.11965601099626,2.9578728961920455,0.0105463347164591,-0.0076400679117147,-0.0166554508748317,245,0.0,0.0,0.0,2155,0.0,0.0,0.0,51.9,0.0,0.0,0.0
2022-09-20,1471.0,316262.0,107521.0,1460.5,113791.0,38605.0,10.5,0.0071380013596144,-3067.0,5832.0,-8899.0,2.7851573630358044,2.7793234965858216,0.006672369546621,0.0330056179775279,-0.0077571669477234,245,0.0,0.0,0.0,2155,0.0,0.0,0.0,51.9,0.0,0.0,0.0
2022-09-21,1460.0,312289.0,95500.0,1466.75,122198.0,38505.0,-6.75,-0.0046232876712297,-3973.0,8407.0,-12380.0,2.4801973769639662,2.555598291297709,-0.0074779061862678,0.0252808988764043,-0.0388413429888084,245,0.0,0.0,0.0,2155,0.0,0.0,0.0,51.9,0.0,0.0,0.0
2022-09-22,1457.0,310938.0,115426.0,1458.0,128950.0,40722.0,-1.0,-0.000686341798215,-1351.0,6752.0,-8103.0,2.8344875006138492,2.411306708026348,-0.0020547945205479,0.00517419799931,-0.0648267008985878,245,0.0,0.0,0.0,2155,0.0,0.0,0.0,51.9,0.0,0.0,0.0
2022-09-23,1425.75,310775.0,120138.0,1425.75,133467.0,35895.0,0.0,0.0,-163.0,4517.0,-4680.0,3.3469285415795142,2.328478200603877,-0.0214481811942347,-0.0140041493775933,-0.0807543520309478,245,0.0,0.0,0.0,2155,0.0,0.0,0.0,51.9,0.0,0.0,0.0
2022-09-26,1410.0,312951.0,125611.0,1413.0,142905.0,49551.0,-3.0,-0.0021276595744665,2176.0,9438.0,-7262.0,2.5349841577364227,2.1899233756691356,-0.0110468174644923,-0.0350727117194182,-0.0907625342576172,245,0.0,0.0,0.0,2155,0.0,0.0,0.0,51.9,0.0,0.0,0.0
2022-09-27,1408.0,314398.0,144461.0,1412.0,150197.0,52053.0,-4.0,-0.002840909090907,1447.0,7292.0,-5845.0,2.7752675158011493,2.093237548020253,-0.001418439716312,-0.0428280081577158,-0.1232876712328767,245,0.0,0.0,0.0,2155,0.0,0.0,0.0,51.9,0.0,0.0,0.0
2022-09-28,1408.0,315173.0,153869.0,1406.0,156736.0,62777.0,2.0,0.0014204545454535,775.0,6539.0,-5764.0,2.451040986348465,2.0108526439362877,0.0,-0.0356164383561643,-0.0736842105263158,245,0.0,0.0,0.0,2155,0.0,0.0,0.0,51.9,0.0,0.0,0.0
2022-09-29,1410.0,294956.0,157471.0,1416.75,143932.0,84901.0,-6.75,-0.0047872340425497,-20217.0,-12804.0,-7413.0,1.8547602501737095,2.049273267932065,0.0014204545454545,-0.032258064516129,-0.0304280556988137,245,0.0,0.0,0.0,2155,0.0,0.0,0.0,51.9,0.0,0.0,0.0
2022-09-30,1366.5,295089.0,185769.0,1380.0,144446.0,70261.0,-13.5,-0.009879253567501,133.0,514.0,-381.0,2.643984571810782,2.042901845672417,-0.0308510638297871,-0.0415570752235665,-0.0816532258064516,200,-45.0,-45.0,-4.588120252710743,2085,-70.0,-70.0,-4.65730148199004,50.5,-1.3999999999999986,-1.3999999999999986,-4.657301466806721
2022-10-03,1374.0,284749.0,122444.0,1384.0,144417.0,49092.0,-10.0,-0.0072780203784517,-10340.0,-29.0,-10311.0,2.494174203536167,1.9717138564019336,0.0054884742041712,-0.025531914893617,-0.0551830840639504,200,0.0,0.0,0.0,2085,0.0,0.0,0.0,50.5,0.0,0.0,0.0
2022-10-04,1383.0,281724.0,119917.0,1390.0,148726.0,51687.0,-7.0,-0.0050614605929102,-3025.0,4309.0,-7334.0,2.320061137229819,1.8942484837889684,0.0065502183406114,-0.0177556818181817,-0.0489943269726663,200,0.0,0.0,0.0,2085,0.0,0.0,0.0,50.5,0.0,0.0,0.0
2022-10-05,1369.0,280071.0,108763.0,1379.75,149199.0,42867.0,-10.75,-0.0078524470416304,-1653.0,473.0,-2126.0,2.5372197727855337,1.8771640560593448,-0.0101229211858279,-0.0276988636363636,-0.0782696515738091,200,0.0,0.0,0.0,2085,0.0,0.0,0.0,50.5,0.0,0.0,0.0
2022-10-06,1358.0,276091.0,110344.0,1365.0,150452.0,55248.0,-7.0,-0.0051546391752539,-3980.0,1253.0,-5233.0,1.9972487691861789,1.8350769680695385,-0.0080350620891161,-0.0368794326241135,-0.0634482758620689,200,0.0,0.0,0.0,2085,0.0,0.0,0.0,50.5,0.0,0.0,0.0
2022-10-07,1365.0,264876.0,140543.0,1375.25,156187.0,78851.0,-10.25,-0.007509157509152,-11215.0,5735.0,-16950.0,1.7823870337725356,1.6958901829217432,0.0051546391752577,-0.0010976948408342,-0.0586206896551724,200,0.0,0.0,0.0,2085,0.0,0.0,0.0,50.5,0.0,0.0,0.0
2022-10-10,1370.0,264541.0,196819.0,1387.0,170522.0,85174.0,-17.0,-0.0124087591240785,-335.0,14335.0,-14670.0,2.3107873294667116,1.5513599418256792,0.0036630036630036,-0.0029112081513827,-0.0551724137931034,200,0.0,0.0,0.0,2085,0.0,0.0,0.0,50.5,0.0,0.0,0.0
2022-10-11,1369.0,254818.0,126082.0,1386.0,176241.0,63256.0,-17.0,-0.0124178232286249,-9723.0,5719.0,-15442.0,1.993202225875775,1.445849717148669,-0.0007299270072992,-0.0101229211858279,-0.0702886247877758,200,0.0,0.0,0.0,2085,0.0,0.0,0.0,50.5,0.0,0.0,0.0
2022-10-12,1390.0,246335.0,220285.0,1402.75,188708.0,125375.0,-12.75,-0.0091726618704969,-8483.0,12467.0,-20950.0,1.7570089730807437,1.305376560612156,0.0153396639883125,0.0153396639883125,-0.0238764044943819,200,0.0,0.0,0.0,2085,0.0,0.0,0.0,50.5,0.0,0.0,0.0
2022-10-13,1394.0,230409.0,145762.0,1405.0,196705.0,90499.0,-11.0,-0.0078909612625481,-15926.0,7997.0,-23923.0,1.6106476314655231,1.1713428738466172,0.0028776978417266,0.0265095729013253,-0.0210674157303371,200,0.0,0.0,0.0,2085,0.0,0.0,0.0,50.5,0.0,0.0,0.0
2022-10-14,1383.25,227265.0,123738.0,1391.75,204208.0,69354.0,-8.5,-0.0061449484908685,-3144.0,7503.0,-10647.0,1.7841508781036164,1.112909386507869,-0.0077116212338593,0.0133699633699633,-0.0457054156605726,200,0.0,0.0,0.0,2085,0.0,0.0,0.0,50.5,0.0,0.0,0.0
2022-10-17,1383.75,222927.0,116449.0,1392.75,209171.0,67903.0,-9.0,-0.0065040650406457,-4338.0,4963.0,-9301.0,1.7149315935967229,1.0657643746025929,0.0003614675582865,0.0100364963503649,-0.0430497925311202,200,0.0,0.0,0.0,2085,0.0,0.0,0.0,50.5,0.0,0.0,0.0
2022-10-18,1368.0,215824.0,143267.0,1377.0,214178.0,90377.0,-9.0,-0.0065789473684162,-7103.0,5007.0,-12110.0,1.5852152649457096,1.0076851964253986,-0.0113821138211381,-0.0007304601899196,-0.0638152266894781,200,0.0,0.0,0.0,2085,0.0,0.0,0.0,50.5,0.0,0.0,0.0
2022-10-19,1371.5,206325.0,105181.0,1382.0,219766.0,66078.0,-10.5,-0.0076558512577414,-9499.0,5588.0,-15087.0,1.591770332031817,0.9388394929151874,0.0025584795321638,-0.0133093525179855,-0.0676410605030591,200,0.0,0.0,0.0,2085,0.0,0.0,0.0,50.5,0.0,0.0,0.0
2022-10-20,1389.25,187485.0,130958.0,1400.0,221617.0,71513.0,-10.75,-0.0077379881230824,-18840.0,1851.0,-20691.0,1.8312474654957585,0.8459865443535431,0.0129420342690484,-0.0034074605451936,-0.048458904109589,200,0.0,0.0,0.0,2085,0.0,0.0,0.0,50.5,0.0,0.0,0.0
2022-10-21,1393.25,157027.0,116214.0,1409.0,225402.0,68703.0,-15.75,-0.0113045038578781,-30458.0,3785.0,-34243.0,1.6915418540674831,0.6966530909219941,0.0028792513946374,0.0072293511657328,-0.0437542896362388,200,0.0,0.0,0.0,2085,0.0,0.0,0.0,50.5,0.0,0.0,0.0
2022-10-24,1370.0,135315.0,118812.0,1382.25,233744.0,97491.0,-12.25,-0.0089416058394095,-21712.0,8342.0,-30054.0,1.2186971105024953,0.5789025600657105,-0.0166876009330702,-0.009936766034327,-0.0391022268981238,200,0.0,0.0,0.0,2085,0.0,0.0,0.0,50.5,0.0,0.0,0.0
2022-10-25,1380.0,113721.0,98749.0,1392.0,238678.0,95739.0,-12.0,-0.0086956521739067,-21594.0,4934.0,-26528.0,1.0314396431965966,0.4764620115804537,0.0072992700729928,0.0087719298245614,-0.0212765957446808,200,0.0,0.0,0.0,2085,0.0,0.0,0.0,50.5,0.0,0.0,0.0
2022-10-26,1380.75,76501.0,107710.0,1392.0,241316.0,123276.0,-11.25,-0.0081477457903254,-37220.0,2638.0,-39858.0,0.8737304909309122,0.3170158630177845,0.0005434782608695,0.0067444403937295,-0.0193536931818182,200,0.0,0.0,0.0,2085,0.0,0.0,0.0,50.5,0.0,0.0,0.0
2022-10-27,1382.0,48312.0,79221.0,1393.25,241534.0,121756.0,-11.25,-0.0081403762662748,-28189.0,218.0,-28407.0,0.650653766549487,0.2000215290600901,0.0009053050878145,-0.0052186431527803,-0.018465909090909,200,0.0,0.0,0.0,2085,0.0,0.0,0.0,50.5,0.0,0.0,0.0
2022-10-28,1380.0,10179.0,66790.0,1393.25,245887.0,142052.0,-13.25,-0.0096014492753553,-38133.0,4353.0,-42486.0,0.470179934108633,0.04139706450524,-0.0014471780028944,-0.0095101381661583,-0.0212765957446808,200,0.0,0.0,0.0,2085,0.0,0.0,0.0,50.5,0.0,0.0,0.0
2022-10-31,1399.0,4458.0,10073.0,1417.0,247860.0,111149.0,-18.0,-0.0128663330950587,-5721.0,1973.0,-7694.0,0.0906260965010923,0.0179859598160251,0.013768115942029,0.0211678832116788,0.0237833882180753,200,0.0,0.0,0.0,2045,-40.0,-40.0,-2.47741711298415,49.8,-0.7000000000000028,-0.7000000000000028,-2.230016354488872
2022-11-01,1433.0,2895.0,5327.0,1445.0,259647.0,127557.0,-12.0,-0.0083740404745231,-1563.0,11787.0,-13350.0,0.0417617222104624,0.0111497533189291,0.024303073624017,0.0384057971014493,0.0429403202328966,200,0.0,0.0,0.0,2045,0.0,0.0,0.0,49.8,0.0,0.0,0.0
2022-11-02,1415.0,2411.0,2357.0,1453.0,258154.0,99926.0,-38.0,-0.0268551236748926,-484.0,-1493.0,1009.0,0.0235874547164899,0.0093393865677076,-0.0125610607117934,0.0248053594061199,0.0231381055676067,200,0.0,0.0,0.0,2045,0.0,0.0,0.0,49.8,0.0,0.0,0.0
2022-11-03,1415.0,1699.0,989.0,1436.0,256837.0,86407.0,-21.0,-0.0148409893992827,-712.0,-1317.0,605.0,0.0114458319349125,0.0066150905048727,0.0,0.0238784370477569,0.0336011687363038,200,0.0,0.0,0.0,2045,0.0,0.0,0.0,49.8,0.0,0.0,0.0
2022-11-04,1431.0,1518.0,473.0,1460.0,259520.0,88740.0,-29.0,-0.0202655485674211,-181.0,2683.0,-2864.0,0.0053301780482307,0.0058492601726263,0.0113074204946996,0.0369565217391303,0.0537555228276878,200,0.0,0.0,0.0,2045,0.0,0.0,0.0,49.8,0.0,0.0,0.0
2022-11-07,1431.0,1648.0,1472.0,1445.25,258007.0,76580.0,-14.25,-0.009958071278819,130.0,-1513.0,1643.0,0.0192217289109425,0.0063874235970341,0.0,0.0228734810578985,0.0483516483516484,200,0.0,0.0,0.0,2045,0.0,0.0,0.0,49.8,0.0,0.0,0.0
2022-11-08,1425.0,992.0,1250.0,1446.0,258187.0,78572.0,-21.0,-0.0147368421052528,-656.0,180.0,-836.0,0.0159089752074528,0.0038421764070228,-0.0041928721174003,-0.0055826936496859,0.0401459854014598,200,0.0,0.0,0.0,2045,0.0,0.0,0.0,49.8,0.0,0.0,0.0
2022-11-09,1425.0,532.0,820.0,1450.25,256412.0,99754.0,-25.25,-0.0177192982456016,-460.0,-1775.0,1315.0,0.0082202217454938,0.0020747858914559,0.0,0.0070671378091873,0.0409057706355002,200,0.0,0.0,0.0,2045,0.0,0.0,0.0,49.8,0.0,0.0,0.0
2022-11-10,1425.0,217.0,510.0,1420.25,250272.0,128761.0,4.75,0.0033333333333309,-315.0,-6140.0,5825.0,0.0039608266478203,0.000867056642373,0.0,0.0070671378091873,0.0251798561151079,200,0.0,0.0,0.0,2045,0.0,0.0,0.0,49.8,0.0,0.0,0.0
2022-11-11,1425.0,69.0,236.0,1448.0,253920.0,113217.0,-23.0,-0.0161403508771816,-148.0,3648.0,-3796.0,0.0020844926115335,0.0002717391304347,0.0,-0.0041928721174003,0.0222381635581061,200,0.0,0.0,0.0,2045,0.0,0.0,0.0,49.8,0.0,0.0,0.0
2022-11-14,,55.0,33.0,1440.25,252373.0,78858.0,,,-14.0,-1547.0,1533.0,0.0004184737122422,0.0002179313951967,0.0,-0.0041928721174003,0.0301825411169347,200,0.0,0.0,0.0,2045,0.0,0.0,0.0,49.8,0.0,0.0,0.0
2022-11-15,1449.0,253238.0,99988.0,1461.5,139744.0,43536.0,-12.5,-0.0086266390614157,253183.0,-112629.0,365812.0,2.296674016905497,1.812156514769852,0.0168421052631579,0.0168421052631579,0.0471544715447154,200,0.0,0.0,0.0,2045,0.0,0.0,0.0,49.8,0.0,0.0,0.0
2022-11-16,1429.75,249321.0,96622.0,1429.5,139589.0,36608.0,0.25,0.000174855744011,-3917.0,-155.0,-3762.0,2.639368444055872,1.786107787862928,-0.0132850241545893,0.0033333333333334,0.0451388888888888,200,0.0,0.0,0.0,2045,0.0,0.0,0.0,49.8,0.0,0.0,0.0
2022-11-17,1410.0,247249.0,88314.0,1420.0,145121.0,37627.0,-10.0,-0.0070921985815552,-2072.0,5532.0,-7604.0,2.34709118452169,1.7037437724381608,-0.0138136037768841,-0.0105263157894737,0.0280714546117388,200,0.0,0.0,0.0,2045,0.0,0.0,0.0,49.8,0.0,0.0,0.0
2022-11-18,1422.25,247563.0,63078.0,1429.0,148957.0,26953.0,-6.75,-0.0047460010546635,314.0,3836.0,-3522.0,2.340296070938213,1.6619762750323808,0.0086879432624114,-0.0019298245614035,0.0237538240057584,200,0.0,0.0,0.0,2045,0.0,0.0,0.0,49.8,0.0,0.0,0.0
2022-11-21,1435.0,245337.0,69911.0,1441.0,150627.0,25556.0,-6.0,-0.0041811846689866,-2226.0,1670.0,-3896.0,2.7356002504303203,1.628771734151237,0.0089646686588151,0.0070175438596491,0.0299659070518572,200,0.0,0.0,0.0,2045,0.0,0.0,0.0,49.8,0.0,0.0,0.0
2022-11-22,1430.5,241418.0,69272.0,1434.0,151488.0,36707.0,-3.5,-0.0024466969591034,-3919.0,861.0,-4780.0,1.887160487100502,1.5936443810730778,-0.0031358885017421,-0.012767425810904,0.0441605839416059,200,0.0,0.0,0.0,2045,0.0,0.0,0.0,49.8,0.0,0.0,0.0
2022-11-23,1435.0,237548.0,67115.0,1440.0,151792.0,35737.0,-5.0,-0.0034843205574888,-3870.0,304.0,-4174.0,1.878025575733781,1.564957310003152,0.0031457532331353,0.0036719706242349,0.039855072463768,200,0.0,0.0,0.0,2045,0.0,0.0,0.0,49.8,0.0,0.0,0.0
2022-11-25,1432.5,234422.0,41566.0,1438.25,154668.0,17950.0,-5.75,-0.0040139616055818,-3126.0,2876.0,-6002.0,2.3156545961001496,1.5156464168412245,-0.0017421602787456,0.0159574468085106,0.037479630635524,200,0.0,0.0,0.0,2045,0.0,0.0,0.0,49.8,0.0,0.0,0.0
2022-11-28,1457.0,239245.0,102364.0,1462.75,156396.0,42009.0,-5.75,-0.0039464653397364,4823.0,1728.0,3095.0,2.436715941821933,1.5297386122407126,0.0171029668411868,0.0244331165406925,0.0542691751085384,200,0.0,0.0,0.0,2045,0.0,0.0,0.0,49.8,0.0,0.0,0.0
2022-11-29,1458.0,234120.0,91119.0,1461.75,158592.0,52336.0,-3.75,-0.0025720164609035,-5125.0,2196.0,-7321.0,1.741038673188594,1.4762409200968432,0.0006863417982154,0.0160278745644599,0.0565217391304346,200,0.0,0.0,0.0,2045,0.0,0.0,0.0,49.8,0.0,0.0,0.0
2022-11-30,1466.0,236336.0,93201.0,1473.0,160948.0,42604.0,-7.0,-0.0047748976807607,2216.0,2356.0,-140.0,2.187611491878646,1.4683997315903183,0.0054869684499314,0.0248164977280671,0.0478913509649749,220,20.0,20.0,4.89897948436635,2045,0.0,0.0,0.0,50.2,0.4000000000000057,0.4000000000000057,2.3862922385418335
2022-12-01,1429.0,228169.0,134068.0,1434.5,163203.0,67598.0,-5.5,-0.0038488453463933,-8167.0,2255.0,-10422.0,1.9833131157726265,1.398068662953491,-0.0252387448840382,-0.0041811846689895,-0.0027913468248429,220,0.0,0.0,0.0,2045,0.0,0.0,0.0,50.2,0.0,0.0,0.0
2022-12-02,1438.0,224533.0,91648.0,1440.0,165888.0,45191.0,-2.0,-0.0013908205841436,-3636.0,2685.0,-6321.0,2.028014427651479,1.353521653163572,0.00629811056683,0.0038394415357765,0.0162544169611307,220,0.0,0.0,0.0,2045,0.0,0.0,0.0,50.2,0.0,0.0,0.0
2022-12-05,1438.25,221403.0,82713.0,1442.0,168938.0,55122.0,-3.75,-0.0026073353033181,-3130.0,3050.0,-6180.0,1.5005442473059487,1.3105577194000089,0.0001738525730181,-0.0128689087165407,0.0164310954063604,220,0.0,0.0,0.0,2045,0.0,0.0,0.0,50.2,0.0,0.0,0.0
2022-12-06,1451.0,209644.0,126974.0,1460.0,170451.0,76524.0,-9.0,-0.0062026188835243,-11759.0,1513.0,-13272.0,1.659270294286738,1.229937049357286,0.0088649400312881,-0.0048010973936899,0.0139762403913348,220,0.0,0.0,0.0,2045,0.0,0.0,0.0,50.2,0.0,0.0,0.0
2022-12-07,1470.25,206214.0,145108.0,1470.0,181050.0,110202.0,0.25,0.0001700391089949,-3430.0,10599.0,-14029.0,1.3167456126023,1.1389892294946085,0.0132667126119916,0.0028990450204637,0.0274283717679943,220,0.0,0.0,0.0,2045,0.0,0.0,0.0,50.2,0.0,0.0,0.0
2022-12-08,1484.5,200567.0,141915.0,1486.0,189399.0,102955.0,-1.5,-0.0010104412260013,-5647.0,8349.0,-13996.0,1.378417755329985,1.0589654644427846,0.0096922292127188,0.0388383484954513,0.0417543859649123,220,0.0,0.0,0.0,2045,0.0,0.0,0.0,50.2,0.0,0.0,0.0
2022-12-09,1479.75,190303.0,96091.0,1482.75,195853.0,69692.0,-3.0,-0.0020273694880878,-10264.0,6454.0,-16718.0,1.3787952706192763,0.9716624202845964,-0.0031997305490063,0.0290333796940194,0.0384210526315789,220,0.0,0.0,0.0,2045,0.0,0.0,0.0,50.2,0.0,0.0,0.0
2022-12-12,1460.75,176236.0,125861.0,1466.0,210158.0,85999.0,-5.25,-0.0035940441553971,-14067.0,14305.0,-28372.0,1.463517017639723,0.838588109898263,-0.0128400067578983,0.0156440118199201,0.0250877192982457,220,0.0,0.0,0.0,2045,0.0,0.0,0.0,50.2,0.0,0.0,0.0
2022-12-13,1478.25,165601.0,145783.0,1481.75,223103.0,93220.0,-3.5,-0.0023676644681194,-10635.0,12945.0,-23580.0,1.5638596867624803,0.7422625424131422,0.0119801471846654,0.0187801516195726,0.0373684210526314,220,0.0,0.0,0.0,2045,0.0,0.0,0.0,50.2,0.0,0.0,0.0
2022-12-14,1482.0,161854.0,112117.0,1483.0,231497.0,81518.0,-1.0,-0.0006747638326581,-3747.0,8394.0,-12141.0,1.3753649500723597,0.6991624081521545,0.0025367833587011,0.0079918381227681,0.04,220,0.0,0.0,0.0,2045,0.0,0.0,0.0,50.2,0.0,0.0,0.0
2022-12-15,1469.0,151801.0,97511.0,1475.0,235781.0,66697.0,-6.0,-0.0040844111640544,-10053.0,4284.0,-14337.0,1.4619997900954846,0.6438220212824586,-0.0087719298245614,-0.0104412260020209,0.0138026224982745,220,0.0,0.0,0.0,2045,0.0,0.0,0.0,50.2,0.0,0.0,0.0
2022-12-16,1479.0,144882.0,69325.0,1480.0,237838.0,53188.0,-1.0,-0.0006761325219738,-6919.0,2057.0,-8976.0,1.3033955027449555,0.6091625392073571,0.0068073519400952,-0.0005068423720222,0.0344465815702046,220,0.0,0.0,0.0,2045,0.0,0.0,0.0,50.2,0.0,0.0,0.0
2022-12-19,1463.0,122564.0,101717.0,1464.0,243452.0,75524.0,-1.0,-0.000683526999316,-22318.0,5614.0,-27932.0,1.3468169058842043,0.5034421569755003,-0.0108181203515889,0.0015403046380284,0.0375886524822695,220,0.0,0.0,0.0,2045,0.0,0.0,0.0,50.2,0.0,0.0,0.0
2022-12-20,1474.5,112080.0,111696.0,1480.5,253341.0,79823.0,-6.0,-0.0040691759918588,-10484.0,9889.0,-20373.0,1.3992959422722595,0.4424076639785884,0.0078605604921393,-0.0025367833587012,0.0367375637194586,220,0.0,0.0,0.0,2045,0.0,0.0,0.0,50.2,0.0,0.0,0.0
2022-12-21,1477.0,95427.0,84786.0,1480.5,260524.0,75590.0,-3.5,-0.0023696682464438,-16653.0,7183.0,-23836.0,1.1216563037438665,0.3662887104451015,0.001695489996609,-0.0033738191632928,0.0292682926829268,220,0.0,0.0,0.0,2045,0.0,0.0,0.0,50.2,0.0,0.0,0.0
2022-12-22,1465.5,81218.0,75905.0,1470.5,265129.0,77197.0,-5.0,-0.0034118048447605,-14209.0,4605.0,-18814.0,0.983263598326347,0.3063338978384096,-0.0077860528097495,-0.0023825731790333,0.0244669695910519,220,0.0,0.0,0.0,2045,0.0,0.0,0.0,50.2,0.0,0.0,0.0
2022-12-23,1475.0,64294.0,52836.0,1482.25,272554.0,75413.0,-7.25,-0.0049152542372848,-16924.0,7425.0,-24349.0,0.7006219086894739,0.2358945383300181,0.0064824292050493,-0.0027045300878972,0.0278745644599303,220,0.0,0.0,0.0,2045,0.0,0.0,0.0,50.2,0.0,0.0,0.0
2022-12-27,1477.0,43563.0,61925.0,1488.5,274955.0,127609.0,-11.5,-0.0077860528097442,-20731.0,2401.0,-23132.0,0.4852714150255821,0.1584368351184733,0.0013559322033898,0.0095693779904306,0.0310645724258289,220,0.0,0.0,0.0,2045,0.0,0.0,0.0,50.2,0.0,0.0,0.0
2022-12-28,1503.0,24794.0,42705.0,1513.75,282248.0,100570.0,-10.75,-0.0071523619427763,-18769.0,7293.0,-26062.0,0.4246296112160642,0.0878447322921682,0.0176032498307379,0.0193285859613427,0.0315717227179135,220,0.0,0.0,0.0,2045,0.0,0.0,0.0,50.2,0.0,0.0,0.0
2022-12-29,1503.25,10415.0,27307.0,1513.5,286465.0,93137.0,-10.25,-0.0068185597871233,-14379.0,4217.0,-18596.0,0.2931917497879436,0.0363569720559229,0.0001663339986692,0.0177725118483411,0.0310356652949246,220,0.0,0.0,0.0,2045,0.0,0.0,0.0,50.2,0.0,0.0,0.0
2022-12-30,1505.0,6872.0,7092.0,1522.5,290229.0,81441.0,-17.5,-0.0116279069767364,-3543.0,3764.0,-7307.0,0.087081445463586,0.0236778543839519,0.0011641443538998,0.0269532582736267,0.0266030013642564,220,0.0,0.0,0.0,2045,0.0,0.0,0.0,50.2,0.0,0.0,0.0
2023-01-03,1487.5,4922.0,2951.0,1490.25,294046.0,116145.0,-2.75,-0.001848739495797,-1950.0,3817.0,-5767.0,0.0254078953032844,0.016738877590581,-0.0116279069767442,0.0084745762711864,0.0409377186843946,220,0.0,0.0,0.0,2045,0.0,0.0,0.0,50.2,0.0,0.0,0.0
2023-01-04,1470.0,3731.0,2200.0,1483.0,295669.0,90605.0,-13.0,-0.0088435374149599,-1191.0,1623.0,-2814.0,0.0242812206831849,0.0126188406630386,-0.0117647058823529,-0.004739336492891,0.0222531293463144,220,0.0,0.0,0.0,2045,0.0,0.0,0.0,50.2,0.0,0.0,0.0
2023-01-05,1461.0,3628.0,1169.0,1470.75,295982.0,100638.0,-9.75,-0.0066735112936299,-103.0,313.0,-416.0,0.0116158906178579,0.0122575021454006,-0.0061224489795917,-0.027944111776447,0.0158178341734747,220,0.0,0.0,0.0,2045,0.0,0.0,0.0,50.2,0.0,0.0,0.0
2023-01-06,1460.0,2068.0,2024.0,1491.75,291526.0,99606.0,-31.75,-0.0217465753424508,-1560.0,-4456.0,2896.0,0.0203200610404993,0.0070937069077886,-0.000684462696783,-0.0287709961749542,0.0062026188835286,220,0.0,0.0,0.0,2045,0.0,0.0,0.0,50.2,0.0,0.0,0.0
2023-01-09,1501.5,1637.0,446.0,1488.25,292198.0,84196.0,13.25,0.0088245088245029,-431.0,672.0,-1103.0,0.0052971637607486,0.0056023655192711,0.0284246575342466,-0.0023255813953488,0.0212548886243835,220,0.0,0.0,0.0,2045,0.0,0.0,0.0,50.2,0.0,0.0,0.0
2023-01-10,1500.0,1381.0,350.0,1485.0,296787.0,96683.0,15.0,0.0099999999999933,-256.0,4589.0,-4845.0,0.0036200779868228,0.0046531687708693,-0.0009990009990009,0.0084033613445377,0.0104412260020207,220,0.0,0.0,0.0,2045,0.0,0.0,0.0,50.2,0.0,0.0,0.0
2023-01-11,1511.0,1065.0,617.0,1492.25,299400.0,70343.0,18.75,0.0124090006618051,-316.0,2613.0,-2929.0,0.0087713063133501,0.0035571142284569,0.0073333333333334,0.027891156462585,0.0211184321675959,220,0.0,0.0,0.0,2045,0.0,0.0,0.0,50.2,0.0,0.0,0.0
2023-01-12,1500.0,791.0,491.0,1517.25,307376.0,139892.0,-17.25,-0.0114999999999923,-274.0,7976.0,-8250.0,0.003509850456066,0.0025733954505231,-0.0072799470549305,0.0266940451745378,0.0268697586856068,220,0.0,0.0,0.0,2045,0.0,0.0,0.0,50.2,0.0,0.0,0.0
2023-01-13,,517.0,295.0,1527.0,315277.0,104971.0,,,-274.0,7901.0,-8175.0,0.0028102999876156,0.0016398278339365,0.0,0.0273972602739727,0.0147133434804667,220,0.0,0.0,0.0,2045,0.0,0.0,0.0,50.2,0.0,0.0,0.0
2023-01-17,1537.0,317317.0,118314.0,1532.5,135798.0,47119.0,4.5,0.0029277813923208,316800.0,-179479.0,496279.0,2.5109616078439165,2.336683898142813,0.0246666666666666,0.0236430236430236,0.0371120107962212,220,0.0,0.0,0.0,2045,0.0,0.0,0.0,50.2,0.0,0.0,0.0
2023-01-18,1524.75,313547.0,133372.0,1517.0,136691.0,57662.0,7.75,0.0050828004590883,-3770.0,893.0,-4663.0,2.3129964274565173,2.2938379264179627,-0.0079700715679895,0.0164999999999999,0.0379509870660312,220,0.0,0.0,0.0,2045,0.0,0.0,0.0,50.2,0.0,0.0,0.0
2023-01-19,1514.25,311413.0,124401.0,1510.0,141212.0,61658.0,4.25,0.0028066699686294,-2134.0,4521.0,-6655.0,2.017597067695968,2.20528708608332,-0.0068863748155435,0.0021508934480476,0.0238336713995943,220,0.0,0.0,0.0,2045,0.0,0.0,0.0,50.2,0.0,0.0,0.0
2023-01-20,1507.0,310001.0,98916.0,1499.5,142857.0,44278.0,7.5,0.0049767750497644,-1412.0,1645.0,-3057.0,2.2339762410225794,2.170009170009155,-0.0047878487700181,0.0046666666666665,0.0300751879699248,220,0.0,0.0,0.0,2045,0.0,0.0,0.0,50.2,0.0,0.0,0.0
2023-01-23,1490.25,306133.0,134889.0,1480.0,146824.0,47780.0,10.25,0.0068780405972106,-3868.0,3967.0,-7835.0,2.8231268313101125,2.0850337819429927,-0.0111147976111479,-0.0064999999999999,0.0106815869786367,220,0.0,0.0,0.0,2045,0.0,0.0,0.0,50.2,0.0,0.0,0.0
2023-01-24,1488.25,306864.0,129464.0,1486.5,149801.0,52296.0,1.75,0.0011758777087175,731.0,2977.0,-2246.0,2.4756004283309916,2.0484776470116888,-0.0013420567018956,-0.0317176317501626,0.0076167907921462,220,0.0,0.0,0.0,2045,0.0,0.0,0.0,50.2,0.0,0.0,0.0
2023-01-25,1505.0,307932.0,119104.0,1496.0,148980.0,44665.0,9.0,0.0059800664451787,1068.0,-821.0,1889.0,2.666606962946319,2.0669351590817424,0.0112548294977321,-0.0129529431054271,0.0269532582736267,220,0.0,0.0,0.0,2045,0.0,0.0,0.0,50.2,0.0,0.0,0.0
2023-01-26,1519.0,305502.0,123245.0,1511.0,152954.0,52035.0,8.0,0.00526662277814,-2430.0,3974.0,-6404.0,2.368501969827955,1.9973456071760007,0.0093023255813953,0.0031368664355291,0.0298305084745762,220,0.0,0.0,0.0,2045,0.0,0.0,0.0,50.2,0.0,0.0,0.0
2023-01-27,1509.0,300862.0,101755.0,1501.0,157301.0,48773.0,8.0,0.0053015241882005,-4640.0,4347.0,-8987.0,2.0862977467040764,1.9126515406767797,-0.0065832784726793,0.0013271400132714,0.021665538253216,220,0.0,0.0,0.0,2045,0.0,0.0,0.0,50.2,0.0,0.0,0.0
2023-01-30,1531.5,298933.0,123619.0,1522.25,162229.0,50753.0,9.25,0.0060398302317949,-1929.0,4928.0,-6857.0,2.435698382361586,1.8426606833549992,0.014910536779324,0.0276799194765979,0.0189620758483033,220,0.0,0.0,0.0,2045,0.0,0.0,0.0,50.2,0.0,0.0,0.0
2023-01-31,1537.25,302823.0,126434.0,1527.5,166640.0,70316.0,9.75,0.0063424947145836,3890.0,4411.0,-521.0,1.7980829398714118,1.8172287566010457,0.0037544890630101,0.0329245758441121,0.0226176617329121,210,-10.0,-10.0,-4.898979483166332,1990,-55.0,-55.0,-4.898979485129993,49.5,-0.7000000000000028,-0.7000000000000028,-4.898979451280641
2023-02-01,1519.25,293731.0,129978.0,1513.0,171120.0,69089.0,6.25,0.0041138719763013,-9092.0,4480.0,-13572.0,1.8813125099509056,1.7165205703599713,-0.0117092210115465,0.009468438538206,0.009468438538206,210,0.0,0.0,0.0,1990,0.0,0.0,0.0,49.5,0.0,0.0,0.0
2023-02-02,1534.0,291198.0,99742.0,1522.75,177721.0,53632.0,11.25,0.0073337679269834,-2533.0,6601.0,-9134.0,1.859747911694476,1.6385120497858912,0.0097087378640776,0.0098749177090191,0.0312605042016806,210,0.0,0.0,0.0,1990,0.0,0.0,0.0,49.5,0.0,0.0,0.0
2023-02-03,1530.0,282353.0,101436.0,1520.0,183819.0,48831.0,10.0,0.006535947712414,-8845.0,6098.0,-14943.0,2.0772869693432026,1.536038167980451,-0.0026075619295958,0.0139165009940358,0.0408163265306122,210,0.0,0.0,0.0,1990,0.0,0.0,0.0,49.5,0.0,0.0,0.0
2023-02-06,1520.0,281651.0,131712.0,1514.0,192284.0,82282.0,6.0,0.00394736842105,-702.0,8465.0,-9167.0,1.6007389222429984,1.464765659129197,-0.0065359477124182,-0.0075089781260202,0.0403832991101984,210,0.0,0.0,0.0,1990,0.0,0.0,0.0,49.5,0.0,0.0,0.0
2023-02-07,1515.0,271115.0,164240.0,1508.5,204219.0,110627.0,6.5,0.0042904290429014,-10536.0,11935.0,-22471.0,1.484628526489903,1.3275699126917608,-0.0032894736842105,-0.0144738981948284,0.0376712328767123,210,0.0,0.0,0.0,1990,0.0,0.0,0.0,49.5,0.0,0.0,0.0
2023-02-08,1515.25,255896.0,177793.0,1513.5,212808.0,114052.0,1.75,0.0011549249298787,-15219.0,8589.0,-23808.0,1.55887665275487,1.2024735912183695,0.0001650165016502,-0.0026328780648345,0.0091575091575091,210,0.0,0.0,0.0,1990,0.0,0.0,0.0,49.5,0.0,0.0,0.0
2023-02-09,1517.0,237847.0,189473.0,1509.0,225699.0,126930.0,8.0,0.0052735662491725,-18049.0,12891.0,-30940.0,1.4927361537855393,1.0538238982006962,0.0011549249298794,-0.0110821382007822,0.0113333333333334,210,0.0,0.0,0.0,1990,0.0,0.0,0.0,49.5,0.0,0.0,0.0
2023-02-10,1540.0,229851.0,173799.0,1520.25,240990.0,116600.0,19.75,0.0128246753246669,-7996.0,15291.0,-23287.0,1.4905574614065051,0.953778165069086,0.0151615029663809,0.0065359477124182,0.0191925876902714,210,0.0,0.0,0.0,1990,0.0,0.0,0.0,49.5,0.0,0.0,0.0
2023-02-13,1542.5,216418.0,162409.0,1533.0,258472.0,118030.0,9.5,0.006158833063205,-13433.0,17482.0,-30915.0,1.375997627721754,0.8372976569995945,0.0016233766233766,0.0148026315789473,0.0283333333333333,210,0.0,0.0,0.0,1990,0.0,0.0,0.0,49.5,0.0,0.0,0.0
2023-02-14,1536.75,202352.0,115529.0,1527.0,268366.0,91284.0,9.75,0.0063445583211281,-14066.0,9894.0,-23960.0,1.2655996669733878,0.7540150391629314,-0.0037277147487844,0.0143564356435643,0.0244999999999999,210,0.0,0.0,0.0,1990,0.0,0.0,0.0,49.5,0.0,0.0,0.0
2023-02-15,1525.75,178509.0,132117.0,1516.25,278982.0,94634.0,9.5,0.0062264460101548,-23843.0,10616.0,-34459.0,1.39608385992348,0.6398584854936855,-0.0071579632340978,0.0069295495792773,-0.0073194534808067,210,0.0,0.0,0.0,1990,0.0,0.0,0.0,49.5,0.0,0.0,0.0
2023-02-16,1522.5,160839.0,115376.0,1520.25,288999.0,92686.0,2.25,0.0014778325123143,-17670.0,10017.0,-27687.0,1.2448050406749536,0.5565382579178456,-0.0021300999508439,0.0036255767963084,-0.0014756517461879,210,0.0,0.0,0.0,1990,0.0,0.0,0.0,49.5,0.0,0.0,0.0
2023-02-17,1525.0,141372.0,93637.0,1518.75,296384.0,78428.0,6.25,0.004098360655735,-19467.0,7385.0,-26852.0,1.1939230886927985,0.4769893111638938,0.0016420361247948,-0.0097402597402597,0.0070992240383027,210,0.0,0.0,0.0,1990,0.0,0.0,0.0,49.5,0.0,0.0,0.0
2023-02-21,1543.0,112869.0,115702.0,1539.25,320623.0,119108.0,3.75,0.0024303305249498,-28503.0,24239.0,-52742.0,0.9714041038385248,0.3520302660757327,0.0118032786885244,0.0003241491085899,0.0238885202388852,210,0.0,0.0,0.0,1990,0.0,0.0,0.0,49.5,0.0,0.0,0.0
2023-02-22,1542.75,89462.0,90517.0,1533.75,322139.0,95296.0,9.0,0.0058337384540555,-23407.0,1516.0,-24923.0,0.9498509905977066,0.277712416068839,-0.0001620220349967,0.0039043435822352,0.0352289884247609,210,0.0,0.0,0.0,1990,0.0,0.0,0.0,49.5,0.0,0.0,0.0
2023-02-23,1534.25,68742.0,85546.0,1521.0,323993.0,108904.0,13.25,0.0086361414371786,-20720.0,1854.0,-22574.0,0.785517520017623,0.2121712506134385,-0.0055096418732781,0.0055710306406684,0.0309087854863094,210,0.0,0.0,0.0,1990,0.0,0.0,0.0,49.5,0.0,0.0,0.0
2023-02-24,1527.0,35671.0,71895.0,1518.25,329790.0,142777.0,8.75,0.0057301899148619,-33071.0,5797.0,-38868.0,0.5035474901419662,0.108162770247733,-0.0047254358807234,0.0029556650246305,0.0146179401993356,210,0.0,0.0,0.0,1990,0.0,0.0,0.0,49.5,0.0,0.0,0.0
2023-02-27,1518.5,12051.0,43689.0,1510.5,331945.0,127314.0,8.0,0.0052683569311786,-23620.0,2155.0,-25775.0,0.3431594325840022,0.0363042070222475,-0.0055664702030124,-0.0042622950819671,-0.000329163923634,210,0.0,0.0,0.0,1990,0.0,0.0,0.0,49.5,0.0,0.0,0.0
2023-02-28,1487.25,5798.0,9027.0,1481.5,329047.0,162737.0,5.75,0.003866195999325,-6253.0,-2898.0,-3355.0,0.0554698685609292,0.0176205830777973,-0.02057951926243,-0.0361309138042773,-0.0144135188866799,225,15.0,15.0,3.9967832714344644,1990,0.0,0.0,0.0,49.5,0.0,0.0,0.0
2023-03-01,1504.5,4189.0,2793.0,1494.25,329951.0,131485.0,10.25,0.0068128946493806,-1609.0,904.0,-2513.0,0.0212419667642695,0.0126958245315213,0.0115985879979827,-0.024793388429752,-0.0176297747306561,225,0.0,0.0,0.0,1990,0.0,0.0,0.0,49.5,0.0,0.0,0.0
2023-03-02,1512.25,2740.0,2029.0,1509.0,326820.0,109071.0,3.25,0.0021491155562888,-1449.0,-3131.0,1682.0,0.0186025616341647,0.008383819839667,0.0051512130275839,-0.0143392537070229,-0.0162628069604813,225,0.0,0.0,0.0,1990,0.0,0.0,0.0,49.5,0.0,0.0,0.0
2023-03-03,1525.25,1895.0,1607.0,1518.0,329440.0,91127.0,7.25,0.0047533191280086,-845.0,2620.0,-3465.0,0.0176347295532606,0.0057521855269548,0.008596462225161,-0.0011460379829731,0.0039493170972519,225,0.0,0.0,0.0,1990,0.0,0.0,0.0,49.5,0.0,0.0,0.0
2023-03-06,1530.0,1146.0,1130.0,1526.25,327659.0,116698.0,3.75,0.0024509803921552,-749.0,-1781.0,1032.0,0.0096831136780406,0.0034975385995806,0.0031142435666284,0.0075732630885743,-0.0026075619295958,225,0.0,0.0,0.0,1990,0.0,0.0,0.0,49.5,0.0,0.0,0.0
2023-03-07,1525.25,876.0,645.0,1514.5,323470.0,99283.0,10.75,0.0070480249139439,-270.0,-4189.0,3919.0,0.0064965804820562,0.0027081336754567,-0.0031045751633986,0.0255505126912085,-0.0031045751633986,225,0.0,0.0,0.0,1990,0.0,0.0,0.0,49.5,0.0,0.0,0.0
2023-03-08,1523.0,618.0,272.0,1517.0,318671.0,105386.0,6.0,0.0039395929087301,-258.0,-4799.0,4541.0,0.0025809879870191,0.0019393041726419,-0.001475168005245,0.0122964440013293,0.0019736842105262,225,0.0,0.0,0.0,1990,0.0,0.0,0.0,49.5,0.0,0.0,0.0
2023-03-09,1515.0,465.0,224.0,1510.0,321464.0,119981.0,5.0,0.0033003300330011,-153.0,2793.0,-2946.0,0.0018669622690259,0.0014465072294253,-0.005252790544977,0.0018184823937841,0.0,225,0.0,0.0,0.0,1990,0.0,0.0,0.0,49.5,0.0,0.0,0.0
2023-03-10,1511.25,165.0,467.0,1501.0,321627.0,109997.0,10.25,0.0067824648469764,-300.0,163.0,-463.0,0.0042455703337363,0.0005130166310664,-0.0024752475247524,-0.0091788231437469,-0.0026398284111532,225,0.0,0.0,0.0,1990,0.0,0.0,0.0,49.5,0.0,0.0,0.0
2023-03-13,1485.0,38.0,139.0,1490.5,316881.0,124759.0,-5.5,-0.0037037037037012,-127.0,-4746.0,4619.0,0.0011141480774933,0.000119918833884,-0.0173697270471464,-0.0294117647058823,-0.0210942649967039,225,0.0,0.0,0.0,1990,0.0,0.0,0.0,49.5,0.0,0.0,0.0
2023-03-14,,1.0,37.0,1492.5,313380.0,108201.0,,,-37.0,-3501.0,3464.0,0.0003419561741573,3.191014104282331e-06,0.0,-0.0263891165382723,-0.0357142857142857,225,0.0,0.0,0.0,1990,0.0,0.0,0.0,49.5,0.0,0.0,0.0
2023-03-15,1489.0,309578.0,115247.0,1472.5,168542.0,59870.0,16.5,0.0110812625923364,309577.0,-144838.0,454415.0,1.92495406714545,1.8368003227682013,0.0026936026936026,-0.0223243598161523,-0.0346839546191247,225,0.0,0.0,0.0,1990,0.0,0.0,0.0,49.5,0.0,0.0,0.0
2023-03-16,1494.0,307609.0,107038.0,1472.5,170056.0,54178.0,21.5,0.0143908969210077,-1969.0,1514.0,-3483.0,1.9756727823101263,1.808868843204581,0.0033579583613163,-0.0138613861386138,-0.027818448023426,225,0.0,0.0,0.0,1990,0.0,0.0,0.0,49.5,0.0,0.0,0.0
2023-03-17,1475.0,303669.0,119474.0,1458.0,170936.0,65606.0,17.0,0.0115254237288057,-3940.0,880.0,-4820.0,1.8210834374904457,1.776506996770711,-0.0127175368139224,-0.0239867659222497,-0.0332623300016385,225,0.0,0.0,0.0,1990,0.0,0.0,0.0,49.5,0.0,0.0,0.0
2023-03-20,1485.0,292187.0,122780.0,1464.75,173233.0,69546.0,20.25,0.0136363636363544,-11482.0,2297.0,-13779.0,1.765450205619277,1.6866705535319386,0.006779661016949,0.0,-0.0246305418719211,225,0.0,0.0,0.0,1990,0.0,0.0,0.0,49.5,0.0,0.0,0.0
2023-03-21,1467.0,292694.0,101494.0,1445.0,172952.0,57548.0,22.0,0.014996591683698,507.0,-281.0,788.0,1.7636407868214057,1.692342384014052,-0.012121212121212,-0.012121212121212,-0.0380327868852459,225,0.0,0.0,0.0,1990,0.0,0.0,0.0,49.5,0.0,0.0,0.0
2023-03-22,1449.0,291075.0,141743.0,1425.0,177684.0,84373.0,24.0,0.0165631469979181,-1619.0,4732.0,-6351.0,1.6799568582366198,1.6381610049300914,-0.0122699386503067,-0.0268636668905305,-0.0609202851587815,225,0.0,0.0,0.0,1990,0.0,0.0,0.0,49.5,0.0,0.0,0.0
2023-03-23,1418.0,293164.0,157574.0,1396.0,182683.0,98415.0,22.0,0.0155148095909622,2089.0,4999.0,-2910.0,1.60111771579534,1.6047689166479553,-0.0213940648723257,-0.0508701472556893,-0.0808620969048776,225,0.0,0.0,0.0,1990,0.0,0.0,0.0,49.5,0.0,0.0,0.0
2023-03-24,1428.25,281243.0,143036.0,1407.0,186372.0,87385.0,21.25,0.0148783476282059,-11921.0,3689.0,-15610.0,1.6368484293642886,1.509041057669599,0.007228490832158,-0.0316949152542372,-0.0690891314974743,225,0.0,0.0,0.0,1990,0.0,0.0,0.0,49.5,0.0,0.0,0.0
2023-03-27,1442.0,280531.0,98099.0,1419.25,191137.0,53101.0,22.75,0.0157766990291152,-712.0,4765.0,-5477.0,1.8474040036910448,1.4676959458398873,0.0096271661123752,-0.0289562289562289,-0.0556647020301244,225,0.0,0.0,0.0,1990,0.0,0.0,0.0,49.5,0.0,0.0,0.0
2023-03-28,1466.25,277041.0,122627.0,1443.0,196080.0,68709.0,23.25,0.0158567774935953,-3490.0,4943.0,-8433.0,1.7847298025003742,1.4128977968176184,0.0168169209431345,-0.0005112474437627,-0.0344089562067829,225,0.0,0.0,0.0,1990,0.0,0.0,0.0,49.5,0.0,0.0,0.0
2023-03-29,1477.0,277684.0,105996.0,1448.0,202457.0,63756.0,29.0,0.0196343940419636,643.0,6377.0,-5734.0,1.6625258799171585,1.37157025936371,0.0073316283034952,0.0193236714975846,-0.006891914607497,225,0.0,0.0,0.0,1990,0.0,0.0,0.0,49.5,0.0,0.0,0.0
2023-03-30,1472.75,271238.0,110079.0,1445.0,206690.0,69643.0,27.75,0.0188423018163172,-6446.0,4233.0,-10679.0,1.5806182961675748,1.3122937732836553,-0.0028774542992552,0.03861071932299,-0.021103356596876,225,0.0,0.0,0.0,1990,0.0,0.0,0.0,49.5,0.0,0.0,0.0
2023-03-31,1498.25,258963.0,167862.0,1470.5,205859.0,107907.0,27.75,0.0185216085432881,-12275.0,-831.0,-11444.0,1.5556173371514217,1.257962974657405,0.0173145476150058,0.0490110274811832,-0.0092577285501735,210,-15.0,-15.0,-3.391164990795964,2015,25.0,25.0,4.8989794846063575,49.5,0.0,0.0,0.0
2023-04-03,1519.75,258708.0,121608.0,1490.0,210017.0,89933.0,29.75,0.0195755880901335,-255.0,4158.0,-4413.0,1.352206642722901,1.2318431365079912,0.0143500750876022,0.0539181692094312,-0.0036059662350433,210,0.0,0.0,0.0,2015,0.0,0.0,0.0,49.5,0.0,0.0,0.0
2023-04-04,1516.0,261586.0,112285.0,1483.25,215467.0,74141.0,32.75,0.0216029023746559,2878.0,5450.0,-2572.0,1.5144791680716267,1.2140420574844353,-0.0024675111037999,0.0339300937766411,-0.0091503267973855,210,0.0,0.0,0.0,2015,0.0,0.0,0.0,49.5,0.0,0.0,0.0
2023-04-05,1507.5,247485.0,124119.0,1476.5,213582.0,97867.0,31.0,0.0205638474295054,-14101.0,-1885.0,-12216.0,1.2682415931825717,1.1587352866814566,-0.0056068601583113,0.0206499661475965,-0.011637436485822,210,0.0,0.0,0.0,2015,0.0,0.0,0.0,49.5,0.0,0.0,0.0
2023-04-06,1490.0,237751.0,115777.0,1462.5,213609.0,83352.0,27.5,0.0184563758389137,-9734.0,27.0,-9761.0,1.3890128611190926,1.1130195825082223,-0.011608623548922,0.011712782210151,-0.0216677609980302,210,0.0,0.0,0.0,2015,0.0,0.0,0.0,49.5,0.0,0.0,0.0
2023-04-07,1490.0,235744.0,,1462.5,213609.0,,27.5,0.0184563758389137,-2007.0,0.0,-2007.0,,1.1036239109775283,0.0,-0.0055064241615218,-0.0165016501650164,210,0.0,0.0,0.0,2015,0.0,0.0,0.0,49.5,0.0,0.0,0.0
2023-04-10,1487.0,220764.0,105039.0,1460.0,220542.0,83272.0,27.0,0.0181573638197591,-14980.0,6933.0,-21913.0,1.2613963877413623,1.001006610985658,-0.0020134228187919,-0.0215495969731863,-0.0160463192721257,210,0.0,0.0,0.0,2015,0.0,0.0,0.0,49.5,0.0,0.0,0.0
2023-04-11,1497.0,208077.0,156745.0,1471.0,230652.0,119871.0,26.0,0.0173680694722662,-12687.0,10110.0,-22797.0,1.3076140184031058,0.9021252796420542,0.0067249495628782,-0.0125329815303429,0.0080808080808081,210,0.0,0.0,0.0,2015,0.0,0.0,0.0,49.5,0.0,0.0,0.0
2023-04-12,1504.25,192989.0,132897.0,1470.25,237847.0,110360.0,34.0,0.0226026258932872,-15088.0,7195.0,-22283.0,1.2042134831460565,0.8113997653953978,0.0048430193720774,-0.002155887230514,0.012962962962963,210,0.0,0.0,0.0,2015,0.0,0.0,0.0,49.5,0.0,0.0,0.0
2023-04-13,1501.25,169639.0,132337.0,1473.0,242470.0,107964.0,28.25,0.0188176519566902,-23350.0,4623.0,-27973.0,1.2257511763180204,0.6996288200602108,-0.0019943493435267,0.0075503355704698,0.0082269979852249,210,0.0,0.0,0.0,2015,0.0,0.0,0.0,49.5,0.0,0.0,0.0
2023-04-14,1494.25,157773.0,118382.0,1467.0,251557.0,100214.0,27.25,0.0182365735318599,-11866.0,9087.0,-20953.0,1.1812920350449918,0.6271858863001204,-0.0046627810158201,0.0028523489932885,0.0001673360107095,210,0.0,0.0,0.0,2015,0.0,0.0,0.0,49.5,0.0,0.0,0.0
2023-04-17,1515.75,146406.0,85451.0,1479.5,257703.0,97585.0,36.25,0.0239155533564084,-11367.0,6146.0,-17513.0,0.8756571194343303,0.5681191138636316,0.014388489208633,0.019334229993275,0.0276271186440677,210,0.0,0.0,0.0,2015,0.0,0.0,0.0,49.5,0.0,0.0,0.0
2023-04-18,1516.5,131719.0,99155.0,1489.25,265996.0,117213.0,27.25,0.017969007583239,-14687.0,8293.0,-22980.0,0.845938590429382,0.4951916570173969,0.0004948045522019,0.0130260521042084,0.0212121212121212,210,0.0,0.0,0.0,2015,0.0,0.0,0.0,49.5,0.0,0.0,0.0
2023-04-19,1505.5,119290.0,95853.0,1475.0,274293.0,114328.0,30.5,0.0202590501494385,-12429.0,8297.0,-20726.0,0.8384035406899374,0.4348999063045705,-0.0072535443455324,0.0008309788931362,0.0262440354464894,210,0.0,0.0,0.0,2015,0.0,0.0,0.0,49.5,0.0,0.0,0.0
2023-04-20,1496.0,112468.0,95685.0,1462.0,279718.0,124845.0,34.0,0.0227272727272575,-6822.0,5425.0,-12247.0,0.7664303736633363,0.4020763769224705,-0.0063101959481899,-0.0034970857618651,0.0324361628709455,210,0.0,0.0,0.0,2015,0.0,0.0,0.0,49.5,0.0,0.0,0.0
2023-04-21,1483.5,83799.0,89795.0,1445.75,279198.0,159617.0,37.75,0.0254465790360462,-28669.0,-520.0,-28149.0,0.5625653909044741,0.300141834826896,-0.0083556149732619,-0.0071942446043165,0.0461918194640338,210,0.0,0.0,0.0,2015,0.0,0.0,0.0,49.5,0.0,0.0,0.0
2023-04-24,1466.75,59957.0,87803.0,1434.0,284000.0,149433.0,32.75,0.0223282768024391,-23842.0,4802.0,-28644.0,0.5875743644308782,0.2111161971830978,-0.0112908661948095,-0.0323272307438561,0.0269560651146507,210,0.0,0.0,0.0,2015,0.0,0.0,0.0,49.5,0.0,0.0,0.0
2023-04-25,1445.0,36516.0,62592.0,1417.5,284756.0,181764.0,27.5,0.0190311418684989,-23441.0,756.0,-24197.0,0.3443586188684209,0.1282361038924548,-0.0148287029146071,-0.0471480382459611,0.0020804438280166,210,0.0,0.0,0.0,2015,0.0,0.0,0.0,49.5,0.0,0.0,0.0
2023-04-26,1434.5,16053.0,51187.0,1414.75,280185.0,151492.0,19.75,0.0137678633670172,-20463.0,-4571.0,-15892.0,0.337885828954662,0.0572942877027676,-0.0072664359861591,-0.0471604118233145,-0.0216538789428815,210,0.0,0.0,0.0,2015,0.0,0.0,0.0,49.5,0.0,0.0,0.0
2023-04-27,1420.0,4736.0,22194.0,1406.25,281433.0,134937.0,13.75,0.0096830985915424,-11317.0,1248.0,-12565.0,0.1644767558193811,0.0168281615873049,-0.0101080515859184,-0.0508021390374331,-0.0385917400135409,210,0.0,0.0,0.0,2015,0.0,0.0,0.0,49.5,0.0,0.0,0.0
2023-04-28,1426.0,2405.0,3373.0,1418.0,283388.0,140642.0,8.0,0.0056100981767141,-2331.0,1955.0,-4286.0,0.0239828785142416,0.0084865978799384,0.004225352112676,-0.0387596899224805,-0.0317433372941775,210,0.0,0.0,0.0,2015,0.0,0.0,0.0,49.5,0.0,0.0,0.0
2023-05-01,1426.0,2024.0,601.0,1427.25,281418.0,77070.0,-1.25,-0.0008765778401115,-381.0,-1970.0,1589.0,0.007798105618269,0.0071921483345059,0.0,-0.0277825123572523,-0.0482229267478725,210,0.0,0.0,0.0,2015,0.0,0.0,0.0,49.5,0.0,0.0,0.0
2023-05-02,1435.0,1516.0,634.0,1409.75,279857.0,110515.0,25.25,0.0175958188153187,-508.0,-1561.0,1053.0,0.0057367778129665,0.0054170522802716,0.0063113604488078,-0.0069204152249134,-0.0557657509458792,210,0.0,0.0,0.0,2015,0.0,0.0,0.0,49.5,0.0,0.0,0.0
2023-05-03,1435.0,1129.0,733.0,1417.0,277076.0,129015.0,18.0,0.0125435540069599,-387.0,-2781.0,2394.0,0.0056815099019493,0.0040746943076989,0.0,0.0003485535029628,-0.0534300791556727,210,0.0,0.0,0.0,2015,0.0,0.0,0.0,49.5,0.0,0.0,0.0
2023-05-04,1446.5,880.0,424.0,1416.75,277582.0,98587.0,29.75,0.0205668855858827,-249.0,506.0,-755.0,0.0043007698783814,0.0031702343811918,0.0080139372822298,0.0186619718309859,-0.0404643449419568,210,0.0,0.0,0.0,2015,0.0,0.0,0.0,49.5,0.0,0.0,0.0
2023-05-05,1431.0,657.0,242.0,1432.0,277446.0,98676.0,-1.0,-0.0006988120195662,-223.0,-136.0,-87.0,0.0024524707122298,0.0023680283730888,-0.0107155202212236,0.0035063113604487,-0.0395973154362415,210,0.0,0.0,0.0,2015,0.0,0.0,0.0,49.5,0.0,0.0,0.0
2023-05-08,1468.0,482.0,267.0,1432.25,277305.0,88249.0,35.75,0.0243528610354057,-175.0,-141.0,-34.0,0.0030255300343346,0.001738158345504,0.0258560447239692,0.0294530154277699,-0.0147651006711408,210,0.0,0.0,0.0,2015,0.0,0.0,0.0,49.5,0.0,0.0,0.0
2023-05-09,1450.75,235.0,327.0,1414.0,271867.0,102276.0,36.75,0.0253317249698257,-247.0,-5438.0,5191.0,0.0031972310219406,0.0008643932511117,-0.01175068119891,0.0109756097560975,-0.0243779421654337,210,0.0,0.0,0.0,2015,0.0,0.0,0.0,49.5,0.0,0.0,0.0
2023-05-10,1419.0,160.0,106.0,1403.5,273809.0,91083.0,15.5,0.0109231853417822,-75.0,1942.0,-2017.0,0.0011637737009101,0.0005843489439718,-0.0218852317766672,-0.0111498257839721,-0.0521042084168337,210,0.0,0.0,0.0,2015,0.0,0.0,0.0,49.5,0.0,0.0,0.0
2023-05-11,1391.0,68.0,137.0,1405.0,276032.0,117774.0,-14.0,-0.0100647016534794,-92.0,2223.0,-2315.0,0.0011632448587973,0.0002463482494783,-0.0197322057787173,-0.038368475630833,-0.0752866877181319,210,0.0,0.0,0.0,2015,0.0,0.0,0.0,49.5,0.0,0.0,0.0
2023-05-12,,66.0,3.0,1389.0,275654.0,124961.0,,,-2.0,-378.0,376.0,2.4007490336984942e-05,0.0002394305905229,0.0,-0.0279524807826694,-0.0734388009991673,210,0.0,0.0,0.0,2015,0.0,0.0,0.0,49.5,0.0,0.0,0.0
2023-05-15,1400.0,277446.0,111854.0,1326.75,34571.0,8612.0,73.25,0.0523214285713912,277380.0,-241083.0,518463.0,12.988156061308292,8.0253970090536,0.00647016534867,-0.0463215258855586,-0.0630751212983101,210,0.0,0.0,0.0,2015,0.0,0.0,0.0,49.5,0.0,0.0,0.0
2023-05-16,1363.75,274632.0,149242.0,1297.25,34099.0,13869.0,66.5,0.0487626031163712,-2814.0,-472.0,-2342.0,10.760833513590686,8.053960526701427,-0.0258928571428571,-0.0599689815612614,-0.1002803892462477,210,0.0,0.0,0.0,2015,0.0,0.0,0.0,49.5,0.0,0.0,0.0
2023-05-17,1334.25,268504.0,145517.0,1270.25,34125.0,20211.0,64.0,0.0479670226718771,-6128.0,26.0,-6154.0,7.199891148384187,7.868249084248855,-0.0216315307057745,-0.0597251585623678,-0.1201780415430266,210,0.0,0.0,0.0,2015,0.0,0.0,0.0,49.5,0.0,0.0,0.0
2023-05-18,1332.25,271101.0,124325.0,1267.25,35300.0,17356.0,65.0,0.0487896415837502,2597.0,1175.0,1422.0,7.163228854574374,7.679915014164089,-0.0014989694584972,-0.042235801581596,-0.1150780471604118,210,0.0,0.0,0.0,2015,0.0,0.0,0.0,49.5,0.0,0.0,0.0
2023-05-19,1302.5,270240.0,135856.0,1245.0,35539.0,17843.0,57.5,0.0441458733205035,-861.0,239.0,-1100.0,7.613966261278506,7.604040631418791,-0.022330643647964,-0.0636232925952552,-0.1293449197860963,210,0.0,0.0,0.0,2015,0.0,0.0,0.0,49.5,0.0,0.0,0.0
2023-05-22,1341.0,273247.0,143213.0,1273.0,37685.0,18825.0,68.0,0.0507084265473149,3007.0,2146.0,861.0,7.607596281540101,7.250815974525482,0.0295585412667946,-0.0421428571428571,-0.096056622851365,210,0.0,0.0,0.0,2015,0.0,0.0,0.0,49.5,0.0,0.0,0.0
2023-05-23,1322.5,266549.0,111359.0,1258.5,38937.0,17692.0,64.0,0.0483931947069577,-6698.0,1252.0,-7950.0,6.294313814152933,6.845648098209754,-0.0137956748695003,-0.0302474793767185,-0.0983466848474519,210,0.0,0.0,0.0,2015,0.0,0.0,0.0,49.5,0.0,0.0,0.0
2023-05-24,1323.75,268056.0,95312.0,1256.75,38613.0,12492.0,67.0,0.0506137865910854,1507.0,-324.0,1831.0,7.629843099583122,6.942117939553857,0.0009451795841208,-0.0078695896571107,-0.0839100346020761,210,0.0,0.0,0.0,2015,0.0,0.0,0.0,49.5,0.0,0.0,0.0
2023-05-25,1324.75,270275.0,131878.0,1250.5,41608.0,29174.0,74.25,0.0560483110020335,2219.0,2995.0,-776.0,4.5203948721462766,6.495746010382463,0.0007554296506138,-0.0056295740288985,-0.0765074939003137,210,0.0,0.0,0.0,2015,0.0,0.0,0.0,49.5,0.0,0.0,0.0
2023-05-26,1335.75,268344.0,104197.0,1259.25,45387.0,24325.0,76.5,0.0572711959572844,-1931.0,3779.0,-5710.0,4.283535457348231,5.912353757683788,0.0083034534817889,0.0255278310940498,-0.0593309859154929,210,0.0,0.0,0.0,2015,0.0,0.0,0.0,49.5,0.0,0.0,0.0
2023-05-30,1296.0,264691.0,128256.0,1217.25,50684.0,24547.0,78.75,0.060763888888842,-3653.0,5297.0,-8950.0,5.2249154682851175,5.222377870728332,-0.0297585626052779,-0.0335570469798657,-0.091164095371669,210,0.0,0.0,0.0,2015,0.0,0.0,0.0,49.5,0.0,0.0,0.0
2023-05-31,1300.0,265715.0,137386.0,1216.75,50568.0,28478.0,83.25,0.0640384615384122,1024.0,-116.0,1140.0,4.824285413301326,5.254607657016192,0.0030864197530864,-0.0170132325141777,-0.0883590462833099,335,125.0,125.0,4.898979485374356,1975,-40.0,-40.0,-4.898979484966357,52.0,2.5,2.5,4.898979475966356
2023-06-01,1327.5,259626.0,132076.0,1240.25,49939.0,27929.0,87.25,0.0657250470809297,-6089.0,-629.0,-5460.0,4.728991370976235,5.198862612387009,0.021153846153846,0.0028328611898016,-0.0749128919860627,335,0.0,0.0,0.0,1975,0.0,0.0,0.0,52.0,0.0,0.0,0.0
2023-06-02,1352.0,258189.0,120303.0,1260.75,50755.0,24216.0,91.25,0.0674926035502459,-1437.0,816.0,-2253.0,4.967913776015652,5.086966801300265,0.0184557438794727,0.0205699188526136,-0.0578397212543554,335,0.0,0.0,0.0,1975,0.0,0.0,0.0,52.0,0.0,0.0,0.0
2023-06-05,1350.5,251412.0,98182.0,1259.25,51790.0,16669.0,91.25,0.0675675675675175,-6777.0,1035.0,-7812.0,5.890095386645516,4.854450666151673,-0.0011094674556213,0.0110424854950401,-0.0663670929830625,335,0.0,0.0,0.0,1975,0.0,0.0,0.0,52.0,0.0,0.0,0.0
2023-06-06,1353.0,248062.0,129813.0,1264.25,53260.0,26376.0,88.75,0.065594974131511,-3350.0,1470.0,-4820.0,4.921633303002543,4.6575666541493685,0.0018511662347278,0.0439814814814814,-0.0545073375262054,335,0.0,0.0,0.0,1975,0.0,0.0,0.0,52.0,0.0,0.0,0.0
2023-06-07,1359.0,243861.0,143477.0,1265.0,56415.0,34105.0,94.0,0.069168506254548,-4201.0,3155.0,-7356.0,4.206919806479865,4.322626960914574,0.0044345898004434,0.0453846153846153,-0.0742506811989101,335,0.0,0.0,0.0,1975,0.0,0.0,0.0,52.0,0.0,0.0,0.0
2023-06-08,1362.0,224621.0,152587.0,1276.5,54302.0,42300.0,85.5,0.0627753303964296,-19240.0,-2113.0,-17127.0,3.607257683215045,4.136514308865159,0.0022075055187638,0.0259887005649717,-0.061175254178873,335,0.0,0.0,0.0,1975,0.0,0.0,0.0,52.0,0.0,0.0,0.0
2023-06-09,1385.5,211129.0,142158.0,1296.0,54918.0,28871.0,89.5,0.064597618188333,-13492.0,616.0,-14108.0,4.923902878320636,3.844440802651156,0.0172540381791483,0.0247781065088756,-0.0236081747709654,335,0.0,0.0,0.0,1975,0.0,0.0,0.0,52.0,0.0,0.0,0.0
2023-06-12,1372.75,197411.0,122300.0,1291.25,54454.0,25524.0,81.5,0.0593698779821093,-13718.0,-464.0,-13254.0,4.791568719636233,3.6252800528886104,-0.00920245398773,0.0164753794890781,-0.0131200575125808,335,0.0,0.0,0.0,1975,0.0,0.0,0.0,52.0,0.0,0.0,0.0
2023-06-13,1398.75,184131.0,161567.0,1319.5,52941.0,42211.0,79.25,0.0566577301161346,-13280.0,-1513.0,-11767.0,3.827604179005382,3.4780415934719127,0.0189400837734474,0.0338137472283814,0.0055715312724657,335,0.0,0.0,0.0,1975,0.0,0.0,0.0,52.0,0.0,0.0,0.0
2023-06-14,1388.75,165908.0,124157.0,1318.5,49279.0,36858.0,70.25,0.0505850585058141,-18223.0,-3662.0,-14561.0,3.3685224374626035,3.3667079283263996,-0.0071492403932081,0.0218910963944076,-0.0080357142857142,335,0.0,0.0,0.0,1975,0.0,0.0,0.0,52.0,0.0,0.0,0.0
2023-06-15,1426.25,152640.0,144129.0,1366.75,46729.0,56129.0,59.5,0.0417177914110136,-13268.0,-2550.0,-10718.0,2.5678169929982264,3.266494040103506,0.027002700270027,0.0471732745961821,0.0458295142071494,335,0.0,0.0,0.0,1975,0.0,0.0,0.0,52.0,0.0,0.0,0.0
2023-06-16,1465.75,134917.0,158732.0,1400.0,48704.0,46265.0,65.75,0.0448575814429166,-17723.0,1975.0,-19698.0,3.4309305090240265,2.7701420827857515,0.0276950043821209,0.0579213280404187,0.0985572418961964,335,0.0,0.0,0.0,1975,0.0,0.0,0.0,52.0,0.0,0.0,0.0
2023-06-20,1476.75,120808.0,126378.0,1406.25,52288.0,40927.0,70.5,0.0477399695276467,-14109.0,3584.0,-17693.0,3.087888191169568,2.3104345165238236,0.0075046904315196,0.0757603350937898,0.1084631262901107,335,0.0,0.0,0.0,1975,0.0,0.0,0.0,52.0,0.0,0.0,0.0
2023-06-21,1516.75,104750.0,105944.0,1444.0,57198.0,39549.0,72.75,0.0479643975605419,-16058.0,4910.0,-20968.0,2.678803509570338,1.8313577397810792,0.027086507533435,0.084361036639857,0.1644913627639155,335,0.0,0.0,0.0,1975,0.0,0.0,0.0,52.0,0.0,0.0,0.0
2023-06-22,1499.5,84484.0,100736.0,1419.0,63007.0,36642.0,80.5,0.053684561520471,-20266.0,5809.0,-26075.0,2.749194912941358,1.3408668878060956,-0.011373001483435,0.0797479747974796,0.1181953765846384,335,0.0,0.0,0.0,1975,0.0,0.0,0.0,52.0,0.0,0.0,0.0
2023-06-23,1482.0,54332.0,83289.0,1393.5,64506.0,37440.0,88.5,0.0597165991902431,-30152.0,1499.0,-31651.0,2.2245993589742996,0.8422782376833032,-0.0116705568522841,0.03908851884312,0.1206049149338375,335,0.0,0.0,0.0,1975,0.0,0.0,0.0,52.0,0.0,0.0,0.0
2023-06-26,1519.5,45376.0,51073.0,1418.0,67415.0,38033.0,101.5,0.0667982889107819,-8956.0,2909.0,-11865.0,1.3428601477663782,0.6730846250834284,0.0253036437246962,0.0366706464267438,0.1478753541076487,335,0.0,0.0,0.0,1975,0.0,0.0,0.0,52.0,0.0,0.0,0.0
2023-06-27,1490.0,28313.0,50206.0,1392.0,68326.0,41889.0,98.0,0.0657718120804927,-17063.0,911.0,-17974.0,1.1985485449640432,0.4143810555279042,-0.0194142810134912,0.0089724056204503,0.1247405170786941,335,0.0,0.0,0.0,1975,0.0,0.0,0.0,52.0,0.0,0.0,0.0
2023-06-28,1445.0,14878.0,34817.0,1360.75,69116.0,45693.0,84.25,0.0583044982698558,-13435.0,790.0,-14225.0,0.7619766703871323,0.2152612998437378,-0.0302013422818792,-0.0473050931267512,0.0817892569717386,335,0.0,0.0,0.0,1975,0.0,0.0,0.0,52.0,0.0,0.0,0.0
2023-06-29,1466.0,6044.0,23201.0,1365.75,73249.0,41257.0,100.25,0.0683833560708946,-8834.0,4133.0,-12967.0,0.5623530552390974,0.0825130718508091,0.0145328719723183,-0.0223407802600866,0.1311728395061728,335,0.0,0.0,0.0,1975,0.0,0.0,0.0,52.0,0.0,0.0,0.0
2023-06-30,1550.25,2332.0,5228.0,1430.5,71555.0,50788.0,119.75,0.0772456055474425,-3712.0,-1694.0,-2018.0,0.1029377018193253,0.0325903151421978,0.0574693042291951,0.0460526315789473,0.1924999999999999,350,15.0,15.0,0.5867154618999694,1975,0.0,0.0,0.0,52.0,0.0,0.0,0.0
2023-07-03,1550.0,1434.0,1870.0,1471.5,75345.0,48983.0,78.5,0.0506451612902899,-898.0,3790.0,-4688.0,0.0381765102178299,0.0190324507266571,-0.0001612643122077,0.0200723922342875,0.167608286252354,350,0.0,0.0,0.0,1975,0.0,0.0,0.0,52.0,0.0,0.0,0.0
2023-07-05,1538.25,960.0,1034.0,1458.75,76418.0,32788.0,79.5,0.0516821062895812,-474.0,1073.0,-1547.0,0.0315359277784545,0.0125624852783374,-0.0075806451612903,0.0323825503355703,0.137758875739645,350,0.0,0.0,0.0,1975,0.0,0.0,0.0,52.0,0.0,0.0,0.0
2023-07-06,1523.5,644.0,507.0,1448.0,73723.0,27983.0,75.5,0.0495569412536596,-316.0,-2695.0,2379.0,0.0181181431583454,0.0087354014351015,-0.0095888184625385,0.0543252595155709,0.1281007034431691,350,0.0,0.0,0.0,1975,0.0,0.0,0.0,52.0,0.0,0.0,0.0
2023-07-07,1420.0,391.0,417.0,1428.0,70151.0,23412.0,-8.0,-0.0056338028168974,-253.0,-3572.0,3319.0,0.017811378780112,0.0055736910379038,-0.0679356744338693,-0.0313778990450204,0.0495195861049519,350,0.0,0.0,0.0,1975,0.0,0.0,0.0,52.0,0.0,0.0,0.0
2023-07-10,1500.0,345.0,94.0,1453.25,67624.0,23023.0,46.75,0.0311666666666458,-46.0,-2527.0,2481.0,0.0040828736480908,0.0051017390275641,0.056338028169014,-0.0324141267537494,0.1037527593818985,350,0.0,0.0,0.0,1975,0.0,0.0,0.0,52.0,0.0,0.0,0.0
2023-07-11,1500.0,253.0,209.0,1471.0,66093.0,22924.0,29.0,0.0193333333333204,-92.0,-1531.0,1439.0,0.0091170825335888,0.0038279394186978,0.0,-0.032258064516129,0.1013215859030836,350,0.0,0.0,0.0,1975,0.0,0.0,0.0,52.0,0.0,0.0,0.0
2023-07-12,1420.0,201.0,132.0,1441.5,63473.0,29298.0,-21.5,-0.0151408450704118,-52.0,-2620.0,2568.0,0.0045054269916033,0.0031667008019157,-0.0533333333333333,-0.0768730700471315,0.024900757849152,350,0.0,0.0,0.0,1975,0.0,0.0,0.0,52.0,0.0,0.0,0.0
2023-07-13,1420.0,134.0,72.0,1482.0,64113.0,22982.0,-62.0,-0.0436619718309551,-67.0,640.0,-707.0,0.0031328866069096,0.0020900597382745,0.0,-0.0679356744338693,0.0344199599344381,350,0.0,0.0,0.0,1975,0.0,0.0,0.0,52.0,0.0,0.0,0.0
2023-07-14,,11.0,134.0,1460.25,65323.0,27708.0,,,-123.0,1210.0,-1333.0,0.0048361484047926,0.0001683939806806,0.0,0.0,0.0151921358355675,350,0.0,0.0,0.0,1975,0.0,0.0,0.0,52.0,0.0,0.0,0.0
2023-07-17,1476.25,62332.0,25571.0,1404.25,52539.0,10914.0,72.0,0.0487722269263005,62321.0,-12784.0,75105.0,2.3429540040313044,1.1863948685737988,0.039612676056338,-0.0158333333333333,0.0630063006300629,350,0.0,0.0,0.0,1975,0.0,0.0,0.0,52.0,0.0,0.0,0.0
2023-07-18,1491.0,60137.0,26908.0,1418.75,51848.0,13762.0,72.25,0.0484574111334349,-2195.0,-691.0,-1504.0,1.95523906408938,1.1598711618577158,0.0099915325994919,-0.006,0.0453987730061349,350,0.0,0.0,0.0,1975,0.0,0.0,0.0,52.0,0.0,0.0,0.0
2023-07-19,1486.0,56074.0,33338.0,1426.5,51103.0,22971.0,59.5,0.0400403768505787,-4063.0,-745.0,-3318.0,1.4513081711722846,1.0972741326340705,-0.0033534540576793,0.0464788732394365,0.013815452839843,350,0.0,0.0,0.0,1975,0.0,0.0,0.0,52.0,0.0,0.0,0.0
2023-07-20,1493.75,53254.0,28198.0,1423.75,52976.0,19042.0,70.0,0.0468619246861611,-2820.0,1873.0,-4693.0,1.4808318453943137,1.0052476593174078,0.0052153432032302,0.0519366197183097,0.0115117657017098,350,0.0,0.0,0.0,1975,0.0,0.0,0.0,52.0,0.0,0.0,0.0
2023-07-21,1500.0,44220.0,28372.0,1426.5,56581.0,16198.0,73.5,0.0489999999999673,-9034.0,3605.0,-12639.0,1.7515742684280928,0.7815344373552822,0.0041841004184099,0.056338028169014,-0.0110433492665238,350,0.0,0.0,0.0,1975,0.0,0.0,0.0,52.0,0.0,0.0,0.0
2023-07-24,1522.0,36177.0,29203.0,1452.25,56830.0,23800.0,69.75,0.0458278580814416,-8043.0,249.0,-8292.0,1.2270168067226377,0.6365827907795067,0.0146666666666666,0.030990685859441,0.0150050016672225,350,0.0,0.0,0.0,1975,0.0,0.0,0.0,52.0,0.0,0.0,0.0
2023-07-25,1514.0,29559.0,25259.0,1448.0,58919.0,26669.0,66.0,0.0435931307793635,-6618.0,2089.0,-8707.0,0.9471296261576756,0.501688759143901,-0.0052562417871222,0.0154258886653253,0.0215924426450742,350,0.0,0.0,0.0,1975,0.0,0.0,0.0,52.0,0.0,0.0,0.0
2023-07-26,1547.5,21026.0,30605.0,1468.0,59043.0,28242.0,79.5,0.0513731825524708,-8533.0,124.0,-8657.0,1.083669711776748,0.3561133411242593,0.0221268163804491,0.041386271870794,0.0184271141822967,350,0.0,0.0,0.0,1975,0.0,0.0,0.0,52.0,0.0,0.0,0.0
2023-07-27,1524.25,9852.0,25445.0,1451.25,59462.0,36997.0,73.0,0.0478924061013299,-11174.0,419.0,-11593.0,0.6877584669027033,0.1656856479768564,-0.0150242326332794,0.0204184100418409,0.0229865771812081,350,0.0,0.0,0.0,1975,0.0,0.0,0.0,52.0,0.0,0.0,0.0
2023-07-28,1486.5,4034.0,13888.0,1427.75,57558.0,27966.0,58.75,0.0395223679784463,-5818.0,-1904.0,-3914.0,0.4966030179503505,0.0700858264706892,-0.0247662784976218,-0.009,0.0287197231833911,350,0.0,0.0,0.0,1975,0.0,0.0,0.0,52.0,0.0,0.0,0.0
2023-07-31,1432.5,2579.0,2352.0,1369.0,53472.0,29410.0,63.5,0.0443280977312081,-1455.0,-4086.0,2631.0,0.0799727983678993,0.0482308497905436,-0.036326942482341,-0.0588042049934296,-0.0228512960436562,300,-50.0,-50.0,-4.637208299622399,1850,-125.0,-125.0,-4.898979485374356,52.0,0.0,0.0,0.0
2023-08-01,1447.25,2021.0,2092.0,1386.25,51765.0,19509.0,61.0,0.042148903092042,-558.0,-1707.0,1149.0,0.107232559331585,0.0390418236260013,0.0102966841186735,-0.0440885072655218,-0.0664408966295758,300,0.0,0.0,0.0,1850,0.0,0.0,0.0,52.0,0.0,0.0,0.0
2023-08-02,1431.0,1603.0,744.0,1375.75,51053.0,16640.0,55.25,0.0386093640810352,-418.0,-712.0,294.0,0.0447115384615357,0.031398742483301,-0.0112281913974779,-0.0752827140549272,-0.0767741935483871,300,0.0,0.0,0.0,1850,0.0,0.0,0.0,52.0,0.0,0.0,0.0
2023-08-03,1410.75,735.0,1505.0,1380.0,47395.0,20946.0,30.75,0.0217969165337431,-868.0,-3658.0,2790.0,0.0718514274801837,0.015507964975208,-0.0141509433962264,-0.0744628505822535,-0.0828863968795708,300,0.0,0.0,0.0,1850,0.0,0.0,0.0,52.0,0.0,0.0,0.0
2023-08-04,1410.75,585.0,323.0,1384.0,45993.0,11911.0,26.75,0.0189615452773213,-150.0,-1402.0,1252.0,0.0271177902778921,0.0127193268540862,0.0,-0.0509586276488395,-0.0740072202166065,300,0.0,0.0,0.0,1850,0.0,0.0,0.0,52.0,0.0,0.0,0.0
2023-08-07,1400.0,503.0,212.0,1355.0,43086.0,16826.0,45.0,0.0321428571428341,-82.0,-2907.0,2825.0,0.0125995483180784,0.0116743257670702,-0.0076200602516391,-0.0226876090750436,-0.0140845070422535,300,0.0,0.0,0.0,1850,0.0,0.0,0.0,52.0,0.0,0.0,0.0
2023-08-08,1430.0,311.0,382.0,1357.5,40641.0,11568.0,72.5,0.0506993006992652,-192.0,-2445.0,2253.0,0.0330221300138284,0.0076523707585933,0.0214285714285713,-0.0119191570219381,-0.0466666666666666,300,0.0,0.0,0.0,1850,0.0,0.0,0.0,52.0,0.0,0.0,0.0
2023-08-09,1342.0,226.0,104.0,1355.5,38773.0,10419.0,-13.5,-0.0100596125186214,-85.0,-1868.0,1783.0,0.009981764084844,0.0058287983906325,-0.0615384615384615,-0.0621942697414396,-0.1053333333333332,300,0.0,0.0,0.0,1850,0.0,0.0,0.0,52.0,0.0,0.0,0.0
2023-08-10,1342.0,182.0,82.0,1349.75,35019.0,13854.0,-7.75,-0.0057749627421715,-44.0,-3754.0,3710.0,0.0059188681969102,0.0051971786744337,0.0,-0.0487329434697856,-0.0549295774647887,300,0.0,0.0,0.0,1850,0.0,0.0,0.0,52.0,0.0,0.0,0.0
2023-08-11,,162.0,25.0,1333.75,34257.0,13326.0,,,-20.0,-762.0,742.0,0.0018760318174994,0.0047289605044223,0.0,-0.0487329434697856,-0.0549295774647887,300,0.0,0.0,0.0,1850,0.0,0.0,0.0,52.0,0.0,0.0,0.0
2023-08-14,,41.0,121.0,1350.25,33484.0,7906.0,,,-121.0,-773.0,652.0,0.0153048317733347,0.0012244654163182,0.0,-0.0414285714285714,-0.0549295774647887,300,0.0,0.0,0.0,1850,0.0,0.0,0.0,52.0,0.0,0.0,0.0
2023-08-15,1321.75,30977.0,15884.0,1304.0,307905.0,120643.0,17.75,0.0134291658785599,30936.0,274421.0,-243485.0,0.1316611821655617,0.1006057063055159,-0.0150894187779433,-0.0756993006993007,-0.1046570702794241,300,0.0,0.0,0.0,1850,0.0,0.0,0.0,52.0,0.0,0.0,0.0
2023-08-16,1336.25,30112.0,9256.0,1324.5,312203.0,125297.0,11.75,0.0087932647333891,-865.0,4298.0,-5163.0,0.0738724789899193,0.0964500661428618,0.010970304520522,-0.004284649776453,-0.1037894030851777,300,0.0,0.0,0.0,1850,0.0,0.0,0.0,52.0,0.0,0.0,0.0
2023-08-17,1335.75,28171.0,12549.0,1330.0,314688.0,113511.0,5.75,0.0043046977353514,-1941.0,2485.0,-4426.0,0.1105531622485916,0.0895204138702458,-0.0003741814780168,-0.0046572280178837,-0.1011103633916554,300,0.0,0.0,0.0,1850,0.0,0.0,0.0,52.0,0.0,0.0,0.0
2023-08-18,1361.25,26973.0,11335.0,1352.25,312316.0,124309.0,9.0,0.006611570247929,-1198.0,-2372.0,1174.0,0.0911840655141615,0.0863644513889775,0.0190903986524424,0.014344262295082,-0.0887029288702928,300,0.0,0.0,0.0,1850,0.0,0.0,0.0,52.0,0.0,0.0,0.0
2023-08-21,1368.5,26612.0,13759.0,1361.75,317104.0,131126.0,6.75,0.0049324077457033,-361.0,4788.0,-5149.0,0.1049296096883905,0.0839219940461171,0.0053259871441688,0.0197466467958271,-0.0876666666666666,300,0.0,0.0,0.0,1850,0.0,0.0,0.0,52.0,0.0,0.0,0.0
2023-08-22,1348.0,25549.0,8855.0,1346.0,315202.0,108534.0,2.0,0.0014836795252214,-1063.0,-1902.0,839.0,0.0815873366871203,0.0810559577667651,-0.0149799050054804,0.0198600340457726,-0.114323258869908,300,0.0,0.0,0.0,1850,0.0,0.0,0.0,52.0,0.0,0.0,0.0
2023-08-23,1359.75,23290.0,16285.0,1360.0,318300.0,113865.0,-0.25,-0.0001838573267143,-2259.0,3098.0,-5357.0,0.1430202432705384,0.0731699654414072,0.0087166172106825,0.0175865294667914,-0.1018824306472919,300,0.0,0.0,0.0,1850,0.0,0.0,0.0,52.0,0.0,0.0,0.0
2023-08-24,1365.5,23352.0,8107.0,1371.25,322821.0,104388.0,-5.75,-0.0042109117539332,62.0,4521.0,-4459.0,0.0776621833927263,0.0723373014766695,0.0042287185144327,0.0222721317611829,-0.1176090468497577,300,0.0,0.0,0.0,1850,0.0,0.0,0.0,52.0,0.0,0.0,0.0
2023-08-25,1380.0,16765.0,14320.0,1385.75,324923.0,116665.0,-5.75,-0.0041666666666636,-6587.0,2102.0,-8689.0,0.1227446106372937,0.0515968398666759,0.0106188209447088,0.0137741046831956,-0.094636706577005,300,0.0,0.0,0.0,1850,0.0,0.0,0.0,52.0,0.0,0.0,0.0
2023-08-28,1391.5,12808.0,10112.0,1401.25,331527.0,122343.0,-9.75,-0.0070068271649248,-3957.0,6604.0,-10561.0,0.0826528693917912,0.0386333541461176,0.0083333333333333,0.0168067226890755,-0.063908509922637,300,0.0,0.0,0.0,1850,0.0,0.0,0.0,52.0,0.0,0.0,0.0
2023-08-29,1378.0,7837.0,9140.0,1391.0,331089.0,109302.0,-13.0,-0.009433962264144,-4971.0,-438.0,-4533.0,0.0836215256811395,0.0236703726188425,-0.009701760689903,0.0222551928783383,-0.0380453752181501,300,0.0,0.0,0.0,1850,0.0,0.0,0.0,52.0,0.0,0.0,0.0
2023-08-30,1350.0,2210.0,9727.0,1384.0,333598.0,112189.0,-34.0,-0.0251851851851665,-5627.0,2509.0,-8136.0,0.0867019048213275,0.0066247399564745,-0.0203193033381712,-0.0071704357418642,-0.0671964069787528,300,0.0,0.0,0.0,1850,0.0,0.0,0.0,52.0,0.0,0.0,0.0
2023-08-31,1350.0,1550.0,853.0,1368.0,330116.0,98055.0,-18.0,-0.0133333333333234,-660.0,-3482.0,2822.0,0.0086991994288918,0.0046953192211222,0.0,-0.0113511534236543,-0.0566037735849056,245,-55.0,-55.0,-3.7060398871680307,1825,-25.0,-25.0,-0.9689042832660587,50.9,-1.1000000000000014,-1.1000000000000014,-4.898979463748174
2023-09-01,1350.0,1290.0,422.0,1368.0,331916.0,109733.0,-18.0,-0.0133333333333234,-260.0,1800.0,-2060.0,0.0038456981947089,0.0038865255064534,0.0,-0.0217391304347825,-0.0430622009569378,245,0.0,0.0,0.0,1825,0.0,0.0,0.0,50.9,0.0,0.0,0.0
2023-09-05,1319.0,1240.0,85.0,1368.0,329188.0,103574.0,-49.0,-0.0371493555723751,-50.0,-2728.0,2678.0,0.0008206692799351,0.0037668444779274,-0.0229629629629629,-0.0521020481494789,-0.0650363281942228,245,0.0,0.0,0.0,1825,0.0,0.0,0.0,50.9,0.0,0.0,0.0
2023-09-06,1339.0,1178.0,102.0,1376.0,326881.0,114632.0,-37.0,-0.0276325616131235,-62.0,-2307.0,2245.0,0.0008898038942005,0.0036037579424928,0.0151630022744504,-0.0283018867924528,-0.0435714285714285,245,0.0,0.0,0.0,1825,0.0,0.0,0.0,50.9,0.0,0.0,0.0
2023-09-07,1340.0,1130.0,310.0,1360.0,332994.0,99113.0,-20.0,-0.0149253731343172,-48.0,6113.0,-6161.0,0.0031277430811295,0.0033934545367183,0.0007468259895444,-0.0074074074074074,-0.0629370629370629,245,0.0,0.0,0.0,1825,0.0,0.0,0.0,50.9,0.0,0.0,0.0
2023-09-08,1339.0,965.0,198.0,1363.0,332744.0,103976.0,-24.0,-0.017923823749053,-165.0,-250.0,85.0,0.0019042856043702,0.0029001274252879,-0.0007462686567164,-0.0081481481481481,-0.0022354694485842,245,0.0,0.0,0.0,1825,0.0,0.0,0.0,50.9,0.0,0.0,0.0
2023-09-11,1190.0,941.0,36.0,1369.25,328813.0,98684.0,-179.25,-0.1506302521007137,-24.0,-3931.0,3907.0,0.0003648007782416,0.0028618089917369,-0.111277072442121,-0.1185185185185184,-0.1132637853949329,245,0.0,0.0,0.0,1825,0.0,0.0,0.0,50.9,0.0,0.0,0.0
2023-09-12,1190.0,696.0,274.0,1343.75,327054.0,189114.0,-153.75,-0.1292016806721603,-245.0,-1759.0,1514.0,0.001448861533255,0.0021280889394411,0.0,-0.0978013646702047,-0.1132637853949329,245,0.0,0.0,0.0,1825,0.0,0.0,0.0,50.9,0.0,0.0,0.0
2023-09-13,1190.0,502.0,201.0,1349.75,328636.0,124646.0,-159.75,-0.1342436974788788,-194.0,1582.0,-1776.0,0.0016125667891468,0.001527525894911,0.0,-0.111277072442121,-0.1132637853949329,245,0.0,0.0,0.0,1825,0.0,0.0,0.0,50.9,0.0,0.0,0.0
2023-09-14,,220.0,387.0,1360.0,325326.0,138778.0,,,-282.0,-3310.0,3028.0,0.0027886264393491,0.0006762447514185,0.0,-0.1119402985074626,-0.0996784565916398,245,0.0,0.0,0.0,1825,0.0,0.0,0.0,50.9,0.0,0.0,0.0
2023-09-15,1338.0,329841.0,114647.0,1353.5,120012.0,44781.0,-15.5,-0.0115844544095578,329621.0,-205314.0,534935.0,2.56017060807033,2.7484001599839787,0.1243697478991596,-0.0007468259895444,0.001309635173059,245,0.0,0.0,0.0,1825,0.0,0.0,0.0,50.9,0.0,0.0,0.0
2023-09-18,1316.75,328158.0,137195.0,1332.75,120454.0,51187.0,-16.0,-0.0121511296753277,-1683.0,442.0,-2125.0,2.680270381151412,2.72434290268482,-0.015881913303438,0.1065126050420168,-0.0142242186037806,245,0.0,0.0,0.0,1825,0.0,0.0,0.0,50.9,0.0,0.0,0.0
2023-09-19,1314.75,329769.0,138842.0,1330.75,120713.0,47967.0,-16.0,-0.0121696139950468,1611.0,259.0,1352.0,2.8945316571809183,2.731843297739243,-0.0015188912094171,0.1048319327731093,-0.034159779614325,245,0.0,0.0,0.0,1825,0.0,0.0,0.0,50.9,0.0,0.0,0.0
2023-09-20,1320.0,327673.0,112121.0,1335.5,121568.0,38757.0,-15.5,-0.0117424242424153,-2096.0,855.0,-2951.0,2.892922568826202,2.695388589102373,0.0039931545921276,0.1092436974789916,-0.0354402630617464,245,0.0,0.0,0.0,1825,0.0,0.0,0.0,50.9,0.0,0.0,0.0
2023-09-21,1293.5,330055.0,140563.0,1310.25,121414.0,41891.0,-16.75,-0.0129493621955833,2382.0,-154.0,2536.0,3.3554462772432423,2.718426211145315,-0.0200757575757575,0.0869747899159663,-0.0404302670623145,245,0.0,0.0,0.0,1825,0.0,0.0,0.0,50.9,0.0,0.0,0.0
2023-09-22,1295.0,327788.0,121669.0,1312.0,121990.0,38563.0,-17.0,-0.0131274131274029,-2267.0,576.0,-2843.0,3.1550709229052942,2.687007131732087,0.0011596443757246,-0.0321375186846039,-0.0476190476190476,245,0.0,0.0,0.0,1825,0.0,0.0,0.0,50.9,0.0,0.0,0.0
2023-09-25,1297.0,327638.0,101011.0,1316.5,123793.0,34163.0,-19.5,-0.0150346954510292,-150.0,1803.0,-1953.0,2.9567368205367517,2.6466601504123606,0.0015444015444014,-0.0149990506929941,-0.0501647748077627,245,0.0,0.0,0.0,1825,0.0,0.0,0.0,50.9,0.0,0.0,0.0
2023-09-26,1302.75,326020.0,135125.0,1321.0,127143.0,60756.0,-18.25,-0.0140088274803193,-1618.0,3350.0,-4968.0,2.2240601751267,2.5641993660681077,0.0044333076329992,-0.009127210496292,-0.0559782608695652,245,0.0,0.0,0.0,1825,0.0,0.0,0.0,50.9,0.0,0.0,0.0
2023-09-27,1302.75,325056.0,146484.0,1321.75,124739.0,70820.0,-19.0,-0.0145845327192365,-964.0,-2404.0,1440.0,2.0683987574131306,2.605889096433332,0.0,-0.0130681818181818,-0.0637800934243622,245,0.0,0.0,0.0,1825,0.0,0.0,0.0,50.9,0.0,0.0,0.0
2023-09-28,1300.5,323141.0,151183.0,1319.0,132110.0,65586.0,-18.5,-0.0142252979623112,-1915.0,7371.0,-9286.0,2.3051108468270316,2.4459995458329997,-0.0017271157167529,0.0054116737533822,-0.0562409288824383,245,0.0,0.0,0.0,1825,0.0,0.0,0.0,50.9,0.0,0.0,0.0
2023-09-29,1274.75,326892.0,169945.0,1295.0,137099.0,80583.0,-20.25,-0.0158854677387598,3751.0,4989.0,-1238.0,2.1089435737065867,2.384349995258883,-0.0198000768935024,-0.0156370656370656,-0.0557407407407407,245,0.0,0.0,0.0,1825,0.0,0.0,0.0,50.9,0.0,0.0,0.0
2023-10-02,1276.0,326354.0,156106.0,1295.75,142979.0,57389.0,-19.75,-0.0154780564263201,-538.0,5880.0,-6418.0,2.7201380055410844,2.2825310010560833,0.0009805844283192,-0.0161912104857363,-0.0548148148148147,220,-25.0,-25.0,-2.061254101804476,1790,-35.0,-35.0,-4.071059985791069,50.1,-0.7999999999999972,-0.7999999999999972,-2.9429485633711527
2023-10-03,1272.75,320118.0,191994.0,1292.0,140504.0,86989.0,-19.25,-0.0151247299155253,-6236.0,-2475.0,-3761.0,2.2071066456678174,2.2783550646244786,-0.0025470219435737,-0.0230282095567069,-0.0572222222222221,220,0.0,0.0,0.0,1790,0.0,0.0,0.0,50.1,0.0,0.0,0.0
2023-10-04,1271.5,322048.0,126709.0,1290.5,142861.0,49099.0,-19.0,-0.0149429807314078,1930.0,2357.0,-427.0,2.580683924316125,2.2542751345713508,-0.0009821253191907,-0.0239877182882364,-0.0360121304018196,220,0.0,0.0,0.0,1790,0.0,0.0,0.0,50.1,0.0,0.0,0.0
2023-10-05,1279.0,318266.0,143482.0,1297.0,143906.0,66268.0,-18.0,-0.0140734949178936,-3782.0,1045.0,-4827.0,2.165177763022844,2.211624254721817,0.0058985450255604,-0.0165321030372933,-0.0448095593726661,220,0.0,0.0,0.0,1790,0.0,0.0,0.0,50.1,0.0,0.0,0.0
2023-10-06,1264.0,309932.0,156382.0,1282.0,152308.0,83363.0,-18.0,-0.0142405063291026,-8334.0,8402.0,-16736.0,1.8759161738420895,2.034902959791987,-0.0117279124315872,-0.0084330260835457,-0.0567164179104477,220,0.0,0.0,0.0,1790,0.0,0.0,0.0,50.1,0.0,0.0,0.0
2023-10-09,1260.5,294878.0,162794.0,1282.0,157815.0,70154.0,-21.5,-0.0170567235223982,-15054.0,5507.0,-20561.0,2.3205234199047475,1.868504261318621,-0.0027689873417721,-0.0121473354231974,-0.0586258401792382,220,0.0,0.0,0.0,1790,0.0,0.0,0.0,50.1,0.0,0.0,0.0
2023-10-10,1271.0,282989.0,161646.0,1292.0,169998.0,87157.0,-21.0,-0.016522423288736,-11889.0,12183.0,-24072.0,1.85465309728419,1.6646607607148225,0.0083300277667592,-0.001374975446867,0.0680672268907562,220,0.0,0.0,0.0,1790,0.0,0.0,0.0,50.1,0.0,0.0,0.0
2023-10-11,1252.5,275731.0,185252.0,1272.25,172345.0,110239.0,-19.75,-0.0157684630738397,-7258.0,2347.0,-9605.0,1.6804579141682918,1.5998781513823923,-0.0145554681353264,-0.0149429807314195,0.0525210084033613,220,0.0,0.0,0.0,1790,0.0,0.0,0.0,50.1,0.0,0.0,0.0
2023-10-12,1286.75,262728.0,235474.0,1306.25,183426.0,126090.0,-19.5,-0.01515445890809,-13003.0,11081.0,-24084.0,1.8675073360298051,1.432337836511719,0.0273453093812374,0.0060594214229867,0.0813025210084033,220,0.0,0.0,0.0,1790,0.0,0.0,0.0,50.1,0.0,0.0,0.0
2023-10-13,1279.25,254591.0,139748.0,1298.75,189400.0,64032.0,-19.5,-0.0152433066249636,-8137.0,5974.0,-14111.0,2.182471264367782,1.344197465681091,-0.0058286380415776,0.0120648734177215,0.0749999999999999,220,0.0,0.0,0.0,1790,0.0,0.0,0.0,50.1,0.0,0.0,0.0
2023-10-16,1285.25,247217.0,111494.0,1305.0,191024.0,58602.0,-19.75,-0.0153666601828318,-7374.0,1624.0,-8998.0,1.9025630524555153,1.2941672250607186,0.0046902481923001,0.0196350654502182,-0.0394245142002989,220,0.0,0.0,0.0,1790,0.0,0.0,0.0,50.1,0.0,0.0,0.0
2023-10-17,1296.25,243235.0,135410.0,1316.0,200719.0,71166.0,-19.75,-0.0152362584377895,-3982.0,9695.0,-13677.0,1.9027344518449552,1.2118185124477443,0.0085586461777864,0.0198662470495671,-0.0155686348965254,220,0.0,0.0,0.0,1790,0.0,0.0,0.0,50.1,0.0,0.0,0.0
2023-10-18,1311.0,229789.0,163209.0,1329.25,210378.0,102840.0,-18.25,-0.013920671243315,-13446.0,9659.0,-23105.0,1.5870186697782809,1.0922672522792256,0.0113789778206363,0.0467065868263472,-0.0028522532800913,220,0.0,0.0,0.0,1790,0.0,0.0,0.0,50.1,0.0,0.0,0.0
2023-10-19,1315.0,207462.0,182300.0,1331.0,220639.0,124076.0,-16.0,-0.0121673003802188,-22327.0,10261.0,-32588.0,1.4692607756536198,0.9402780106871363,0.0030511060259343,0.0219545366232756,-0.0037878787878787,220,0.0,0.0,0.0,1790,0.0,0.0,0.0,50.1,0.0,0.0,0.0
2023-10-20,1301.0,186491.0,143729.0,1320.0,225925.0,92861.0,-19.0,-0.0146041506533323,-20971.0,5286.0,-26257.0,1.5477864765617262,0.8254553502268416,-0.0106463878326996,0.0170021496970882,0.0057982218786238,220,0.0,0.0,0.0,1790,0.0,0.0,0.0,50.1,0.0,0.0,0.0
2023-10-23,1287.0,170736.0,119491.0,1305.0,234678.0,76926.0,-18.0,-0.0139860139860031,-15755.0,8753.0,-24508.0,1.5533239736889797,0.7275330452790602,-0.0107609531129899,0.0013616028010114,-0.0061776061776062,220,0.0,0.0,0.0,1790,0.0,0.0,0.0,50.1,0.0,0.0,0.0
2023-10-24,1292.25,152035.0,125254.0,1312.75,249437.0,96781.0,-20.5,-0.0158638034435938,-18701.0,14759.0,-33460.0,1.2942003079116635,0.6095126224257003,0.004079254079254,-0.0030858244937319,-0.0036622976098689,220,0.0,0.0,0.0,1790,0.0,0.0,0.0,50.1,0.0,0.0,0.0
2023-10-25,1287.75,132553.0,111043.0,1308.0,261631.0,110768.0,-20.25,-0.0157251019219446,-19482.0,12194.0,-31676.0,1.002482666474063,0.506641032599346,-0.0034822983168891,-0.0177345537757437,-0.0115141047783534,220,0.0,0.0,0.0,1790,0.0,0.0,0.0,50.1,0.0,0.0,0.0
2023-10-26,1279.0,110501.0,105810.0,1301.75,271774.0,124371.0,-22.75,-0.0177873338545599,-22052.0,10143.0,-32195.0,0.8507610295004394,0.4065915061779258,-0.0067947971267714,-0.0273764258555132,-0.0182306658990596,220,0.0,0.0,0.0,1790,0.0,0.0,0.0,50.1,0.0,0.0,0.0
2023-10-27,1285.0,51432.0,108290.0,1317.0,277649.0,160757.0,-32.0,-0.0249027237353891,-59069.0,5875.0,-64944.0,0.6736254097799743,0.1852410777636505,0.0046911649726348,-0.0122982321291313,-0.011918492887351,220,0.0,0.0,0.0,1790,0.0,0.0,0.0,50.1,0.0,0.0,0.0
2023-10-30,1283.75,7048.0,77497.0,1307.0,275669.0,161864.0,-23.25,-0.0181110029211153,-44384.0,-1980.0,-42404.0,0.4787784806998438,0.0255668936296789,-0.0009727626459143,-0.0025252525252524,0.0070602078838988,220,0.0,0.0,0.0,1790,0.0,0.0,0.0,50.1,0.0,0.0,0.0
2023-10-31,1287.25,2853.0,7814.0,1310.0,278026.0,106183.0,-22.75,-0.0176733346280693,-4195.0,2357.0,-6552.0,0.0735899343586066,0.0102616302072467,0.0027263875365142,-0.003869220352099,0.0088166144200627,220,0.0,0.0,0.0,1755,-35.0,-35.0,-3.541956315783042,49.6,-0.5,-0.5,-2.648727990251122
2023-11-01,1290.25,1755.0,2816.0,1314.75,279336.0,79093.0,-24.5,-0.0189885681069413,-1098.0,1310.0,-2408.0,0.0356036564550587,0.0062827562505369,0.0023305496212857,0.0019413706076489,0.0137497544686702,220,0.0,0.0,0.0,1755,0.0,0.0,0.0,49.6,0.0,0.0,0.0
2023-11-02,1296.0,1246.0,1729.0,1328.0,282493.0,92230.0,-32.0,-0.0246913580246723,-509.0,3157.0,-3666.0,0.0187466117315405,0.0044107287614206,0.0044565006781631,0.013291634089132,0.0192685804168304,220,0.0,0.0,0.0,1755,0.0,0.0,0.0,49.6,0.0,0.0,0.0
2023-11-03,1321.75,1011.0,2203.0,1350.0,284439.0,139957.0,-28.25,-0.0213731794968629,-235.0,1946.0,-2181.0,0.015740548882871,0.0035543649077658,0.0198688271604938,0.0285992217898831,0.0334245504300234,220,0.0,0.0,0.0,1755,0.0,0.0,0.0,49.6,0.0,0.0,0.0
2023-11-06,1341.5,835.0,1020.0,1358.0,289199.0,144882.0,-16.5,-0.0122996645545938,-176.0,4760.0,-4936.0,0.0070402120346212,0.0028872852257442,0.0149423113296764,0.0449853943524829,0.0613132911392404,220,0.0,0.0,0.0,1755,0.0,0.0,0.0,49.6,0.0,0.0,0.0
2023-11-07,1327.75,941.0,2165.0,1361.25,290730.0,192413.0,-33.5,-0.0252306533609299,106.0,1531.0,-1425.0,0.011251838493241,0.0032366800811749,-0.0102497204621692,0.0314624198873567,0.0533518445061482,220,0.0,0.0,0.0,1755,0.0,0.0,0.0,49.6,0.0,0.0,0.0
2023-11-08,1327.75,552.0,217.0,1365.5,293957.0,167214.0,-37.75,-0.0284315571455255,-389.0,3227.0,-3616.0,0.0012977382276603,0.00187782566838,0.0,0.0290641348575857,0.0446498819826908,220,0.0,0.0,0.0,1755,0.0,0.0,0.0,49.6,0.0,0.0,0.0
2023-11-09,1281.0,347.0,92.0,1343.75,288756.0,175301.0,-62.75,-0.0489851678375886,-205.0,-5201.0,4996.0,0.0005248116097455,0.0012017066312041,-0.035209941630578,-0.011574074074074,0.022754491017964,220,0.0,0.0,0.0,1755,0.0,0.0,0.0,49.6,0.0,0.0,0.0
2023-11-10,1281.0,255.0,163.0,1347.5,289366.0,81934.0,-66.5,-0.0519125683059704,-92.0,610.0,-702.0,0.0019894061073546,0.0008812369110399,0.0,-0.0308303385662946,-0.0044686224985428,220,0.0,0.0,0.0,1755,0.0,0.0,0.0,49.6,0.0,0.0,0.0
2023-11-13,1369.0,190.0,284.0,1382.0,290892.0,133136.0,-13.0,-0.0094959824689485,-65.0,1526.0,-1591.0,0.0021331570724672,0.0006531633733481,0.068696330991413,0.0204994409243384,0.0701582958764901,220,0.0,0.0,0.0,1755,0.0,0.0,0.0,49.6,0.0,0.0,0.0
2023-11-14,,73.0,55.0,1389.0,290063.0,121756.0,,,-117.0,-829.0,712.0,0.0004517231183678,0.0002516694649093,0.0,0.0310675955563923,0.0651624197626921,220,0.0,0.0,0.0,1755,0.0,0.0,0.0,49.6,0.0,0.0,0.0
2023-11-15,1385.0,290404.0,112125.0,1399.25,172999.0,49911.0,-14.25,-0.0102888086642524,290331.0,-117064.0,407395.0,2.246498767806651,1.6786455413036974,0.0116873630387144,0.0431180568631142,0.0684667309546769,220,0.0,0.0,0.0,1755,0.0,0.0,0.0,49.6,0.0,0.0,0.0
2023-11-16,1360.0,287555.0,139084.0,1375.0,173526.0,55740.0,-15.0,-0.0110294117646977,-2849.0,527.0,-3376.0,2.4952278435593382,1.6571291910145935,-0.0180505415162455,0.0616705698672912,0.0373760488176964,220,0.0,0.0,0.0,1755,0.0,0.0,0.0,49.6,0.0,0.0,0.0
2023-11-17,1343.25,279927.0,125658.0,1357.25,173349.0,55682.0,-14.0,-0.010422482784284,-7628.0,-177.0,-7451.0,2.2567077331991983,1.6148175068791768,-0.0123161764705882,0.0485948477751756,0.0214828897338403,220,0.0,0.0,0.0,1755,0.0,0.0,0.0,49.6,0.0,0.0,0.0
2023-11-20,1365.0,274937.0,126688.0,1382.25,173989.0,38793.0,-17.25,-0.0126373626373533,-4990.0,640.0,-5630.0,3.265743819761213,1.5801975986987593,0.0161920714684533,-0.0029218407596786,0.0491929285165257,220,0.0,0.0,0.0,1755,0.0,0.0,0.0,49.6,0.0,0.0,0.0
2023-11-21,1374.75,281127.0,131504.0,1390.75,171591.0,54049.0,-16.0,-0.0116384797235776,6190.0,-2398.0,8588.0,2.4330514903142997,1.6383551584873235,0.0071428571428571,0.004200146092038,0.0681818181818181,220,0.0,0.0,0.0,1755,0.0,0.0,0.0,49.6,0.0,0.0,0.0
2023-11-22,1358.25,279666.0,123978.0,1374.75,175775.0,53999.0,-16.5,-0.0121479845389198,-1461.0,4184.0,-5645.0,2.2959314061371083,1.5910453705020533,-0.0120021822149481,-0.0193140794223827,0.0510737086477075,220,0.0,0.0,0.0,1755,0.0,0.0,0.0,49.6,0.0,0.0,0.0
2023-11-24,1329.75,271851.0,79518.0,1347.5,175528.0,32176.0,-17.75,-0.013348373754455,-7815.0,-247.0,-7568.0,2.471345101939257,1.5487614511644778,-0.0209828823854224,-0.0222426470588235,0.0326150262085032,220,0.0,0.0,0.0,1755,0.0,0.0,0.0,49.6,0.0,0.0,0.0
2023-11-27,1328.75,263389.0,108127.0,1346.0,176842.0,48216.0,-17.25,-0.0129821260583157,-8462.0,1314.0,-9776.0,2.242554338808648,1.4894029698827118,-0.0007520210565895,-0.0107947143123022,0.0388975762314307,220,0.0,0.0,0.0,1755,0.0,0.0,0.0,49.6,0.0,0.0,0.0
2023-11-28,1345.75,257716.0,122211.0,1363.75,178221.0,67613.0,-18.0,-0.0133754412037797,-5673.0,1379.0,-7052.0,1.8075074320026945,1.4460473232671716,0.0127939793038569,-0.014102564102564,0.0472762645914397,220,0.0,0.0,0.0,1755,0.0,0.0,0.0,49.6,0.0,0.0,0.0
2023-11-29,1346.5,253485.0,110829.0,1366.0,181360.0,51042.0,-19.5,-0.014481990345329,-4231.0,3139.0,-7370.0,2.1713294933583684,1.3976896779885235,0.0005573100501579,-0.0205491907619567,0.0488802336903602,220,0.0,0.0,0.0,1755,0.0,0.0,0.0,49.6,0.0,0.0,0.0
2023-11-30,1342.0,253912.0,106352.0,1361.75,184557.0,60799.0,-19.75,-0.0147168405365017,427.0,3197.0,-2770.0,1.74923929669893,1.3757917608110155,-0.0033419977720015,-0.0119639241671267,0.0425325305884638,245,25.0,25.0,4.898979484606349,1755,0.0,0.0,0.0,49.9,0.29999999999999716,0.29999999999999716,2.4735049019752076
2023-12-01,1324.5,244293.0,133231.0,1345.0,182734.0,76427.0,-20.5,-0.015477538693835,-9619.0,-1823.0,-7796.0,1.7432451882188005,1.33687764729059,-0.0130402384500745,-0.0039481105470953,0.0265452431699282,245,0.0,0.0,0.0,1755,0.0,0.0,0.0,49.9,0.0,0.0,0.0
2023-12-04,1306.25,233319.0,145541.0,1326.75,180783.0,77720.0,-20.5,-0.0156937799042942,-10974.0,-1951.0,-9023.0,1.872632527020048,1.2906025455933283,-0.0137787844469611,-0.0169332079021636,0.007908950617284,245,0.0,0.0,0.0,1755,0.0,0.0,0.0,49.9,0.0,0.0,0.0
2023-12-05,1308.0,226272.0,127531.0,1329.25,184329.0,67387.0,-21.25,-0.0162461773700181,-7047.0,3546.0,-10593.0,1.8925163607223665,1.227544227983653,0.0013397129186603,-0.0280512725246144,-0.010402874976357,245,0.0,0.0,0.0,1755,0.0,0.0,0.0,49.9,0.0,0.0,0.0
2023-12-06,1295.5,220648.0,114902.0,1315.75,187148.0,84208.0,-20.25,-0.0156310304901461,-5624.0,2819.0,-8443.0,1.3645021850655357,1.1790027144292154,-0.0095565749235474,-0.0378759747493501,-0.0342899739098024,245,0.0,0.0,0.0,1755,0.0,0.0,0.0,49.9,0.0,0.0,0.0
2023-12-07,1309.75,212913.0,142340.0,1328.5,197706.0,101593.0,-18.75,-0.01431570910478,-7735.0,10558.0,-18293.0,1.4010807831248078,1.0769172407514134,0.0109996140486299,-0.0240312965722802,-0.013556768970062,245,0.0,0.0,0.0,1755,0.0,0.0,0.0,49.9,0.0,0.0,0.0
2023-12-08,1304.25,201394.0,143886.0,1324.75,206348.0,88796.0,-20.5,-0.0157178455050674,-11519.0,8642.0,-20161.0,1.6204108293166175,0.9759920134917665,-0.0041992746707386,-0.0152887882219705,-0.0176991150442478,245,0.0,0.0,0.0,1755,0.0,0.0,0.0,49.9,0.0,0.0,0.0
2023-12-11,1335.5,194131.0,156810.0,1351.0,217790.0,104180.0,-15.5,-0.0116061400224548,-7263.0,11442.0,-18705.0,1.5051833365329093,0.8913678313972134,0.0239601303431091,0.0223923444976077,0.0425448868071818,245,0.0,0.0,0.0,1755,0.0,0.0,0.0,49.9,0.0,0.0,0.0
2023-12-12,1323.0,180487.0,151132.0,1341.75,229254.0,119638.0,-18.75,-0.0141723356008963,-13644.0,11464.0,-25108.0,1.2632441197612692,0.7872796112608689,-0.0093597903406963,0.0114678899082569,0.0327868852459016,245,0.0,0.0,0.0,1755,0.0,0.0,0.0,49.9,0.0,0.0,0.0
2023-12-13,1308.0,167877.0,134421.0,1327.25,237133.0,101067.0,-19.25,-0.0147171253822517,-12610.0,7879.0,-20489.0,1.3300187004660142,0.7079444868491492,-0.0113378684807256,0.009648784253184,-0.0445580715850986,245,0.0,0.0,0.0,1755,0.0,0.0,0.0,49.9,0.0,0.0,0.0
2023-12-14,1315.25,158748.0,92835.0,1333.5,244252.0,64333.0,-18.25,-0.0138756890324927,-9129.0,7119.0,-16248.0,1.4430385649666355,0.6499353127098216,0.0055428134556574,0.0041992746707386,-0.0392622352081811,245,0.0,0.0,0.0,1755,0.0,0.0,0.0,49.9,0.0,0.0,0.0
2023-12-15,1315.25,145123.0,104871.0,1332.25,255918.0,87543.0,-17.0,-0.0129252993727329,-13625.0,11666.0,-25291.0,1.1979370138103422,0.5670683578333663,0.0,0.0084339658807743,-0.0503610108303249,245,0.0,0.0,0.0,1755,0.0,0.0,0.0,49.9,0.0,0.0,0.0
2023-12-18,1326.75,131827.0,105952.0,1339.75,262846.0,94942.0,-13.0,-0.0097983794987678,-13296.0,6928.0,-20224.0,1.1159655368540675,0.501537021678091,0.0087435848697965,-0.0065518532384875,-0.0244485294117646,245,0.0,0.0,0.0,1755,0.0,0.0,0.0,49.9,0.0,0.0,0.0
2023-12-19,1313.0,110260.0,136922.0,1322.25,267542.0,127196.0,-9.25,-0.0070449352627516,-21567.0,4696.0,-26263.0,1.076464668700265,0.4121222088494501,-0.0103636706237045,-0.0075585789871503,-0.0225200074446305,245,0.0,0.0,0.0,1755,0.0,0.0,0.0,49.9,0.0,0.0,0.0
2023-12-20,1308.0,85132.0,101196.0,1315.75,261791.0,121941.0,-7.75,-0.0059250764525948,-25128.0,-5751.0,-19377.0,0.8298767436711129,0.3251907055628332,-0.0038080731150038,0.0,-0.0417582417582417,245,0.0,0.0,0.0,1755,0.0,0.0,0.0,49.9,0.0,0.0,0.0
2023-12-21,1297.0,73416.0,71637.0,1301.25,269127.0,98809.0,-4.25,-0.0032767925983012,-11716.0,7336.0,-19052.0,0.7250048072543925,0.27279314227112,-0.0084097859327216,-0.0138756890325033,-0.0565557374068012,245,0.0,0.0,0.0,1755,0.0,0.0,0.0,49.9,0.0,0.0,0.0
2023-12-22,1297.0,57399.0,52365.0,1305.5,270679.0,82295.0,-8.5,-0.0065535851966025,-16017.0,1552.0,-17569.0,0.6363084026976045,0.2120556083035617,0.0,-0.0138756890325033,-0.0450947910914779,245,0.0,0.0,0.0,1755,0.0,0.0,0.0,49.9,0.0,0.0,0.0
2023-12-26,1300.0,40303.0,34317.0,1317.0,271990.0,73156.0,-17.0,-0.013076923076913,-17096.0,1311.0,-18407.0,0.4690934441467484,0.1481782418471262,0.0023130300693909,-0.0201620501224797,-0.0223726264335401,245,0.0,0.0,0.0,1755,0.0,0.0,0.0,49.9,0.0,0.0,0.0
2023-12-27,1316.0,24271.0,37407.0,1319.25,276952.0,81921.0,-3.25,-0.00246960486322,-16032.0,4962.0,-20994.0,0.4566228439594187,0.0876361246714229,0.0123076923076923,0.0022848438690021,-0.0095954844778927,245,0.0,0.0,0.0,1755,0.0,0.0,0.0,49.9,0.0,0.0,0.0
2023-12-28,1305.25,8231.0,23869.0,1311.25,284897.0,90198.0,-6.0,-0.0045968205324615,-16040.0,7945.0,-23985.0,0.2646289274706727,0.02889114311488,-0.0081686930091184,-0.0021024464831804,-0.0300947427085268,245,0.0,0.0,0.0,1755,0.0,0.0,0.0,49.9,0.0,0.0,0.0
2023-12-29,1292.0,4526.0,6682.0,1297.0,289047.0,83912.0,-5.0,-0.0038699690402446,-3705.0,4150.0,-7855.0,0.0796310420440452,0.0156583531398007,-0.0101513120091936,-0.0038550501156514,-0.0404753063497957,245,0.0,0.0,0.0,1755,0.0,0.0,0.0,49.9,0.0,0.0,0.0
2024-01-02,1260.25,2738.0,2675.0,1273.0,293134.0,120524.0,-12.75,-0.0101170402697797,-1788.0,4087.0,-5875.0,0.0221947495934417,0.0093404381613869,-0.0245743034055727,-0.0283346183500385,-0.0609165424739195,245,0.0,0.0,0.0,1755,0.0,0.0,0.0,49.9,0.0,0.0,0.0
2024-01-03,1260.25,1857.0,2363.0,1276.5,289776.0,101043.0,-16.25,-0.0128942670105035,-881.0,-3358.0,2477.0,0.0233860831527169,0.0064083982110319,0.0,-0.030576923076923,-0.0485088712721781,245,0.0,0.0,0.0,1755,0.0,0.0,0.0,49.9,0.0,0.0,0.0
2024-01-04,1256.0,1512.0,353.0,1266.5,290914.0,90810.0,-10.5,-0.0083598726114583,-345.0,1138.0,-1483.0,0.0038872370884263,0.0051974122936675,-0.0033723467565959,-0.0455927051671732,-0.0384688995215311,245,0.0,0.0,0.0,1755,0.0,0.0,0.0,49.9,0.0,0.0,0.0
2024-01-05,1244.75,920.0,1000.0,1256.0,291770.0,89364.0,-11.25,-0.009037959429597,-592.0,856.0,-1448.0,0.0111901884427732,0.0031531685916989,-0.0089570063694267,-0.0463512737023559,-0.0483562691131498,245,0.0,0.0,0.0,1755,0.0,0.0,0.0,49.9,0.0,0.0,0.0
2024-01-08,,745.0,255.0,1244.0,295155.0,122347.0,,,-175.0,3385.0,-3560.0,0.0020842358210662,0.0025240975080889,0.0,-0.0365712074303405,-0.0391740640679274,245,0.0,0.0,0.0,1755,0.0,0.0,0.0,49.9,0.0,0.0,0.0
2024-01-09,,575.0,158.0,1247.75,294856.0,109857.0,,,-170.0,-299.0,129.0,0.0014382333397052,0.0019501044577692,0.0,-0.0122991469946439,-0.0496277915632754,245,0.0,0.0,0.0,1755,0.0,0.0,0.0,49.9,0.0,0.0,0.0
2024-01-10,,470.0,307.0,1235.25,300696.0,111664.0,,,-105.0,5840.0,-5945.0,0.0027493193867315,0.0015630404129087,0.0,-0.0122991469946439,-0.0456200881732796,245,0.0,0.0,0.0,1755,0.0,0.0,0.0,49.9,0.0,0.0,0.0
2024-01-11,,99.0,220.0,1235.75,297261.0,112166.0,,,-371.0,-3435.0,3064.0,0.0019613786708984,0.000333040661237,0.0,-0.0089570063694267,-0.0679520778734555,245,0.0,0.0,0.0,1755,0.0,0.0,0.0,49.9,0.0,0.0,0.0
2024-01-12,,79.0,91.0,1224.0,294702.0,237245.0,,,-20.0,-2559.0,2539.0,0.0003835697274968,0.0002680674036823,0.0,0.0,-0.059145880574452,245,0.0,0.0,0.0,1755,0.0,0.0,0.0,49.9,0.0,0.0,0.0
2024-01-16,1227.0,297053.0,140122.0,1239.0,153640.0,53381.0,-12.0,-0.0097799511002365,296974.0,-141062.0,438036.0,2.6249414585713526,1.9334353033064184,-0.0142598915444868,-0.0142598915444868,-0.0619266055045871,245,0.0,0.0,0.0,1755,0.0,0.0,0.0,49.9,0.0,0.0,0.0
2024-01-17,1205.0,301985.0,138322.0,1216.25,155457.0,53006.0,-11.25,-0.0093360995850544,4932.0,1817.0,3115.0,2.6095536354374484,1.942562895205736,-0.0179299103504482,-0.0319341233179353,-0.0838243679908762,245,0.0,0.0,0.0,1755,0.0,0.0,0.0,49.9,0.0,0.0,0.0
2024-01-18,1213.0,298811.0,112771.0,1223.0,161030.0,47402.0,-10.0,-0.0082440230832578,-3174.0,5573.0,-8747.0,2.3790346398885625,1.855623175805739,0.0066390041493775,-0.0255071299457722,-0.077741874168409,245,0.0,0.0,0.0,1755,0.0,0.0,0.0,49.9,0.0,0.0,0.0
2024-01-19,1212.75,302323.0,96455.0,1223.0,164370.0,47199.0,-10.25,-0.0084518655947157,3512.0,3340.0,172.0,2.0435814318099528,1.8392833242075697,-0.0002061005770815,-0.0257079734886523,-0.0859242509892594,245,0.0,0.0,0.0,1755,0.0,0.0,0.0,49.9,0.0,0.0,0.0
2024-01-22,1223.0,307884.0,94437.0,1232.25,170084.0,39810.0,-9.25,-0.0075633687653249,5561.0,5714.0,-153.0,2.3721929163526156,1.8101879071517497,0.0084518655947227,-0.0174733882305684,-0.0685453160700685,245,0.0,0.0,0.0,1755,0.0,0.0,0.0,49.9,0.0,0.0,0.0
2024-01-23,1237.5,309416.0,107718.0,1246.25,173034.0,49423.0,-8.75,-0.0070707070707013,1532.0,2950.0,-1418.0,2.179511563442078,1.788180357617568,0.0118560915780867,0.0085574572127138,-0.0538990825688073,245,0.0,0.0,0.0,1755,0.0,0.0,0.0,49.9,0.0,0.0,0.0
2024-01-24,1240.0,309536.0,130579.0,1245.0,174326.0,61451.0,-5.0,-0.0040322580645128,120.0,1292.0,-1172.0,2.124928805064163,1.7756158002822198,0.002020202020202,0.0290456431535268,-0.0439475713184271,245,0.0,0.0,0.0,1755,0.0,0.0,0.0,49.9,0.0,0.0,0.0
2024-01-25,1223.0,306288.0,138526.0,1229.0,173135.0,63343.0,-6.0,-0.0049059689288594,-3248.0,-1191.0,-2057.0,2.186918838703532,1.7690703786062798,-0.0137096774193548,0.0082440230832645,-0.0570547417116422,245,0.0,0.0,0.0,1755,0.0,0.0,0.0,49.9,0.0,0.0,0.0
2024-01-26,1208.5,305640.0,112232.0,1215.0,170841.0,47352.0,-6.5,-0.0053785684733095,-648.0,-2294.0,1646.0,2.3701638790335706,1.789031906860755,-0.0118560915780866,-0.0035044320758605,-0.0703846153846153,245,0.0,0.0,0.0,1755,0.0,0.0,0.0,49.9,0.0,0.0,0.0
2024-01-29,1192.0,306698.0,160776.0,1203.5,179399.0,91499.0,-11.5,-0.0096476510067033,1058.0,8558.0,-7500.0,1.7571339577481528,1.709585895127611,-0.0136532892014894,-0.0253475061324611,-0.0942249240121581,245,0.0,0.0,0.0,1755,0.0,0.0,0.0,49.9,0.0,0.0,0.0
2024-01-30,1220.0,307744.0,133600.0,1227.75,182662.0,66484.0,-7.75,-0.0063524590163882,1046.0,3263.0,-2217.0,2.009506046567565,1.6847729686524746,0.0234899328859059,-0.0141414141414141,-0.0653131583987741,245,0.0,0.0,0.0,1755,0.0,0.0,0.0,49.9,0.0,0.0,0.0
2024-01-31,1222.0,301792.0,131031.0,1232.25,180657.0,62166.0,-10.25,-0.0083878887070307,-5952.0,-2005.0,-3947.0,2.107759868738505,1.6705248066778389,0.001639344262295,-0.014516129032258,-0.0541795665634674,280,35.0,35.0,4.8989794848806385,1755,0.0,0.0,0.0,50.6,0.7000000000000028,0.7000000000000028,4.898979451280643
2024-02-01,1202.75,301774.0,117651.0,1213.0,187093.0,58113.0,-10.25,-0.0085221367698952,-18.0,6436.0,-6454.0,2.024521191471753,1.6129625373477277,-0.0157528641571195,-0.0165576451349142,-0.0456258678833564,280,0.0,0.0,0.0,1755,0.0,0.0,0.0,50.6,0.0,0.0,0.0
2024-02-02,1187.75,297694.0,101687.0,1197.5,191493.0,51654.0,-9.75,-0.0082087981477514,-4080.0,4400.0,-8480.0,1.968618112827623,1.5545946849232006,-0.0124714196632716,-0.017170045510964,-0.0575282682007538,280,0.0,0.0,0.0,1755,0.0,0.0,0.0,50.6,0.0,0.0,0.0
2024-02-05,1196.0,296638.0,133159.0,1204.25,198575.0,71101.0,-8.25,-0.006897993311031,-1056.0,7082.0,-8138.0,1.87281472834416,1.4938335641445224,0.0069459061250263,0.0033557046979866,-0.0477707006369426,280,0.0,0.0,0.0,1755,0.0,0.0,0.0,50.6,0.0,0.0,0.0
2024-02-06,1198.75,288473.0,104104.0,1208.0,206206.0,67125.0,-9.25,-0.0077163712200144,-8165.0,7631.0,-15796.0,1.550897579143366,1.3989554135185136,0.0022993311036789,-0.0174180327868852,-0.0369552118899377,280,0.0,0.0,0.0,1755,0.0,0.0,0.0,50.6,0.0,0.0,0.0
2024-02-07,1187.75,269491.0,137235.0,1197.5,217570.0,89086.0,-9.75,-0.0082087981477514,-18982.0,11364.0,-30346.0,1.5404777406101795,1.2386404375603195,-0.0091762252346193,-0.0280278232405891,-0.0457923277766619,280,0.0,0.0,0.0,1755,0.0,0.0,0.0,50.6,0.0,0.0,0.0
2024-02-08,1193.75,253964.0,165204.0,1201.0,231449.0,111672.0,-7.25,-0.0060732984293142,-15527.0,13879.0,-29406.0,1.4793681495809023,1.0972784501121151,0.0050515680909282,-0.007482851797963,-0.0409720827475397,280,0.0,0.0,0.0,1755,0.0,0.0,0.0,50.6,0.0,0.0,0.0
2024-02-09,1183.0,240205.0,120117.0,1190.0,239441.0,85814.0,-7.0,-0.0059171597633086,-13759.0,7992.0,-21751.0,1.399736639709122,1.0031907651571743,-0.0090052356020942,-0.0039991580719848,-0.0496083550913838,280,0.0,0.0,0.0,1755,0.0,0.0,0.0,50.6,0.0,0.0,0.0
2024-02-12,1191.75,224884.0,114463.0,1196.75,253052.0,82085.0,-5.0,-0.0041955108034367,-15321.0,13611.0,-28932.0,1.3944447828470317,0.8886869102002716,0.0073964497041421,-0.0035535117056856,-0.0425788310905804,280,0.0,0.0,0.0,1755,0.0,0.0,0.0,50.6,0.0,0.0,0.0
2024-02-13,1186.0,200440.0,132884.0,1192.0,272681.0,101073.0,-6.0,-0.005059021922424,-24444.0,19629.0,-44073.0,1.31473291581331,0.7350713837781117,-0.0048248374239563,-0.0106360792492179,-0.0471982325768226,280,0.0,0.0,0.0,1755,0.0,0.0,0.0,50.6,0.0,0.0,0.0
2024-02-14,1167.5,191646.0,128628.0,1175.25,289289.0,98517.0,-7.75,-0.0066381156316859,-8794.0,16608.0,-25402.0,1.305642680958603,0.6624724756212623,-0.0155986509274873,-0.0170490423068827,-0.0484922575387123,280,0.0,0.0,0.0,1755,0.0,0.0,0.0,50.6,0.0,0.0,0.0
2024-02-15,1162.75,183945.0,135571.0,1165.0,300479.0,102716.0,-2.25,-0.0019350677273687,-7701.0,11190.0,-18891.0,1.3198625335877436,0.6121725644720576,-0.00406852248394,-0.0259685863874346,-0.0350622406639004,280,0.0,0.0,0.0,1755,0.0,0.0,0.0,50.6,0.0,0.0,0.0
2024-02-16,1171.75,178758.0,99941.0,1176.0,306906.0,88368.0,-4.25,-0.0036270535523758,-5187.0,6427.0,-11614.0,1.1309636972659658,0.5824519559734884,0.0077402709094818,-0.0095097210481825,-0.0340065952184666,280,0.0,0.0,0.0,1755,0.0,0.0,0.0,50.6,0.0,0.0,0.0
2024-02-20,1178.75,169009.0,145020.0,1184.0,311617.0,104278.0,-5.25,-0.004453870625659,-9749.0,4711.0,-14460.0,1.3907056138399143,0.5423612960781968,0.0059739705568593,-0.0109083280889448,-0.0280354566068852,280,0.0,0.0,0.0,1755,0.0,0.0,0.0,50.6,0.0,0.0,0.0
2024-02-21,1159.75,153975.0,113652.0,1164.25,318564.0,112813.0,-4.5,-0.003880146583312,-15034.0,6947.0,-21981.0,1.0074370861514097,0.4833408671412951,-0.016118769883351,-0.0221332209106239,-0.0517170891251022,280,0.0,0.0,0.0,1755,0.0,0.0,0.0,50.6,0.0,0.0,0.0
2024-02-22,1147.0,133403.0,136672.0,1152.5,320350.0,143433.0,-5.5,-0.0047951176983393,-20572.0,1786.0,-22358.0,0.9528630092098684,0.4164289058841879,-0.0109937486527268,-0.0175588865096359,-0.0731313131313131,280,0.0,0.0,0.0,1755,0.0,0.0,0.0,50.6,0.0,0.0,0.0
2024-02-23,1133.0,88340.0,125088.0,1141.25,331820.0,167462.0,-8.25,-0.0072815533980518,-45063.0,11470.0,-56533.0,0.7469634902246436,0.2662286781990228,-0.012205754141238,-0.0255858955063427,-0.0862903225806451,280,0.0,0.0,0.0,1755,0.0,0.0,0.0,50.6,0.0,0.0,0.0
2024-02-26,1133.25,51561.0,98731.0,1142.75,335584.0,161757.0,-9.5,-0.0083829693359731,-36779.0,3764.0,-40543.0,0.6103661665337475,0.1536455850100119,0.0002206531332744,-0.0328568380627266,-0.0733851185609157,280,0.0,0.0,0.0,1755,0.0,0.0,0.0,50.6,0.0,0.0,0.0
2024-02-27,1131.0,21446.0,79533.0,1141.75,339612.0,173774.0,-10.75,-0.0095048629531304,-30115.0,4028.0,-34143.0,0.4576806656922183,0.0631485342096272,-0.0019854401058901,-0.04050901378579,-0.0641290856433595,280,0.0,0.0,0.0,1755,0.0,0.0,0.0,50.6,0.0,0.0,0.0
2024-02-28,1121.0,3667.0,37481.0,1145.25,345060.0,129923.0,-24.25,-0.0216324710080092,-17779.0,5448.0,-23227.0,0.2884862572446734,0.0106271373094533,-0.008841732979664,-0.0334123733563267,-0.0595637583892617,280,0.0,0.0,0.0,1755,0.0,0.0,0.0,50.6,0.0,0.0,0.0
2024-02-29,1118.0,2203.0,4459.0,1138.0,342426.0,142367.0,-20.0,-0.0178890876565135,-1464.0,-2634.0,1170.0,0.0313204604999751,0.0064335068014694,-0.0026761819803746,-0.025283347863993,-0.0836065573770491,315,35.0,35.0,3.54195631578304,1720,-35.0,-35.0,-4.898979484880643,50.6,0.0,0.0,0.0
2024-03-01,1118.0,1617.0,763.0,1149.5,340916.0,104105.0,-31.5,-0.0281753130590087,-586.0,-1510.0,924.0,0.0073291388501992,0.0047431038730948,0.0,-0.0132391879964695,-0.0851063829787234,315,0.0,0.0,0.0,1720,0.0,0.0,0.0,50.6,0.0,0.0,0.0
2024-03-04,1118.0,1137.0,404.0,1155.0,338263.0,112791.0,-37.0,-0.03309481216455,-480.0,-2653.0,2173.0,0.0035818460692785,0.0033612898839068,0.0,-0.0134568718288109,-0.0704635210974848,315,0.0,0.0,0.0,1720,0.0,0.0,0.0,50.6,0.0,0.0,0.0
2024-03-05,1128.0,781.0,1080.0,1149.0,344165.0,120022.0,-21.0,-0.0186170212765792,-356.0,5902.0,-6258.0,0.0089983503024444,0.0022692603838275,0.0089445438282647,-0.0026525198938992,-0.0503051989054935,315,0.0,0.0,0.0,1720,0.0,0.0,0.0,50.6,0.0,0.0,0.0
2024-03-06,1128.0,484.0,287.0,1148.0,347516.0,102488.0,-20.0,-0.0177304964538849,-297.0,3351.0,-3648.0,0.0028003278432596,0.0013927416291623,0.0,0.0062444246208741,-0.0568561872909698,315,0.0,0.0,0.0,1720,0.0,0.0,0.0,50.6,0.0,0.0,0.0
2024-03-07,1128.0,289.0,443.0,1165.75,349012.0,146027.0,-37.75,-0.0334663120567079,-195.0,1496.0,-1691.0,0.0030336855513021,0.0008280517575326,0.0,0.0089445438282647,-0.0590198123044838,315,0.0,0.0,0.0,1720,0.0,0.0,0.0,50.6,0.0,0.0,0.0
2024-03-08,1100.0,139.0,199.0,1182.5,346116.0,192517.0,-82.5,-0.0749999999999318,-150.0,-2896.0,2746.0,0.0010336749481863,0.0004015994637635,-0.0248226950354609,-0.0161001788908765,-0.0738791833298253,315,0.0,0.0,0.0,1720,0.0,0.0,0.0,50.6,0.0,0.0,0.0
2024-03-11,1100.0,67.0,42.0,1179.0,344224.0,129942.0,-79.0,-0.0718181818181165,-72.0,-1892.0,1820.0,0.0003232211294269,0.0001946406990796,0.0,-0.0161001788908765,-0.0785340314136125,315,0.0,0.0,0.0,1720,0.0,0.0,0.0,50.6,0.0,0.0,0.0
2024-03-12,1100.0,52.0,73.0,1192.0,344778.0,143451.0,-92.0,-0.0836363636362876,-15.0,554.0,-569.0,0.0005088845668555,0.0001508216881587,0.0,-0.0248226950354609,-0.0701606086221471,315,0.0,0.0,0.0,1720,0.0,0.0,0.0,50.6,0.0,0.0,0.0
2024-03-13,1100.0,46.0,24.0,1195.75,343586.0,127499.0,-95.75,-0.0870454545453754,-6.0,-1192.0,1186.0,0.0001882367704844,0.0001338820557298,0.0,-0.0248226950354609,-0.0769876232431298,315,0.0,0.0,0.0,1720,0.0,0.0,0.0,50.6,0.0,0.0,0.0
2024-03-14,,38.0,66.0,1194.0,341709.0,164064.0,,,-8.0,-1877.0,1869.0,0.0004022820362785,0.0001112057335335,0.0,-0.0248226950354609,-0.072512647554806,315,0.0,0.0,0.0,1720,0.0,0.0,0.0,50.6,0.0,0.0,0.0
2024-03-15,1198.0,345700.0,117888.0,1212.5,193807.0,58236.0,-14.5,-0.0121035058430616,345662.0,-147902.0,493564.0,2.02431485678958,1.7837333016867205,0.0890909090909091,0.0890909090909091,0.0261241970021413,315,0.0,0.0,0.0,1720,0.0,0.0,0.0,50.6,0.0,0.0,0.0
2024-03-18,1189.0,341101.0,97550.0,1202.5,194695.0,43328.0,-13.5,-0.0113540790580224,-4599.0,888.0,-5487.0,2.251430945347068,1.751976167852273,-0.0075125208681134,0.0809090909090908,0.0225757901526553,315,0.0,0.0,0.0,1720,0.0,0.0,0.0,50.6,0.0,0.0,0.0
2024-03-19,1185.75,341141.0,103620.0,1200.25,201062.0,57441.0,-14.5,-0.0122285473329013,40.0,6367.0,-6327.0,1.803937953726401,1.6966955466472944,-0.0027333894028594,0.0779545454545453,0.0119479411137188,315,0.0,0.0,0.0,1720,0.0,0.0,0.0,50.6,0.0,0.0,0.0
2024-03-20,1205.0,339774.0,161255.0,1223.0,200862.0,81197.0,-18.0,-0.0149377593360871,-1367.0,-200.0,-1167.0,1.9859723881423943,1.691579293246101,0.016234450769555,0.0954545454545454,0.0222693531283137,315,0.0,0.0,0.0,1720,0.0,0.0,0.0,50.6,0.0,0.0,0.0
2024-03-21,1211.75,337721.0,150049.0,1224.5,207208.0,72922.0,-12.75,-0.0105219723540247,-2053.0,6346.0,-8399.0,2.057664353692959,1.629864677039489,0.0056016597510373,0.101590909090909,0.0448372494071998,315,0.0,0.0,0.0,1720,0.0,0.0,0.0,50.6,0.0,0.0,0.0
2024-03-22,1191.75,336008.0,121895.0,1204.75,209887.0,54941.0,-13.0,-0.0109083280889356,-1713.0,2679.0,-4392.0,2.218652736571918,1.600899531652739,-0.0165050546729935,-0.0052170283806344,0.0390148212728858,315,0.0,0.0,0.0,1720,0.0,0.0,0.0,50.6,0.0,0.0,0.0
2024-03-25,1206.0,332029.0,106767.0,1220.25,210607.0,56442.0,-14.25,-0.0118159203980001,-3979.0,720.0,-4699.0,1.8916232592749749,1.5765335435194388,0.0119572057898049,0.0142977291841883,0.0644307149161518,315,0.0,0.0,0.0,1720,0.0,0.0,0.0,50.6,0.0,0.0,0.0
2024-03-26,1198.0,333133.0,119009.0,1211.25,215565.0,69388.0,-13.25,-0.0110601001669356,1104.0,4958.0,-3854.0,1.715123652504731,1.5453946605432165,-0.0066334991708125,0.0103310141260806,0.0571365541583939,315,0.0,0.0,0.0,1720,0.0,0.0,0.0,50.6,0.0,0.0,0.0
2024-03-27,1191.0,329008.0,104399.0,1206.5,215782.0,61058.0,-15.5,-0.0130142737195524,-4125.0,217.0,-4342.0,1.7098332732811146,1.5247240270272706,-0.0058430717863104,-0.0116182572614107,0.0530503978779841,315,0.0,0.0,0.0,1720,0.0,0.0,0.0,50.6,0.0,0.0,0.0
2024-03-28,1191.0,326585.0,160360.0,1205.25,223142.0,92979.0,-14.25,-0.0119647355163627,-2423.0,7360.0,-9783.0,1.7246905215155923,1.463574764051584,0.0,-0.0171239942232308,0.0624442462087422,315,0.0,0.0,0.0,1720,0.0,0.0,0.0,50.6,0.0,0.0,0.0
2024-04-01,1185.0,320353.0,104397.0,1199.75,230158.0,68993.0,-14.75,-0.0124472573839557,-6232.0,7016.0,-13248.0,1.5131535083269096,1.391882967352856,-0.0050377833753149,-0.0056639395846443,0.0599284436493738,315,0.0,0.0,0.0,1720,0.0,0.0,0.0,50.6,0.0,0.0,0.0
2024-04-02,1175.0,321515.0,173481.0,1188.5,234798.0,102108.0,-13.5,-0.0114893617021178,1162.0,4640.0,-3478.0,1.698995181572436,1.3693259738157848,-0.0084388185654008,-0.0257048092868988,0.0509838998211091,315,0.0,0.0,0.0,1720,0.0,0.0,0.0,50.6,0.0,0.0,0.0
2024-04-03,1182.25,312148.0,160346.0,1195.25,240353.0,102991.0,-13.0,-0.0109959822372501,-9367.0,5555.0,-14922.0,1.5568933207755866,1.2987064858770172,0.0061702127659575,-0.0131469115191986,0.0574686940966011,315,0.0,0.0,0.0,1720,0.0,0.0,0.0,50.6,0.0,0.0,0.0
2024-04-04,1180.0,311432.0,119935.0,1192.25,244492.0,77082.0,-12.25,-0.0103813559321945,-716.0,4139.0,-4855.0,1.5559404270776374,1.2737921895194884,-0.0019031507718333,-0.0092359361880772,0.0460992907801418,315,0.0,0.0,0.0,1720,0.0,0.0,0.0,50.6,0.0,0.0,0.0
2024-04-05,1186.25,301305.0,162613.0,1197.5,254285.0,107538.0,-11.25,-0.0094836670179055,-10127.0,9793.0,-19920.0,1.51214454425411,1.1849106317714329,0.0052966101694915,-0.0039882451721242,0.0516400709219857,315,0.0,0.0,0.0,1720,0.0,0.0,0.0,50.6,0.0,0.0,0.0
2024-04-08,1181.0,287416.0,159389.0,1193.75,260683.0,116540.0,-12.75,-0.0107959356477469,-13889.0,6398.0,-20287.0,1.367676334305806,1.1025498402273983,-0.0044257112750263,-0.0033755274261603,0.0469858156028368,315,0.0,0.0,0.0,1720,0.0,0.0,0.0,50.6,0.0,0.0,0.0
2024-04-09,1174.0,272287.0,167029.0,1188.0,277453.0,98489.0,-14.0,-0.0119250425894276,-15129.0,16770.0,-31899.0,1.695915279878954,0.9813806302328648,-0.0059271803556307,-0.0008510638297872,0.0672727272727273,315,0.0,0.0,0.0,1720,0.0,0.0,0.0,50.6,0.0,0.0,0.0
2024-04-10,1163.75,263607.0,156535.0,1177.75,286733.0,109723.0,-14.0,-0.0120300751879595,-8680.0,9280.0,-17960.0,1.42663798838893,0.9193465698053558,-0.0087308347529813,-0.0156481285684076,0.0579545454545453,315,0.0,0.0,0.0,1720,0.0,0.0,0.0,50.6,0.0,0.0,0.0
2024-04-11,1159.0,246200.0,163734.0,1172.75,309151.0,119984.0,-13.75,-0.0118636755823883,-17407.0,22418.0,-39825.0,1.3646319509267788,0.7963745871758435,-0.0040816326530612,-0.0177966101694915,0.0536363636363637,315,0.0,0.0,0.0,1720,0.0,0.0,0.0,50.6,0.0,0.0,0.0
2024-04-12,1172.75,236195.0,160130.0,1185.0,319738.0,116205.0,-12.25,-0.0104455340012701,-10005.0,10587.0,-20592.0,1.377995783313959,0.7387141972489953,0.0118636755823986,-0.0113804004214963,0.0661363636363636,315,0.0,0.0,0.0,1720,0.0,0.0,0.0,50.6,0.0,0.0,0.0
2024-04-15,1158.0,226026.0,134465.0,1171.0,328761.0,89743.0,-13.0,-0.0112262521588849,-10169.0,9023.0,-19192.0,1.498334131909993,0.6875085548468319,-0.012577275634193,-0.0194750211685013,0.0527272727272727,315,0.0,0.0,0.0,1720,0.0,0.0,0.0,50.6,0.0,0.0,0.0
2024-04-16,1144.75,214649.0,148376.0,1160.5,343893.0,125405.0,-15.75,-0.0137584625463954,-11377.0,15132.0,-26509.0,1.1831745145727748,0.6241737982453827,-0.0114421416234887,-0.0249148211243611,-0.044449081803005,315,0.0,0.0,0.0,1720,0.0,0.0,0.0,50.6,0.0,0.0,0.0
2024-04-17,1149.0,199361.0,104230.0,1163.5,351205.0,90616.0,-14.5,-0.0126196692776217,-15288.0,7312.0,-22600.0,1.1502383685000317,0.5676485243661094,0.0037126010045862,-0.0126745435016111,-0.033641715727502,315,0.0,0.0,0.0,1720,0.0,0.0,0.0,50.6,0.0,0.0,0.0
2024-04-18,1133.5,181974.0,109349.0,1148.25,356022.0,113387.0,-14.75,-0.0130127922364243,-17387.0,4817.0,-22204.0,0.9643874518242748,0.5111313345804459,-0.0134899912967798,-0.0220017256255392,-0.0440649378030781,315,0.0,0.0,0.0,1720,0.0,0.0,0.0,50.6,0.0,0.0,0.0
2024-04-19,1150.0,164514.0,124590.0,1164.75,366200.0,136568.0,-14.75,-0.0128260869565105,-17460.0,10178.0,-27638.0,0.9122927772245262,0.449246313489895,0.0145566828407586,-0.0193988488595182,-0.0456431535269709,315,0.0,0.0,0.0,1720,0.0,0.0,0.0,50.6,0.0,0.0,0.0
2024-04-22,1160.5,146013.0,107395.0,1176.5,370508.0,151665.0,-16.0,-0.0137871607065801,-18501.0,4308.0,-22809.0,0.7081066824910117,0.3940886566551859,0.0091304347826086,0.0021588946459412,-0.042294202599546,315,0.0,0.0,0.0,1720,0.0,0.0,0.0,50.6,0.0,0.0,0.0
2024-04-23,1166.25,119682.0,112266.0,1181.0,368742.0,144321.0,-14.75,-0.0126473740621542,-26331.0,-1766.0,-24565.0,0.7778909514207858,0.3245683974160787,0.0049547608789315,0.0187813933173182,-0.0213971050975456,315,0.0,0.0,0.0,1720,0.0,0.0,0.0,50.6,0.0,0.0,0.0
2024-04-24,1165.5,100123.0,92302.0,1177.25,373436.0,155917.0,-11.75,-0.0100815100815014,-19559.0,4694.0,-24253.0,0.5919944585901435,0.2681128761019284,-0.0006430868167202,0.0143603133159269,-0.0335820895522388,315,0.0,0.0,0.0,1720,0.0,0.0,0.0,50.6,0.0,0.0,0.0
2024-04-25,1161.25,78428.0,106684.0,1179.75,369674.0,173908.0,-18.5,-0.015931108719039,-21695.0,-3762.0,-17933.0,0.6134507900729086,0.2121544928775077,-0.0036465036465036,0.0244816938685488,-0.0306761268781302,315,0.0,0.0,0.0,1720,0.0,0.0,0.0,50.6,0.0,0.0,0.0
2024-04-26,1153.0,40350.0,78879.0,1177.25,368310.0,136038.0,-24.25,-0.0210320901994613,-38078.0,-1364.0,-36714.0,0.5798306355577076,0.1095544514132114,-0.0071044133476856,0.0026086956521738,-0.031905961376994,315,0.0,0.0,0.0,1720,0.0,0.0,0.0,50.6,0.0,0.0,0.0
2024-04-29,1161.0,7139.0,58269.0,1180.25,378697.0,173726.0,-19.25,-0.0165805340223802,-33211.0,10387.0,-43598.0,0.3354074807455399,0.0188514828477647,0.0069384215091066,0.0004308487720809,-0.0251889168765743,315,0.0,0.0,0.0,1720,0.0,0.0,0.0,50.6,0.0,0.0,0.0
2024-04-30,1146.0,3199.0,5743.0,1162.25,380807.0,153691.0,-16.25,-0.0141797556718898,-3940.0,2110.0,-6050.0,0.0373671848058764,0.0084005808716751,-0.0129198966408268,-0.0173633440514469,-0.0329113924050632,340,25.0,25.0,4.898979484606347,1700,-20.0,-20.0,-4.898979484366359,50.6,0.0,0.0,0.0
2024-05-01,1141.0,1651.0,3404.0,1169.5,387079.0,88675.0,-28.5,-0.0249780893952454,-1548.0,6272.0,-7820.0,0.0383873696081191,0.0042652791807357,-0.0043630017452006,-0.0210210210210209,-0.0289361702127659,340,0.0,0.0,0.0,1700,0.0,0.0,0.0,50.6,0.0,0.0,0.0
2024-05-02,1190.0,996.0,2408.0,1199.0,396742.0,189776.0,-9.0,-0.0075630252100776,-655.0,9663.0,-10318.0,0.0126886434533343,0.0025104475956666,0.0429447852760735,0.0247578040904197,0.0065552971029816,340,0.0,0.0,0.0,1700,0.0,0.0,0.0,50.6,0.0,0.0,0.0
2024-05-03,1155.0,603.0,711.0,1215.0,388687.0,166937.0,-60.0,-0.0519480519480069,-393.0,-8055.0,7662.0,0.0042590917531763,0.0015513768147635,-0.0294117647058823,0.0017346053772766,-0.0211864406779661,340,0.0,0.0,0.0,1700,0.0,0.0,0.0,50.6,0.0,0.0,0.0
2024-05-06,1155.0,193.0,486.0,1244.75,378455.0,227964.0,-89.75,-0.0777056277055604,-410.0,-10232.0,9822.0,0.0021319155656156,0.000509968160019,0.0,-0.0051679586563307,-0.0263435194942044,340,0.0,0.0,0.0,1700,0.0,0.0,0.0,50.6,0.0,0.0,0.0
2024-05-07,1228.0,180.0,51.0,1244.75,369720.0,189975.0,-16.75,-0.0136400651465686,-13.0,-8735.0,8722.0,0.0002684563758389,0.0004868549172346,0.0632034632034632,0.0715532286212914,0.0397967823878069,340,0.0,0.0,0.0,1700,0.0,0.0,0.0,50.6,0.0,0.0,0.0
2024-05-08,1196.5,175.0,87.0,1227.75,359838.0,151411.0,-31.25,-0.0261178437108014,-5.0,-9882.0,9877.0,0.0005745949765869,0.0004863299595929,-0.0256514657980455,0.0486415425065731,0.0191652470187393,340,0.0,0.0,0.0,1700,0.0,0.0,0.0,50.6,0.0,0.0,0.0
2024-05-09,1128.0,125.0,66.0,1209.75,350114.0,151107.0,-81.75,-0.0724734042552549,-50.0,-9724.0,9674.0,0.0004367765887748,0.0003570265684891,-0.0572503134141245,-0.0521008403361344,-0.0307196562835661,340,0.0,0.0,0.0,1700,0.0,0.0,0.0,50.6,0.0,0.0,0.0
2024-05-10,1128.0,48.0,82.0,1219.0,353089.0,149162.0,-91.0,-0.0806737588651767,-77.0,2975.0,-3052.0,0.0005497378688942,0.0001359430625139,0.0,-0.0233766233766233,-0.0267471958584987,340,0.0,0.0,0.0,1700,0.0,0.0,0.0,50.6,0.0,0.0,0.0
2024-05-13,1128.0,1.0,6.0,1219.0,351526.0,132053.0,-91.0,-0.0806737588651767,-47.0,-1563.0,1516.0,4.543630209082683e-05,2.84473979165125e-06,0.0,-0.0233766233766233,-0.0381581752291622,340,0.0,0.0,0.0,1700,0.0,0.0,0.0,50.6,0.0,0.0,0.0
2024-05-14,,6.0,7.0,1214.25,348960.0,115517.0,,,5.0,-2566.0,2571.0,6.059714154626539e-05,1.719394773039885e-05,0.0,-0.0814332247557003,-0.0259067357512953,340,0.0,0.0,0.0,1700,0.0,0.0,0.0,50.6,0.0,0.0,0.0
2024-05-15,1213.75,348098.0,124938.0,1216.75,45914.0,18771.0,-3.0,-0.0024716786817693,348092.0,-303046.0,651138.0,6.655905385967362,7.581521975867762,0.0760195035460993,0.0144170497283744,0.0602751692509282,340,0.0,0.0,0.0,1700,0.0,0.0,0.0,50.6,0.0,0.0,0.0
2024-05-16,1216.0,348789.0,99241.0,1216.75,45562.0,19974.0,-0.75,-0.0006167763157889,691.0,-352.0,1043.0,4.968509061780066,7.655260963083104,0.0018537590113285,0.0780141843971631,0.0583115752828546,340,0.0,0.0,0.0,1700,0.0,0.0,0.0,50.6,0.0,0.0,0.0
2024-05-17,1226.75,359915.0,133101.0,1224.75,47144.0,27821.0,2.0,0.001630324026899,11126.0,1582.0,9544.0,4.78419179756282,7.634375530290013,0.0088404605263157,0.0875443262411348,0.0822673136303484,340,0.0,0.0,0.0,1700,0.0,0.0,0.0,50.6,0.0,0.0,0.0
2024-05-20,1247.0,369515.0,171388.0,1241.75,46877.0,24160.0,5.25,0.0042101042501971,9600.0,-267.0,9867.0,7.093874172185137,7.882650340251981,0.016507030772366,0.1054964539007092,0.0843478260869565,340,0.0,0.0,0.0,1700,0.0,0.0,0.0,50.6,0.0,0.0,0.0
2024-05-21,1235.0,356220.0,126275.0,1234.0,47028.0,20897.0,1.0,0.0008097165991896,-13295.0,151.0,-13446.0,6.042733406708808,7.574636386833215,-0.0096230954290297,0.0948581560283687,0.0641964670400689,340,0.0,0.0,0.0,1700,0.0,0.0,0.0,50.6,0.0,0.0,0.0
2024-05-22,1246.25,358194.0,125072.0,1244.25,48011.0,16984.0,2.0,0.0016048144433287,1974.0,983.0,991.0,7.364107395195044,7.46066526421013,0.0091093117408906,0.026776519052523,0.0685959271168275,340,0.0,0.0,0.0,1700,0.0,0.0,0.0,50.6,0.0,0.0,0.0
2024-05-23,1239.0,351782.0,136099.0,1237.0,50620.0,19727.0,2.0,0.0016142050040342,-6412.0,2609.0,-9021.0,6.899123029350286,6.94946661398643,-0.0058174523570712,0.0189144736842106,0.063063063063063,340,0.0,0.0,0.0,1700,0.0,0.0,0.0,50.6,0.0,0.0,0.0
2024-05-24,1248.0,346561.0,107257.0,1245.75,52590.0,18389.0,2.25,0.0018028846153831,-5221.0,1970.0,-7191.0,5.832671705910825,6.589864993344618,0.0072639225181598,0.0173221927858162,0.0747039827771798,340,0.0,0.0,0.0,1700,0.0,0.0,0.0,50.6,0.0,0.0,0.0
2024-05-28,1229.75,334644.0,140138.0,1229.5,54570.0,28283.0,0.25,0.0002032933523072,-11917.0,1980.0,-13897.0,4.954849202701094,6.132380428806925,-0.0146233974358974,-0.0138331996792301,0.0665654813529921,340,0.0,0.0,0.0,1700,0.0,0.0,0.0,50.6,0.0,0.0,0.0
2024-05-29,1213.0,329868.0,123723.0,1212.75,58921.0,31623.0,0.25,0.0002061005770814,-4776.0,4351.0,-9127.0,3.912437150175381,5.598479319767051,-0.0136206546045943,-0.0178137651821862,0.0447889750215331,340,0.0,0.0,0.0,1700,0.0,0.0,0.0,50.6,0.0,0.0,0.0
2024-05-30,1209.75,324895.0,107751.0,1208.0,61175.0,22690.0,1.75,0.0014465798718731,-4973.0,2254.0,-7227.0,4.748832084618566,5.310911319983567,-0.002679307502061,-0.0292878635907722,0.0556282722513088,340,0.0,0.0,0.0,1700,0.0,0.0,0.0,50.6,0.0,0.0,0.0
2024-05-31,1204.5,323027.0,106393.0,1203.0,63423.0,22343.0,1.5,0.0012453300124522,-1868.0,2248.0,-4116.0,4.761804592042037,5.093215395045881,-0.004339739615623,-0.0278450363196125,0.0556529360210342,445,105.0,105.0,4.813143405916316,1825,125.0,125.0,4.804969654960907,52.0,1.3999999999999986,1.3999999999999986,4.898979468423499
2024-06-03,1184.5,322988.0,119994.0,1180.75,66693.0,26305.0,3.75,0.0031658927817617,-39.0,3270.0,-3309.0,4.561642273331893,4.8429070517145,-0.016604400166044,-0.0508814102564102,-0.0046218487394957,445,0.0,0.0,0.0,1825,0.0,0.0,0.0,52.0,0.0,0.0,0.0
2024-06-04,1179.0,322485.0,145530.0,1177.25,70077.0,38565.0,1.75,0.0014843087362158,-503.0,3384.0,-3887.0,3.773628938156262,4.601866518258421,-0.0046433094132545,-0.041268550518398,0.0207792207792207,445,0.0,0.0,0.0,1825,0.0,0.0,0.0,52.0,0.0,0.0,0.0
2024-06-05,1176.25,324395.0,154196.0,1173.25,70938.0,44014.0,3.0,0.002550478214663,1910.0,861.0,1049.0,3.503339846412426,4.572936930840951,-0.0023324851569126,-0.0302967848309975,0.0183982683982684,445,0.0,0.0,0.0,1825,0.0,0.0,0.0,52.0,0.0,0.0,0.0
2024-06-06,1199.5,316110.0,162161.0,1193.0,70905.0,39317.0,6.5,0.0054189245518921,-8285.0,-33.0,-8252.0,4.124449983467606,4.458218743388978,0.0197662061636556,-0.0084728249638355,-0.0232084690553745,445,0.0,0.0,0.0,1825,0.0,0.0,0.0,52.0,0.0,0.0,0.0
2024-06-07,1177.0,294656.0,175688.0,1175.75,72945.0,36306.0,1.25,0.0010620220900585,-21454.0,2040.0,-23494.0,4.839089957582636,4.039426965521913,-0.0187578157565652,-0.0228310502283105,-0.0162975344755537,445,0.0,0.0,0.0,1825,0.0,0.0,0.0,52.0,0.0,0.0,0.0
2024-06-10,1187.5,275580.0,139377.0,1181.75,74704.0,31912.0,5.75,0.0048421052631538,-19076.0,1759.0,-20835.0,4.367541990473666,3.68895909188258,0.0089209855564995,0.0025327142254114,0.0527482269503545,445,0.0,0.0,0.0,1825,0.0,0.0,0.0,52.0,0.0,0.0,0.0
2024-06-11,1177.5,248806.0,160774.0,1170.5,71595.0,51140.0,7.0,0.0059447983014811,-26774.0,-3109.0,-23665.0,3.143801329683161,3.4751868147216496,-0.0084210526315789,-0.0012722646310432,0.0438829787234043,445,0.0,0.0,0.0,1825,0.0,0.0,0.0,52.0,0.0,0.0,0.0
2024-06-12,1177.0,226309.0,161099.0,1166.5,71326.0,39997.0,10.5,0.0089209855564919,-22497.0,-269.0,-22228.0,4.027777083281146,3.17288225892377,-0.0004246284501061,0.0006376195536663,0.0434397163120567,445,0.0,0.0,0.0,1825,0.0,0.0,0.0,52.0,0.0,0.0,0.0
2024-06-13,1188.25,212320.0,149824.0,1177.0,69446.0,45337.0,11.25,0.0094677046076082,-13989.0,-1880.0,-12109.0,3.3046738866708583,3.0573395155948067,0.0095581988105353,-0.0093789078782826,0.0534131205673757,445,0.0,0.0,0.0,1825,0.0,0.0,0.0,52.0,0.0,0.0,0.0
2024-06-14,1178.0,186256.0,132144.0,1167.0,73265.0,48340.0,11.0,0.0093378607809767,-26064.0,3819.0,-29883.0,2.733636739759977,2.5422234354739297,-0.0086261308647169,0.0008496176720476,-0.0294541709577754,445,0.0,0.0,0.0,1825,0.0,0.0,0.0,52.0,0.0,0.0,0.0
2024-06-17,1158.0,173530.0,138815.0,1146.0,77809.0,42694.0,12.0,0.0103626943005091,-12726.0,4544.0,-17270.0,3.251393638450292,2.230204732100371,-0.0169779286926995,-0.0248421052631578,-0.0476973684210526,445,0.0,0.0,0.0,1825,0.0,0.0,0.0,52.0,0.0,0.0,0.0
2024-06-18,1172.5,150873.0,148950.0,1155.75,78758.0,46045.0,16.75,0.0142857142857021,-22657.0,949.0,-23606.0,3.23487892279285,1.9156530130272236,0.0125215889464593,-0.0042462845010615,-0.0442225392296719,445,0.0,0.0,0.0,1825,0.0,0.0,0.0,52.0,0.0,0.0,0.0
2024-06-20,1156.0,129084.0,146080.0,1140.0,81284.0,51723.0,16.0,0.013840830449815,-21789.0,2526.0,-24315.0,2.8242754673935617,1.5880616111411645,-0.0140724946695095,-0.0178419711129991,-0.0729751403368083,445,0.0,0.0,0.0,1825,0.0,0.0,0.0,52.0,0.0,0.0,0.0
2024-06-21,1160.5,88578.0,111374.0,1146.5,83803.0,42363.0,14.0,0.0120637656182575,-40506.0,2519.0,-43025.0,2.6290394920094746,1.0569788671049836,0.0038927335640137,-0.0233536713654534,-0.0603238866396761,445,0.0,0.0,0.0,1825,0.0,0.0,0.0,52.0,0.0,0.0,0.0
2024-06-24,1174.0,65387.0,88889.0,1159.0,84991.0,53704.0,15.0,0.0127768313458153,-23191.0,1188.0,-24379.0,1.655165350811827,0.7693402830887885,0.011632916846187,-0.0033955857385399,-0.0579739217652959,445,0.0,0.0,0.0,1825,0.0,0.0,0.0,52.0,0.0,0.0,0.0
2024-06-25,1162.25,45486.0,83116.0,1145.25,88342.0,58517.0,17.0,0.0146268014626675,-19901.0,3351.0,-23252.0,1.4203735666558197,0.514885332005156,-0.0100085178875638,0.0036701208981002,-0.0619451170298628,445,0.0,0.0,0.0,1825,0.0,0.0,0.0,52.0,0.0,0.0,0.0
2024-06-26,1160.0,23013.0,67870.0,1140.0,93339.0,61195.0,20.0,0.0172413793103299,-22473.0,4997.0,-27470.0,1.1090775390146073,0.2465528878603772,-0.00193590019359,-0.0106609808102345,-0.0705128205128204,445,0.0,0.0,0.0,1825,0.0,0.0,0.0,52.0,0.0,0.0,0.0
2024-06-27,1153.0,6230.0,32512.0,1136.0,93836.0,69745.0,17.0,0.0147441457068389,-16783.0,497.0,-17280.0,0.4661552799483767,0.0663924293448136,-0.0060344827586207,-0.0025951557093425,-0.0624110591583655,445,0.0,0.0,0.0,1825,0.0,0.0,0.0,52.0,0.0,0.0,0.0
2024-06-28,1145.0,3932.0,4183.0,1134.5,94199.0,53291.0,10.5,0.0091703056768478,-2298.0,363.0,-2661.0,0.0784935542586913,0.0417414197602942,-0.0069384215091067,-0.013356311934511,-0.0560593569661994,445,0.0,0.0,0.0,1825,0.0,0.0,0.0,52.0,0.0,0.0,0.0
2024-07-01,1156.25,3154.0,1313.0,1145.25,94582.0,38670.0,11.0,0.0095135135135052,-778.0,383.0,-1161.0,0.0339539694853883,0.0333467255926071,0.009825327510917,-0.0151192504258943,-0.0442240132258731,455,10.0,10.0,0.4663855869261489,1825,0.0,0.0,0.0,52.0,0.0,0.0,0.0
2024-07-02,1162.0,2705.0,1375.0,1149.5,96611.0,44354.0,12.5,0.0107573149741731,-449.0,2029.0,-2478.0,0.0310005861929018,0.0279988821148727,0.004972972972973,-0.00021510002151,-0.0352843503528434,455,0.0,0.0,0.0,1825,0.0,0.0,0.0,52.0,0.0,0.0,0.0
2024-07-03,1149.0,2151.0,924.0,1157.0,96986.0,36947.0,-8.0,-0.0069625761531706,-554.0,375.0,-929.0,0.0250087963840088,0.0221784587466229,-0.0111876075731497,-0.0094827586206897,-0.0299704516673702,455,0.0,0.0,0.0,1825,0.0,0.0,0.0,52.0,0.0,0.0,0.0
2024-07-05,1160.0,1596.0,812.0,1166.75,96488.0,30597.0,-6.75,-0.0058189655172363,-555.0,-498.0,-57.0,0.0265385495309989,0.0165409170052232,0.009573542210618,0.0060711188204682,-0.0161153519932145,455,0.0,0.0,0.0,1825,0.0,0.0,0.0,52.0,0.0,0.0,0.0
2024-07-08,1149.0,903.0,985.0,1149.0,94496.0,38239.0,0.0,0.0,-693.0,-1992.0,1299.0,0.0257590418159463,0.0095559600406365,-0.0094827586206897,0.0034934497816594,-0.0231668437832093,455,0.0,0.0,0.0,1825,0.0,0.0,0.0,52.0,0.0,0.0,0.0
2024-07-09,1150.0,426.0,839.0,1128.75,95208.0,43808.0,21.25,0.0184782608695491,-477.0,712.0,-1189.0,0.0191517531044553,0.004474413914797,0.000870322019147,-0.0054054054054053,-0.0412671946644435,455,0.0,0.0,0.0,1825,0.0,0.0,0.0,52.0,0.0,0.0,0.0
2024-07-10,1137.0,354.0,698.0,1111.75,93665.0,38843.0,25.25,0.0222075637642724,-72.0,-1543.0,1471.0,0.0179697757639724,0.0037794266801899,-0.0113043478260869,-0.0215146299483648,-0.0339847068819031,455,0.0,0.0,0.0,1825,0.0,0.0,0.0,52.0,0.0,0.0,0.0
2024-07-11,,276.0,108.0,1117.0,92338.0,35515.0,,,-78.0,-1327.0,1249.0,0.0030409686048147,0.0029890186055578,0.0,-0.010443864229765,-0.0425263157894736,455,0.0,0.0,0.0,1825,0.0,0.0,0.0,52.0,0.0,0.0,0.0
2024-07-12,,32.0,107.0,1102.0,90503.0,41399.0,,,-244.0,-1835.0,1591.0,0.0025846034928379,0.0003535794393555,0.0,-0.0198275862068965,-0.0343949044585987,455,0.0,0.0,0.0,1825,0.0,0.0,0.0,52.0,0.0,0.0,0.0
2024-07-15,1075.25,86839.0,35655.0,1032.5,51266.0,21082.0,42.75,0.0397581957683889,86807.0,-39237.0,126044.0,1.6912532017834316,1.6938906877852438,-0.0543095866314863,-0.0641862489120974,-0.0864485981308411,455,0.0,0.0,0.0,1825,0.0,0.0,0.0,52.0,0.0,0.0,0.0
2024-07-16,1090.0,82899.0,37408.0,1038.25,52685.0,24438.0,51.75,0.0474770642201399,-3940.0,1419.0,-5359.0,1.5307308290366834,1.5734839138274352,0.0137177400604511,-0.0521739130434782,-0.0826846202398485,455,0.0,0.0,0.0,1825,0.0,0.0,0.0,52.0,0.0,0.0,0.0
2024-07-17,1097.0,81380.0,41677.0,1039.25,56679.0,29349.0,57.75,0.0526435733819027,-1519.0,3994.0,-5513.0,1.4200483832498068,1.435805148291229,0.0064220183486238,-0.0351802990325418,-0.0687606112054329,455,0.0,0.0,0.0,1825,0.0,0.0,0.0,52.0,0.0,0.0,0.0
2024-07-18,1098.5,75328.0,35569.0,1041.25,57537.0,25582.0,57.25,0.0521165225306762,-6052.0,858.0,-6910.0,1.3903916816511066,1.3092097259154751,0.0013673655423882,-0.0338610378188214,-0.0513816925734024,455,0.0,0.0,0.0,1825,0.0,0.0,0.0,52.0,0.0,0.0,0.0
2024-07-19,1095.5,73796.0,25658.0,1035.75,59988.0,22071.0,59.75,0.0545413053399776,-1532.0,2451.0,-3983.0,1.1625209550993991,1.2301793692071543,-0.002730996813837,-0.0364995602462621,-0.0656716417910447,455,0.0,0.0,0.0,1825,0.0,0.0,0.0,52.0,0.0,0.0,0.0
2024-07-22,1118.0,70213.0,40798.0,1065.25,57834.0,26329.0,52.75,0.0471824686940543,-3583.0,-2154.0,-1429.0,1.5495461278437634,1.2140436421481964,0.0205385668644455,0.0397581957684258,-0.032871972318339,455,0.0,0.0,0.0,1825,0.0,0.0,0.0,52.0,0.0,0.0,0.0
2024-07-23,1115.75,64760.0,51623.0,1071.25,59019.0,31847.0,44.5,0.0398834864440601,-5453.0,1185.0,-6638.0,1.620969008069783,1.0972737592978348,-0.0020125223613596,0.0236238532110091,-0.0385609651012495,455,0.0,0.0,0.0,1825,0.0,0.0,0.0,52.0,0.0,0.0,0.0
2024-07-24,1110.0,60768.0,34547.0,1059.25,59847.0,23863.0,50.75,0.0457207207206795,-3992.0,828.0,-4820.0,1.4477224154548276,1.015389242568533,-0.0051534842034506,0.0118505013673655,-0.0545144804088586,455,0.0,0.0,0.0,1825,0.0,0.0,0.0,52.0,0.0,0.0,0.0
2024-07-25,1114.75,52613.0,38157.0,1073.75,59377.0,29415.0,41.0,0.0367795469835956,-8155.0,-470.0,-7685.0,1.297195308516019,0.886083837175996,0.0042792792792791,0.0147928994082839,-0.0408690040869004,455,0.0,0.0,0.0,1825,0.0,0.0,0.0,52.0,0.0,0.0,0.0
2024-07-26,1073.0,28037.0,61437.0,1039.5,60447.0,39482.0,33.5,0.0312208760484331,-24576.0,1070.0,-25646.0,1.5560761866166468,0.4638278161033556,-0.0374523435747925,-0.0205385668644454,-0.0749999999999999,455,0.0,0.0,0.0,1825,0.0,0.0,0.0,52.0,0.0,0.0,0.0
2024-07-29,1054.75,10281.0,37618.0,1030.75,61304.0,45896.0,24.0,0.0227542071580727,-17756.0,857.0,-18613.0,0.8196356981000344,0.1677052068380502,-0.0170083876980429,-0.0565742397137746,-0.0852124891587163,455,0.0,0.0,0.0,1825,0.0,0.0,0.0,52.0,0.0,0.0,0.0
2024-07-30,1025.0,2727.0,16709.0,1009.5,62308.0,33254.0,15.5,0.0151219512194974,-7554.0,1004.0,-8558.0,0.502465868767652,0.043766450536046,-0.0282057359563877,-0.0813354246022854,-0.1048034934497816,455,0.0,0.0,0.0,1825,0.0,0.0,0.0,52.0,0.0,0.0,0.0
2024-07-31,1030.0,1765.0,2651.0,1014.5,62626.0,27893.0,15.5,0.0150485436893057,-962.0,318.0,-1280.0,0.0950417667515113,0.0281831827036689,0.0048780487804878,-0.0720720720720721,-0.1091891891891891,435,-20.0,-20.0,-4.307507613544862,1825,0.0,0.0,0.0,52.0,0.0,0.0,0.0
2024-08-01,1005.0,1098.0,1384.0,1008.0,64244.0,34648.0,-3.0,-0.0029850746268627,-667.0,1618.0,-2285.0,0.0399445855460621,0.0170910902185415,-0.0242718446601941,-0.0984525678403229,-0.1351118760757315,435,0.0,0.0,0.0,1825,0.0,0.0,0.0,52.0,0.0,0.0,0.0
2024-08-02,1005.0,802.0,633.0,1019.5,64727.0,16739.0,-14.5,-0.014427860696503,-296.0,483.0,-779.0,0.0378158790847698,0.0123905016453719,0.0,-0.0633737185461323,-0.1253263707571801,435,0.0,0.0,0.0,1825,0.0,0.0,0.0,52.0,0.0,0.0,0.0
2024-08-05,1005.0,754.0,64.0,1032.0,64436.0,24349.0,-27.0,-0.0268656716417643,-48.0,-291.0,243.0,0.0026284446999875,0.0117015333043638,0.0,-0.0471675752547997,-0.1336206896551723,435,0.0,0.0,0.0,1825,0.0,0.0,0.0,52.0,0.0,0.0,0.0
2024-08-06,1005.0,204.0,694.0,1014.5,64340.0,23487.0,-9.5,-0.0094527363183985,-550.0,-96.0,-454.0,0.0295482607399825,0.0031706558905812,0.0,-0.0195121951219512,-0.1253263707571801,435,0.0,0.0,0.0,1825,0.0,0.0,0.0,52.0,0.0,0.0,0.0
2024-08-07,1010.0,143.0,195.0,1005.75,63421.0,15475.0,4.25,0.004207920792075,-61.0,-919.0,858.0,0.0126009693053303,0.0022547736554137,0.0049751243781095,-0.0194174757281553,-0.1217391304347825,435,0.0,0.0,0.0,1825,0.0,0.0,0.0,52.0,0.0,0.0,0.0
2024-08-08,,51.0,172.0,993.0,61932.0,22922.0,,,-92.0,-1489.0,1397.0,0.0075037082279029,0.0008234838209649,0.0,0.0049751243781095,-0.1116974494283201,435,0.0,0.0,0.0,1825,0.0,0.0,0.0,52.0,0.0,0.0,0.0
2024-08-09,,44.0,24.0,987.25,60162.0,15037.0,,,-7.0,-1770.0,1763.0,0.0015960630444901,0.0007313586649379,0.0,0.0049751243781095,-0.1116974494283201,435,0.0,0.0,0.0,1825,0.0,0.0,0.0,52.0,0.0,0.0,0.0
2024-08-12,,12.0,12.0,972.5,58410.0,26841.0,,,-32.0,-1752.0,1720.0,0.0004470772325919,0.0002054442732408,0.0,0.0049751243781095,-0.1116974494283201,435,0.0,0.0,0.0,1825,0.0,0.0,0.0,52.0,0.0,0.0,0.0
2024-08-13,,3.0,19.0,945.75,58323.0,20096.0,,,-9.0,-87.0,78.0,0.0009454617834394,5.143768324674569e-05,0.0,0.0049751243781095,-0.0606835619623343,435,0.0,0.0,0.0,1825,0.0,0.0,0.0,52.0,0.0,0.0,0.0
2024-08-14,,3.0,4.0,952.75,55739.0,15972.0,,,0.0,-2584.0,2584.0,0.0002504382669671,5.382227883528493e-05,0.0,0.0,-0.073394495412844,435,0.0,0.0,0.0,1825,0.0,0.0,0.0,52.0,0.0,0.0,0.0
2024-08-15,950.25,51801.0,15039.0,967.75,423640.0,103452.0,-17.5,-0.0184162062614907,51798.0,367901.0,-316103.0,0.1453717666164004,0.122275989047304,-0.0591584158415842,-0.0591584158415842,-0.1337739288969918,435,0.0,0.0,0.0,1825,0.0,0.0,0.0,52.0,0.0,0.0,0.0
2024-08-16,937.25,49948.0,17420.0,955.25,426048.0,113164.0,-18.0,-0.019205121365677,-1853.0,2408.0,-4261.0,0.1539358806687625,0.1172356166441337,-0.0136806103656932,-0.0720297029702969,-0.1467910787437414,435,0.0,0.0,0.0,1825,0.0,0.0,0.0,52.0,0.0,0.0,0.0
2024-08-19,956.5,48238.0,15833.0,975.75,424942.0,117181.0,-19.25,-0.0201254573967379,-1710.0,-1106.0,-604.0,0.1351157610875471,0.1135166681570658,0.0205388103494266,-0.052970297029703,-0.1268827019625741,435,0.0,0.0,0.0,1825,0.0,0.0,0.0,52.0,0.0,0.0,0.0
2024-08-20,958.0,46192.0,13630.0,975.75,424384.0,101176.0,-17.75,-0.0185281837160558,-2046.0,-558.0,-1488.0,0.1347157428639189,0.108844819785854,0.0015682174594877,-0.0514851485148515,-0.1431127012522361,435,0.0,0.0,0.0,1825,0.0,0.0,0.0,52.0,0.0,0.0,0.0
2024-08-21,962.5,43340.0,12788.0,981.5,428729.0,98491.0,-19.0,-0.0197402597402392,-2852.0,4345.0,-7197.0,0.1298392746545356,0.1010894994273769,0.004697286012526,-0.047029702970297,-0.1373515572484875,435,0.0,0.0,0.0,1825,0.0,0.0,0.0,52.0,0.0,0.0,0.0
2024-08-22,941.0,38406.0,17660.0,961.25,431292.0,121768.0,-20.25,-0.0215196599362151,-4934.0,2563.0,-7497.0,0.1450298929111084,0.0890487187334796,-0.0223376623376623,-0.0097342804525124,-0.1522522522522522,435,0.0,0.0,0.0,1825,0.0,0.0,0.0,52.0,0.0,0.0,0.0
2024-08-23,951.5,24697.0,16814.0,972.5,433699.0,101432.0,-21.0,-0.0220704151339757,-13709.0,2407.0,-16116.0,0.1657662276204731,0.0569450240835232,0.0111583421891605,0.0152040544145104,-0.1464453913433505,435,0.0,0.0,0.0,1825,0.0,0.0,0.0,52.0,0.0,0.0,0.0
2024-08-26,960.0,17696.0,18427.0,980.0,431593.0,132492.0,-20.0,-0.0208333333333116,-7001.0,-2106.0,-4895.0,0.1390800954019855,0.0410015917774383,0.0089332632685232,0.0036591740721378,-0.1053122087604846,435,0.0,0.0,0.0,1825,0.0,0.0,0.0,52.0,0.0,0.0,0.0
2024-08-27,967.75,11450.0,13636.0,986.5,434417.0,132979.0,-18.75,-0.0193748385429921,-6246.0,2824.0,-9070.0,0.1025425067115852,0.026357163738988,0.0080729166666666,0.0101774530271399,-0.0824840009480919,435,0.0,0.0,0.0,1825,0.0,0.0,0.0,52.0,0.0,0.0,0.0
2024-08-28,953.25,7166.0,10273.0,976.25,436854.0,115847.0,-23.0,-0.0241279832152907,-4284.0,2437.0,-6721.0,0.0886773071378621,0.016403649731947,-0.0149832084732627,-0.0096103896103896,-0.0699999999999999,435,0.0,0.0,0.0,1825,0.0,0.0,0.0,52.0,0.0,0.0,0.0
2024-08-29,971.5,1921.0,10556.0,991.0,434994.0,129735.0,-19.5,-0.0200720535254554,-5245.0,-1860.0,-3385.0,0.0813658611785556,0.0044161528664763,0.0191450301599789,0.0324123273113707,-0.0567961165048543,435,0.0,0.0,0.0,1825,0.0,0.0,0.0,52.0,0.0,0.0,0.0
2024-08-30,975.25,1825.0,2055.0,998.75,435884.0,178214.0,-23.5,-0.0240963855421439,-96.0,890.0,-986.0,0.0115310806109508,0.0041868937607253,0.0038600102933608,0.0249605885444035,-0.0296019900497512,435,0.0,0.0,0.0,1825,0.0,0.0,0.0,52.0,0.0,0.0,0.0
2024-09-03,,969.0,518.0,1012.0,432300.0,184644.0,,,-856.0,-3584.0,2728.0,0.0028053984965663,0.0022414989590562,0.0,0.0158854166666666,-0.0296019900497512,560,125.0,125.0,4.804969654960907,1850,25.0,25.0,4.898979484606364,53.2,1.2000000000000028,1.2000000000000028,4.898979465566357
2024-09-04,,435.0,382.0,1020.0,424919.0,135599.0,,,-534.0,-7381.0,6847.0,0.0028171299198371,0.0010237245216147,0.0,0.0077499354172048,-0.0296019900497512,560,0.0,0.0,0.0,1850,0.0,0.0,0.0,53.2,0.0,0.0,0.0
2024-09-05,,244.0,309.0,1023.75,421039.0,133525.0,,,-191.0,-3880.0,3689.0,0.0023141733757723,0.0005795187619199,0.0,0.0230789404668241,-0.0296019900497512,560,0.0,0.0,0.0,1850,0.0,0.0,0.0,53.2,0.0,0.0,0.0
2024-09-06,,170.0,122.0,1005.0,424980.0,148215.0,,,-74.0,3941.0,-4015.0,0.0008231285632358,0.0004000188244152,0.0,0.0038600102933608,-0.0344059405940594,560,0.0,0.0,0.0,1850,0.0,0.0,0.0,53.2,0.0,0.0,0.0
2024-09-09,,113.0,69.0,1018.25,416302.0,117323.0,,,-57.0,-8678.0,8621.0,0.0005881199764751,0.0002714375621543,0.0,0.0,-0.0344059405940594,560,0.0,0.0,0.0,1850,0.0,0.0,0.0,53.2,0.0,0.0,0.0
2024-09-10,,80.0,59.0,997.0,414208.0,134695.0,,,-33.0,-2094.0,2061.0,0.0004380266528081,0.0001931396786155,0.0,0.0,-0.0344059405940594,560,0.0,0.0,0.0,1850,0.0,0.0,0.0,53.2,0.0,0.0,0.0
2024-09-11,,31.0,25.0,1001.0,411384.0,101592.0,,,-49.0,-2824.0,2775.0,0.0002460823686904,7.535538572234196e-05,0.0,0.0,-0.0344059405940594,560,0.0,0.0,0.0,1850,0.0,0.0,0.0,53.2,0.0,0.0,0.0
2024-09-12,,6.0,4.0,1010.75,409190.0,151987.0,,,-25.0,-2194.0,2169.0,2.631804035871472e-05,1.4663114934382526e-05,0.0,0.0,-0.0344059405940594,560,0.0,0.0,0.0,1850,0.0,0.0,0.0,53.2,0.0,0.0,0.0
2024-09-13,,49.0,50.0,1006.0,409029.0,120065.0,,,43.0,-161.0,204.0,0.0004164410944071,0.0001197959068916,0.0,0.0,-0.0344059405940594,560,0.0,0.0,0.0,1850,0.0,0.0,0.0,53.2,0.0,0.0,0.0
2024-09-16,1003.75,408435.0,79098.0,1022.75,136659.0,19182.0,-19.0,-0.0189290161892713,408386.0,-272370.0,680756.0,4.12355333124783,2.9887164401905255,0.0292232760830555,0.0292232760830555,0.0563009734280453,560,0.0,0.0,0.0,1850,0.0,0.0,0.0,53.2,0.0,0.0,0.0
2024-09-17,1006.25,409280.0,80303.0,1026.0,142615.0,27898.0,-19.75,-0.019627329192527,845.0,5956.0,-5111.0,2.8784500681051375,2.8698243522770897,0.0024906600249066,0.031786721353499,0.0736196319018405,560,0.0,0.0,0.0,1850,0.0,0.0,0.0,53.2,0.0,0.0,0.0
2024-09-18,1015.0,406386.0,147447.0,1032.5,145881.0,36843.0,-17.5,-0.0172413793103278,-2894.0,3266.0,-6160.0,4.002035664848031,2.785736319328749,0.0086956521739129,0.0407587798000512,0.0611604809200208,560,0.0,0.0,0.0,1850,0.0,0.0,0.0,53.2,0.0,0.0,0.0
2024-09-19,1012.25,409122.0,116585.0,1030.5,149680.0,34139.0,-18.25,-0.0180291429982533,2736.0,3799.0,-1063.0,3.415009226983702,2.7333110636023337,-0.0027093596059113,0.0379389900025635,0.0566283924843424,560,0.0,0.0,0.0,1850,0.0,0.0,0.0,53.2,0.0,0.0,0.0
2024-09-20,1013.0,407605.0,128091.0,1031.0,153398.0,34959.0,-18.0,-0.0177690029614829,-1517.0,3718.0,-5235.0,3.664035012443043,2.657172844496,0.0007409236848605,0.0387080235836965,0.0524675324675325,560,0.0,0.0,0.0,1850,0.0,0.0,0.0,53.2,0.0,0.0,0.0
2024-09-23,1039.0,406338.0,220319.0,1056.0,156624.0,80357.0,-17.0,-0.0163618864292431,-1267.0,3226.0,-4493.0,2.7417524297820632,2.5943533558075225,0.0256663376110561,0.035118306351183,0.104144527098831,560,0.0,0.0,0.0,1850,0.0,0.0,0.0,53.2,0.0,0.0,0.0
2024-09-24,1042.5,399393.0,206134.0,1060.75,158908.0,68735.0,-18.25,-0.0175059952038201,-6945.0,2284.0,-9229.0,2.998967047355743,2.513359931532695,0.0033686236766121,0.0360248447204969,0.0956384655806621,560,0.0,0.0,0.0,1850,0.0,0.0,0.0,53.2,0.0,0.0,0.0
2024-09-25,1053.0,395116.0,175631.0,1070.5,159853.0,66736.0,-17.5,-0.0166191832858341,-4277.0,945.0,-5222.0,2.6317280028769683,2.471745916560825,0.0100719424460431,0.0374384236453202,0.096875,560,0.0,0.0,0.0,1850,0.0,0.0,0.0,53.2,0.0,0.0,0.0
2024-09-26,1039.75,392577.0,191090.0,1057.25,163171.0,53854.0,-17.5,-0.0168309689829124,-2539.0,3318.0,-5857.0,3.548297248115209,2.4059238467619712,-0.0125830959164292,0.0271672017782167,0.0743993800051665,560,0.0,0.0,0.0,1850,0.0,0.0,0.0,53.2,0.0,0.0,0.0
2024-09-27,1065.0,391190.0,237043.0,1082.75,165124.0,80412.0,-17.75,-0.016666666666651,-1387.0,1953.0,-3340.0,2.947856041386821,2.3690680942806477,0.0242846838182255,0.0513326752221126,0.117230527143981,560,0.0,0.0,0.0,1850,0.0,0.0,0.0,53.2,0.0,0.0,0.0
2024-09-30,1056.0,387833.0,167653.0,1074.0,160077.0,64086.0,-18.0,-0.0170454545454384,-3357.0,-5047.0,1690.0,2.616062790625057,2.4227902821766873,-0.0084507042253521,0.0163618864292589,0.0869788986103963,550,-10.0,-10.0,-0.38932695618232294,1850,0.0,0.0,0.0,53.2,0.0,0.0,0.0
2024-10-01,1057.0,383722.0,165015.0,1073.75,162652.0,64373.0,-16.75,-0.0158467360453965,-4111.0,2575.0,-6686.0,2.5634194460410025,2.3591594324078256,0.0009469696969697,0.0139088729016787,0.0838246603435015,550,0.0,0.0,0.0,1850,0.0,0.0,0.0,53.2,0.0,0.0,0.0
2024-10-02,1054.25,381838.0,158797.0,1072.75,165856.0,54350.0,-18.5,-0.0175480199193573,-1884.0,3204.0,-5088.0,2.921747930082743,2.3022260273972464,-0.0026017029328287,0.0011870845204178,0.0810048705460138,550,0.0,0.0,0.0,1850,0.0,0.0,0.0,53.2,0.0,0.0,0.0
2024-10-03,1045.5,385087.0,126126.0,1064.0,169374.0,42061.0,-18.5,-0.0176948828311643,3249.0,3518.0,-269.0,2.998644825372602,2.27358980717228,-0.0082997391510553,0.0055301755229622,0.0720328120994617,550,0.0,0.0,0.0,1850,0.0,0.0,0.0,53.2,0.0,0.0,0.0
2024-10-04,1036.5,388818.0,136658.0,1055.0,174617.0,44695.0,-18.5,-0.0178485287023465,3731.0,5243.0,-1512.0,3.0575679606219253,2.2266904138772157,-0.0086083213773314,-0.0267605633802816,0.0628044091258652,550,0.0,0.0,0.0,1850,0.0,0.0,0.0,53.2,0.0,0.0,0.0
2024-10-07,1033.75,374017.0,170260.0,1052.0,181942.0,73525.0,-18.25,-0.0176541717049406,-14801.0,7325.0,-22126.0,2.315674940496398,2.055693572676996,-0.0026531596719729,-0.0210700757575758,0.0599846193283772,550,0.0,0.0,0.0,1850,0.0,0.0,0.0,53.2,0.0,0.0,0.0
2024-10-08,1015.25,353574.0,215735.0,1033.75,195070.0,103276.0,-18.5,-0.0182221127800854,-20443.0,13128.0,-33571.0,2.0889170765714966,1.812549341262102,-0.0178960096735187,-0.0394985808893093,0.0410151243270955,550,0.0,0.0,0.0,1850,0.0,0.0,0.0,53.2,0.0,0.0,0.0
2024-10-09,1020.25,338579.0,185293.0,1037.75,210464.0,97706.0,-17.5,-0.0171526586620758,-14995.0,15394.0,-30389.0,1.8964342005608468,1.6087264330241675,0.0049248953459739,-0.0322504149869575,0.0461420148679825,550,0.0,0.0,0.0,1850,0.0,0.0,0.0,53.2,0.0,0.0,0.0
2024-10-10,1014.0,324442.0,158953.0,1031.0,219204.0,98195.0,-17.0,-0.0167652859960386,-14137.0,8740.0,-22877.0,1.6187484087784343,1.4800916041678005,-0.0061259495221759,-0.0301291248206599,0.0397334016918737,550,0.0,0.0,0.0,1850,0.0,0.0,0.0,53.2,0.0,0.0,0.0
2024-10-11,1004.25,317048.0,213825.0,1021.0,236437.0,115491.0,-16.75,-0.0166791137664758,-7394.0,17233.0,-24627.0,1.8514429695820296,1.3409407157086186,-0.0096153846153845,-0.0311143270622286,0.0297359651371442,550,0.0,0.0,0.0,1850,0.0,0.0,0.0,53.2,0.0,0.0,0.0
2024-10-14,995.75,315440.0,165943.0,1011.5,249141.0,84598.0,-15.75,-0.0158172231985781,-1608.0,12704.0,-14312.0,1.9615475543156815,1.2661103551803947,-0.0084640278815035,-0.0367593712212817,0.0210202512176365,550,0.0,0.0,0.0,1850,0.0,0.0,0.0,53.2,0.0,0.0,0.0
2024-10-15,990.0,318930.0,239187.0,1004.75,254608.0,145041.0,-14.75,-0.0148989898989748,3490.0,5467.0,-1977.0,1.6490992202204782,1.252631496260914,-0.0057745418026613,-0.0248707214971681,-0.0136986301369863,550,0.0,0.0,0.0,1850,0.0,0.0,0.0,53.2,0.0,0.0,0.0
2024-10-16,978.0,307414.0,247535.0,992.0,275019.0,159586.0,-14.0,-0.0143149284253432,-11516.0,20411.0,-31927.0,1.5511072399834476,1.1177918616531908,-0.012121212121212,-0.0414114187699092,-0.0280745341614906,550,0.0,0.0,0.0,1850,0.0,0.0,0.0,53.2,0.0,0.0,0.0
2024-10-17,989.25,288618.0,236377.0,998.5,282011.0,160549.0,-9.25,-0.0093505180692349,-18796.0,6992.0,-25788.0,1.4723044055085897,1.0234281641496217,0.0115030674846625,-0.0244082840236686,-0.0253694581280787,550,0.0,0.0,0.0,1850,0.0,0.0,0.0,53.2,0.0,0.0,0.0
2024-10-18,970.0,273766.0,229536.0,983.0,287274.0,154632.0,-13.0,-0.0134020618556562,-14852.0,5263.0,-20115.0,1.484401676237768,0.9529786893349174,-0.0194591862522113,-0.0341050535225292,-0.0417387009138058,550,0.0,0.0,0.0,1850,0.0,0.0,0.0,53.2,0.0,0.0,0.0
2024-10-21,980.0,250668.0,184725.0,988.75,295248.0,133301.0,-8.75,-0.0089285714285623,-23098.0,7974.0,-31072.0,1.3857735500858857,0.8490082913347394,0.0103092783505154,-0.015817223198594,-0.0325765054294175,550,0.0,0.0,0.0,1850,0.0,0.0,0.0,53.2,0.0,0.0,0.0
2024-10-22,991.75,229931.0,185249.0,1000.5,300788.0,131972.0,-8.75,-0.0088227880009994,-20737.0,5540.0,-26277.0,1.4036992695420136,0.7644287671050681,0.0119897959183672,0.0017676767676768,-0.0454764196342637,550,0.0,0.0,0.0,1850,0.0,0.0,0.0,53.2,0.0,0.0,0.0
2024-10-23,997.0,208789.0,157963.0,1004.75,308801.0,130438.0,-7.75,-0.0077733199598718,-21142.0,8013.0,-29155.0,1.2110197948450512,0.6761279918134958,0.0052936728006049,0.0194274028629857,-0.0436450839328537,550,0.0,0.0,0.0,1850,0.0,0.0,0.0,53.2,0.0,0.0,0.0
2024-10-24,995.75,183748.0,190684.0,1004.75,311907.0,180125.0,-9.0,-0.0090384132563303,-25041.0,3106.0,-28147.0,1.0586204024982593,0.5891114979785622,-0.0012537612838515,0.0065706343189284,-0.0543684710351377,550,0.0,0.0,0.0,1850,0.0,0.0,0.0,53.2,0.0,0.0,0.0
2024-10-25,987.75,114956.0,143812.0,997.25,317331.0,158663.0,-9.5,-0.0096178182738449,-68792.0,5424.0,-74216.0,0.9063990974581289,0.3622589661898763,-0.0080341451167461,0.0182989690721648,-0.0500120221207021,550,0.0,0.0,0.0,1850,0.0,0.0,0.0,53.2,0.0,0.0,0.0
2024-10-28,974.75,74080.0,109011.0,987.0,326116.0,146860.0,-12.25,-0.0125673249551038,-40876.0,8785.0,-49661.0,0.742278360343179,0.2271584344221068,-0.0131612250063275,-0.0053571428571428,-0.0847417840375587,550,0.0,0.0,0.0,1850,0.0,0.0,0.0,53.2,0.0,0.0,0.0
2024-10-29,965.0,33702.0,82001.0,979.25,341566.0,162480.0,-14.25,-0.014766839378223,-40378.0,15450.0,-55828.0,0.5046836533727197,0.0986690712775859,-0.0100025647601948,-0.0269725233173683,-0.0861742424242424,550,0.0,0.0,0.0,1850,0.0,0.0,0.0,53.2,0.0,0.0,0.0
2024-10-30,970.0,5967.0,57700.0,991.75,350141.0,159633.0,-21.75,-0.022422680412348,-27735.0,8575.0,-36310.0,0.3614540853081734,0.0170417060555604,0.005181347150259,-0.0270812437311935,-0.0823084200567644,550,0.0,0.0,0.0,1850,0.0,0.0,0.0,53.2,0.0,0.0,0.0
2024-10-31,978.5,3904.0,7820.0,995.25,351017.0,107954.0,-16.75,-0.0171180378129615,-2063.0,876.0,-2939.0,0.0724382607406851,0.0111219684516704,0.0087628865979381,-0.0173236254079839,-0.0718520275077069,550,0.0,0.0,0.0,1850,0.0,0.0,0.0,53.1,-0.10000000000000142,-0.10000000000000142,-4.8989792455663865
2024-11-01,979.0,2675.0,3051.0,994.25,351898.0,126134.0,-15.25,-0.0155771195096878,-1229.0,881.0,-2110.0,0.0241885613712399,0.0076016345645613,0.0005109862033725,-0.0088585168311819,-0.0636059301769488,550,0.0,0.0,0.0,1850,0.0,0.0,0.0,53.1,0.0,0.0,0.0
2024-11-04,979.0,1436.0,1524.0,997.0,352118.0,104347.0,-18.0,-0.0183861082737299,-1239.0,220.0,-1459.0,0.0146051156238318,0.0040781783379435,0.0,0.0043600923313669,-0.0554751567776169,550,0.0,0.0,0.0,1850,0.0,0.0,0.0,53.1,0.0,0.0,0.0
2024-11-05,985.0,1042.0,629.0,999.5,351026.0,101646.0,-14.5,-0.0147208121827261,-394.0,-1092.0,698.0,0.0061881431635282,0.0029684410841362,0.0061287027579162,0.0207253886010363,-0.0471584038694075,550,0.0,0.0,0.0,1850,0.0,0.0,0.0,53.1,0.0,0.0,0.0
2024-11-06,992.0,837.0,391.0,1004.0,354389.0,208308.0,-12.0,-0.0120967741935361,-205.0,3363.0,-3568.0,0.0018770282466347,0.0023618114557731,0.0071065989847716,0.0226804123711339,-0.0229007633587786,550,0.0,0.0,0.0,1850,0.0,0.0,0.0,53.1,0.0,0.0,0.0
2024-11-07,1000.0,551.0,545.0,1025.25,358358.0,197073.0,-25.25,-0.0252499999999747,-286.0,3969.0,-4255.0,0.0027654726928599,0.0015375685766747,0.0080645161290322,0.0219724067450179,-0.01984807645185,550,0.0,0.0,0.0,1850,0.0,0.0,0.0,53.1,0.0,0.0,0.0
2024-11-08,1001.0,335.0,427.0,1030.0,345003.0,253189.0,-29.0,-0.028971028971,-216.0,-13355.0,13139.0,0.0016864871696637,0.0009710060492227,0.0009999999999998,0.0224719101123596,-0.0128205128205127,550,0.0,0.0,0.0,1850,0.0,0.0,0.0,53.1,0.0,0.0,0.0
2024-11-11,1011.75,288.0,212.0,1022.0,337111.0,137395.0,-10.25,-0.0101309612058214,-47.0,-7892.0,7845.0,0.0015429964700316,0.0008543180139479,0.0107392607392606,0.033452502553626,0.0074682598954443,550,0.0,0.0,0.0,1850,0.0,0.0,0.0,53.1,0.0,0.0,0.0
2024-11-12,962.0,159.0,209.0,1011.5,341359.0,158851.0,-49.5,-0.0514553014552479,-129.0,4248.0,-4377.0,0.0013156983588394,0.0004657852876297,-0.0491722263404991,-0.0233502538071066,-0.0338940497112728,550,0.0,0.0,0.0,1850,0.0,0.0,0.0,53.1,0.0,0.0,0.0
2024-11-13,962.0,120.0,86.0,1005.75,348178.0,114151.0,-43.75,-0.0454781704781232,-39.0,6819.0,-6858.0,0.0007533880561712,0.0003446512990481,0.0,-0.0302419354838709,-0.0282828282828282,550,0.0,0.0,0.0,1850,0.0,0.0,0.0,53.1,0.0,0.0,0.0
2024-11-14,,9.0,75.0,987.75,349854.0,152378.0,,,-111.0,1676.0,-1787.0,0.0004921970363175,2.5725016721260795e-05,0.0,-0.038,-0.016359918200409,550,0.0,0.0,0.0,1850,0.0,0.0,0.0,53.1,0.0,0.0,0.0
2024-11-15,998.0,356660.0,140153.0,1008.25,238193.0,52485.0,-10.25,-0.010270541082154,356651.0,-111661.0,468312.0,2.6703439077831255,1.4973571851397751,0.0374220374220373,-0.002997002997003,0.008845084660096,550,0.0,0.0,0.0,1850,0.0,0.0,0.0,53.1,0.0,0.0,0.0
2024-11-18,1009.5,356160.0,107221.0,1019.25,240923.0,40656.0,-9.75,-0.0096582466567512,-500.0,2730.0,-3230.0,2.637273711137283,1.4783146482486045,0.0115230460921844,-0.0022238695329873,0.0407216494845361,550,0.0,0.0,0.0,1850,0.0,0.0,0.0,53.1,0.0,0.0,0.0
2024-11-19,998.25,355094.0,114559.0,1008.0,243227.0,48885.0,-9.75,-0.0097670924117107,-1066.0,2304.0,-3370.0,2.3434386826224336,1.4599283796617917,-0.0111441307578008,0.0376819126819127,0.0186224489795918,550,0.0,0.0,0.0,1850,0.0,0.0,0.0,53.1,0.0,0.0,0.0
2024-11-20,990.75,353132.0,110520.0,999.0,245111.0,50524.0,-8.25,-0.0083270249810665,-1962.0,1884.0,-3846.0,2.187475259282674,1.4407023756583694,-0.0075131480090158,0.0298856548856549,-0.0010083186286866,550,0.0,0.0,0.0,1850,0.0,0.0,0.0,53.1,0.0,0.0,0.0
2024-11-21,980.25,353896.0,145233.0,987.75,245544.0,74338.0,-7.5,-0.0076511094108567,764.0,433.0,331.0,1.9536845220479169,1.4412732544879885,-0.0105980317940953,0.0189708939708939,-0.0168004012036108,550,0.0,0.0,0.0,1850,0.0,0.0,0.0,53.1,0.0,0.0,0.0
2024-11-22,985.75,352834.0,113875.0,992.25,247300.0,67125.0,-6.5,-0.0065939639868053,-1062.0,1756.0,-2818.0,1.6964618249534198,1.4267448443186357,0.0056108135679673,-0.0122745490981963,-0.0100426813959326,550,0.0,0.0,0.0,1850,0.0,0.0,0.0,53.1,0.0,0.0,0.0
2024-11-25,986.0,350173.0,100522.0,994.5,250126.0,42035.0,-8.5,-0.0086206896551636,-2661.0,2826.0,-5487.0,2.391388128940112,1.3999864068509416,0.0002536139994928,-0.0232788509162952,-0.0017717033662364,550,0.0,0.0,0.0,1850,0.0,0.0,0.0,53.1,0.0,0.0,0.0
2024-11-26,983.0,342349.0,131739.0,993.5,254060.0,78793.0,-10.5,-0.0106815869786259,-7824.0,3934.0,-11758.0,1.6719632454659463,1.3475123986459838,-0.0030425963488843,-0.0152767342849987,0.0084637086432417,550,0.0,0.0,0.0,1850,0.0,0.0,0.0,53.1,0.0,0.0,0.0
2024-11-27,988.75,335633.0,134095.0,997.0,256919.0,79266.0,-8.25,-0.0083438685208512,-6716.0,2859.0,-9575.0,1.691708929427476,1.3063767179539023,0.0058494404883011,-0.0020186727226848,0.0246113989637306,550,0.0,0.0,0.0,1850,0.0,0.0,0.0,53.1,0.0,0.0,0.0
2024-11-29,990.5,335146.0,77392.0,997.0,257258.0,41450.0,-6.5,-0.0065623422513815,-487.0,339.0,-826.0,1.8671170084438635,1.3027622075892633,0.0017699115044247,0.0104565161948482,0.0211340206185566,550,0.0,0.0,0.0,1850,0.0,0.0,0.0,53.1,0.0,0.0,0.0
2024-12-02,985.0,330595.0,124010.0,990.5,262014.0,67153.0,-5.5,-0.0055837563451719,-4551.0,4756.0,-9307.0,1.8466784804848353,1.2617455555809949,-0.00555275113579,-0.0007608419984783,0.0066428206438426,470,-80.0,-80.0,-4.898979485266355,1825,-25.0,-25.0,-4.898979484606364,51.7,-1.3999999999999986,-1.3999999999999986,-4.9016985558567345
2024-12-03,991.0,332285.0,135065.0,997.25,268973.0,75330.0,-6.25,-0.0063067608476222,1690.0,6959.0,-5269.0,1.7929775653789752,1.2353842207210344,0.0060913705583756,0.0050709939148072,0.0122574055158324,470,0.0,0.0,0.0,1825,0.0,0.0,0.0,51.7,0.0,0.0,0.0
2024-12-04,983.75,329113.0,113543.0,989.0,274609.0,56859.0,-5.25,-0.0053367217280758,-3172.0,5636.0,-8808.0,1.9969222110835223,1.1984785640674516,-0.0073158425832492,0.0007629704984739,0.0048518896833502,470,0.0,0.0,0.0,1825,0.0,0.0,0.0,51.7,0.0,0.0,0.0
2024-12-05,993.25,326616.0,109222.0,998.5,277219.0,67455.0,-5.25,-0.0052856783287135,-2497.0,2610.0,-5107.0,1.6191831591431085,1.1781876422611683,0.0096569250317661,0.0045512010113779,0.0083756345177665,470,0.0,0.0,0.0,1825,0.0,0.0,0.0,51.7,0.0,0.0,0.0
2024-12-06,993.5,308231.0,150604.0,999.5,290147.0,113325.0,-6.0,-0.0060392551585243,-18385.0,12928.0,-31313.0,1.328956540922115,1.0623270273344163,0.0002516989680343,0.0030287733467946,0.0015120967741935,470,0.0,0.0,0.0,1825,0.0,0.0,0.0,51.7,0.0,0.0,0.0
2024-12-09,989.0,290550.0,155123.0,995.25,293995.0,100166.0,-6.25,-0.0063195146612676,-17681.0,3848.0,-21529.0,1.5486592256853469,0.9882821136413852,-0.0045294413688978,0.0040609137055838,-0.011,470,0.0,0.0,0.0,1825,0.0,0.0,0.0,51.7,0.0,0.0,0.0
2024-12-10,994.0,263435.0,162231.0,1000.0,308011.0,98530.0,-6.0,-0.0060362173038168,-27115.0,14016.0,-41131.0,1.6465137521566868,0.8552778959192988,0.0050556117290192,0.0030272452068618,-0.0069930069930069,470,0.0,0.0,0.0,1825,0.0,0.0,0.0,51.7,0.0,0.0,0.0
2024-12-11,995.0,236863.0,177510.0,1002.5,325247.0,133242.0,-7.5,-0.0075376884422034,-26572.0,17236.0,-43808.0,1.33223758274417,0.7282557563943688,0.0010060362173038,0.0114358322744598,-0.0165554731900172,470,0.0,0.0,0.0,1825,0.0,0.0,0.0,51.7,0.0,0.0,0.0
2024-12-12,994.75,214960.0,178084.0,1002.5,345404.0,130368.0,-7.75,-0.007790902236735,-21903.0,20157.0,-42060.0,1.3660100638193315,0.622343690287314,-0.0002512562814069,0.0015101938082053,0.034043659043659,470,0.0,0.0,0.0,1825,0.0,0.0,0.0,51.7,0.0,0.0,0.0
2024-12-13,988.25,209365.0,97052.0,995.25,355760.0,72771.0,-7.0,-0.0070832279281486,-5595.0,10356.0,-15951.0,1.3336631350400387,0.5885006746120964,-0.0065343051017843,-0.0052843482637141,0.0272869022869022,470,0.0,0.0,0.0,1825,0.0,0.0,0.0,51.7,0.0,0.0,0.0
2024-12-16,982.0,192846.0,126195.0,986.0,366915.0,110510.0,-4.0,-0.0040733197555966,-16519.0,11155.0,-27674.0,1.1419328567550344,0.5255876701688388,-0.0063243106501391,-0.0070778564206268,0.0207900207900206,470,0.0,0.0,0.0,1825,0.0,0.0,0.0,51.7,0.0,0.0,0.0
2024-12-17,976.0,169017.0,170736.0,978.25,381383.0,142638.0,-2.25,-0.00230532786885,-23829.0,14468.0,-38297.0,1.1969881798679092,0.4431686782053724,-0.0061099796334012,-0.0181086519114688,-0.0220440881763527,470,0.0,0.0,0.0,1825,0.0,0.0,0.0,51.7,0.0,0.0,0.0
2024-12-18,951.0,152094.0,171410.0,953.25,391442.0,145026.0,-2.25,-0.0023659305993665,-16923.0,10059.0,-26982.0,1.181925999475948,0.3885479841202518,-0.0256147540983606,-0.0442211055276381,-0.0579494799405646,470,0.0,0.0,0.0,1825,0.0,0.0,0.0,51.7,0.0,0.0,0.0
2024-12-19,962.5,127227.0,170407.0,965.75,394742.0,166725.0,-3.25,-0.0033766233766198,-24867.0,3300.0,-28167.0,1.022084270505317,0.322304188558602,0.012092534174553,-0.03242020608193,-0.0358126721763085,470,0.0,0.0,0.0,1825,0.0,0.0,0.0,51.7,0.0,0.0,0.0
2024-12-20,969.0,111975.0,110119.0,979.0,396706.0,119531.0,-10.0,-0.0103199174406498,-15252.0,1964.0,-17216.0,0.9212589202800868,0.2822619269685856,0.0067532467532467,-0.0194788768024285,-0.0219530658591975,470,0.0,0.0,0.0,1825,0.0,0.0,0.0,51.7,0.0,0.0,0.0
2024-12-23,967.0,85804.0,73622.0,971.0,401541.0,105210.0,-4.0,-0.0041365046535634,-26171.0,4835.0,-31006.0,0.6997623800018943,0.213686771711979,-0.002063983488132,-0.015274949083503,-0.0135169599591941,470,0.0,0.0,0.0,1825,0.0,0.0,0.0,51.7,0.0,0.0,0.0
2024-12-24,971.0,76465.0,28802.0,979.25,396958.0,64012.0,-8.25,-0.0084963954685803,-9339.0,-4583.0,-4756.0,0.4499468849590631,0.1926274316174502,0.0041365046535677,-0.0051229508196721,-0.0149632259700736,470,0.0,0.0,0.0,1825,0.0,0.0,0.0,51.7,0.0,0.0,0.0
2024-12-26,982.5,54165.0,70637.0,995.5,403341.0,135969.0,-13.0,-0.0132315521628364,-22300.0,6383.0,-28683.0,0.5195081231751317,0.13429083579403,0.0118434603501544,0.0331230283911672,-0.0035496957403651,470,0.0,0.0,0.0,1825,0.0,0.0,0.0,51.7,0.0,0.0,0.0
2024-12-27,977.5,31384.0,56059.0,989.75,409662.0,104442.0,-12.25,-0.01253196930945,-22781.0,6321.0,-29102.0,0.5367476685624506,0.0766094975858144,-0.005089058524173,0.0155844155844155,-0.0055951169888097,470,0.0,0.0,0.0,1825,0.0,0.0,0.0,51.7,0.0,0.0,0.0
2024-12-30,975.5,4523.0,39468.0,991.75,408169.0,140332.0,-16.25,-0.0166581240389373,-26861.0,-1493.0,-25368.0,0.2812473277655825,0.0110811943092199,-0.0020460358056265,0.0067079463364292,-0.0134007585335018,470,0.0,0.0,0.0,1825,0.0,0.0,0.0,51.7,0.0,0.0,0.0
2024-12-31,981.0,2388.0,5238.0,1009.0,406116.0,142790.0,-28.0,-0.0285423037716324,-2135.0,-2053.0,-82.0,0.0366832411233277,0.0058800933723369,0.0056381342901077,0.014477766287487,-0.0095911155981827,470,0.0,0.0,0.0,1825,0.0,0.0,0.0,51.7,0.0,0.0,0.0
2025-01-02,995.0,1743.0,1299.0,1011.0,399449.0,129597.0,-16.0,-0.016080402010034,-645.0,-6667.0,6022.0,0.0100233801708372,0.0043635107360388,0.0142711518858307,0.0247167868177136,0.0101522842639594,470,0.0,0.0,0.0,1825,0.0,0.0,0.0,51.7,0.0,0.0,0.0
2025-01-03,965.0,919.0,912.0,991.25,394812.0,155028.0,-26.25,-0.0272020725388319,-824.0,-4637.0,3813.0,0.0058828082668936,0.0023276901411304,-0.0301507537688442,-0.0178117048346055,-0.0262361251261352,470,0.0,0.0,0.0,1825,0.0,0.0,0.0,51.7,0.0,0.0,0.0
2025-01-06,991.0,647.0,598.0,996.0,391955.0,135003.0,-5.0,-0.0050454086780978,-272.0,-2857.0,2585.0,0.004429531195603,0.0016506996976693,0.026943005181347,0.0138107416879795,0.0073697585768741,470,0.0,0.0,0.0,1825,0.0,0.0,0.0,51.7,0.0,0.0,0.0
2025-01-07,982.75,516.0,265.0,996.5,383887.0,132275.0,-13.75,-0.0139913508013085,-131.0,-8068.0,7937.0,0.0020034020034019,0.001344145542829,-0.0083249243188697,0.0074320861096872,-0.0105713566574376,470,0.0,0.0,0.0,1825,0.0,0.0,0.0,51.7,0.0,0.0,0.0
2025-01-08,982.75,389.0,308.0,993.25,381681.0,115228.0,-10.5,-0.010684304248272,-127.0,-2206.0,2079.0,0.002672961432985,0.0010191756990785,0.0,0.0017838939857288,-0.0108203321590337,470,0.0,0.0,0.0,1825,0.0,0.0,0.0,51.7,0.0,0.0,0.0
2025-01-09,981.0,287.0,168.0,995.75,383120.0,84880.0,-14.75,-0.0150356778796992,-102.0,1439.0,-1541.0,0.0019792648444863,0.0007491125495928,-0.0017807173747138,-0.014070351758794,-0.0080889787664307,470,0.0,0.0,0.0,1825,0.0,0.0,0.0,51.7,0.0,0.0,0.0
2025-01-10,981.0,209.0,435.0,1024.5,381090.0,267972.0,-43.5,-0.0443425076452147,-78.0,-2030.0,1952.0,0.0016233039272759,0.0005484268807893,0.0,0.0165803108808291,-0.0130784708249497,470,0.0,0.0,0.0,1825,0.0,0.0,0.0,51.7,0.0,0.0,0.0
2025-01-13,1043.0,149.0,202.0,1051.0,379065.0,229028.0,-8.0,-0.0076701821668191,-60.0,-2025.0,1965.0,0.0008819882285135,0.0003930724282115,0.0632008154943934,0.0524722502522705,0.0482412060301506,470,0.0,0.0,0.0,1825,0.0,0.0,0.0,51.7,0.0,0.0,0.0
2025-01-14,,17.0,43.0,1046.0,366315.0,220603.0,,,-132.0,-12750.0,12618.0,0.0001949202866688,4.6408145994567395e-05,0.0,0.0613075553294326,0.0485046494093992,470,0.0,0.0,0.0,1825,0.0,0.0,0.0,51.7,0.0,0.0,0.0
2025-01-15,1042.0,366814.0,139448.0,1055.0,195635.0,58464.0,-13.0,-0.0124760076775312,366797.0,-170680.0,537477.0,2.38519430760806,1.8749916937153277,-0.0009587727708533,0.0602900025438819,0.0543890715911965,470,0.0,0.0,0.0,1825,0.0,0.0,0.0,51.7,0.0,0.0,0.0
2025-01-16,1019.5,356859.0,162099.0,1031.5,199617.0,48319.0,-12.0,-0.0117704757233822,-9955.0,3982.0,-13937.0,3.3547672758127582,1.7877184808908972,-0.0215930902111324,0.0392456676860346,0.0381873727087576,470,0.0,0.0,0.0,1825,0.0,0.0,0.0,51.7,0.0,0.0,0.0
2025-01-17,1034.0,358757.0,189419.0,1045.0,203799.0,84359.0,-11.0,-0.0106382978723301,1898.0,4182.0,-2284.0,2.2453917187258945,1.76034720484398,0.0142226581657676,0.054026503567788,0.0594262295081966,470,0.0,0.0,0.0,1825,0.0,0.0,0.0,51.7,0.0,0.0,0.0
2025-01-21,1066.75,361410.0,215089.0,1077.25,204442.0,87674.0,-10.5,-0.0098429810170988,2653.0,643.0,2010.0,2.4532814745534313,1.7677874409367853,0.0316731141199226,0.0227708533077659,0.1217139852786539,470,0.0,0.0,0.0,1825,0.0,0.0,0.0,51.7,0.0,0.0,0.0
2025-01-22,1056.25,349754.0,214743.0,1068.0,209225.0,87705.0,-11.75,-0.011124260355019,-11656.0,4783.0,-16439.0,2.448469300495953,1.67166447604253,-0.009842981017108,0.0127037392138062,0.0974025974025973,470,0.0,0.0,0.0,1825,0.0,0.0,0.0,51.7,0.0,0.0,0.0
2025-01-23,1064.0,353290.0,148819.0,1076.0,212043.0,64498.0,-12.0,-0.0112781954887112,3536.0,2818.0,718.0,2.307342863344564,1.666124323839968,0.0073372781065088,0.021113243761996,0.0980392156862746,470,0.0,0.0,0.0,1825,0.0,0.0,0.0,51.7,0.0,0.0,0.0
2025-01-24,1054.0,341256.0,177241.0,1066.5,215375.0,83427.0,-12.5,-0.0118595825426832,-12034.0,3332.0,-15366.0,2.1245040574394123,1.5844735925710896,-0.0093984962406015,0.0338401177047571,0.0899689762150981,470,0.0,0.0,0.0,1825,0.0,0.0,0.0,51.7,0.0,0.0,0.0
2025-01-27,1045.0,336044.0,127356.0,1059.0,214492.0,57211.0,-14.0,-0.01339712918659,-5212.0,-883.0,-4329.0,2.226075405079404,1.566697126233139,-0.00853889943074,0.0106382978723404,0.0762100926879505,470,0.0,0.0,0.0,1825,0.0,0.0,0.0,51.7,0.0,0.0,0.0
2025-01-28,1045.0,330417.0,129003.0,1059.75,218726.0,66359.0,-14.75,-0.0141148325358716,-5627.0,4234.0,-9861.0,1.9440166367787044,1.510643453453172,0.0,-0.0203890321068666,0.0636132315521629,470,0.0,0.0,0.0,1825,0.0,0.0,0.0,51.7,0.0,0.0,0.0
2025-01-29,1059.0,329617.0,128051.0,1074.0,225524.0,73589.0,-15.0,-0.0141643059489951,-800.0,6798.0,-7598.0,1.7400834363831317,1.461560632127838,0.0133971291866028,0.0026035502958579,0.0833759590792839,470,0.0,0.0,0.0,1825,0.0,0.0,0.0,51.7,0.0,0.0,0.0
2025-01-30,1043.5,322238.0,135406.0,1060.25,229572.0,66718.0,-16.75,-0.016051748921882,-7379.0,4048.0,-11427.0,2.0295272640066844,1.403646786193432,-0.0146364494806421,-0.019266917293233,0.0697078421322399,470,0.0,0.0,0.0,1825,0.0,0.0,0.0,51.7,0.0,0.0,0.0
2025-01-31,1042.25,318925.0,154522.0,1052.0,230305.0,86551.0,-9.75,-0.0093547613336441,-3313.0,733.0,-4046.0,1.7853288812376311,1.3847940774190688,-0.0011978917105893,-0.0111480075901327,0.0624362895005097,380,-90.0,-90.0,-4.898979485299689,1825,0.0,0.0,0.0,50.7,-1.0,-1.0,-4.898979461566356
2025-02-03,1056.0,316850.0,164396.0,1070.0,236066.0,80757.0,-14.0,-0.0132575757575632,-2075.0,5761.0,-7836.0,2.035687308840075,1.3422093821219434,0.0131926121372032,0.0105263157894737,0.0613065326633166,380,0.0,0.0,0.0,1825,0.0,0.0,0.0,50.7,0.0,0.0,0.0
2025-02-04,1074.0,318340.0,182908.0,1086.25,238106.0,99660.0,-12.25,-0.0114059590316467,1490.0,2040.0,-550.0,1.8353200883002023,1.3369675690658729,0.0170454545454545,0.0277511961722487,0.1129533678756475,380,0.0,0.0,0.0,1825,0.0,0.0,0.0,50.7,0.0,0.0,0.0
2025-02-05,1057.5,303782.0,166300.0,1073.75,243582.0,86784.0,-16.25,-0.0153664302600327,-14558.0,5476.0,-20034.0,1.9162518436577949,1.2471446987051538,-0.0153631284916201,-0.0014164305949008,0.067103935418769,380,0.0,0.0,0.0,1825,0.0,0.0,0.0,50.7,0.0,0.0,0.0
2025-02-06,1061.0,301839.0,129164.0,1076.0,253362.0,74953.0,-15.0,-0.0141376060320319,-1943.0,9780.0,-11723.0,1.7232665803903549,1.191334927889734,0.0033096926713946,0.0167704839482509,0.0796235054693461,380,0.0,0.0,0.0,1825,0.0,0.0,0.0,50.7,0.0,0.0,0.0
2025-02-07,1048.0,283825.0,154226.0,1064.5,267123.0,108636.0,-16.5,-0.0157442748091452,-18014.0,13761.0,-31775.0,1.4196583084796806,1.062525503232589,-0.0122525918944391,0.0055169105301031,0.0663953192571864,380,0.0,0.0,0.0,1825,0.0,0.0,0.0,50.7,0.0,0.0,0.0
2025-02-10,1049.0,272524.0,128319.0,1064.75,281063.0,84282.0,-15.75,-0.0150142993326834,-11301.0,13940.0,-25241.0,1.5224959065992558,0.9696189110626408,0.0009541984732823,-0.0066287878787878,0.0693170234454638,380,0.0,0.0,0.0,1825,0.0,0.0,0.0,50.7,0.0,0.0,0.0
2025-02-11,1043.25,255936.0,149758.0,1060.25,296824.0,101365.0,-17.0,-0.0162952312484866,-16588.0,15761.0,-32349.0,1.4774133083411287,0.8622483357140903,-0.0054814108674928,-0.0286312849162011,0.0634556574923548,380,0.0,0.0,0.0,1825,0.0,0.0,0.0,50.7,0.0,0.0,0.0
2025-02-12,1028.0,228252.0,171577.0,1045.75,308733.0,116823.0,-17.75,-0.0172665369649637,-27684.0,11909.0,-39593.0,1.4686919527832578,0.7393184402056122,-0.0146177809729212,-0.0278959810874704,-0.0143815915627996,380,0.0,0.0,0.0,1825,0.0,0.0,0.0,50.7,0.0,0.0,0.0
2025-02-13,1029.0,209887.0,147392.0,1046.25,321929.0,118588.0,-17.25,-0.0167638483964851,-18365.0,13196.0,-31561.0,1.242891354943154,0.6519667380074469,0.0009727626459143,-0.0301602262016965,-0.0134228187919462,380,0.0,0.0,0.0,1825,0.0,0.0,0.0,50.7,0.0,0.0,0.0
2025-02-14,1036.5,196155.0,120772.0,1053.0,331615.0,96184.0,-16.5,-0.0159189580318225,-13732.0,9686.0,-23418.0,1.255635032853684,0.5915142559896247,0.0072886297376093,-0.010973282442748,-0.005278310940499,380,0.0,0.0,0.0,1825,0.0,0.0,0.0,50.7,0.0,0.0,0.0
2025-02-18,1037.75,184314.0,123334.0,1054.5,343112.0,94601.0,-16.75,-0.0161406889905891,-11841.0,11497.0,-23338.0,1.3037282903986078,0.5371831938259212,0.0012059816690785,-0.0107244995233555,0.0179009318293281,380,0.0,0.0,0.0,1825,0.0,0.0,0.0,50.7,0.0,0.0,0.0
2025-02-19,1032.0,159234.0,133961.0,1048.75,351925.0,117494.0,-16.75,-0.016230620155023,-25080.0,8813.0,-33893.0,1.1401518375406303,0.4524657242310138,-0.0055408335340881,-0.01078360891445,-0.0019342359767892,380,0.0,0.0,0.0,1825,0.0,0.0,0.0,50.7,0.0,0.0,0.0
2025-02-20,1044.0,149910.0,112590.0,1061.25,359337.0,119015.0,-17.25,-0.0165229885057313,-9324.0,7412.0,-16736.0,0.9460152081670298,0.4171849823424796,0.0116279069767442,0.0155642023346302,-0.0213264588704007,380,0.0,0.0,0.0,1825,0.0,0.0,0.0,50.7,0.0,0.0,0.0
2025-02-21,1040.0,115893.0,96118.0,1056.75,364010.0,111687.0,-16.75,-0.0161057692307537,-34017.0,4673.0,-38690.0,0.8606015024129857,0.3183786159720878,-0.0038314176245211,0.0106899902818269,-0.0153846153846153,380,0.0,0.0,0.0,1825,0.0,0.0,0.0,50.7,0.0,0.0,0.0
2025-02-24,1029.0,86743.0,101531.0,1048.0,375003.0,129312.0,-19.0,-0.0184645286685923,-29150.0,10993.0,-40143.0,0.7851630165800484,0.2313128161641367,-0.010576923076923,-0.0072358900144717,-0.0328947368421053,380,0.0,0.0,0.0,1825,0.0,0.0,0.0,50.7,0.0,0.0,0.0
2025-02-25,1030.75,52654.0,117588.0,1048.25,376565.0,177722.0,-17.5,-0.016977928692683,-34089.0,1562.0,-35651.0,0.6616400895781015,0.139827121479691,0.0017006802721089,-0.0067453625632377,-0.0220588235294117,380,0.0,0.0,0.0,1825,0.0,0.0,0.0,50.7,0.0,0.0,0.0
2025-02-26,1023.0,25092.0,74754.0,1041.0,373502.0,144042.0,-18.0,-0.0175953079178713,-27562.0,-3063.0,-24499.0,0.5189736326904617,0.067180363157359,-0.0075187969924812,-0.0087209302325581,-0.0210526315789473,380,0.0,0.0,0.0,1825,0.0,0.0,0.0,50.7,0.0,0.0,0.0
2025-02-27,1020.5,3647.0,37040.0,1037.5,375245.0,153275.0,-17.0,-0.0166585007349175,-21445.0,1743.0,-23188.0,0.2416571521774572,0.009718983597383,-0.0024437927663734,-0.0225095785440613,-0.023444976076555,380,0.0,0.0,0.0,1825,0.0,0.0,0.0,50.7,0.0,0.0,0.0
2025-02-28,1015.0,2674.0,1753.0,1025.0,385864.0,118837.0,-10.0,-0.0098522167487587,-973.0,10619.0,-11592.0,0.0147512979964151,0.006929902763668,-0.005389514943655,-0.0240384615384615,-0.0415486307837582,380,0.0,0.0,0.0,1825,0.0,0.0,0.0,50.7,0.0,0.0,0.0
2025-03-03,995.25,1536.0,2052.0,1011.0,389146.0,154480.0,-15.75,-0.0158251695553721,-1138.0,3282.0,-4420.0,0.0132832729155876,0.0039471046856449,-0.0194581280788177,-0.0327988338192419,-0.0462386200287494,380,0.0,0.0,0.0,1825,0.0,0.0,0.0,50.7,0.0,0.0,0.0
2025-03-04,975.0,996.0,928.0,1000.0,389016.0,211927.0,-25.0,-0.0256410256409993,-540.0,-130.0,-410.0,0.004378866307738,0.0025603060028379,-0.0203466465712132,-0.0540868299781712,-0.0645238666346845,380,0.0,0.0,0.0,1825,0.0,0.0,0.0,50.7,0.0,0.0,0.0
2025-03-05,978.5,832.0,276.0,1011.75,388425.0,159722.0,-33.25,-0.0339805825242371,-164.0,-591.0,427.0,0.0017280024041772,0.0021419836519276,0.0035897435897436,-0.0434995112414466,-0.0733901515151514,380,0.0,0.0,0.0,1825,0.0,0.0,0.0,50.7,0.0,0.0,0.0
2025-03-06,978.5,394.0,416.0,1027.25,382968.0,192141.0,-48.75,-0.0498211548287687,-438.0,-5457.0,5019.0,0.0021650766884735,0.0010288065843621,0.0,-0.041156295933366,-0.0889199255121042,380,0.0,0.0,0.0,1825,0.0,0.0,0.0,50.7,0.0,0.0,0.0
2025-03-07,975.0,358.0,112.0,1025.0,378303.0,110547.0,-50.0,-0.0512820512819986,-36.0,-4665.0,4629.0,0.0010131437307208,0.0009463313798727,-0.0035769034236076,-0.0394088669950738,-0.0780141843971631,380,0.0,0.0,0.0,1825,0.0,0.0,0.0,50.7,0.0,0.0,0.0
2025-03-10,995.0,192.0,89.0,1013.25,380057.0,105502.0,-18.25,-0.0183417085426951,-166.0,1754.0,-1920.0,0.0008435859035847,0.0005051873797877,0.0205128205128204,-0.0002511931675458,-0.062205466540999,380,0.0,0.0,0.0,1825,0.0,0.0,0.0,50.7,0.0,0.0,0.0
2025-03-11,975.0,180.0,66.0,1009.0,376884.0,101557.0,-34.0,-0.0348717948717591,-12.0,-3173.0,3161.0,0.0006498813474206,0.0004776005349125,-0.0201005025125627,0.0,-0.0696564885496183,380,0.0,0.0,0.0,1825,0.0,0.0,0.0,50.7,0.0,0.0,0.0
2025-03-12,975.0,109.0,39.0,1001.25,378950.0,130716.0,-26.25,-0.0269230769230493,-71.0,2066.0,-2137.0,0.0002983567428623,0.0002876368914104,0.0,-0.0035769034236076,-0.0705433746425167,380,0.0,0.0,0.0,1825,0.0,0.0,0.0,50.7,0.0,0.0,0.0
2025-03-13,975.0,31.0,33.0,1009.0,375934.0,114617.0,-34.0,-0.0348717948717591,-78.0,-3016.0,2938.0,0.0002879154052191,8.246128309756478e-05,0.0,-0.0035769034236076,-0.0654205607476635,380,0.0,0.0,0.0,1825,0.0,0.0,0.0,50.7,0.0,0.0,0.0
2025-03-14,,3.0,3.0,1016.75,374281.0,101125.0,,,-28.0,-1653.0,1625.0,2.9666254635351992e-05,8.015368132499357e-06,0.0,0.0,-0.051556420233463,380,0.0,0.0,0.0,1825,0.0,0.0,0.0,50.7,0.0,0.0,0.0
2025-03-17,1014.5,373220.0,80925.0,1028.75,203350.0,36129.0,-14.25,-0.0140463282404987,373217.0,-170931.0,544148.0,2.2398903927592175,1.8353577575608464,0.0405128205128204,0.0195979899497487,-0.0140913508260447,380,0.0,0.0,0.0,1825,0.0,0.0,0.0,50.7,0.0,0.0,0.0
2025-03-18,1012.0,375706.0,100675.0,1026.0,205692.0,49607.0,-14.0,-0.0138339920948479,2486.0,2342.0,144.0,2.0294514887011506,1.8265464869805252,-0.0024642681123706,0.0379487179487179,-0.0236372407139411,380,0.0,0.0,0.0,1825,0.0,0.0,0.0,50.7,0.0,0.0,0.0
2025-03-19,1008.0,380565.0,124450.0,1021.5,210634.0,67114.0,-13.5,-0.0133928571428438,4859.0,4942.0,-83.0,1.8543075960306068,1.806759592468444,-0.0039525691699604,0.0338461538461538,-0.0286677908937605,380,0.0,0.0,0.0,1825,0.0,0.0,0.0,50.7,0.0,0.0,0.0
2025-03-20,1013.0,388367.0,117385.0,1025.75,214705.0,60707.0,-12.75,-0.012586377097717,7802.0,4071.0,3731.0,1.9336320358442696,1.808840036328908,0.0049603174603174,0.0389743589743589,-0.0184108527131783,380,0.0,0.0,0.0,1825,0.0,0.0,0.0,50.7,0.0,0.0,0.0
2025-03-21,1009.5,378716.0,101376.0,1021.5,215145.0,56282.0,-12.0,-0.0118870728083091,-9651.0,440.0,-10091.0,1.8012153086243952,1.7602826001068963,-0.0034550839091807,0.0353846153846153,-0.0330459770114942,380,0.0,0.0,0.0,1825,0.0,0.0,0.0,50.7,0.0,0.0,0.0
2025-03-24,1006.5,378001.0,88648.0,1019.0,216538.0,51427.0,-12.5,-0.0124192747143443,-715.0,1393.0,-2108.0,1.7237637816710731,1.7456566514884144,-0.0029717682020802,-0.0078856579595859,-0.0322115384615384,380,0.0,0.0,0.0,1825,0.0,0.0,0.0,50.7,0.0,0.0,0.0
2025-03-25,1002.25,375352.0,99523.0,1016.0,214981.0,55365.0,-13.75,-0.0137191319530918,-2649.0,-1557.0,-1092.0,1.797579698365361,1.7459775515045437,-0.0042225534028812,-0.0096343873517786,-0.0259961127308065,380,0.0,0.0,0.0,1825,0.0,0.0,0.0,50.7,0.0,0.0,0.0
2025-03-26,1000.5,365789.0,103851.0,1015.0,216979.0,61476.0,-14.5,-0.0144927536231739,-9563.0,1998.0,-11561.0,1.689293382783498,1.6858267389931667,-0.0017460713394861,-0.0074404761904761,-0.0293475624545234,380,0.0,0.0,0.0,1825,0.0,0.0,0.0,50.7,0.0,0.0,0.0
2025-03-27,1014.5,363463.0,111192.0,1030.0,218460.0,56328.0,-15.5,-0.0152784622966828,-2326.0,1481.0,-3807.0,1.974009373668478,1.6637508010619717,0.0139930034982509,0.0014807502467917,-0.0083088954056695,380,0.0,0.0,0.0,1825,0.0,0.0,0.0,50.7,0.0,0.0,0.0
2025-03-28,1022.0,357552.0,120885.0,1036.5,224705.0,81964.0,-14.5,-0.014187866927579,-5911.0,6245.0,-12156.0,1.4748548143087028,1.591206248192067,0.0073928043371118,0.0123823675086676,0.0014698677119058,380,0.0,0.0,0.0,1825,0.0,0.0,0.0,50.7,0.0,0.0,0.0
2025-03-31,1013.75,348223.0,160036.0,1027.5,239982.0,100570.0,-13.75,-0.013563501849555,-9329.0,15277.0,-24606.0,1.59128964900068,1.4510379945162497,-0.0080724070450097,0.0072031793343267,-0.001231527093596,380,0.0,0.0,0.0,1825,0.0,0.0,0.0,50.7,0.0,0.0,0.0
2025-04-01,1031.75,337966.0,167012.0,1047.5,238916.0,113831.0,-15.75,-0.0152653259025778,-10257.0,-1066.0,-9191.0,1.467192592527506,1.4145808568701912,0.0177558569667077,0.0294337740084809,0.036674202461693,380,0.0,0.0,0.0,1825,0.0,0.0,0.0,50.7,0.0,0.0,0.0
2025-04-02,1029.0,331666.0,129992.0,1044.5,246849.0,73005.0,-15.5,-0.0150631681243779,-6300.0,7933.0,-14233.0,1.7805903705225423,1.3435987182447515,-0.0026653743639447,0.0284857571214391,0.0553846153846153,380,0.0,0.0,0.0,1825,0.0,0.0,0.0,50.7,0.0,0.0,0.0
2025-04-03,1012.0,329222.0,169499.0,1026.25,246781.0,109755.0,-14.25,-0.0140810276679702,-2444.0,-68.0,-2376.0,1.5443396656188644,1.3340654264307166,-0.0165208940719144,-0.0024642681123706,0.034236075625958,380,0.0,0.0,0.0,1825,0.0,0.0,0.0,50.7,0.0,0.0,0.0
2025-04-04,977.75,335041.0,269757.0,990.5,257049.0,187287.0,-12.75,-0.0130401431858726,5819.0,10268.0,-4449.0,1.440340226497293,1.3034129679555209,-0.0338438735177866,-0.0432974559686888,-0.0007664793050587,380,0.0,0.0,0.0,1825,0.0,0.0,0.0,50.7,0.0,0.0,0.0
2025-04-07,983.0,303201.0,272593.0,998.0,269875.0,186460.0,-15.0,-0.0152594099694656,-31840.0,12826.0,-44666.0,1.4619382173120163,1.123486799444183,0.0053694707236,-0.0303329223181257,0.0082051282051283,380,0.0,0.0,0.0,1825,0.0,0.0,0.0,50.7,0.0,0.0,0.0
2025-04-08,991.75,282050.0,216115.0,1003.0,279409.0,196109.0,-11.25,-0.0113435845727135,-21151.0,9534.0,-30685.0,1.1020146959089023,1.0094520935259743,0.0089013224821974,-0.0387690816573782,-0.0032663316582914,380,0.0,0.0,0.0,1825,0.0,0.0,0.0,50.7,0.0,0.0,0.0
2025-04-09,1011.0,251821.0,205523.0,1020.0,291016.0,175037.0,-9.0,-0.0089020771513265,-30229.0,11607.0,-41836.0,1.1741688900061062,0.8653166836187671,0.0194101336022183,-0.0174927113702624,0.0369230769230768,380,0.0,0.0,0.0,1825,0.0,0.0,0.0,50.7,0.0,0.0,0.0
2025-04-10,1022.75,231794.0,192962.0,1034.75,295151.0,161619.0,-12.0,-0.0117330725983752,-20027.0,4135.0,-24162.0,1.193931406579665,0.7853403850910186,0.01162215628091,0.0106225296442687,0.0489743589743589,380,0.0,0.0,0.0,1825,0.0,0.0,0.0,50.7,0.0,0.0,0.0
2025-04-11,1042.25,196209.0,191945.0,1053.0,308778.0,158662.0,-10.75,-0.0103142240345307,-35585.0,13627.0,-49212.0,1.2097729765161085,0.6354371101568097,0.0190662429723784,0.0659677831756584,0.068974358974359,380,0.0,0.0,0.0,1825,0.0,0.0,0.0,50.7,0.0,0.0,0.0
2025-04-14,1041.0,190661.0,117322.0,1048.75,306226.0,106802.0,-7.75,-0.0074447646493684,-5548.0,-2552.0,-2996.0,1.098500028089351,0.6226153233232952,-0.0011993283761093,0.0590030518819939,0.0676923076923077,380,0.0,0.0,0.0,1825,0.0,0.0,0.0,50.7,0.0,0.0,0.0
2025-04-15,1036.0,178546.0,126985.0,1045.0,310277.0,113177.0,-9.0,-0.0086872586872503,-12115.0,4051.0,-16166.0,1.1220035873012968,0.5754406546408514,-0.0048030739673391,0.0446180993193849,0.0211927057663874,380,0.0,0.0,0.0,1825,0.0,0.0,0.0,50.7,0.0,0.0,0.0
2025-04-16,1037.5,160082.0,113594.0,1049.0,320305.0,113328.0,-11.5,-0.0110843373493869,-18464.0,10028.0,-28492.0,1.0023471692785455,0.4997798972853983,0.0014478764478764,0.0262116716122651,0.025197628458498,380,0.0,0.0,0.0,1825,0.0,0.0,0.0,50.7,0.0,0.0,0.0
2025-04-17,1035.5,153408.0,88269.0,1047.0,324520.0,89045.0,-11.5,-0.0111057460164064,-6674.0,4215.0,-10889.0,0.9912853051827616,0.4727227905830135,-0.0019277108433735,0.0124663896357859,0.027281746031746,380,0.0,0.0,0.0,1825,0.0,0.0,0.0,50.7,0.0,0.0,0.0
2025-04-21,1029.0,145365.0,56324.0,1041.25,334956.0,71977.0,-12.25,-0.0119047619047503,-8043.0,10436.0,-18479.0,0.7825277519207415,0.4339823738043193,-0.006277160791888,-0.0127128807867593,0.0157946692991115,380,0.0,0.0,0.0,1825,0.0,0.0,0.0,50.7,0.0,0.0,0.0
2025-04-22,1035.0,127964.0,78848.0,1046.0,342898.0,94806.0,-11.0,-0.0106280193236612,-17401.0,7942.0,-25343.0,0.831677320000835,0.3731838622564133,0.0058309037900874,-0.0057636887608069,0.0252600297176819,380,0.0,0.0,0.0,1825,0.0,0.0,0.0,50.7,0.0,0.0,0.0
2025-04-23,1041.25,113485.0,105262.0,1050.5,353781.0,140319.0,-9.25,-0.00888355342136,-14479.0,10883.0,-25362.0,0.7501621305739014,0.3207775431693609,0.0060386473429951,0.0050675675675675,0.0345255837059115,380,0.0,0.0,0.0,1825,0.0,0.0,0.0,50.7,0.0,0.0,0.0
2025-04-24,1053.0,92877.0,95258.0,1062.75,365164.0,148400.0,-9.75,-0.0092592592592504,-20608.0,11383.0,-31991.0,0.6419002695417747,0.2543432539899873,0.0112845138055222,0.0149397590361446,0.0506360688450986,380,0.0,0.0,0.0,1825,0.0,0.0,0.0,50.7,0.0,0.0,0.0
2025-04-25,1049.5,59559.0,80595.0,1058.5,370971.0,124426.0,-9.0,-0.008575512148634,-33318.0,5807.0,-39125.0,0.6477343963480249,0.1605489377875894,-0.0033238366571699,0.0135200386286817,0.0489755122438779,380,0.0,0.0,0.0,1825,0.0,0.0,0.0,50.7,0.0,0.0,0.0
2025-04-28,1049.25,26897.0,69123.0,1061.25,374663.0,134453.0,-12.0,-0.0114367405289383,-32662.0,3692.0,-36354.0,0.5141053007370567,0.0717898484771646,-0.0002382086707956,0.0196793002915451,0.0342533267619518,380,0.0,0.0,0.0,1825,0.0,0.0,0.0,50.7,0.0,0.0,0.0
2025-04-29,1038.25,4852.0,38351.0,1052.5,370057.0,149001.0,-14.25,-0.013725018059221,-22045.0,-4606.0,-17439.0,0.2573875343118485,0.0131114936347643,-0.0104836788182034,0.0031400966183574,0.0159001956947162,380,0.0,0.0,0.0,1825,0.0,0.0,0.0,50.7,0.0,0.0,0.0
2025-04-30,1030.25,3016.0,3242.0,1043.75,364121.0,115195.0,-13.5,-0.0131036156272622,-1836.0,-5936.0,4100.0,0.0281435826207732,0.0082829608838819,-0.0077052732964122,-0.0105642256902761,0.0162762022194822,375,-5.0,-5.0,-4.898979480766074,1825,0.0,0.0,0.0,50.7,0.0,0.0,0.0
2025-05-01,1039.25,1691.0,2080.0,1050.0,364666.0,84628.0,-10.75,-0.0103439980755252,-1325.0,545.0,-1870.0,0.0245781538025236,0.0046371199947348,0.0087357437515165,-0.0130579297245964,0.0072692028107583,375,0.0,0.0,0.0,1825,0.0,0.0,0.0,50.7,0.0,0.0,0.0
2025-05-02,1033.75,916.0,1388.0,1057.5,370325.0,91958.0,-23.75,-0.0229746070132788,-775.0,5659.0,-6434.0,0.0150938471911088,0.0024735030041179,-0.0052922780851575,-0.0150071462601238,0.0046161321671525,375,0.0,0.0,0.0,1825,0.0,0.0,0.0,50.7,0.0,0.0,0.0
2025-05-05,1031.0,557.0,682.0,1046.0,368627.0,84103.0,-15.0,-0.0145489815712758,-359.0,-1698.0,1339.0,0.008109104312569,0.0015110124868769,-0.0026602176541716,-0.0173933762211103,0.0187747035573122,375,0.0,0.0,0.0,1825,0.0,0.0,0.0,50.7,0.0,0.0,0.0
2025-05-06,1030.0,342.0,282.0,1040.25,369894.0,102323.0,-10.25,-0.0099514563106699,-215.0,1267.0,-1482.0,0.0027559786167332,0.0009245892066375,-0.0009699321047527,-0.0079460630869251,0.0534390181539248,375,0.0,0.0,0.0,1825,0.0,0.0,0.0,50.7,0.0,0.0,0.0
2025-05-07,1030.0,212.0,204.0,1039.0,375682.0,123496.0,-9.0,-0.0087378640776614,-130.0,5788.0,-5918.0,0.0016518753643842,0.0005643070469173,0.0,-0.0002426595486532,0.0478128179043744,375,0.0,0.0,0.0,1825,0.0,0.0,0.0,50.7,0.0,0.0,0.0
2025-05-08,1020.25,178.0,61.0,1044.5,374511.0,105083.0,-24.25,-0.0237686841460193,-34.0,-1171.0,1137.0,0.0005804935146503,0.0004752864401846,-0.0094660194174757,-0.0182824152032715,0.0287370809175699,375,0.0,0.0,0.0,1825,0.0,0.0,0.0,50.7,0.0,0.0,0.0
2025-05-09,1030.25,129.0,53.0,1052.0,373540.0,116140.0,-21.75,-0.0211113807328113,-49.0,-971.0,922.0,0.0004563457895643,0.0003453445414145,0.0098015192354814,-0.0033857315598548,0.0190405539070226,375,0.0,0.0,0.0,1825,0.0,0.0,0.0,50.7,0.0,0.0,0.0
2025-05-12,,72.0,75.0,1069.25,376409.0,195384.0,,,-57.0,2869.0,-2926.0,0.0003838594767227,0.0001912812924239,0.0,-0.0007274490785644,0.0073331703739916,375,0.0,0.0,0.0,1825,0.0,0.0,0.0,50.7,0.0,0.0,0.0
2025-05-13,,5.0,31.0,1073.75,363627.0,161099.0,,,-67.0,-12782.0,12715.0,0.0001924282584001,1.3750354071617309e-05,0.0,0.0002427184466018,-0.0115135524106499,375,0.0,0.0,0.0,1825,0.0,0.0,0.0,50.7,0.0,0.0,0.0
2025-05-14,,3.0,11.0,1075.75,365783.0,124910.0,,,-2.0,2156.0,-2158.0,8.806340565206878e-05,8.201583999256367e-06,0.0,0.0002427184466018,-0.0103266090297791,375,0.0,0.0,0.0,1825,0.0,0.0,0.0,50.7,0.0,0.0,0.0
2025-05-15,1053.0,362368.0,172955.0,1048.75,48887.0,26081.0,4.25,0.0040360873694168,362365.0,-316896.0,679261.0,6.631455849085286,7.412359113874703,0.0220820189274448,0.0320999754962019,0.0164092664092663,375,0.0,0.0,0.0,1825,0.0,0.0,0.0,50.7,0.0,0.0,0.0
2025-05-16,1050.5,358902.0,114733.0,1046.5,49337.0,16248.0,4.0,0.0038077106139897,-3466.0,450.0,-3916.0,7.061361398325513,7.274499868252888,-0.0023741690408357,0.0196554234409123,0.0125301204819276,375,0.0,0.0,0.0,1825,0.0,0.0,0.0,50.7,0.0,0.0,0.0
2025-05-19,1050.75,356035.0,78345.0,1047.25,50088.0,11754.0,3.5,0.0033309540804155,-2867.0,751.0,-3618.0,6.66539050535931,7.108189586327921,0.0002379819133746,0.0198980829895656,0.014727184934814,375,0.0,0.0,0.0,1825,0.0,0.0,0.0,50.7,0.0,0.0,0.0
2025-05-20,1053.25,348836.0,92812.0,1051.0,50919.0,11701.0,2.25,0.0021362449560862,-7199.0,831.0,-8030.0,7.931971626356043,6.850802254561032,0.0023792529145847,0.0223246784760979,0.0235665694849367,375,0.0,0.0,0.0,1825,0.0,0.0,0.0,50.7,0.0,0.0,0.0
2025-05-21,1062.25,341363.0,129770.0,1057.5,50067.0,23336.0,4.75,0.0044716403859689,-7473.0,-852.0,-6621.0,5.560935893040557,6.818123714222805,0.008544979824353,0.0310604222276147,0.0263285024154589,375,0.0,0.0,0.0,1825,0.0,0.0,0.0,50.7,0.0,0.0,0.0
2025-05-22,1067.5,346108.0,114369.0,1062.25,52386.0,21402.0,5.25,0.0049180327868806,4745.0,2319.0,2426.0,5.343846369497928,6.606879700683263,0.0049423393739702,0.013770180436847,0.0252100840336133,375,0.0,0.0,0.0,1825,0.0,0.0,0.0,50.7,0.0,0.0,0.0
2025-05-23,1060.0,340813.0,105119.0,1055.5,53420.0,19433.0,4.5,0.0042452830188639,-5295.0,1034.0,-6329.0,5.409303761642288,6.379876450767384,-0.0070257611241217,0.0090433127082341,0.0066476733143399,375,0.0,0.0,0.0,1825,0.0,0.0,0.0,50.7,0.0,0.0,0.0
2025-05-27,1061.5,341266.0,85012.0,1058.0,54307.0,12587.0,3.5,0.0032972209137981,453.0,887.0,-434.0,6.753952490664435,6.284014952031851,0.0014150943396227,0.0102307875327147,0.0114340161981896,375,0.0,0.0,0.0,1825,0.0,0.0,0.0,50.7,0.0,0.0,0.0
2025-05-28,1049.25,344398.0,94732.0,1044.75,55130.0,14959.0,4.5,0.0042887776983518,3132.0,823.0,2309.0,6.332776255096842,6.247016143660326,-0.0115402731983043,-0.0037977688108236,0.0,375,0.0,0.0,0.0,1825,0.0,0.0,0.0,50.7,0.0,0.0,0.0
2025-05-29,1050.0,345395.0,121364.0,1047.25,55451.0,23144.0,2.75,0.0026190476190451,997.0,321.0,676.0,5.243864500518266,6.228832663071789,0.0007147962830593,-0.0115321252059308,0.0113171201541055,375,0.0,0.0,0.0,1825,0.0,0.0,0.0,50.7,0.0,0.0,0.0
2025-05-30,1043.0,340595.0,103024.0,1036.5,56001.0,25307.0,6.5,0.0062320230105405,-4800.0,550.0,-5350.0,4.070968506737105,6.081944965268369,-0.0066666666666667,-0.0229508196721311,0.0123756369813152,375,0.0,0.0,0.0,1825,0.0,0.0,0.0,50.7,0.0,0.0,0.0
2025-06-02,1034.25,341266.0,110582.0,1028.0,56355.0,21095.0,6.25,0.006043026347589,671.0,354.0,317.0,5.242095283242226,6.055647236269967,-0.0083892617449664,-0.0242924528301886,-0.0048111618955978,295,-80.0,-80.0,-4.902727907949918,1815,-10.0,-10.0,-4.898979483166399,52.5,1.7999999999999972,1.7999999999999972,4.898979472233023
2025-06-03,1040.5,336120.0,103958.0,1033.75,58750.0,25225.0,6.75,0.0064872657376199,-5146.0,2395.0,-7541.0,4.12122893954394,5.721191489361605,0.0060430263475947,-0.0197833254828073,0.0065296251511486,295,0.0,0.0,0.0,1815,0.0,0.0,0.0,52.5,0.0,0.0,0.0
2025-06-04,1044.75,330202.0,136377.0,1038.25,61272.0,32546.0,6.5,0.0062215841110253,-5918.0,2522.0,-8440.0,4.190284520371038,5.389117378247725,0.0040845747236906,-0.004288777698356,0.013336566440349,295,0.0,0.0,0.0,1815,0.0,0.0,0.0,52.5,0.0,0.0,0.0
2025-06-05,1050.25,324267.0,118862.0,1045.25,63537.0,35578.0,5.0,0.0047607712449371,-5935.0,2265.0,-8200.0,3.3408848164595164,5.103593181925413,0.0052644173247189,0.0002380952380951,0.0196601941747571,295,0.0,0.0,0.0,1815,0.0,0.0,0.0,52.5,0.0,0.0,0.0
2025-06-06,1057.25,310899.0,130387.0,1051.25,62599.0,34186.0,6.0,0.0056751004965659,-13368.0,-938.0,-12430.0,3.8140466857776927,4.966517037013292,0.0066650797429184,0.0136625119846596,0.0264563106796116,295,0.0,0.0,0.0,1815,0.0,0.0,0.0,52.5,0.0,0.0,0.0
2025-06-09,1055.0,292628.0,120715.0,1046.5,64960.0,27940.0,8.5,0.008056872037907,-18271.0,2361.0,-20632.0,4.3205082319254,4.504741379310276,-0.0021281626862141,0.0200628474740149,0.0340602793432982,295,0.0,0.0,0.0,1815,0.0,0.0,0.0,52.5,0.0,0.0,0.0
2025-06-10,1057.25,277065.0,139464.0,1049.0,68270.0,27118.0,8.25,0.0078032631827781,-15563.0,3310.0,-18873.0,5.142857142856953,4.058371173282495,0.0021327014218008,0.0160980297933686,0.0262072312545498,295,0.0,0.0,0.0,1815,0.0,0.0,0.0,52.5,0.0,0.0,0.0
2025-06-11,1050.0,252703.0,159137.0,1045.0,67572.0,31666.0,5.0,0.0047619047619002,-24362.0,-698.0,-23664.0,5.025484747047147,3.739759071804834,-0.0068574131000236,0.0050251256281406,0.0191701043436058,295,0.0,0.0,0.0,1815,0.0,0.0,0.0,52.5,0.0,0.0,0.0
2025-06-12,1042.5,229701.0,228330.0,1040.75,64364.0,72954.0,1.75,0.0016786570743389,-23002.0,-3208.0,-19794.0,3.1297804095731125,3.5687806848548327,-0.0071428571428571,-0.0073791954296595,0.0118903178840086,295,0.0,0.0,0.0,1815,0.0,0.0,0.0,52.5,0.0,0.0,0.0
2025-06-13,1068.0,218448.0,211601.0,1068.0,69753.0,56316.0,0.0,0.0,-11253.0,5389.0,-16642.0,3.757386888273248,3.1317362694077224,0.0244604316546761,0.0101678883896902,0.0366415918466391,295,0.0,0.0,0.0,1815,0.0,0.0,0.0,52.5,0.0,0.0,0.0
2025-06-16,1069.5,195743.0,159294.0,1071.5,73065.0,49747.0,-2.0,-0.0018700327255709,-22705.0,3312.0,-26017.0,3.2020825376403965,2.6790255252172357,0.0014044943820223,0.0137440758293838,0.0156695156695156,295,0.0,0.0,0.0,1815,0.0,0.0,0.0,52.5,0.0,0.0,0.0
2025-06-17,1073.0,171585.0,132731.0,1074.75,71794.0,45883.0,-1.75,-0.0016309412861121,-24158.0,-1271.0,-22887.0,2.89281433210551,2.389962949550068,0.0032725572697522,0.0148971388034997,0.0214183722037124,295,0.0,0.0,0.0,1815,0.0,0.0,0.0,52.5,0.0,0.0,0.0
2025-06-18,1072.75,162194.0,114289.0,1075.0,72152.0,48780.0,-2.25,-0.0020974131903965,-9391.0,358.0,-9749.0,2.342947929479247,2.2479487748087057,-0.0002329916123019,0.0216666666666667,0.0209374256483463,295,0.0,0.0,0.0,1815,0.0,0.0,0.0,52.5,0.0,0.0,0.0
2025-06-20,1067.25,131439.0,104762.0,1071.25,77431.0,47122.0,-4.0,-0.0037479503396544,-30755.0,5279.0,-36034.0,2.223207843470094,1.6974984179462786,-0.0051270100209741,0.0237410071942445,0.0132921908378826,295,0.0,0.0,0.0,1815,0.0,0.0,0.0,52.5,0.0,0.0,0.0
2025-06-23,1058.0,107225.0,105102.0,1061.25,77426.0,55981.0,-3.25,-0.0030718336483902,-24214.0,-5.0,-24209.0,1.877458423393618,1.3848707152635886,-0.0086671351604591,-0.0093632958801498,-0.004000941397976,295,0.0,0.0,0.0,1815,0.0,0.0,0.0,52.5,0.0,0.0,0.0
2025-06-24,1046.75,81155.0,98635.0,1050.0,81153.0,78289.0,-3.25,-0.0031048483400973,-26070.0,3727.0,-29797.0,1.2598832530751285,1.0000246448067107,-0.010633270321361,-0.0212716222533894,-0.0194379391100703,295,0.0,0.0,0.0,1815,0.0,0.0,0.0,52.5,0.0,0.0,0.0
2025-06-25,1025.25,45678.0,114571.0,1029.5,96132.0,108115.0,-4.25,-0.0041453304072137,-35477.0,14979.0,-50456.0,1.0597141932201724,0.4751591561602746,-0.020539765942202,-0.0445013979496737,-0.0327830188679245,295,0.0,0.0,0.0,1815,0.0,0.0,0.0,52.5,0.0,0.0,0.0
2025-06-26,1020.0,19079.0,61878.0,1027.0,102204.0,72244.0,-7.0,-0.0068627450980324,-26599.0,6072.0,-32671.0,0.8565140357676643,0.1866756682712987,-0.0051207022677395,-0.0491726870193428,-0.0390956194065001,295,0.0,0.0,0.0,1815,0.0,0.0,0.0,52.5,0.0,0.0,0.0
2025-06-27,1018.25,5453.0,26684.0,1033.0,108287.0,47963.0,-14.75,-0.0144856371224998,-13626.0,6083.0,-19709.0,0.556345516335497,0.0503569218835127,-0.0017156862745097,-0.0459123916608105,-0.0295449130331189,295,0.0,0.0,0.0,1815,0.0,0.0,0.0,52.5,0.0,0.0,0.0
2025-06-30,1024.0,3118.0,5015.0,1029.5,110137.0,59926.0,-5.5,-0.0053710937499947,-2335.0,1850.0,-4185.0,0.0836865467409791,0.0283101954838062,0.0056469432850478,-0.0321361058601133,-0.0247619047619047,295,0.0,0.0,0.0,1815,0.0,0.0,0.0,52.5,0.0,0.0,0.0
2025-07-01,1022.25,1968.0,1119.0,1030.25,111314.0,51561.0,-8.0,-0.0078258742968864,-1150.0,1177.0,-2327.0,0.0217024495258039,0.0176797168370553,-0.001708984375,-0.0234057797946023,-0.0198945349952061,295,0.0,0.0,0.0,1815,0.0,0.0,0.0,52.5,0.0,0.0,0.0
2025-07-02,1008.0,1523.0,863.0,1052.75,111074.0,53107.0,-44.75,-0.0443948412697972,-445.0,-240.0,-205.0,0.0162502118364807,0.0137115796676088,-0.0139398385913426,-0.0168251645940015,-0.0253807106598984,295,0.0,0.0,0.0,1815,0.0,0.0,0.0,52.5,0.0,0.0,0.0
2025-07-03,1002.0,1215.0,394.0,1054.0,106049.0,56407.0,-52.0,-0.0518962075847785,-308.0,-5025.0,4717.0,0.0069849486765825,0.0114569680053559,-0.0059523809523809,-0.0176470588235294,-0.0370014416146083,295,0.0,0.0,0.0,1815,0.0,0.0,0.0,52.5,0.0,0.0,0.0
2025-07-07,1019.75,615.0,1227.0,1030.0,108579.0,60370.0,-10.25,-0.0100514832066584,-600.0,2530.0,-3130.0,0.0203246645684939,0.0056640786892492,0.0177145708582835,0.0014731156395777,-0.0239291696578128,295,0.0,0.0,0.0,1815,0.0,0.0,0.0,52.5,0.0,0.0,0.0
2025-07-08,1002.0,389.0,239.0,1020.75,103479.0,62424.0,-18.75,-0.0187125748502807,-226.0,-5100.0,4874.0,0.0038286556452645,0.00375921684593,-0.0174062270164255,-0.021484375,-0.0459414425136872,295,0.0,0.0,0.0,1815,0.0,0.0,0.0,52.5,0.0,0.0,0.0
2025-07-09,1002.0,380.0,18.0,1008.5,105651.0,37642.0,-6.5,-0.0064870259480973,-9.0,2172.0,-2181.0,0.0004781892566813,0.0035967477827942,0.0,-0.0198092443140132,-0.052258217072594,295,0.0,0.0,0.0,1815,0.0,0.0,0.0,52.5,0.0,0.0,0.0
2025-07-10,1012.5,55.0,48.0,1012.5,106382.0,51876.0,0.0,0.0,-325.0,731.0,-1056.0,0.0009252833680314,0.0005170047564437,0.0104790419161677,0.0044642857142858,-0.0402843601895734,295,0.0,0.0,0.0,1815,0.0,0.0,0.0,52.5,0.0,0.0,0.0
2025-07-11,1002.0,7.0,22.0,1004.0,106713.0,40206.0,-2.0,-0.0019960079840299,-48.0,331.0,-379.0,0.0005471820126349,6.559650651748086e-05,-0.0103703703703703,0.0,-0.052258217072594,295,0.0,0.0,0.0,1815,0.0,0.0,0.0,52.5,0.0,0.0,0.0
2025-07-14,,205.0,213.0,1000.5,102460.0,41417.0,,,198.0,-4253.0,4451.0,0.0051428157519857,0.0020007807925043,0.0,-0.0174062270164255,-0.0457142857142857,295,0.0,0.0,0.0,1815,0.0,0.0,0.0,52.5,0.0,0.0,0.0
2025-07-15,995.0,102785.0,31994.0,988.25,81604.0,20475.0,6.75,0.0067839195979831,102580.0,-20856.0,123436.0,1.5625885225884462,1.2595583549825833,-0.0069860279441117,-0.0069860279441117,-0.0455635491606715,295,0.0,0.0,0.0,1815,0.0,0.0,0.0,52.5,0.0,0.0,0.0
2025-07-16,1012.0,100436.0,33432.0,1005.0,80934.0,22369.0,7.0,0.0069169960474239,-2349.0,-670.0,-1679.0,1.4945683758772634,1.2409617713198255,0.0170854271356784,0.0099800399201597,-0.0524344569288389,295,0.0,0.0,0.0,1815,0.0,0.0,0.0,52.5,0.0,0.0,0.0
2025-07-17,1021.5,96784.0,36536.0,1012.25,79770.0,25507.0,9.25,0.0090553108174164,-3652.0,-1164.0,-2488.0,1.4323911083231493,1.2132882035852923,0.009387351778656,0.0088888888888889,-0.0448807854137447,295,0.0,0.0,0.0,1815,0.0,0.0,0.0,52.5,0.0,0.0,0.0
2025-07-18,1027.25,95090.0,46931.0,1020.5,79780.0,38338.0,6.75,0.0065709418349899,-1694.0,10.0,-1704.0,1.224137931034451,1.1919027325143996,0.0056289769946158,0.0251996007984032,-0.0426374650512582,295,0.0,0.0,0.0,1815,0.0,0.0,0.0,52.5,0.0,0.0,0.0
2025-07-21,1015.0,93022.0,36572.0,1011.0,80493.0,23500.0,4.0,0.0039408866995035,-2068.0,713.0,-2781.0,1.55625531914887,1.1556532866211824,-0.0119250425894378,0.0129740518962075,-0.0538336052202284,295,0.0,0.0,0.0,1815,0.0,0.0,0.0,52.5,0.0,0.0,0.0
2025-07-22,1011.0,87810.0,57095.0,1008.5,83826.0,45113.0,2.5,0.0024727992087018,-5212.0,3333.0,-8545.0,1.2655997162680102,1.0475270202562326,-0.0039408866995074,0.0160804020100502,-0.0527055516514406,295,0.0,0.0,0.0,1815,0.0,0.0,0.0,52.5,0.0,0.0,0.0
2025-07-23,1005.5,79229.0,56306.0,1004.75,85716.0,38339.0,0.75,0.0007458975634005,-8581.0,1890.0,-10471.0,1.4686350713372425,0.9243198469363838,-0.0054401582591493,-0.0064229249011857,-0.0496219281663515,295,0.0,0.0,0.0,1815,0.0,0.0,0.0,52.5,0.0,0.0,0.0
2025-07-24,1005.0,59324.0,68411.0,1005.75,85982.0,51127.0,-0.75,-0.0007462686567156,-19905.0,266.0,-20171.0,1.3380601247872683,0.6899583633783735,-0.0004972650422675,-0.0161527165932452,-0.0398853594459039,295,0.0,0.0,0.0,1815,0.0,0.0,0.0,52.5,0.0,0.0,0.0
2025-07-25,999.0,54247.0,50674.0,1002.25,80662.0,35739.0,-3.25,-0.0032532532532499,-5077.0,-5320.0,243.0,1.41789081955283,0.6725223773276057,-0.0059701492537312,-0.0275006084205402,-0.0256035113386978,295,0.0,0.0,0.0,1815,0.0,0.0,0.0,52.5,0.0,0.0,0.0
2025-07-28,988.25,28880.0,59017.0,992.25,79292.0,51995.0,-4.0,-0.0040475588160849,-25367.0,-1370.0,-23997.0,1.135051447254522,0.3642233768854315,-0.0107607607607607,-0.0263546798029556,-0.0311274509803921,295,0.0,0.0,0.0,1815,0.0,0.0,0.0,52.5,0.0,0.0,0.0
2025-07-29,978.75,13035.0,51072.0,988.25,78155.0,53185.0,-9.5,-0.0097062579821101,-15845.0,-1137.0,-14708.0,0.960270753031852,0.1667839549612927,-0.0096129521882114,-0.0318991097922848,-0.0387920451755462,295,0.0,0.0,0.0,1815,0.0,0.0,0.0,52.5,0.0,0.0,0.0
2025-07-30,965.5,2458.0,26906.0,976.0,81228.0,45033.0,-10.5,-0.0108751941998851,-10577.0,3073.0,-13650.0,0.5974729642706328,0.0302605013049683,-0.013537675606641,-0.0397812033814023,-0.05712890625,295,0.0,0.0,0.0,1815,0.0,0.0,0.0,52.5,0.0,0.0,0.0
2025-07-31,962.0,1369.0,2159.0,970.25,81895.0,24348.0,-8.25,-0.0085758835758746,-1089.0,667.0,-1756.0,0.0886725809101327,0.0167165272605163,-0.0036250647332988,-0.0427860696517412,-0.0589386157984836,310,15.0,15.0,4.898979483966324,1745,-70.0,-70.0,-4.8989794852235,52.5,0.0,0.0,0.0
2025-08-01,,891.0,446.0,968.0,80692.0,29313.0,,,-478.0,-1203.0,725.0,0.0152150922798753,0.0110419868140582,0.0,-0.037037037037037,-0.0456349206349205,310,0.0,0.0,0.0,1745,0.0,0.0,0.0,52.5,0.0,0.0,0.0
2025-08-04,968.0,574.0,484.0,975.25,78118.0,32968.0,-7.25,-0.0074896694214798,-317.0,-2574.0,2257.0,0.0146809026935205,0.0073478583681096,0.0062370062370062,-0.0204907665064507,-0.0339321357285429,310,0.0,0.0,0.0,1745,0.0,0.0,0.0,52.5,0.0,0.0,0.0
2025-08-05,965.0,436.0,306.0,970.75,75649.0,26999.0,-5.75,-0.0059585492227917,-138.0,-2469.0,2331.0,0.0113337531019663,0.0057634601911458,-0.003099173553719,-0.0140485312899105,-0.0536896298112282,310,0.0,0.0,0.0,1745,0.0,0.0,0.0,52.5,0.0,0.0,0.0
2025-08-06,,383.0,142.0,966.5,75139.0,30023.0,,,-53.0,-510.0,457.0,0.004729707224461,0.0050972198192682,0.0,-0.0005178663904712,-0.0369261477045907,310,0.0,0.0,0.0,1745,0.0,0.0,0.0,52.5,0.0,0.0,0.0
2025-08-07,,302.0,22.0,974.5,76745.0,29336.0,,,-81.0,1606.0,-1687.0,0.0007499318243795,0.0039351097791386,0.0,0.003118503118503,-0.0369261477045907,310,0.0,0.0,0.0,1745,0.0,0.0,0.0,52.5,0.0,0.0,0.0
2025-08-08,,246.0,206.0,966.5,75277.0,19859.0,,,-56.0,-1468.0,1412.0,0.0103731305705216,0.0032679304435617,0.0,0.003118503118503,-0.0469135802469136,310,0.0,0.0,0.0,1745,0.0,0.0,0.0,52.5,0.0,0.0,0.0
2025-08-11,,226.0,26.0,990.75,73562.0,34940.0,,,-20.0,-1715.0,1695.0,0.0007441327990841,0.0030722383839481,0.0,-0.003099173553719,-0.0369261477045907,310,0.0,0.0,0.0,1745,0.0,0.0,0.0,52.5,0.0,0.0,0.0
2025-08-12,,89.0,157.0,1011.75,71049.0,77852.0,,,-137.0,-2513.0,2376.0,0.002016646971176,0.0012526566172641,0.0,0.0,-0.0369261477045907,310,0.0,0.0,0.0,1745,0.0,0.0,0.0,52.5,0.0,0.0,0.0
2025-08-13,,4.0,59.0,1021.75,68756.0,41102.0,,,-85.0,-2293.0,2208.0,0.0014354532626149,5.817674093897175e-05,0.0,0.0,-0.0301507537688442,310,0.0,0.0,0.0,1745,0.0,0.0,0.0,52.5,0.0,0.0,0.0
2025-08-14,,3.0,4.0,1010.0,65625.0,27617.0,,,-1.0,-3131.0,3130.0,0.0001448383242205,4.571428571428502e-05,0.0,0.0,-0.0464426877470355,310,0.0,0.0,0.0,1745,0.0,0.0,0.0,52.5,0.0,0.0,0.0
2025-08-15,1022.25,62084.0,19843.0,1042.25,417695.0,114070.0,-20.0,-0.0195646857422161,62081.0,352070.0,-289989.0,0.1739545892872782,0.1486347693891472,0.0593264248704663,0.0593264248704663,0.0007342143906019,310,0.0,0.0,0.0,1745,0.0,0.0,0.0,52.5,0.0,0.0,0.0
2025-08-18,1019.5,60798.0,17318.0,1040.25,418554.0,139131.0,-20.75,-0.0203531142716818,-1286.0,859.0,-2145.0,0.124472619329983,0.1452572427930442,-0.0026901442895573,0.0564766839378239,-0.0075444146994402,310,0.0,0.0,0.0,1745,0.0,0.0,0.0,52.5,0.0,0.0,0.0
2025-08-19,1013.0,58920.0,18605.0,1033.25,421101.0,119715.0,-20.25,-0.0199901283316683,-1878.0,2547.0,-4425.0,0.1554107672388576,0.139918926813282,-0.0063756743501716,0.0497409326424871,-0.0019704433497537,310,0.0,0.0,0.0,1745,0.0,0.0,0.0,52.5,0.0,0.0,0.0
2025-08-20,1014.0,58145.0,14436.0,1035.0,416266.0,78264.0,-21.0,-0.0207100591715772,-775.0,-4835.0,4060.0,0.1844526218951218,0.139682318517486,0.0009871668311944,0.0507772020725387,0.002967359050445,310,0.0,0.0,0.0,1745,0.0,0.0,0.0,52.5,0.0,0.0,0.0
2025-08-21,1032.75,52999.0,35172.0,1054.0,414499.0,209807.0,-21.25,-0.0205761316872228,-5146.0,-1767.0,-3379.0,0.167639783229348,0.1278627933963649,0.0184911242603549,0.0702072538860103,0.0271009448035803,310,0.0,0.0,0.0,1745,0.0,0.0,0.0,52.5,0.0,0.0,0.0
2025-08-22,1036.0,44772.0,23422.0,1057.75,406803.0,173590.0,-21.75,-0.0209942084941882,-8227.0,-7696.0,-531.0,0.1349271271386593,0.1100581854116117,0.0031469377874606,0.0134507214477868,0.0308457711442786,310,0.0,0.0,0.0,1745,0.0,0.0,0.0,52.5,0.0,0.0,0.0
2025-08-25,1025.25,28423.0,30733.0,1047.75,399670.0,163195.0,-22.5,-0.0219458668617196,-16349.0,-7133.0,-9216.0,0.1883207206103117,0.0711161708409436,-0.0103764478764478,0.0056400196174595,0.0262762762762762,310,0.0,0.0,0.0,1745,0.0,0.0,0.0,52.5,0.0,0.0,0.0
2025-08-26,1028.0,17561.0,23442.0,1048.75,405398.0,154540.0,-20.75,-0.0201848249027041,-10862.0,5728.0,-16590.0,0.1516888831370509,0.0433179246074227,0.002682272616435,0.014807502467917,0.0402226157348848,310,0.0,0.0,0.0,1745,0.0,0.0,0.0,52.5,0.0,0.0,0.0
2025-08-27,1019.5,11199.0,18842.0,1048.0,409616.0,122281.0,-28.5,-0.0279548798430329,-6362.0,4218.0,-10580.0,0.1540877159983958,0.0273402406156008,-0.0082684824902723,0.0054240631163708,0.0416347381864623,310,0.0,0.0,0.0,1745,0.0,0.0,0.0,52.5,0.0,0.0,0.0
2025-08-28,1018.5,1875.0,19385.0,1048.0,408609.0,117498.0,-29.5,-0.0289641629847531,-9324.0,-1007.0,-8317.0,0.1649815316005364,0.0045887388677194,-0.0009808729769494,-0.0137981118373274,0.0548938373899534,310,0.0,0.0,0.0,1745,0.0,0.0,0.0,52.5,0.0,0.0,0.0
2025-08-29,997.0,1299.0,694.0,1052.75,409717.0,107371.0,-55.75,-0.0559177532597232,-576.0,1108.0,-1684.0,0.0064635702377736,0.0031704810881657,-0.0211094747177221,-0.0376447876447876,0.0363825363825363,310,0.0,0.0,0.0,1745,0.0,0.0,0.0,52.5,0.0,0.0,0.0
2025-09-02,997.0,1185.0,1134.0,1040.0,406717.0,124743.0,-43.0,-0.0431293881644502,-114.0,-3000.0,2886.0,0.0090906904595848,0.0029135738117659,0.0,-0.0275542550597415,0.0363825363825363,290,-20.0,-20.0,-3.8398664410135877,1705,-40.0,-40.0,-2.477417112984151,53.6,1.1000000000000014,1.1000000000000014,4.898979463748174
2025-09-03,997.0,364.0,583.0,1031.0,403873.0,101587.0,-34.0,-0.034102306920728,-821.0,-2844.0,2023.0,0.0057389232874284,0.0009012734201097,0.0,-0.0301556420233463,0.0299586776859503,290,0.0,0.0,0.0,1705,0.0,0.0,0.0,53.6,0.0,0.0,0.0
2025-09-04,997.0,190.0,409.0,1033.0,398440.0,115810.0,-36.0,-0.0361083249748885,-174.0,-5433.0,5259.0,0.003531646662637,0.0004768597530368,0.0,-0.0220696419813634,0.033160621761658,290,0.0,0.0,0.0,1705,0.0,0.0,0.0,53.6,0.0,0.0,0.0
2025-09-05,997.0,112.0,127.0,1026.75,401796.0,102785.0,-29.75,-0.029839518555637,-78.0,3356.0,-3434.0,0.0012355888505131,0.000278748419596,0.0,-0.0211094747177221,0.033160621761658,290,0.0,0.0,0.0,1705,0.0,0.0,0.0,53.6,0.0,0.0,0.0
2025-09-08,997.0,79.0,65.0,1033.75,401077.0,96001.0,-36.75,-0.0368605817451987,-33.0,-719.0,686.0,0.0006770762804554,0.0001969696591926,0.0,0.0,0.033160621761658,290,0.0,0.0,0.0,1705,0.0,0.0,0.0,53.6,0.0,0.0,0.0
2025-09-09,997.0,47.0,18.0,1030.25,399041.0,88969.0,-33.25,-0.0333500501504179,-32.0,-2036.0,2004.0,0.0002023176612078,0.0001177823832638,0.0,0.0,0.033160621761658,290,0.0,0.0,0.0,1705,0.0,0.0,0.0,53.6,0.0,0.0,0.0
2025-09-10,997.0,42.0,20.0,1024.75,403638.0,100353.0,-27.75,-0.0278335005014765,-5.0,4597.0,-4602.0,0.0001992964834135,0.000104053632215,0.0,0.0,0.033160621761658,290,0.0,0.0,0.0,1705,0.0,0.0,0.0,53.6,0.0,0.0,0.0
2025-09-11,997.0,24.0,17.0,1034.25,405446.0,102675.0,-37.25,-0.0373620862587388,-18.0,1808.0,-1826.0,0.0001655709763817,5.919407270018681e-05,0.0,0.0,0.033160621761658,290,0.0,0.0,0.0,1705,0.0,0.0,0.0,53.6,0.0,0.0,0.0
2025-09-12,,20.0,20.0,1045.0,401087.0,185166.0,,,-4.0,-4359.0,4355.0,0.0001080111899592,4.986449323962121e-05,0.0,0.0,0.033160621761658,290,0.0,0.0,0.0,1705,0.0,0.0,0.0,53.6,0.0,0.0,0.0
2025-09-15,1042.75,392215.0,119751.0,1061.75,165872.0,32036.0,-19.0,-0.0182210501078703,392195.0,-235215.0,627410.0,3.73801348482945,2.364564242307307,0.0458876629889668,0.0458876629889668,0.0805699481865285,290,0.0,0.0,0.0,1705,0.0,0.0,0.0,53.6,0.0,0.0,0.0
2025-09-16,1049.5,396283.0,109074.0,1068.0,166712.0,37755.0,-18.5,-0.0176274416388588,4068.0,840.0,3228.0,2.8889948351210997,2.37705144200776,0.0064732678014864,0.0526579739217651,0.0266568843237955,290,0.0,0.0,0.0,1705,0.0,0.0,0.0,53.6,0.0,0.0,0.0
2025-09-17,1043.5,401705.0,106461.0,1063.0,168361.0,30861.0,-19.5,-0.0186871106851761,5422.0,1649.0,3773.0,3.4496937882763534,2.3859741864208317,-0.0057170080990948,0.0466399197592777,0.0235409514467876,290,0.0,0.0,0.0,1705,0.0,0.0,0.0,53.6,0.0,0.0,0.0
2025-09-18,1038.75,403514.0,99218.0,1057.75,168849.0,31199.0,-19.0,-0.0182912154031111,1809.0,488.0,1321.0,3.180166030962429,2.3897920627305913,-0.0045519885002395,0.0418756268806419,0.0254195459032575,290,0.0,0.0,0.0,1705,0.0,0.0,0.0,53.6,0.0,0.0,0.0
2025-09-19,1025.75,406542.0,184812.0,1045.25,169427.0,48285.0,-19.5,-0.0190104801364669,3028.0,578.0,2450.0,3.827524075799859,2.3995112939495926,-0.0125150421179301,0.0288365095285858,0.0115877712031557,290,0.0,0.0,0.0,1705,0.0,0.0,0.0,53.6,0.0,0.0,0.0
2025-09-22,1011.0,404771.0,188011.0,1030.5,168326.0,52638.0,-19.5,-0.019287833827874,-1771.0,-1101.0,-670.0,3.571773243664205,2.4046849565723516,-0.0143797221545211,-0.0304483337329177,-0.0210602759622366,290,0.0,0.0,0.0,1705,0.0,0.0,0.0,53.6,0.0,0.0,0.0
2025-09-23,1012.25,399687.0,147291.0,1032.0,169089.0,52948.0,-19.75,-0.0195109903679728,-5084.0,763.0,-5847.0,2.781804789604843,2.363767010272683,0.001236399604352,-0.0354930919485468,-0.0229247104247104,290,0.0,0.0,0.0,1705,0.0,0.0,0.0,53.6,0.0,0.0,0.0
2025-09-24,1008.75,399008.0,155373.0,1027.75,172028.0,42417.0,-19.0,-0.0188351920693741,-679.0,2939.0,-3618.0,3.6629888959614383,2.319436370823341,-0.0034576438626821,-0.0333013895543843,-0.0160936356986101,290,0.0,0.0,0.0,1705,0.0,0.0,0.0,53.6,0.0,0.0,0.0
2025-09-25,1012.0,397721.0,132635.0,1030.75,174785.0,41298.0,-18.75,-0.0185276679841714,-1287.0,2757.0,-4044.0,3.211656738825047,2.275487026918773,0.0032218091697646,-0.0257521058965102,-0.0155642023346302,290,0.0,0.0,0.0,1705,0.0,0.0,0.0,53.6,0.0,0.0,0.0
2025-09-26,1013.75,390531.0,103466.0,1033.0,179388.0,35343.0,-19.25,-0.018988902589377,-7190.0,4603.0,-11793.0,2.9274821039526095,2.1770185296675244,0.0017292490118576,-0.011698757007068,-0.0056400196174595,290,0.0,0.0,0.0,1705,0.0,0.0,0.0,53.6,0.0,0.0,0.0
2025-09-29,1009.25,387100.0,103672.0,1028.25,182936.0,32465.0,-19.0,-0.0188258607876949,-3431.0,3548.0,-6979.0,3.1933466810410227,2.116040582498786,-0.0044389642416768,-0.001730959446093,-0.0090819833087874,290,0.0,0.0,0.0,1705,0.0,0.0,0.0,53.6,0.0,0.0,0.0
2025-09-30,1000.5,379620.0,160384.0,1018.75,179391.0,65425.0,-18.25,-0.0182408795602016,-7480.0,-3545.0,-3935.0,2.451417653802026,2.116159673562207,-0.0086698043101313,-0.0116078043961471,0.0035105315947843,300,10.0,10.0,2.1537538067724316,1685,-20.0,-20.0,-2.230016361344463,53.5,-0.10000000000000142,-0.10000000000000142,-0.441804194119382
2025-10-01,1013.75,380690.0,207983.0,1032.5,185507.0,66473.0,-18.75,-0.0184956843403023,1070.0,6116.0,-5046.0,3.1288342635355235,2.052159756774666,0.0132433783108445,0.0049566294919454,0.0168004012036109,300,0.0,0.0,0.0,1685,0.0,0.0,0.0,53.5,0.0,0.0,0.0
2025-10-02,1022.0,375112.0,169691.0,1039.75,190634.0,60325.0,-17.75,-0.0173679060665192,-5578.0,5127.0,-10705.0,2.812946539577243,1.9677077541256969,0.008138101109741,0.0098814229249011,0.025075225677031,300,0.0,0.0,0.0,1685,0.0,0.0,0.0,53.5,0.0,0.0,0.0
2025-10-03,1017.25,370070.0,137811.0,1036.0,192039.0,59818.0,-18.75,-0.0184320471860226,-5042.0,1405.0,-6447.0,2.303838309538897,1.927056483318483,-0.0046477495107631,0.0034525277435264,0.0203109327983952,300,0.0,0.0,0.0,1685,0.0,0.0,0.0,53.5,0.0,0.0,0.0
2025-10-06,1017.25,361143.0,117346.0,1035.25,197097.0,53146.0,-18.0,-0.0176947652985817,-8927.0,5058.0,-13985.0,2.207993075678279,1.8323109940790483,0.0,0.0079266782264058,0.0203109327983952,300,0.0,0.0,0.0,1685,0.0,0.0,0.0,53.5,0.0,0.0,0.0
2025-10-07,1020.25,349866.0,153295.0,1037.25,204675.0,95067.0,-17.0,-0.0166625827003022,-11277.0,7578.0,-18855.0,1.6124943460927386,1.7093733968486542,0.0029491275497666,0.0197401299350323,0.0233199598796389,300,0.0,0.0,0.0,1685,0.0,0.0,0.0,53.5,0.0,0.0,0.0
2025-10-08,1029.0,349993.0,199782.0,1044.0,219271.0,124324.0,-15.0,-0.0145772594752044,127.0,14596.0,-14469.0,1.6069463659470289,1.596166387712002,0.0085763293310463,0.0150431565967941,0.0320962888665998,300,0.0,0.0,0.0,1685,0.0,0.0,0.0,53.5,0.0,0.0,0.0
2025-10-09,1021.0,342973.0,212396.0,1038.0,240577.0,134680.0,-17.0,-0.016650342801159,-7020.0,21306.0,-28326.0,1.5770418770418655,1.4256267224215058,-0.0077745383867833,-0.0009784735812132,0.0240722166499498,300,0.0,0.0,0.0,1685,0.0,0.0,0.0,53.5,0.0,0.0,0.0
2025-10-10,1006.0,307715.0,239699.0,1022.0,259577.0,118978.0,-16.0,-0.0159045725645965,-35258.0,19000.0,-54258.0,2.014649767183832,1.185447863254444,-0.0146914789422135,-0.0110592283116244,0.0090270812437311,300,0.0,0.0,0.0,1685,0.0,0.0,0.0,53.5,0.0,0.0,0.0
2025-10-13,1007.0,307892.0,159036.0,1025.25,259577.0,96924.0,-18.25,-0.0181231380337456,177.0,0.0,177.0,1.6408319920762489,1.186129741849235,0.0009940357852882,-0.0100761857950356,0.0100300902708123,300,0.0,0.0,0.0,1685,0.0,0.0,0.0,53.5,0.0,0.0,0.0
2025-10-14,1006.0,304254.0,143602.0,1024.0,264793.0,81545.0,-18.0,-0.017892644135171,-3638.0,5216.0,-8854.0,1.7610153902752863,1.1490258428281672,-0.0009930486593843,-0.0139671649105611,-0.035243346919204,300,0.0,0.0,0.0,1685,0.0,0.0,0.0,53.5,0.0,0.0,0.0
2025-10-15,1006.25,285694.0,147308.0,1024.0,267710.0,90174.0,-17.75,-0.0176397515527775,-18560.0,2917.0,-21477.0,1.6335972675050277,1.0671771693250118,0.000248508946322,-0.0221088435374149,-0.0412101000476416,300,0.0,0.0,0.0,1685,0.0,0.0,0.0,53.5,0.0,0.0,0.0
2025-10-16,1010.75,273746.0,145818.0,1028.75,280216.0,88660.0,-18.0,-0.0178085580014664,-11948.0,12506.0,-24454.0,1.6446875704940034,0.9769106689125496,0.004472049689441,-0.0100391772771792,-0.0313847628174412,300,0.0,0.0,0.0,1685,0.0,0.0,0.0,53.5,0.0,0.0,0.0
2025-10-17,1020.0,251723.0,163412.0,1037.5,286787.0,98007.0,-17.5,-0.0171568627450812,-22023.0,6571.0,-28594.0,1.667350291305706,0.8777350437781319,0.0091516200840959,0.0139165009940358,-0.0180505415162455,300,0.0,0.0,0.0,1685,0.0,0.0,0.0,53.5,0.0,0.0,0.0
2025-10-20,1031.75,228376.0,183111.0,1050.0,307444.0,126909.0,-18.25,-0.0176883935061616,-23347.0,20657.0,-44004.0,1.44285275275984,0.7428214569157287,0.0115196078431372,0.0245779543197617,0.005849378503534,300,0.0,0.0,0.0,1685,0.0,0.0,0.0,53.5,0.0,0.0,0.0
2025-10-21,1030.25,207136.0,173746.0,1048.0,310181.0,124163.0,-17.75,-0.0172288279543632,-21240.0,2737.0,-23977.0,1.3993379670272028,0.6677907415347791,-0.0014538405621516,0.0241053677932405,0.0190405539070226,300,0.0,0.0,0.0,1685,0.0,0.0,0.0,53.5,0.0,0.0,0.0
2025-10-22,1034.5,184565.0,206187.0,1049.75,324972.0,167046.0,-15.25,-0.0147414209763028,-22571.0,14791.0,-37362.0,1.23431270428504,0.5679412380143503,0.0041252123271051,0.0280745341614907,0.0219807359841937,300,0.0,0.0,0.0,1685,0.0,0.0,0.0,53.5,0.0,0.0,0.0
2025-10-23,1044.0,167735.0,145526.0,1061.0,335571.0,131501.0,-17.0,-0.0162835249041989,-16830.0,10599.0,-27429.0,1.1066531813446203,0.4998495102377723,0.0091831802803286,0.0328963640860746,0.0349442379182156,300,0.0,0.0,0.0,1685,0.0,0.0,0.0,53.5,0.0,0.0,0.0
2025-10-24,1041.0,129765.0,154262.0,1060.0,349007.0,151065.0,-19.0,-0.018251681075871,-37970.0,13436.0,-51406.0,1.0211630754972958,0.3718120266928733,-0.0028735632183908,0.0205882352941175,0.0286561264822133,300,0.0,0.0,0.0,1685,0.0,0.0,0.0,53.5,0.0,0.0,0.0
2025-10-27,1065.0,84989.0,178679.0,1084.0,368805.0,273084.0,-19.0,-0.0178403755868377,-44776.0,19798.0,-64574.0,0.6543005082685157,0.2304442727186447,0.0230547550432276,0.0322267991276956,0.0505548705302096,300,0.0,0.0,0.0,1685,0.0,0.0,0.0,53.5,0.0,0.0,0.0
2025-10-28,1076.0,51007.0,136145.0,1093.75,371683.0,330945.0,-17.75,-0.0164962825278657,-33982.0,2878.0,-36860.0,0.4113825560138379,0.1372325341756277,0.0103286384976526,0.0444066974035428,0.0661382214515728,300,0.0,0.0,0.0,1685,0.0,0.0,0.0,53.5,0.0,0.0,0.0
2025-10-29,1076.75,30881.0,83363.0,1093.0,367736.0,221828.0,-16.25,-0.0150917111678522,-20126.0,-3947.0,-16179.0,0.3758001695006925,0.083976004524985,0.0006970260223049,0.040840985983567,0.0762118940529734,300,0.0,0.0,0.0,1685,0.0,0.0,0.0,53.5,0.0,0.0,0.0
2025-10-30,1085.0,9278.0,54356.0,1105.75,368981.0,388453.0,-20.75,-0.019124423963116,-21603.0,1245.0,-22848.0,0.1399294123098543,0.0251449261615096,0.0076619456698396,0.0392720306513409,0.0702836004932183,300,0.0,0.0,0.0,1685,0.0,0.0,0.0,53.5,0.0,0.0,0.0
2025-10-31,1096.0,4807.0,7984.0,1114.0,371294.0,161419.0,-18.0,-0.0164233576642185,-4471.0,2313.0,-6784.0,0.0494613397431526,0.0129466137346684,0.0101382488479262,0.05283381364073,0.0724070450097846,300,0.0,0.0,0.0,1685,0.0,0.0,0.0,53.5,0.0,0.0,0.0
2025-11-03,1105.0,3080.0,2982.0,1134.0,373949.0,193156.0,-29.0,-0.0262443438913789,-1727.0,2655.0,-4382.0,0.0154382985773156,0.0082364172654559,0.0082116788321167,0.0375586854460094,0.0862619808306708,300,0.0,0.0,0.0,1685,0.0,0.0,0.0,53.5,0.0,0.0,0.0
2025-11-04,1090.0,2058.0,1309.0,1119.75,374679.0,171478.0,-29.75,-0.0272935779816263,-1022.0,730.0,-1752.0,0.007633632302686,0.0054927017527002,-0.0135746606334841,0.0130111524163569,0.0715163430818381,300,0.0,0.0,0.0,1685,0.0,0.0,0.0,53.5,0.0,0.0,0.0
2025-11-05,1115.0,1556.0,1495.0,1134.0,384338.0,163607.0,-19.0,-0.0170403587443793,-502.0,9659.0,-10161.0,0.0091377508297321,0.0040485197924743,0.0229357798165137,0.0355235662874391,0.0928693947561871,300,0.0,0.0,0.0,1685,0.0,0.0,0.0,53.5,0.0,0.0,0.0
2025-11-06,1084.25,983.0,662.0,1108.0,372289.0,212012.0,-23.75,-0.0219045423103325,-573.0,-12049.0,11476.0,0.0031224647661452,0.0026404218228311,-0.0275784753363228,-0.0006912442396312,0.053692905733722,300,0.0,0.0,0.0,1685,0.0,0.0,0.0,53.5,0.0,0.0,0.0
2025-11-07,1093.25,831.0,350.0,1116.75,373775.0,129373.0,-23.5,-0.0214955408186403,-152.0,1486.0,-1638.0,0.0027053558315877,0.0022232626580161,0.0083006686649758,-0.0025091240875911,0.0707639569049951,300,0.0,0.0,0.0,1685,0.0,0.0,0.0,53.5,0.0,0.0,0.0
2025-11-10,1093.25,485.0,635.0,1127.0,378102.0,120398.0,-33.75,-0.0308712554310259,-346.0,4327.0,-4673.0,0.0052741739896011,0.0012827226515596,0.0,-0.0106334841628958,0.0867296222664015,300,0.0,0.0,0.0,1685,0.0,0.0,0.0,53.5,0.0,0.0,0.0
2025-11-11,1104.0,232.0,196.0,1126.5,374992.0,123364.0,-22.5,-0.0203804347825902,-253.0,-3110.0,2857.0,0.0015887941376738,0.0006186798651704,0.0098330665447061,0.0128440366972477,0.096325719960278,300,0.0,0.0,0.0,1685,0.0,0.0,0.0,53.5,0.0,0.0,0.0
2025-11-12,1108.25,138.0,99.0,1135.0,378373.0,122620.0,-26.75,-0.0241371531693894,-94.0,3381.0,-3475.0,0.0008073723699233,0.000364719469941,0.0038496376811594,-0.0060538116591928,0.1016401590457256,300,0.0,0.0,0.0,1685,0.0,0.0,0.0,53.5,0.0,0.0,0.0
2025-11-13,1017.5,51.0,148.0,1145.25,384535.0,172835.0,-127.75,-0.1255528255527021,-87.0,6162.0,-6249.0,0.0008563080394595,0.0001326277191933,-0.0818858560794044,-0.0615632925985704,0.0111801242236024,300,0.0,0.0,0.0,1685,0.0,0.0,0.0,53.5,0.0,0.0,0.0
2025-11-14,,6.0,26.0,1122.5,389564.0,217050.0,,,-45.0,5029.0,-5074.0,0.0001197880672656,1.5401833845016442e-05,0.0,-0.0692888177452549,0.0066782092505566,300,0.0,0.0,0.0,1685,0.0,0.0,0.0,53.5,0.0,0.0,0.0
2025-11-17,1157.0,396492.0,233035.0,1163.25,244276.0,98144.0,-6.25,-0.0054019014693125,396486.0,-145288.0,541774.0,2.374419220736852,1.623131212235334,0.1371007371007371,0.058312371369769,0.134313725490196,300,0.0,0.0,0.0,1685,0.0,0.0,0.0,53.5,0.0,0.0,0.0
2025-11-18,1150.0,387989.0,186560.0,1157.0,241473.0,81481.0,-7.0,-0.0060869565217338,-8503.0,-2803.0,-5700.0,2.2896135295344644,1.6067593478359834,-0.0060501296456352,0.0416666666666667,0.1146110976496244,300,0.0,0.0,0.0,1685,0.0,0.0,0.0,53.5,0.0,0.0,0.0
2025-11-19,1135.0,384890.0,118644.0,1143.25,245451.0,52024.0,-8.25,-0.0072687224669539,-3099.0,3978.0,-7077.0,2.2805628171612664,1.5680930206028838,-0.0130434782608696,0.0241371531694112,0.1016743508857074,300,0.0,0.0,0.0,1685,0.0,0.0,0.0,53.5,0.0,0.0,0.0
2025-11-20,1123.0,375525.0,128502.0,1132.75,245863.0,60341.0,-9.75,-0.0086821015137945,-9365.0,412.0,-9777.0,2.129596791567887,1.5273750015252334,-0.0105726872246696,0.1036855036855037,0.08554857419043,300,0.0,0.0,0.0,1685,0.0,0.0,0.0,53.5,0.0,0.0,0.0
2025-11-21,1125.5,364865.0,123067.0,1134.75,247527.0,47177.0,-9.25,-0.0082185695246484,-10660.0,1664.0,-12324.0,2.6086228458782332,1.4740412157057554,0.002226179875334,0.106142506142506,0.0780651340996168,300,0.0,0.0,0.0,1685,0.0,0.0,0.0,53.5,0.0,0.0,0.0
2025-11-24,1120.75,363665.0,109625.0,1129.5,244990.0,51516.0,-8.75,-0.0078072719161206,-1200.0,-2537.0,1337.0,2.1279796568056115,1.484407526837824,-0.004220346512661,-0.0313310285220397,0.0766090297790587,300,0.0,0.0,0.0,1685,0.0,0.0,0.0,53.5,0.0,0.0,0.0
2025-11-25,1124.0,356128.0,115334.0,1133.25,247142.0,48459.0,-9.25,-0.0082295373665407,-7537.0,2152.0,-9689.0,2.380032604882429,1.4409853444578362,0.0028998438545617,-0.0226086956521739,0.0553990610328638,300,0.0,0.0,0.0,1685,0.0,0.0,0.0,53.5,0.0,0.0,0.0
2025-11-26,1131.75,354944.0,104778.0,1141.0,251286.0,52584.0,-9.25,-0.0081731831234741,-1184.0,4144.0,-5328.0,1.9925832952989124,1.41251004831148,0.0068950177935942,-0.002863436123348,0.0518122676579926,300,0.0,0.0,0.0,1685,0.0,0.0,0.0,53.5,0.0,0.0,0.0
2025-11-28,1137.25,354968.0,38009.0,1145.25,253194.0,20410.0,-8.0,-0.0070345130797915,24.0,1908.0,-1884.0,1.8622733953943231,1.4019605519877982,0.0048597305058537,0.0126892252894033,0.0561876015788251,300,0.0,0.0,0.0,1685,0.0,0.0,0.0,53.5,0.0,0.0,0.0
2025-12-01,1127.25,347646.0,117117.0,1137.5,255573.0,63918.0,-10.25,-0.0090929252605818,-7322.0,2379.0,-9701.0,1.8323007603491688,1.3602610604406515,-0.0087931413497471,0.0015548645046645,0.0389400921658986,290,-10.0,-10.0,-4.898979483166281,1635,-50.0,-50.0,-4.898979485086358,53.0,-0.5,-0.5,-4.8989794375663545
2025-12-02,1124.0,338780.0,134455.0,1134.0,260833.0,79658.0,-10.0,-0.0088967971530169,-8866.0,5260.0,-14126.0,1.68790328654998,1.2988387205606604,-0.0028831226436016,0.0028998438545617,0.0255474452554744,290,0.0,0.0,0.0,1635,0.0,0.0,0.0,53.0,0.0,0.0,0.0
2025-12-03,1116.0,335615.0,127538.0,1126.5,268406.0,70637.0,-10.5,-0.0094086021505292,-3165.0,7573.0,-10738.0,1.805541005422062,1.2504005126561952,-0.0071174377224199,-0.0071174377224199,0.0099547511312216,290,0.0,0.0,0.0,1635,0.0,0.0,0.0,53.0,0.0,0.0,0.0
2025-12-04,1119.5,329565.0,134989.0,1128.75,272604.0,76860.0,-9.25,-0.0082626172398318,-6050.0,4198.0,-10248.0,1.75629716367419,1.208951446053612,0.0031362007168458,-0.0108239452175833,0.0270642201834863,290,0.0,0.0,0.0,1635,0.0,0.0,0.0,53.0,0.0,0.0,0.0
2025-12-05,1105.0,313054.0,140332.0,1115.5,273635.0,83293.0,-10.5,-0.0095022624434303,-16511.0,1031.0,-17542.0,1.684799442930358,1.1440568640707471,-0.0129522108083965,-0.0283578808529346,-0.0089686098654708,290,0.0,0.0,0.0,1635,0.0,0.0,0.0,53.0,0.0,0.0,0.0
2025-12-08,1093.25,295335.0,170570.0,1105.5,276326.0,112901.0,-12.25,-0.0112051223416316,-17719.0,2691.0,-20410.0,1.51079264134063,1.0687919341647147,-0.0106334841628958,-0.0301618984253714,0.0083006686649758,290,0.0,0.0,0.0,1635,0.0,0.0,0.0,53.0,0.0,0.0,0.0
2025-12-09,1087.25,,161540.0,1098.0,,116544.0,-10.75,-0.0098873304207772,,,,1.3860859417902132,,-0.005488223187743,-0.0326957295373665,-0.005488223187743,290,0.0,0.0,0.0,1635,0.0,0.0,0.0,53.0,0.0,0.0,0.0
2025-12-10,1084.25,,6229.0,1095.5,,3148.0,-11.25,-0.0103758358312101,,,,1.978716645488571,,-0.0027592550011497,-0.0284498207885304,-0.0082323347816144,290,0.0,0.0,0.0,1635,0.0,0.0,0.0,53.0,0.0,0.0,0.0
