date,w1_bid,w1_oi,w1_vol,w2_bid,w2_oi,w2_vol,spread_c1_c2,spread_pct,d_c1_oi,d_c2_oi,roll_pressure,vol_ratio,oi_ratio,ret_1d,ret_5d,ret_21d,production,production_change,production_surprise,production_surprise_z,ending_stocks_total,stocks_total_change,stocks_total_surprise,stocks_total_surprise_z,ending_stocks_world,stocks_world_change,stocks_world_surprise,stocks_world_surprise_z
2020-12-09,575.0,18.0,10.0,584.5,189444.0,55893.0,-9.5,-0.016521739130406,,,,0.0001789132807328,9.501488566542042e-05,,,,1826.0,,,,877,,,,320.45,,,
2020-12-10,553.0,8.0,5.0,597.75,185099.0,74491.0,-44.75,-0.080922242314501,-10.0,-4345.0,4335.0,6.712220268220232e-05,4.3220114641353854e-05,-0.0382608695652173,,,1826.0,0.0,0.0,,877,0.0,0.0,,320.45,0.0,0.0,
2020-12-11,553.0,5.0,8.0,617.0,186525.0,85723.0,-64.0,-0.1157323688967165,-3.0,1426.0,-1429.0,9.3323845409049e-05,2.6806058169146085e-05,0.0,,,1826.0,0.0,0.0,0.0,877,0.0,0.0,0.0,320.45,0.0,0.0,0.0
2020-12-14,,20.0,20.0,597.25,182916.0,74274.0,,,15.0,-3609.0,3624.0,0.000269273231548,0.0001093398062498,0.0,,,1826.0,0.0,0.0,0.0,877,0.0,0.0,0.0,320.45,0.0,0.0,0.0
2020-12-15,601.0,183501.0,51418.0,599.5,51990.0,13010.0,1.5,0.0024958402662188,183481.0,-130926.0,314407.0,3.9521906225976977,3.5295441431043755,0.0867992766726943,,,1826.0,0.0,0.0,0.0,877,0.0,0.0,0.0,320.45,0.0,0.0,0.0
2020-12-16,598.0,182660.0,56478.0,599.5,51629.0,15439.0,-1.5,-0.0025083612040091,-841.0,-361.0,-480.0,3.658138480471296,3.5379341068003733,-0.0049916805324459,0.04,,1826.0,0.0,0.0,0.0,877,0.0,0.0,0.0,320.45,0.0,0.0,0.0
2020-12-17,609.5,183616.0,43431.0,603.0,53751.0,11553.0,6.5,0.0106644790811966,956.0,2122.0,-1166.0,3.7592833030378463,3.4160480735241503,0.0192307692307691,0.1021699819168173,,1826.0,0.0,0.0,0.0,877,0.0,0.0,0.0,320.45,0.0,0.0,0.0
2020-12-18,607.5,183303.0,42169.0,605.5,54862.0,13789.0,2.0,0.0032921810699534,-313.0,1111.0,-1424.0,3.0581623032850054,3.341165105172919,-0.0032813781788351,0.0985533453887883,,1826.0,0.0,0.0,0.0,877,0.0,0.0,0.0,320.45,0.0,0.0,0.0
2020-12-21,611.25,182639.0,48422.0,608.0,55073.0,12914.0,3.25,0.0053169734151242,-664.0,211.0,-875.0,3.749574105621515,3.3163074464800664,0.0061728395061728,0.1053345388788427,,1826.0,0.0,0.0,0.0,877,0.0,0.0,0.0,320.45,0.0,0.0,0.0
2020-12-22,615.75,184760.0,55034.0,614.0,54388.0,15662.0,1.75,0.0028420625253709,2121.0,-685.0,2806.0,3.5138551909077056,3.3970728837242885,0.007361963190184,0.0245424292845257,,1826.0,0.0,0.0,0.0,877,0.0,0.0,0.0,320.45,0.0,0.0,0.0
2020-12-23,631.0,191083.0,69513.0,626.25,55717.0,21291.0,4.75,0.007527733755931,6323.0,1329.0,4994.0,3.264900662251502,3.4295277922357017,0.0247665448639871,0.0551839464882943,,1826.0,0.0,0.0,0.0,877,0.0,0.0,0.0,320.45,0.0,0.0,0.0
2020-12-24,626.0,187646.0,35656.0,624.25,56322.0,9818.0,1.75,0.002795527156545,-3437.0,605.0,-4042.0,3.631696883275246,3.3316643585099373,-0.0079239302694136,0.0270713699753897,,1826.0,0.0,0.0,0.0,877,0.0,0.0,0.0,320.45,0.0,0.0,0.0
2020-12-28,614.5,185067.0,53532.0,611.0,56398.0,13990.0,3.5,0.005695687550845,-2579.0,76.0,-2655.0,3.8264474624729217,3.2814461505726573,-0.018370607028754,0.0115226337448559,,1826.0,0.0,0.0,0.0,877,0.0,0.0,0.0,320.45,0.0,0.0,0.0
2020-12-29,619.0,184688.0,35420.0,618.0,55789.0,10410.0,1.0,0.0016155088852962,-379.0,-609.0,230.0,3.4024975984626895,3.3104733908117496,0.0073230268510984,0.012678936605317,,1826.0,0.0,0.0,0.0,877,0.0,0.0,0.0,320.45,0.0,0.0,0.0
2020-12-30,640.0,193788.0,71654.0,629.75,57150.0,20550.0,10.25,0.0160156249999749,9100.0,1361.0,7739.0,3.486812652067957,3.390866141732224,0.0339256865912762,0.0393828664230613,,1826.0,0.0,0.0,0.0,877,0.0,0.0,0.0,320.45,0.0,0.0,0.0
2020-12-31,641.75,193713.0,44927.0,632.0,57946.0,13567.0,9.75,0.0151928320997036,-75.0,796.0,-871.0,3.311491118154101,3.3429917509404734,0.0027343749999999,0.0170364500792392,,1826.0,0.0,0.0,0.0,862,-15.0,-15.0,-3.8729833452074165,316.5,-3.9499999999999886,-3.9499999999999886,-3.872983342409948
2021-01-04,642.75,194310.0,66782.0,632.0,58049.0,24523.0,10.75,0.0167250097238168,597.0,103.0,494.0,2.723239407902674,3.3473444848317224,0.0015582391897155,0.0267571884984025,,1826.0,0.0,0.0,0.0,862,0.0,0.0,0.0,316.5,0.0,0.0,0.0
2021-01-05,654.0,198817.0,81173.0,647.5,60946.0,31954.0,6.5,0.0099388379204741,4507.0,2897.0,1610.0,2.5403079426675053,3.262182916023968,0.0175029171528589,0.0642799023596421,,1826.0,0.0,0.0,0.0,862,0.0,0.0,0.0,316.5,0.0,0.0,0.0
2021-01-06,647.25,199400.0,60850.0,648.0,61712.0,27890.0,-0.75,-0.0011587485515625,583.0,766.0,-183.0,2.181785586231546,3.2311381903032923,-0.0103211009174312,0.0456381260096929,,1826.0,0.0,0.0,0.0,862,0.0,0.0,0.0,316.5,0.0,0.0,0.0
2021-01-07,643.75,196508.0,47486.0,638.75,61264.0,14766.0,5.0,0.00776699029125,-2892.0,-448.0,-2444.0,3.215901395096626,3.207560720814782,-0.0054074932406334,0.005859375,,1826.0,0.0,0.0,0.0,862,0.0,0.0,0.0,316.5,0.0,0.0,0.0
2021-01-08,638.0,195816.0,56138.0,635.75,61750.0,19474.0,2.25,0.0035266457680195,-692.0,486.0,-1178.0,2.882715415425548,3.1711093117408393,-0.0089320388349514,-0.0058433969614335,,1826.0,0.0,0.0,0.0,862,0.0,0.0,0.0,316.5,0.0,0.0,0.0
2021-01-11,636.75,191634.0,58069.0,632.25,60904.0,20475.0,4.5,0.0070671378091761,-4182.0,-846.0,-3336.0,2.8360927960926574,3.146492841192645,-0.0019592476489028,-0.0093348891481913,0.107391304347826,1826.0,0.0,0.0,0.0,862,0.0,0.0,0.0,316.5,0.0,0.0,0.0
2021-01-12,660.5,192298.0,80416.0,664.5,62810.0,33908.0,-4.0,-0.0060560181680453,664.0,1906.0,-1242.0,2.37159372419481,3.061582550549227,0.0372987828818216,0.0099388379204892,0.194394213381555,1826.0,0.0,0.0,0.0,862,0.0,0.0,0.0,316.5,0.0,0.0,0.0
2021-01-13,659.5,188810.0,80724.0,655.0,64680.0,30685.0,4.5,0.0068233510234923,-3488.0,1870.0,-5358.0,2.630731627831102,2.9191403834260528,-0.0015140045420136,0.0189262263422169,0.1925858951175407,1826.0,0.0,0.0,0.0,862,0.0,0.0,0.0,316.5,0.0,0.0,0.0
2021-01-14,670.75,191980.0,63304.0,656.75,66315.0,23309.0,14.0,0.0208721580320225,3170.0,1635.0,1535.0,2.715860826290158,2.8949709718766057,0.0170583775587567,0.0419417475728154,0.2129294755877033,1826.0,0.0,0.0,0.0,862,0.0,0.0,0.0,316.5,0.0,0.0,0.0
2021-01-15,674.75,186628.0,77447.0,666.25,70634.0,38867.0,8.5,0.0125972582437753,-5352.0,4319.0,-9671.0,1.9926158437748736,2.642183650932941,0.0059634737234439,0.0576018808777429,0.1227121464226288,1826.0,0.0,0.0,0.0,862,0.0,0.0,0.0,316.5,0.0,0.0,0.0
2021-01-19,673.75,186567.0,63501.0,673.75,72786.0,29037.0,0.0,0.0,-61.0,2152.0,-2213.0,2.186899473085987,2.563226444645913,-0.0014820303816228,0.0581075775422064,0.1266722408026757,1826.0,0.0,0.0,0.0,862,0.0,0.0,0.0,316.5,0.0,0.0,0.0
2021-01-20,667.0,185065.0,66033.0,658.0,74043.0,30173.0,9.0,0.0134932533732931,-1502.0,1257.0,-2759.0,2.1884797666787463,2.49942600921083,-0.0100185528756957,0.0098410295230886,0.0943396226415094,1826.0,0.0,0.0,0.0,862,0.0,0.0,0.0,316.5,0.0,0.0,0.0
2021-01-21,659.25,182891.0,50212.0,659.0,74895.0,17510.0,0.25,0.0003792188092523,-2174.0,852.0,-3026.0,2.8676185037120008,2.441965418252187,-0.0116191904047976,-0.0003790750568612,0.0851851851851852,1826.0,0.0,0.0,0.0,862,0.0,0.0,0.0,316.5,0.0,0.0,0.0
2021-01-22,635.0,176933.0,76808.0,633.25,74710.0,32615.0,1.75,0.0027559055118066,-5958.0,-185.0,-5773.0,2.3549900352597777,2.368263953955262,-0.036784224497535,-0.0532985464032799,0.0388548057259714,1826.0,0.0,0.0,0.0,862,0.0,0.0,0.0,316.5,0.0,0.0,0.0
2021-01-25,648.75,176332.0,64721.0,641.0,77211.0,30311.0,7.75,0.0119460500963207,-601.0,2501.0,-3102.0,2.1352314341327525,2.2837678569115503,0.0216535433070865,-0.0385327899221934,0.0535931790499391,1826.0,0.0,0.0,0.0,862,0.0,0.0,0.0,316.5,0.0,0.0,0.0
2021-01-26,664.75,177575.0,68363.0,661.0,79115.0,33465.0,3.75,0.0056412185031882,1243.0,1904.0,-661.0,2.04282085761237,2.2445174745623175,0.0246628131021193,-0.0133580705009276,0.053486529318542,1826.0,0.0,0.0,0.0,862,0.0,0.0,0.0,316.5,0.0,0.0,0.0
2021-01-27,656.75,173951.0,54190.0,654.75,79886.0,26871.0,2.0,0.003045298819942,-3624.0,771.0,-4395.0,2.0166722488927835,2.1774904238539645,-0.0120345994734862,-0.015367316341829,0.0491214057507987,1826.0,0.0,0.0,0.0,862,0.0,0.0,0.0,316.5,0.0,0.0,0.0
2021-01-28,646.75,169478.0,65434.0,645.75,81978.0,36791.0,1.0,0.0015461925009639,-4473.0,2092.0,-6565.0,1.7785327933461506,2.067359535485105,-0.0152264940997335,-0.0189609404626469,0.0524816924328721,1826.0,0.0,0.0,0.0,862,0.0,0.0,0.0,316.5,0.0,0.0,0.0
2021-01-29,662.5,169647.0,60153.0,655.0,83091.0,28684.0,7.5,0.011320754716964,169.0,1113.0,-944.0,2.0970924557243724,2.041701267285241,0.0243525318902202,0.0433070866141731,0.0702746365105007,1826.0,0.0,0.0,0.0,862,0.0,0.0,0.0,316.5,0.0,0.0,0.0
2021-02-01,655.0,167366.0,55799.0,651.0,84825.0,28450.0,4.0,0.0061068702289983,-2281.0,1734.0,-4015.0,1.9613005272407045,1.9730739758325733,-0.0113207547169811,0.0096339113680155,0.0234375,1826.0,0.0,0.0,0.0,836,-26.0,-26.0,-4.325612804363296,313.19,-3.3100000000000023,-3.3100000000000023,-3.2161139732539423
2021-02-02,644.5,163326.0,46873.0,645.0,83741.0,26788.0,-0.5,-0.0007757951900686,-4040.0,-1084.0,-2956.0,1.7497760191129703,1.9503707861143056,-0.0160305343511449,-0.030462579917262,0.004285157771718,1826.0,0.0,0.0,0.0,836,0.0,0.0,0.0,313.19,0.0,0.0,0.0
2021-02-03,646.5,163437.0,77131.0,649.25,84733.0,55861.0,-2.75,-0.0042536736272169,111.0,992.0,-881.0,1.3807665455326368,1.9288470843708831,0.0031031807602792,-0.0156071564522268,0.0058343057176195,1826.0,0.0,0.0,0.0,836,0.0,0.0,0.0,313.19,0.0,0.0,0.0
2021-02-04,635.5,158701.0,66019.0,637.0,87216.0,45054.0,-1.5,-0.0023603461841032,-4736.0,2483.0,-7219.0,1.4653304922980988,1.8196317189506304,-0.017014694508894,-0.0173946656358716,-0.0282874617737003,1826.0,0.0,0.0,0.0,836,0.0,0.0,0.0,313.19,0.0,0.0,0.0
2021-02-05,641.0,142273.0,78451.0,643.0,98822.0,64482.0,-2.0,-0.0031201248049873,-16428.0,11606.0,-28034.0,1.2166340994385842,1.4396895428143384,0.0086546026750589,-0.0324528301886792,-0.0096562379297026,1826.0,0.0,0.0,0.0,836,0.0,0.0,0.0,313.19,0.0,0.0,0.0
2021-02-08,657.75,128336.0,102705.0,661.0,103684.0,79548.0,-3.25,-0.0049410870391411,-13937.0,4862.0,-18799.0,1.2911072559963632,1.2377608888545846,0.0261310452418097,0.0041984732824427,0.021747572815534,1826.0,0.0,0.0,0.0,836,0.0,0.0,0.0,313.19,0.0,0.0,0.0
2021-02-09,651.5,109140.0,124145.0,656.75,120178.0,99889.0,-5.25,-0.0080583269378233,-19196.0,16494.0,-35690.0,1.2428295407902648,0.9081529065219848,-0.0095020904599011,0.0108611326609775,0.0211598746081504,1826.0,0.0,0.0,0.0,836,0.0,0.0,0.0,313.19,0.0,0.0,0.0
2021-02-10,634.75,99133.0,98577.0,639.0,129255.0,76432.0,-4.25,-0.0066955494288984,-10007.0,9077.0,-19084.0,1.2897346661084192,0.7669567908398068,-0.0257099002302378,-0.0181747873163186,-0.0031409501374165,1826.0,0.0,0.0,0.0,836,0.0,0.0,0.0,313.19,0.0,0.0,0.0
2021-02-11,632.0,91400.0,79697.0,637.25,141966.0,67439.0,-5.25,-0.0083069620253033,-7733.0,12711.0,-20444.0,1.1817642610358816,0.6438161249876686,-0.0043324143363528,-0.0055074744295829,-0.0431491294473883,1826.0,0.0,0.0,0.0,836,0.0,0.0,0.0,313.19,0.0,0.0,0.0
2021-02-12,637.0,75309.0,64747.0,640.0,146664.0,57224.0,-3.0,-0.0047095761381401,-16091.0,4698.0,-20789.0,1.1314658185376567,0.5134797905416427,0.0079113924050633,-0.0062402496099843,-0.0341167551175132,1826.0,0.0,0.0,0.0,836,0.0,0.0,0.0,313.19,0.0,0.0,0.0
2021-02-16,659.5,68007.0,50195.0,659.25,157291.0,57494.0,0.25,0.0003790750568606,-7302.0,10627.0,-17929.0,0.873047622360579,0.4323642166430347,0.0353218210361068,0.0026605853287722,-0.0167722698471859,1826.0,0.0,0.0,0.0,836,0.0,0.0,0.0,313.19,0.0,0.0,0.0
2021-02-17,643.25,61308.0,35182.0,643.25,162290.0,64130.0,0.0,0.0,-6699.0,4999.0,-11698.0,0.5486043973179394,0.3777681927413865,-0.0246398786959818,-0.0126630851880276,-0.0466839570211189,1826.0,0.0,0.0,0.0,836,0.0,0.0,0.0,313.19,0.0,0.0,0.0
2021-02-18,664.25,49961.0,56681.0,667.0,173144.0,86249.0,-2.75,-0.0041400075272801,-11347.0,10854.0,-22201.0,0.6571786339551686,0.2885517257311816,0.0326467158958414,0.0464749901536036,-0.0141001855287569,1826.0,0.0,0.0,0.0,836,0.0,0.0,0.0,313.19,0.0,0.0,0.0
2021-02-19,652.75,38142.0,51919.0,653.75,175235.0,74079.0,-1.0,-0.0015319800842565,-11819.0,2091.0,-13910.0,0.7008598928171181,0.2176619967472239,-0.0173127587504704,0.0328322784810126,-0.0213643178410795,1826.0,0.0,0.0,0.0,836,0.0,0.0,0.0,313.19,0.0,0.0,0.0
2021-02-22,663.5,28169.0,26456.0,673.0,181779.0,54685.0,-9.5,-0.0143180105500914,-9973.0,6544.0,-16517.0,0.4837889732101951,0.1549628945037647,0.0164687859057832,0.0416012558869702,0.0064467197572999,1826.0,0.0,0.0,0.0,836,0.0,0.0,0.0,313.19,0.0,0.0,0.0
2021-02-23,666.0,19607.0,24552.0,671.5,186848.0,52734.0,-5.5,-0.0082582582582458,-8562.0,5069.0,-13631.0,0.465581977471831,0.1049355625963344,0.0037678975131876,0.0098559514783926,0.0488188976377952,1826.0,0.0,0.0,0.0,836,0.0,0.0,0.0,313.19,0.0,0.0,0.0
2021-02-24,676.0,10477.0,23402.0,684.0,191610.0,72148.0,-8.0,-0.0118343195266097,-9130.0,4762.0,-13892.0,0.3243610356489393,0.0546787745942275,0.015015015015015,0.0509133307423241,0.0420038535645472,1826.0,0.0,0.0,0.0,836,0.0,0.0,0.0,313.19,0.0,0.0,0.0
2021-02-25,649.0,2443.0,13332.0,675.25,192321.0,64118.0,-26.25,-0.0404468412942366,-8034.0,711.0,-8745.0,0.2079291306653325,0.0127027209717086,-0.0399408284023669,-0.0229582235604064,-0.023693117713426,1826.0,0.0,0.0,0.0,836,0.0,0.0,0.0,313.19,0.0,0.0,0.0
2021-02-26,649.0,1570.0,1445.0,660.0,190172.0,56704.0,-11.0,-0.0169491525423467,-873.0,-2149.0,1276.0,0.0254832110609476,0.0082556843278715,0.0,-0.0057449253159709,-0.0118005329272934,1826.0,0.0,0.0,0.0,836,0.0,0.0,0.0,313.19,0.0,0.0,0.0
2021-03-01,640.0,1263.0,389.0,650.5,187676.0,49408.0,-10.5,-0.0164062499999743,-307.0,-2496.0,2189.0,0.0078732189119169,0.0067296830708241,-0.0138674884437596,-0.0354182366239638,-0.0104367993815229,1826.0,0.0,0.0,0.0,836,0.0,0.0,0.0,304.22,-8.96999999999997,-8.96999999999997,-4.662356965225748
2021-03-02,640.0,1139.0,241.0,666.25,190902.0,61521.0,-26.25,-0.0410156249999359,-124.0,3226.0,-3350.0,0.0039173615513401,0.0059664120857822,0.0,-0.039039039039039,-0.0339622641509433,1826.0,0.0,0.0,0.0,836,0.0,0.0,0.0,304.22,0.0,0.0,0.0
2021-03-03,640.0,1092.0,183.0,654.75,188381.0,45101.0,-14.75,-0.0230468749999639,-47.0,-2521.0,2474.0,0.0040575596993413,0.0057967629431842,0.0,-0.0532544378698225,-0.0229007633587786,1826.0,0.0,0.0,0.0,836,0.0,0.0,0.0,304.22,0.0,0.0,0.0
2021-03-04,640.0,780.0,576.0,651.5,185189.0,52487.0,-11.5,-0.0179687499999719,-312.0,-3192.0,2880.0,0.0109741459790041,0.0042119132345873,0.0,-0.0138674884437596,-0.0069821567106284,1826.0,0.0,0.0,0.0,836,0.0,0.0,0.0,304.22,0.0,0.0,0.0
2021-03-05,640.0,507.0,401.0,654.75,182791.0,41924.0,-14.75,-0.0230468749999639,-273.0,-2398.0,2125.0,0.0095649270107811,0.0027736595346597,0.0,-0.0138674884437596,-0.0100541376643464,1826.0,0.0,0.0,0.0,836,0.0,0.0,0.0,304.22,0.0,0.0,0.0
2021-03-08,645.0,167.0,351.0,646.75,182274.0,60979.0,-1.75,-0.0027131782945694,-340.0,-517.0,177.0,0.005756079961954,0.0009162030788812,0.0078125,0.0078125,0.0149488591660109,1826.0,0.0,0.0,0.0,836,0.0,0.0,0.0,304.22,0.0,0.0,0.0
2021-03-09,645.0,154.0,13.0,656.25,178215.0,61549.0,-11.25,-0.0174418604650892,-13.0,-4059.0,4046.0,0.0002112138296316,0.0008641247930869,0.0,0.0078125,0.0062402496099844,1826.0,0.0,0.0,0.0,836,0.0,0.0,0.0,304.22,0.0,0.0,0.0
2021-03-10,643.5,33.0,130.0,651.0,179171.0,45997.0,-7.5,-0.0116550116549935,-121.0,956.0,-1077.0,0.0028262712785615,0.000184181591887,-0.0023255813953488,0.0054687499999999,-0.0216647662485747,1826.0,0.0,0.0,0.0,836,0.0,0.0,0.0,304.22,0.0,0.0,0.0
2021-03-11,622.25,15.0,32.0,643.5,179209.0,50095.0,-21.25,-0.0341502611490009,-18.0,38.0,-56.0,0.0006387863060185,8.370115340189342e-05,-0.0330225330225329,-0.0277343749999999,-0.0448963929393706,1826.0,0.0,0.0,0.0,836,0.0,0.0,0.0,304.22,0.0,0.0,0.0
2021-03-12,,7.0,9.0,638.0,177857.0,34909.0,,,-8.0,-1352.0,1344.0,0.0002578131713884,3.9357461331294024e-05,0.0,-0.0277343749999999,-0.0196927924379677,1826.0,0.0,0.0,0.0,836,0.0,0.0,0.0,304.22,0.0,0.0,0.0
2021-03-15,643.5,176705.0,40093.0,630.75,114742.0,14515.0,12.75,0.019813519813489,176698.0,-63115.0,239813.0,2.762177058215449,1.540020219274533,0.0341502611490558,-0.0023255813953488,0.0181962025316455,1826.0,0.0,0.0,0.0,836,0.0,0.0,0.0,304.22,0.0,0.0,0.0
2021-03-16,646.75,177165.0,51099.0,631.0,115034.0,22378.0,15.75,0.0243525318901826,460.0,292.0,168.0,2.2834480293144033,1.5401098805570392,0.0050505050505049,0.0027131782945737,0.0153061224489796,1826.0,0.0,0.0,0.0,836,0.0,0.0,0.0,304.22,0.0,0.0,0.0
2021-03-17,639.0,176315.0,36147.0,629.0,115402.0,17342.0,10.0,0.015649452269146,-850.0,368.0,-1218.0,2.0843616653210653,1.5278331398069225,-0.0119829918824894,-0.0069930069930069,-0.0310841546626231,1826.0,0.0,0.0,0.0,836,0.0,0.0,0.0,304.22,0.0,0.0,0.0
2021-03-18,629.75,177541.0,47127.0,620.0,115598.0,16521.0,9.75,0.0154823342596022,1226.0,196.0,1030.0,2.852551298347385,1.5358483710790711,-0.0144757433489828,0.0120530333467256,-0.0209871745044695,1826.0,0.0,0.0,0.0,836,0.0,0.0,0.0,304.22,0.0,0.0,0.0
2021-03-19,627.0,178326.0,51669.0,618.0,117441.0,21785.0,9.0,0.014354066985623,785.0,1843.0,-1058.0,2.371769566215177,1.5184305310751651,-0.0043668122270742,0.0076335877862594,-0.0560782837786977,1826.0,0.0,0.0,0.0,836,0.0,0.0,0.0,304.22,0.0,0.0,0.0
2021-03-22,628.75,175224.0,36124.0,616.0,118019.0,17781.0,12.75,0.0202783300198484,-3102.0,578.0,-3680.0,2.0316067712725925,1.4847100890534448,0.0027910685805423,-0.0229215229215229,-0.0367675220222136,1826.0,0.0,0.0,0.0,836,0.0,0.0,0.0,304.22,0.0,0.0,0.0
2021-03-23,634.25,173764.0,68769.0,624.25,120222.0,32744.0,10.0,0.0157666535277638,-1460.0,2203.0,-3663.0,2.1002015636451836,1.4453594184092642,0.0087475149105367,-0.0193274062620796,-0.0440844009042954,1826.0,0.0,0.0,0.0,836,0.0,0.0,0.0,304.22,0.0,0.0,0.0
2021-03-24,625.25,175361.0,45577.0,617.25,121563.0,23856.0,8.0,0.0127948820471606,1597.0,1341.0,256.0,1.9105046948356008,1.4425524213782035,-0.0141899881750098,-0.0215179968701095,-0.0611861861861862,1826.0,0.0,0.0,0.0,836,0.0,0.0,0.0,304.22,0.0,0.0,0.0
2021-03-25,611.25,174431.0,60632.0,605.5,120992.0,32630.0,5.75,0.0094069529652197,-930.0,-571.0,-359.0,1.858167330677234,1.4416738296746772,-0.0223910435825669,-0.0293767368003176,-0.095784023668639,1826.0,0.0,0.0,0.0,836,0.0,0.0,0.0,304.22,0.0,0.0,0.0
2021-03-26,613.75,167086.0,45616.0,608.0,120138.0,24491.0,5.75,0.0093686354378666,-7345.0,-854.0,-6491.0,1.862561757380186,1.390783931811738,0.0040899795501021,-0.0211323763955343,-0.0543143297380585,1826.0,0.0,0.0,0.0,836,0.0,0.0,0.0,304.22,0.0,0.0,0.0
2021-03-29,616.25,166384.0,38587.0,609.5,121882.0,20238.0,6.75,0.0109533468559659,-702.0,1744.0,-2446.0,1.9066607372269044,1.3651236441804255,0.0040733197556008,-0.0198807157057654,-0.0504622496147919,1826.0,0.0,0.0,0.0,836,0.0,0.0,0.0,304.22,0.0,0.0,0.0
2021-03-30,601.25,165091.0,52667.0,598.0,124981.0,29723.0,3.25,0.0054054054053964,-1293.0,3099.0,-4392.0,1.7719274635803326,1.320928781174728,-0.0243407707910751,-0.0520299566417028,-0.060546875,1826.0,0.0,0.0,0.0,836,0.0,0.0,0.0,304.22,0.0,0.0,0.0
2021-03-31,620.0,163304.0,90267.0,614.0,125255.0,55520.0,6.0,0.0096774193548231,-1787.0,274.0,-2061.0,1.6258465417867145,1.303772304498812,0.0311850311850312,-0.0083966413434626,-0.03125,1826.0,0.0,0.0,0.0,836,0.0,0.0,0.0,301.19,-3.0300000000000296,-3.0300000000000296,-1.5888937659362898
2021-04-01,611.0,162207.0,73406.0,605.0,127523.0,53106.0,6.0,0.0098199672667597,-1097.0,2268.0,-3365.0,1.38225435920609,1.2719823090736473,-0.014516129032258,-0.0004089979550102,-0.0453124999999999,1826.0,0.0,0.0,0.0,836,0.0,0.0,0.0,301.19,0.0,0.0,0.0
2021-04-02,611.0,162072.0,,605.0,127522.0,,6.0,0.0098199672667597,-135.0,-1.0,-134.0,,1.270933642822405,0.0,-0.0044806517311608,-0.0453124999999999,1826.0,0.0,0.0,0.0,836,0.0,0.0,0.0,301.19,0.0,0.0,0.0
2021-04-05,618.0,158408.0,52004.0,612.75,125655.0,33701.0,5.25,0.0084951456310542,-3664.0,-1867.0,-1797.0,1.543099611287453,1.2606581512872448,0.0114566284779051,0.0028397565922921,-0.034375,1826.0,0.0,0.0,0.0,836,0.0,0.0,0.0,301.19,0.0,0.0,0.0
2021-04-06,615.75,152819.0,58043.0,611.25,126838.0,33948.0,4.5,0.0073081607795252,-5589.0,1183.0,-6772.0,1.7097619889241868,1.2048360901307085,-0.0036407766990291,0.024116424116424,-0.0453488372093022,1826.0,0.0,0.0,0.0,836,0.0,0.0,0.0,301.19,0.0,0.0,0.0
2021-04-07,616.25,147017.0,73524.0,616.0,136617.0,54230.0,0.25,0.0004056795131839,-5802.0,9779.0,-15581.0,1.3557809330628554,1.0761252259967569,0.0008120178643931,-0.0060483870967742,-0.0445736434108526,1826.0,0.0,0.0,0.0,836,0.0,0.0,0.0,301.19,0.0,0.0,0.0
2021-04-08,629.0,139271.0,87000.0,630.5,152969.0,79365.0,-1.5,-0.0023847376788515,-7746.0,16352.0,-24098.0,1.0962010962010824,0.9104524446129548,0.0206896551724138,0.0294599018003274,-0.0225330225330225,1826.0,0.0,0.0,0.0,836,0.0,0.0,0.0,301.19,0.0,0.0,0.0
2021-04-09,639.25,119929.0,113072.0,634.75,164270.0,103983.0,4.5,0.007039499413364,-19342.0,11301.0,-30643.0,1.0874085187001616,0.7300724417118115,0.0162957074721781,0.0462356792144025,0.0273202089192445,1826.0,0.0,0.0,0.0,836,0.0,0.0,0.0,301.19,0.0,0.0,0.0
2021-04-12,628.5,108239.0,101809.0,629.5,176782.0,95394.0,-1.0,-0.0015910898965766,-11690.0,12512.0,-24202.0,1.0672474159800294,0.612273874036946,-0.0168165819319514,0.016990291262136,0.0100441944556046,1826.0,0.0,0.0,0.0,836,0.0,0.0,0.0,301.19,0.0,0.0,0.0
2021-04-13,630.5,99049.0,78362.0,631.5,190869.0,76908.0,-1.0,-0.0015860428231537,-9190.0,14087.0,-23277.0,1.0189057055182682,0.5189370720232174,0.0031821797931583,0.0239545269995939,-0.0202020202020202,1826.0,0.0,0.0,0.0,836,0.0,0.0,0.0,301.19,0.0,0.0,0.0
2021-04-14,647.0,79638.0,117768.0,649.5,204389.0,121567.0,-2.5,-0.0038639876352335,-19411.0,13520.0,-32931.0,0.9687497429400992,0.3896393641536463,0.0261697065820776,0.0498985801217037,0.0003865481252416,1826.0,0.0,0.0,0.0,836,0.0,0.0,0.0,301.19,0.0,0.0,0.0
2021-04-15,652.25,68942.0,61426.0,652.0,210755.0,74843.0,0.25,0.0003832886163275,-10696.0,6366.0,-17062.0,0.8207313977258952,0.3271191668050565,0.008114374034003,0.0369634340222575,0.0207355242566509,1826.0,0.0,0.0,0.0,836,0.0,0.0,0.0,301.19,0.0,0.0,0.0
2021-04-16,652.25,65728.0,36533.0,650.25,216120.0,52277.0,2.0,0.00306630893062,-3214.0,5365.0,-8579.0,0.6988350517435833,0.3041273366648144,0.0,0.0203363316386391,0.0357284636760619,1826.0,0.0,0.0,0.0,836,0.0,0.0,0.0,301.19,0.0,0.0,0.0
2021-04-19,652.0,59355.0,28587.0,652.75,218766.0,48272.0,-0.75,-0.0011503067484644,-6373.0,2646.0,-9019.0,0.5922066622472533,0.2713172979347784,-0.000383288616328,0.0373906125696101,0.0398724082934609,1826.0,0.0,0.0,0.0,836,0.0,0.0,0.0,301.19,0.0,0.0,0.0
2021-04-20,658.75,53295.0,43162.0,662.0,224946.0,86077.0,-3.25,-0.0049335863377534,-6060.0,6180.0,-12240.0,0.5014347618992239,0.2369235283134608,0.0103527607361963,0.0448057097541634,0.0477137176938369,1826.0,0.0,0.0,0.0,836,0.0,0.0,0.0,301.19,0.0,0.0,0.0
2021-04-21,673.25,48529.0,30045.0,675.0,228818.0,76254.0,-1.75,-0.0025993316004417,-4766.0,3872.0,-8638.0,0.3940121173971149,0.2120855876722976,0.0220113851992409,0.0405718701700155,0.0614899487583759,1826.0,0.0,0.0,0.0,836,0.0,0.0,0.0,301.19,0.0,0.0,0.0
2021-04-22,710.0,43041.0,45267.0,709.75,231871.0,130978.0,0.25,0.0003521126760558,-5488.0,3053.0,-8541.0,0.3456076593015594,0.1856247654946061,0.0545859636093575,0.08853967037179,0.1355457816873251,1826.0,0.0,0.0,0.0,836,0.0,0.0,0.0,301.19,0.0,0.0,0.0
2021-04-23,710.0,34178.0,29087.0,710.5,233174.0,94919.0,-0.5,-0.0007042253521116,-8863.0,1303.0,-10166.0,0.3064402279838567,0.1465772341684744,0.0,0.08853967037179,0.1615541922290388,1826.0,0.0,0.0,0.0,836,0.0,0.0,0.0,301.19,0.0,0.0,0.0
2021-04-26,737.25,19320.0,34378.0,736.75,235874.0,116214.0,0.5,0.0006781959986426,-14858.0,2700.0,-17558.0,0.2958163388232029,0.0819081373953887,0.0383802816901408,0.1307515337423312,0.2012219959266803,1826.0,0.0,0.0,0.0,836,0.0,0.0,0.0,301.19,0.0,0.0,0.0
2021-04-27,734.0,14694.0,16104.0,730.25,233857.0,125982.0,3.75,0.0051089918256061,-4626.0,-2017.0,-2609.0,0.1278277849216544,0.0628332699042574,-0.0044082739911834,0.1142314990512334,0.1910750507099392,1826.0,0.0,0.0,0.0,836,0.0,0.0,0.0,301.19,0.0,0.0,0.0
2021-04-28,713.5,8421.0,12763.0,719.25,234903.0,102593.0,-5.75,-0.008058864751215,-6273.0,1046.0,-7319.0,0.1244041991168976,0.0358488397338474,-0.0279291553133514,0.0597846268102488,0.1866943866943866,1826.0,0.0,0.0,0.0,836,0.0,0.0,0.0,301.19,0.0,0.0,0.0
2021-04-29,691.0,1903.0,9415.0,728.75,235212.0,78280.0,-37.75,-0.0546309696091828,-6518.0,309.0,-6827.0,0.1202733776188027,0.0080905736101899,-0.0315346881569726,-0.0267605633802816,0.114516129032258,1826.0,0.0,0.0,0.0,836,0.0,0.0,0.0,301.19,0.0,0.0,0.0
2021-04-30,709.0,1575.0,406.0,734.25,236688.0,64385.0,-25.25,-0.0356135401974109,-328.0,1476.0,-1804.0,0.0063058165721828,0.0066543297505576,0.0260492040520983,-0.0014084507042253,0.160392798690671,1826.0,0.0,0.0,0.0,852,16.0,16.0,4.898979484066356,295.52,-5.670000000000016,-5.670000000000016,-4.4010011410917445
2021-05-03,681.0,1036.0,407.0,720.25,235249.0,85140.0,-39.25,-0.0576358296621767,-539.0,-1439.0,900.0,0.0047803617571058,0.0044038444371708,-0.0394922425952045,-0.0762970498474059,0.1145662847790507,1826.0,0.0,0.0,0.0,852,0.0,0.0,0.0,295.52,0.0,0.0,0.0
2021-05-04,681.0,708.0,300.0,725.25,231165.0,62927.0,-44.25,-0.0649779735681865,-328.0,-4084.0,3756.0,0.0047674289255803,0.0030627473882291,0.0,-0.0722070844686648,0.1019417475728154,1826.0,0.0,0.0,0.0,852,0.0,0.0,0.0,295.52,0.0,0.0,0.0
2021-05-05,650.0,400.0,495.0,744.0,232772.0,55506.0,-94.0,-0.1446153846151621,-308.0,1607.0,-1915.0,0.0089179548156954,0.0017184197412059,-0.0455212922173274,-0.0889978976874562,0.0556232237109215,1826.0,0.0,0.0,0.0,852,0.0,0.0,0.0,295.52,0.0,0.0,0.0
2021-05-06,650.0,385.0,16.0,754.75,234053.0,70253.0,-104.75,-0.1611538461535982,-15.0,1281.0,-1296.0,0.0002277482812121,0.0016449265764591,0.0,-0.0593342981186686,0.0547667342799189,1826.0,0.0,0.0,0.0,852,0.0,0.0,0.0,295.52,0.0,0.0,0.0
2021-05-07,772.0,361.0,25.0,762.5,233032.0,62876.0,9.5,0.0123056994818493,-24.0,-1021.0,997.0,0.0003976079903301,0.0015491434652751,0.1876923076923076,0.0888575458392102,0.2273449920508743,1826.0,0.0,0.0,0.0,852,0.0,0.0,0.0,295.52,0.0,0.0,0.0
2021-05-10,650.0,182.0,227.0,728.25,229560.0,76543.0,-78.25,-0.1203846153844301,-179.0,-3472.0,3293.0,0.0029656532929202,0.0007928210489632,-0.1580310880829015,-0.0455212922173274,0.0168165819319514,1826.0,0.0,0.0,0.0,852,0.0,0.0,0.0,295.52,0.0,0.0,0.0
2021-05-11,607.0,129.0,55.0,743.5,227488.0,64307.0,-136.5,-0.2248764415152802,-53.0,-2072.0,2019.0,0.0008552723653723,0.0005670628780419,-0.0661538461538461,-0.1086637298091042,-0.0342084327764519,1826.0,0.0,0.0,0.0,852,0.0,0.0,0.0,295.52,0.0,0.0,0.0
2021-05-12,607.0,93.0,77.0,734.5,224165.0,59467.0,-127.5,-0.2100494233933936,-36.0,-3323.0,3287.0,0.0012948357912791,0.0004148729730332,0.0,-0.0661538461538461,-0.0372720063441712,1826.0,0.0,0.0,0.0,852,0.0,0.0,0.0,295.52,0.0,0.0,0.0
2021-05-13,588.75,73.0,59.0,705.0,219923.0,89480.0,-116.25,-0.1974522292990277,-20.0,-4242.0,4222.0,0.0006593652212784,0.0003319343588437,-0.0300658978583195,-0.0942307692307692,-0.0900309119010819,1826.0,0.0,0.0,0.0,852,0.0,0.0,0.0,295.52,0.0,0.0,0.0
2021-05-14,,,40.0,707.5,219871.0,79497.0,,,,-52.0,,0.0005031636413952,,0.0,-0.2373704663212434,-0.0973553085473361,1826.0,0.0,0.0,0.0,852,0.0,0.0,0.0,295.52,0.0,0.0,0.0
2021-05-17,701.5,219571.0,53086.0,695.0,78718.0,13483.0,6.5,0.0092658588738285,,-141153.0,,3.937254320254844,2.7893366193246423,0.1915074309978768,0.0792307692307692,0.0755078574166348,1826.0,0.0,0.0,0.0,852,0.0,0.0,0.0,295.52,0.0,0.0,0.0
2021-05-18,697.5,218787.0,61420.0,695.75,81781.0,21509.0,1.75,0.0025089605734731,-784.0,3063.0,-3847.0,2.8555488400203237,2.6752790990572053,-0.0057020669992872,0.1490939044481054,0.0697852760736197,1826.0,0.0,0.0,0.0,852,0.0,0.0,0.0,295.52,0.0,0.0,0.0
2021-05-19,682.5,214386.0,77673.0,679.0,83006.0,25813.0,3.5,0.0051282051281976,-4401.0,1225.0,-5626.0,3.009065199705458,2.5827771486398263,-0.021505376344086,0.1243822075782536,0.0360531309297913,1826.0,0.0,0.0,0.0,852,0.0,0.0,0.0,295.52,0.0,0.0,0.0
2021-05-20,676.0,213248.0,55313.0,681.0,85628.0,16639.0,-5.0,-0.007396449704131,-1138.0,2622.0,-3760.0,3.3242983352362927,2.490400336338552,-0.0095238095238094,0.1481953290870488,0.0040846639435574,1826.0,0.0,0.0,0.0,852,0.0,0.0,0.0,295.52,0.0,0.0,0.0
2021-05-21,673.0,213489.0,57455.0,668.0,88888.0,21247.0,5.0,0.0074294205051895,241.0,3260.0,-3019.0,2.704146467736494,2.4017752677526505,-0.0044378698224851,0.1430997876857749,-0.052112676056338,1826.0,0.0,0.0,0.0,852,0.0,0.0,0.0,295.52,0.0,0.0,0.0
2021-05-24,662.25,210893.0,57246.0,664.0,89346.0,20710.0,-1.75,-0.0026425066062625,-2596.0,458.0,-3054.0,2.76417189763386,2.360407852617886,-0.0159732540861813,-0.0559515324305061,-0.0672535211267605,1826.0,0.0,0.0,0.0,852,0.0,0.0,0.0,295.52,0.0,0.0,0.0
2021-05-25,656.5,207164.0,64769.0,650.0,90024.0,24273.0,6.5,0.0099009900989948,-3729.0,678.0,-4407.0,2.668355786264464,2.3012085666044353,-0.0086825217063042,-0.0587813620071684,-0.1095286537809426,1826.0,0.0,0.0,0.0,852,0.0,0.0,0.0,295.52,0.0,0.0,0.0
2021-05-26,648.75,204859.0,59945.0,650.0,90727.0,21156.0,-1.25,-0.0019267822736001,-2305.0,703.0,-3008.0,2.8334751370768183,2.2579717173498266,-0.0118050266565118,-0.0494505494505495,-0.1161444141689372,1826.0,0.0,0.0,0.0,852,0.0,0.0,0.0,295.52,0.0,0.0,0.0
2021-05-27,674.25,198203.0,65470.0,668.0,93115.0,21990.0,6.25,0.0092695587689888,-6656.0,2388.0,-9044.0,2.9772623919962267,2.1285829350802543,0.0393063583815029,-0.0025887573964497,-0.0550105115627189,1826.0,0.0,0.0,0.0,852,0.0,0.0,0.0,295.52,0.0,0.0,0.0
2021-05-28,663.75,194069.0,56121.0,665.25,94545.0,20909.0,-1.5,-0.0022598870056463,-4134.0,1430.0,-5564.0,2.6840594959107236,2.052662753186292,-0.0155728587319243,-0.013744427934621,-0.0394356005788711,1826.0,0.0,0.0,0.0,852,0.0,0.0,0.0,295.52,0.0,0.0,0.0
2021-06-01,691.0,189453.0,75697.0,682.0,97523.0,31925.0,9.0,0.0130246020260303,-4616.0,2978.0,-7594.0,2.371088488645188,1.9426494262891632,0.0410546139359697,0.0434126085315214,-0.0253878702397742,1872.0,46.0,46.0,4.898979485044617,774,-78.0,-78.0,-4.75850072032754,294.96,-0.5600000000000023,-0.5600000000000023,-0.4835679119312172
2021-06-02,686.5,182144.0,65956.0,685.0,102562.0,26659.0,1.5,0.0021849963583362,-7309.0,5039.0,-12348.0,2.4740612926215357,1.7759404067783215,-0.0065123010130245,0.0456968773800456,0.0080763582966225,1872.0,0.0,0.0,0.0,774,0.0,0.0,0.0,294.96,0.0,0.0,0.0
2021-06-03,676.25,176957.0,60414.0,681.0,107094.0,29302.0,-4.75,-0.0070240295748509,-5187.0,4532.0,-9719.0,2.0617705276089664,1.6523521392421456,-0.0149308084486525,0.0423892100192677,-0.0069750367107195,1872.0,0.0,0.0,0.0,774,0.0,0.0,0.0,294.96,0.0,0.0,0.0
2021-06-04,684.5,172659.0,55839.0,684.5,110238.0,27235.0,0.0,0.0,-4298.0,3144.0,-7442.0,2.0502662015787756,1.5662385021498797,0.0121996303142328,0.0152020763811642,0.053076923076923,1872.0,0.0,0.0,0.0,774,0.0,0.0,0.0,294.96,0.0,0.0,0.0
2021-06-07,680.0,157204.0,103023.0,686.0,121631.0,64815.0,-6.0,-0.0088235294117517,-15455.0,11393.0,-26848.0,1.5894931728766244,1.292466558689797,-0.0065741417092768,0.0244821092278719,0.0461538461538462,1872.0,0.0,0.0,0.0,774,0.0,0.0,0.0,294.96,0.0,0.0,0.0
2021-06-08,686.0,143420.0,91988.0,690.0,134402.0,62834.0,-4.0,-0.0058309037900789,-13784.0,12771.0,-26555.0,1.4639844670082844,1.067097215815233,0.0088235294117646,-0.0072358900144717,-0.1113989637305699,1872.0,0.0,0.0,0.0,774,0.0,0.0,0.0,294.96,0.0,0.0,0.0
2021-06-09,680.5,133834.0,91316.0,685.0,146504.0,65949.0,-4.5,-0.00661278471711,-9586.0,12102.0,-21688.0,1.3846457110797528,0.9135177196526996,-0.0080174927113703,-0.0087399854333576,0.0469230769230768,1872.0,0.0,0.0,0.0,774,0.0,0.0,0.0,294.96,0.0,0.0,0.0
2021-06-10,682.25,120174.0,103902.0,686.25,158273.0,82800.0,-4.0,-0.0058629534627982,-13660.0,11769.0,-25429.0,1.2548550724637528,0.7592830109999763,0.002571638501102,0.0088724584103512,0.1239703459637562,1872.0,0.0,0.0,0.0,774,0.0,0.0,0.0,294.96,0.0,0.0,0.0
2021-06-11,679.5,113794.0,80622.0,680.0,171379.0,62407.0,-0.5,-0.0007358351729201,-6380.0,13106.0,-19486.0,1.2918743089717293,0.6639903372058382,-0.0040307805056797,-0.0073046018991964,0.1194398682042834,1872.0,0.0,0.0,0.0,774,0.0,0.0,0.0,294.96,0.0,0.0,0.0
2021-06-14,674.0,107751.0,67693.0,674.0,172122.0,45588.0,0.0,0.0,-6043.0,743.0,-6786.0,1.4848863736070572,0.6260152682399657,-0.0080941869021339,-0.0088235294117646,0.1447983014861995,1872.0,0.0,0.0,0.0,774,0.0,0.0,0.0,294.96,0.0,0.0,0.0
2021-06-15,661.5,103244.0,68469.0,666.0,174529.0,48421.0,-4.5,-0.006802721088425,-4507.0,2407.0,-6914.0,1.414035232646963,0.591557849984813,-0.0185459940652819,-0.0357142857142857,0.1235668789808916,1872.0,0.0,0.0,0.0,774,0.0,0.0,0.0,294.96,0.0,0.0,0.0
2021-06-16,664.0,92988.0,61563.0,663.0,174600.0,53265.0,1.0,0.0015060240963832,-10256.0,71.0,-10327.0,1.1557871022247037,0.5325773195876259,0.0037792894935753,-0.0242468772961057,-0.0534568781183178,1872.0,0.0,0.0,0.0,774,0.0,0.0,0.0,294.96,0.0,0.0,0.0
2021-06-17,640.0,79569.0,68262.0,640.0,177404.0,63404.0,0.0,0.0,-13419.0,2804.0,-16223.0,1.0766197716232244,0.4485186354309912,-0.036144578313253,-0.0619274459508977,-0.082437275985663,1872.0,0.0,0.0,0.0,774,0.0,0.0,0.0,294.96,0.0,0.0,0.0
2021-06-18,661.5,73296.0,53571.0,663.5,179959.0,57114.0,-2.0,-0.0030234315948555,-6273.0,2555.0,-8828.0,0.9379661729173068,0.4072927722425641,0.03359375,-0.0264900662251655,-0.0307692307692307,1872.0,0.0,0.0,0.0,774,0.0,0.0,0.0,294.96,0.0,0.0,0.0
2021-06-21,661.75,65586.0,38192.0,662.25,178683.0,55902.0,-0.5,-0.0007555723460509,-7710.0,-1276.0,-6434.0,0.6831955922864892,0.3670522657443609,0.0003779289493575,-0.0181750741839762,-0.0210798816568047,1872.0,0.0,0.0,0.0,774,0.0,0.0,0.0,294.96,0.0,0.0,0.0
2021-06-22,651.5,59819.0,35940.0,655.0,177509.0,62074.0,-3.5,-0.0053722179585489,-5767.0,-1174.0,-4593.0,0.5789863711054455,0.3369913638181707,-0.0154892330940688,-0.0151171579743007,-0.0319465081723625,1872.0,0.0,0.0,0.0,774,0.0,0.0,0.0,294.96,0.0,0.0,0.0
2021-06-23,661.75,49474.0,40594.0,662.75,178524.0,63510.0,-1.0,-0.0015111446921019,-10345.0,1015.0,-11360.0,0.6391749330813945,0.2771280051981791,0.0157329240214889,-0.0033885542168674,-0.0007550018875047,1872.0,0.0,0.0,0.0,774,0.0,0.0,0.0,294.96,0.0,0.0,0.0
2021-06-24,650.0,38808.0,29170.0,651.0,180950.0,68728.0,-1.0,-0.0015384615384591,-10666.0,2426.0,-13092.0,0.4244267256431087,0.2144680851063818,-0.0177559501322251,0.015625,-0.0099009900990099,1872.0,0.0,0.0,0.0,774,0.0,0.0,0.0,294.96,0.0,0.0,0.0
2021-06-25,634.25,21189.0,38795.0,637.0,188044.0,63546.0,-2.75,-0.004335829720135,-17619.0,7094.0,-24713.0,0.6105026280174896,0.1126810746421044,-0.0242307692307692,-0.0411942554799698,-0.0223506743737957,1872.0,0.0,0.0,0.0,774,0.0,0.0,0.0,294.96,0.0,0.0,0.0
2021-06-28,643.5,9821.0,29182.0,649.0,193073.0,71119.0,-5.5,-0.0085470085469952,-11368.0,5029.0,-16397.0,0.4103263544200507,0.050866770599721,0.0145841545132046,-0.0275783906309029,-0.0456062291434927,1872.0,0.0,0.0,0.0,774,0.0,0.0,0.0,294.96,0.0,0.0,0.0
2021-06-29,630.0,2148.0,13015.0,645.25,191818.0,71715.0,-15.25,-0.0242063492063107,-7673.0,-1255.0,-6418.0,0.1814822561528246,0.0111981148797296,-0.0209790209790209,-0.0330007674597083,-0.0508474576271186,1872.0,0.0,0.0,0.0,774,0.0,0.0,0.0,294.96,0.0,0.0,0.0
2021-06-30,656.0,1113.0,1833.0,679.0,192090.0,88625.0,-23.0,-0.0350609756097026,-1035.0,272.0,-1307.0,0.0206826516220025,0.0057941589879743,0.0412698412698413,-0.0086890819795995,-0.0506512301013024,1898.0,26.0,26.0,2.456769074327834,770,-4.0,-4.0,-0.25145984035391444,296.8,1.8400000000000318,1.8400000000000318,4.630976769321369
2021-07-01,656.0,670.0,558.0,665.25,183727.0,84152.0,-9.25,-0.014100609756076,-443.0,-8363.0,7920.0,0.0066308584466203,0.0036467149629613,0.0,0.0092307692307691,-0.0444282592862345,1898.0,0.0,0.0,0.0,770,0.0,0.0,0.0,296.8,0.0,0.0,0.0
2021-07-02,635.0,400.0,401.0,651.25,181944.0,61108.0,-16.25,-0.025590551181062,-270.0,-1783.0,1513.0,0.0065621522550237,0.0021984786527722,-0.0320121951219511,0.0011824990145841,-0.0609981515711645,1898.0,0.0,0.0,0.0,770,0.0,0.0,0.0,296.8,0.0,0.0,0.0
2021-07-06,601.0,332.0,93.0,623.25,175958.0,91321.0,-22.25,-0.037021630615579,-68.0,-5986.0,5918.0,0.0010183856944185,0.0018868138987712,-0.0535433070866141,-0.0660450660450659,-0.1219868517165814,1898.0,0.0,0.0,0.0,770,0.0,0.0,0.0,296.8,0.0,0.0,0.0
2021-07-07,601.0,235.0,173.0,622.75,176965.0,53500.0,-21.75,-0.0361896838601727,-97.0,1007.0,-1104.0,0.003233644859813,0.0013279462040516,0.0,-0.0460317460317459,-0.1161764705882353,1898.0,0.0,0.0,0.0,770,0.0,0.0,0.0,296.8,0.0,0.0,0.0
2021-07-08,601.0,149.0,101.0,618.5,175303.0,51151.0,-17.5,-0.0291181364392194,-86.0,-1662.0,1576.0,0.0019745459521807,0.0008499569317125,0.0,-0.0838414634146341,-0.1239067055393585,1898.0,0.0,0.0,0.0,770,0.0,0.0,0.0,296.8,0.0,0.0,0.0
2021-07-09,597.0,83.0,104.0,615.0,173214.0,50725.0,-18.0,-0.0301507537687937,-66.0,-2089.0,2023.0,0.0020502710694923,0.0004791760481254,-0.0066555740432612,-0.0899390243902439,-0.1227038941954444,1898.0,0.0,0.0,0.0,770,0.0,0.0,0.0,296.8,0.0,0.0,0.0
2021-07-12,,70.0,30.0,639.75,171111.0,81513.0,,,-13.0,-2103.0,2090.0,0.0003680394538294,0.0004090911747345,0.0,-0.0598425196850394,-0.1249541956760718,1898.0,0.0,0.0,0.0,770,0.0,0.0,0.0,296.8,0.0,0.0,0.0
2021-07-13,,41.0,56.0,634.5,166893.0,68198.0,,,-29.0,-4218.0,4189.0,0.0008211384498079,0.0002456663850491,0.0,-0.0066555740432612,-0.1214128035320087,1898.0,0.0,0.0,0.0,770,0.0,0.0,0.0,296.8,0.0,0.0,0.0
2021-07-14,,1.0,34.0,654.0,164382.0,60001.0,,,-40.0,-2511.0,2471.0,0.0005666572223796,6.083391125548989e-06,0.0,-0.0066555740432612,-0.1142433234421365,1898.0,0.0,0.0,0.0,770,0.0,0.0,0.0,296.8,0.0,0.0,0.0
2021-07-15,671.75,161661.0,56836.0,674.0,102794.0,26874.0,-2.25,-0.003349460364714,161660.0,-61588.0,223248.0,2.114906601175779,1.5726696110667784,0.1252093802345057,0.1177204658901829,0.0154950869236583,1898.0,0.0,0.0,0.0,770,0.0,0.0,0.0,296.8,0.0,0.0,0.0
2021-07-16,692.5,161821.0,75887.0,699.75,105343.0,45103.0,-7.25,-0.0104693140794072,160.0,2549.0,-2389.0,1.682526661197666,1.5361343421015017,0.0308894678079643,0.1599664991624789,0.0429216867469879,1898.0,0.0,0.0,0.0,770,0.0,0.0,0.0,296.8,0.0,0.0,0.0
2021-07-19,698.0,160419.0,74215.0,703.25,105494.0,45594.0,-5.25,-0.0075214899713359,-1402.0,151.0,-1553.0,1.6277361056278978,1.5206457239274127,0.0079422382671479,0.169179229480737,0.0906249999999999,1898.0,0.0,0.0,0.0,770,0.0,0.0,0.0,296.8,0.0,0.0,0.0
2021-07-20,701.0,158967.0,64013.0,708.75,108161.0,36754.0,-7.75,-0.0110556348074022,-1452.0,2667.0,-4119.0,1.7416607716166477,1.4697256867077646,0.004297994269341,0.1742043551088776,0.0597127739984881,1898.0,0.0,0.0,0.0,770,0.0,0.0,0.0,296.8,0.0,0.0,0.0
2021-07-21,710.5,156564.0,52745.0,716.0,110409.0,25777.0,-5.5,-0.00774102744545,-2403.0,2248.0,-4651.0,2.0462039802924292,1.4180365731054403,0.0135520684736092,0.1901172529313233,0.0736683037400831,1898.0,0.0,0.0,0.0,770,0.0,0.0,0.0,296.8,0.0,0.0,0.0
2021-07-22,691.5,156032.0,63077.0,694.0,112780.0,37986.0,-2.5,-0.0036153289949333,-532.0,2371.0,-2903.0,1.6605328278839138,1.383507714133699,-0.0267417311752287,0.029400818756978,0.0613967766692249,1898.0,0.0,0.0,0.0,770,0.0,0.0,0.0,296.8,0.0,0.0,0.0
2021-07-23,679.5,154989.0,42541.0,685.0,114708.0,23348.0,-5.5,-0.008094186902122,-1043.0,1928.0,-2971.0,1.8220404317285497,1.3511612093315082,-0.017353579175705,-0.0187725631768953,0.0268228182848506,1898.0,0.0,0.0,0.0,770,0.0,0.0,0.0,296.8,0.0,0.0,0.0
2021-07-26,676.25,152650.0,43684.0,684.0,116260.0,24109.0,-7.75,-0.01146025878002,-2339.0,1552.0,-3891.0,1.81193745074446,1.31300533287458,-0.0047829286239882,-0.031160458452722,0.0403846153846154,1898.0,0.0,0.0,0.0,770,0.0,0.0,0.0,296.8,0.0,0.0,0.0
2021-07-27,673.5,150414.0,50027.0,682.0,117654.0,27033.0,-8.5,-0.012620638455809,-2236.0,1394.0,-3630.0,1.8505900196055989,1.278443571829251,-0.0040665434380776,-0.0392296718972895,0.0618841150965707,1898.0,0.0,0.0,0.0,770,0.0,0.0,0.0,296.8,0.0,0.0,0.0
2021-07-28,690.0,147616.0,49232.0,696.25,121367.0,29210.0,-6.25,-0.0090579710144796,-2798.0,3713.0,-6511.0,1.6854501882916233,1.2162779009120994,0.0244988864142539,-0.0288529204785362,0.0722610722610723,1898.0,0.0,0.0,0.0,770,0.0,0.0,0.0,296.8,0.0,0.0,0.0
2021-07-29,704.75,148031.0,45524.0,713.0,124353.0,27344.0,-8.25,-0.0117062788222607,415.0,2986.0,-2571.0,1.6648624926857205,1.1904095598819393,0.0213768115942027,0.0191612436731742,0.1186507936507936,1898.0,0.0,0.0,0.0,770,0.0,0.0,0.0,296.8,0.0,0.0,0.0
2021-07-30,703.25,147888.0,53644.0,710.0,130006.0,38750.0,-6.75,-0.0095982936366731,-143.0,5653.0,-5796.0,1.384361290322545,1.1375474978077846,-0.0021284143313231,0.0349521707137601,0.0720274390243902,1898.0,0.0,0.0,0.0,770,0.0,0.0,0.0,296.8,0.0,0.0,0.0
2021-08-02,729.25,150436.0,62786.0,736.25,131741.0,37066.0,-7.0,-0.0095989029825031,2548.0,1735.0,813.0,1.6938973722548512,1.1419072270591453,0.03697120511909,0.078373382624769,0.1116615853658535,1746.0,-152.0,-152.0,-4.794327306530464,665,-105.0,-105.0,-4.903545297057316,291.68,-5.1200000000000045,-5.1200000000000045,-4.547803455378101
2021-08-03,724.0,150583.0,73891.0,731.75,134939.0,50255.0,-7.75,-0.0107044198894879,147.0,3198.0,-3051.0,1.470321361058572,1.1159338664137046,-0.0071991772368872,0.074981440237565,0.1401574803149605,1746.0,0.0,0.0,0.0,665,0.0,0.0,0.0,291.68,0.0,0.0,0.0
2021-08-04,717.0,145596.0,75455.0,724.25,135646.0,55179.0,-7.25,-0.0101115760111434,-4987.0,707.0,-5694.0,1.367458634625467,1.073352697462505,-0.0096685082872928,0.0391304347826086,0.1930116472545757,1746.0,0.0,0.0,0.0,665,0.0,0.0,0.0,291.68,0.0,0.0,0.0
2021-08-05,713.0,145252.0,62604.0,722.0,134759.0,49602.0,-9.0,-0.012622720897598,-344.0,-887.0,543.0,1.2621265271561375,1.07786492924405,-0.00557880055788,0.0117062788222774,0.1863560732113145,1746.0,0.0,0.0,0.0,665,0.0,0.0,0.0,291.68,0.0,0.0,0.0
2021-08-06,719.5,137849.0,85120.0,730.0,142061.0,72422.0,-10.5,-0.0145934676858727,-7403.0,7302.0,-14705.0,1.1753334622076002,0.9703507648122922,0.0091164095371669,0.0231070031994311,0.197171381031614,1746.0,0.0,0.0,0.0,665,0.0,0.0,0.0,291.68,0.0,0.0,0.0
2021-08-09,711.0,127138.0,84297.0,725.0,151358.0,71676.0,-14.0,-0.0196905766525742,-10711.0,9297.0,-20008.0,1.1760840448685588,0.8399820293608475,-0.0118137595552466,-0.0250257113472746,0.1909547738693466,1746.0,0.0,0.0,0.0,665,0.0,0.0,0.0,291.68,0.0,0.0,0.0
2021-08-10,727.0,116616.0,85502.0,735.0,161772.0,72954.0,-8.0,-0.0110041265474401,-10522.0,10414.0,-20936.0,1.1719987937604357,0.7208664045693896,0.0225035161744022,0.0041436464088397,0.2177554438860971,1746.0,0.0,0.0,0.0,665,0.0,0.0,0.0,291.68,0.0,0.0,0.0
2021-08-11,724.25,102867.0,98740.0,734.0,169479.0,80346.0,-9.75,-0.0134622022782002,-13749.0,7707.0,-21456.0,1.2289348567445644,0.6069601543554033,-0.0037826685006877,0.0101115760111576,0.2131490787269681,1746.0,0.0,0.0,0.0,665,0.0,0.0,0.0,291.68,0.0,0.0,0.0
2021-08-12,750.75,90461.0,109432.0,761.75,183485.0,85084.0,-11.0,-0.0146520146519951,-12406.0,14006.0,-26412.0,1.2861642612006805,0.4930157778564978,0.0365895754228511,0.0529453015427769,0.2575376884422111,1746.0,0.0,0.0,0.0,665,0.0,0.0,0.0,291.68,0.0,0.0,0.0
2021-08-13,761.75,83970.0,87099.0,774.0,188381.0,71060.0,-12.25,-0.0160813915326339,-6491.0,4896.0,-11387.0,1.225710667041919,0.4457455900541963,0.0146520146520146,0.0587213342599026,0.1339784145887608,1746.0,0.0,0.0,0.0,665,0.0,0.0,0.0,291.68,0.0,0.0,0.0
2021-08-16,760.5,80487.0,62047.0,775.0,193599.0,58390.0,-14.5,-0.0190664036817632,-3483.0,5218.0,-8701.0,1.0626305874293362,0.4157407837850381,-0.0016409583196587,0.0696202531645568,0.0981949458483755,1746.0,0.0,0.0,0.0,665,0.0,0.0,0.0,291.68,0.0,0.0,0.0
2021-08-17,734.0,67603.0,63610.0,746.0,195850.0,77753.0,-12.0,-0.0163487738419395,-12884.0,2251.0,-15135.0,0.8181034815376793,0.345177431707938,-0.0348454963839579,0.0096286107290233,0.0515759312320915,1746.0,0.0,0.0,0.0,665,0.0,0.0,0.0,291.68,0.0,0.0,0.0
2021-08-18,735.75,62221.0,33614.0,744.0,200317.0,50233.0,-8.25,-0.0112130479102803,-5382.0,4467.0,-9849.0,0.6691617064479393,0.3106126789039357,0.0023841961852861,0.0158784949948223,0.0495720399429386,1746.0,0.0,0.0,0.0,665,0.0,0.0,0.0,291.68,0.0,0.0,0.0
2021-08-19,728.0,60193.0,37059.0,741.5,205150.0,55858.0,-13.5,-0.0185439560439305,-2028.0,4833.0,-6861.0,0.6634501772351201,0.2934097002193502,-0.0105334692490656,-0.0303030303030302,0.0246305418719212,1746.0,0.0,0.0,0.0,665,0.0,0.0,0.0,291.68,0.0,0.0,0.0
2021-08-20,714.5,53881.0,37208.0,728.5,205484.0,60347.0,-14.0,-0.0195941217634435,-6312.0,334.0,-6646.0,0.6165675178550614,0.2622150629732716,-0.018543956043956,-0.062028224483098,0.0332610267534345,1746.0,0.0,0.0,0.0,665,0.0,0.0,0.0,291.68,0.0,0.0,0.0
2021-08-23,721.0,48736.0,21092.0,736.75,209623.0,44836.0,-15.75,-0.0218446601941444,-5145.0,4139.0,-9284.0,0.4704255508965905,0.2324935717931704,0.0090972708187544,-0.0519395134779749,0.0610743193524649,1746.0,0.0,0.0,0.0,665,0.0,0.0,0.0,291.68,0.0,0.0,0.0
2021-08-24,718.0,42175.0,28503.0,733.5,212827.0,58664.0,-15.5,-0.0215877437325604,-6561.0,3204.0,-9765.0,0.485868675848894,0.1981656462760824,-0.0041608876560332,-0.0217983651226157,0.0617375231053605,1746.0,0.0,0.0,0.0,665,0.0,0.0,0.0,291.68,0.0,0.0,0.0
2021-08-25,712.25,36728.0,21990.0,724.0,216156.0,60002.0,-11.75,-0.0164970164969933,-5447.0,3329.0,-8776.0,0.3664877837405358,0.1699143211384362,-0.0080083565459609,-0.0319401970778117,0.0575352635486265,1746.0,0.0,0.0,0.0,665,0.0,0.0,0.0,291.68,0.0,0.0,0.0
2021-08-26,726.25,34345.0,17849.0,738.25,217209.0,55074.0,-12.0,-0.0165232358003214,-2383.0,1053.0,-3436.0,0.3240912227185183,0.158119599095801,0.0196560196560195,-0.0024038461538461,0.0525362318840578,1746.0,0.0,0.0,0.0,665,0.0,0.0,0.0,291.68,0.0,0.0,0.0
2021-08-27,708.0,13085.0,24916.0,731.25,220644.0,64085.0,-23.25,-0.032838983050801,-21260.0,3435.0,-24695.0,0.3887961301396522,0.0593036746977028,-0.0251290877796901,-0.0090972708187543,0.0046115643845334,1746.0,0.0,0.0,0.0,665,0.0,0.0,0.0,291.68,0.0,0.0,0.0
2021-08-30,718.0,3010.0,18316.0,723.75,224247.0,63754.0,-5.75,-0.0080083565459498,-10075.0,3603.0,-13678.0,0.287291777770802,0.0134226990773566,0.0141242937853107,-0.0041608876560332,0.0209740490579453,1746.0,0.0,0.0,0.0,665,0.0,0.0,0.0,291.68,0.0,0.0,0.0
2021-08-31,694.0,1974.0,1667.0,723.75,223150.0,103560.0,-29.75,-0.0428674351584396,-1036.0,-1097.0,61.0,0.016096948628814,0.0088460676674881,-0.0334261838440111,-0.0334261838440111,-0.0483373328762427,1697.0,-49.0,-49.0,-1.5225596148972993,627,-38.0,-38.0,-1.690835271354166,279.06,-12.620000000000005,-12.620000000000005,-4.609963556015685
2021-09-01,694.0,1304.0,546.0,713.75,224272.0,67830.0,-19.75,-0.0284582132564431,-670.0,1122.0,-1792.0,0.008049535603715,0.0058143682671042,0.0,-0.0256230256230256,-0.0414364640883977,1697.0,0.0,0.0,0.0,627,0.0,0.0,0.0,279.06,0.0,0.0,0.0
2021-09-02,700.0,833.0,369.0,716.75,219998.0,57676.0,-16.75,-0.0239285714285372,-471.0,-4274.0,3803.0,0.0063978084471876,0.0037863980581641,0.0086455331412103,-0.036144578313253,-0.0237099023709902,1697.0,0.0,0.0,0.0,627,0.0,0.0,0.0,279.06,0.0,0.0,0.0
2021-09-03,700.0,483.0,433.0,727.0,216987.0,55831.0,-27.0,-0.0385714285713734,-350.0,-3011.0,2661.0,0.0077555479930503,0.0022259398028453,0.0,-0.0112994350282485,-0.0182328190743338,1697.0,0.0,0.0,0.0,627,0.0,0.0,0.0,279.06,0.0,0.0,0.0
2021-09-07,704.5,225.0,169.0,720.0,218335.0,53990.0,-15.5,-0.0220014194463846,-258.0,1348.0,-1606.0,0.003130209298018,0.0010305264845306,0.0064285714285714,-0.0188022284122563,-0.0208478109798471,1697.0,0.0,0.0,0.0,627,0.0,0.0,0.0,279.06,0.0,0.0,0.0
2021-09-08,695.0,150.0,58.0,710.0,217607.0,47143.0,-15.0,-0.0215827338129185,-75.0,-728.0,653.0,0.0012302993021233,0.0006893160606046,-0.0134847409510291,0.0014409221902016,-0.0225035161744022,1697.0,0.0,0.0,0.0,627,0.0,0.0,0.0,279.06,0.0,0.0,0.0
2021-09-09,677.0,91.0,113.0,693.25,216397.0,67217.0,-16.25,-0.0240029542097134,-59.0,-1210.0,1151.0,0.0016811223351235,0.0004205233898806,-0.0258992805755395,-0.0244956772334293,-0.0687757909215955,1697.0,0.0,0.0,0.0,627,0.0,0.0,0.0,279.06,0.0,0.0,0.0
2021-09-10,650.0,70.0,72.0,688.5,214328.0,69464.0,-38.5,-0.0592307692306781,-21.0,-2069.0,2048.0,0.0010365081193135,0.0003266022171624,-0.0398818316100443,-0.0714285714285714,-0.1025198481187434,1697.0,0.0,0.0,0.0,627,0.0,0.0,0.0,279.06,0.0,0.0,0.0
2021-09-13,650.0,8.0,8.0,686.25,209304.0,43600.0,-36.25,-0.0557692307691449,-62.0,-5024.0,4962.0,0.0001834862385321,3.822191644689047e-05,0.0,-0.0714285714285714,-0.1341991341991342,1697.0,0.0,0.0,0.0,627,0.0,0.0,0.0,279.06,0.0,0.0,0.0
2021-09-14,,3.0,3.0,700.0,205574.0,55986.0,,,-5.0,-3730.0,3725.0,5.358482477762202e-05,1.4593285143062767e-05,0.0,-0.07735982966643,-0.146701673777486,1697.0,0.0,0.0,0.0,627,0.0,0.0,0.0,279.06,0.0,0.0,0.0
2021-09-15,711.5,203964.0,51075.0,719.75,71606.0,20283.0,-8.25,-0.0115952213633006,203961.0,-133968.0,337929.0,2.5181186215055704,2.8484205234197852,0.0946153846153845,0.0237410071942445,-0.0644312952005259,1697.0,0.0,0.0,0.0,627,0.0,0.0,0.0,279.06,0.0,0.0,0.0
2021-09-16,713.0,200049.0,40246.0,716.0,72254.0,11874.0,-3.0,-0.0042075736325326,-3915.0,648.0,-4563.0,3.389422267138,2.768691006726233,0.0021082220660575,0.053175775480059,-0.0286103542234332,1697.0,0.0,0.0,0.0,627,0.0,0.0,0.0,279.06,0.0,0.0,0.0
2021-09-17,707.5,197923.0,33375.0,716.0,72808.0,8057.0,-8.5,-0.0120141342756013,-2126.0,554.0,-2680.0,4.142360680153389,2.718423799582426,-0.0077138849929874,0.0884615384615383,-0.0383961943594971,1697.0,0.0,0.0,0.0,627,0.0,0.0,0.0,279.06,0.0,0.0,0.0
2021-09-20,699.75,196247.0,37449.0,710.0,72751.0,8764.0,-10.25,-0.0146480886030515,-1676.0,-57.0,-1619.0,4.27304883614739,2.697516185344494,-0.0109540636042402,0.0765384615384614,-0.038804945054945,1697.0,0.0,0.0,0.0,627,0.0,0.0,0.0,279.06,0.0,0.0,0.0
2021-09-21,690.0,197166.0,43195.0,697.0,72469.0,9409.0,-7.0,-0.0101449275362171,919.0,-282.0,1201.0,4.5908173025821455,2.720694365866746,-0.0139335476956056,0.0615384615384615,-0.0342897130860742,1697.0,0.0,0.0,0.0,627,0.0,0.0,0.0,279.06,0.0,0.0,0.0
2021-09-22,706.25,196689.0,37475.0,714.0,72643.0,12029.0,-7.75,-0.010973451327418,-477.0,174.0,-651.0,3.115387812785509,2.7076111944715566,0.0235507246376811,-0.0073787772312017,-0.0204576976421636,1697.0,0.0,0.0,0.0,627,0.0,0.0,0.0,279.06,0.0,0.0,0.0
2021-09-23,718.5,199915.0,46804.0,726.0,72979.0,10945.0,-7.5,-0.0104384133611545,3226.0,336.0,2890.0,4.276290543626836,2.739349675934135,0.0173451327433629,0.0077138849929874,0.0006963788300835,1697.0,0.0,0.0,0.0,627,0.0,0.0,0.0,279.06,0.0,0.0,0.0
2021-09-24,723.0,193257.0,47318.0,733.0,73901.0,14684.0,-10.0,-0.0138312586445175,-6658.0,922.0,-7580.0,3.222418959411385,2.6150796335637865,0.0062630480167014,0.0219081272084804,0.015093015093015,1697.0,0.0,0.0,0.0,627,0.0,0.0,0.0,279.06,0.0,0.0,0.0
2021-09-27,723.0,193978.0,32063.0,726.0,74951.0,9764.0,-3.0,-0.0041493775933552,721.0,1050.0,-329.0,3.2837976239242845,2.588064201945236,0.0,0.0332261521972132,-0.0044750430292599,1697.0,0.0,0.0,0.0,627,0.0,0.0,0.0,279.06,0.0,0.0,0.0
2021-09-28,708.25,193676.0,54403.0,718.0,76247.0,15356.0,-9.75,-0.0137663254500335,-302.0,1296.0,-1598.0,3.5427845793172996,2.540113053628306,-0.0204011065006916,0.0264492753623188,0.0003531073446327,1697.0,0.0,0.0,0.0,627,0.0,0.0,0.0,279.06,0.0,0.0,0.0
2021-09-29,711.25,192966.0,38927.0,720.5,76979.0,15348.0,-9.25,-0.0130052724077145,-710.0,732.0,-1442.0,2.5362913734686905,2.5067356032164287,0.0042357924461702,0.0070796460176991,-0.0094011142061281,1697.0,0.0,0.0,0.0,627,0.0,0.0,0.0,279.06,0.0,0.0,0.0
2021-09-30,725.75,188968.0,71326.0,730.0,77196.0,20793.0,-4.25,-0.0058560110230715,-3998.0,217.0,-4215.0,3.430289039580463,2.4478988548629146,0.0203866432337433,0.0100904662491301,0.0457492795389049,1697.0,0.0,0.0,0.0,615,-12.0,-12.0,-1.4940068974324159,283.22,4.160000000000025,4.160000000000025,1.514250014152166
2021-10-01,757.5,193078.0,85696.0,745.25,78900.0,25470.0,12.25,0.0161716171616948,4110.0,1704.0,2406.0,3.364585787200496,2.4471229404308943,0.0437478470547709,0.0477178423236515,0.0914985590778099,1697.0,0.0,0.0,0.0,615,0.0,0.0,0.0,283.22,0.0,0.0,0.0
2021-10-04,756.25,194306.0,54746.0,762.0,79929.0,19288.0,-5.75,-0.0076033057851139,1228.0,1029.0,199.0,2.8383450850268126,2.4309824969660268,-0.0016501650165016,0.0459889349930844,0.0803571428571428,1697.0,0.0,0.0,0.0,615,0.0,0.0,0.0,283.22,0.0,0.0,0.0
2021-10-05,744.75,193595.0,49150.0,756.0,82456.0,15158.0,-11.25,-0.0151057401812485,-711.0,2527.0,-3238.0,3.242512204776142,2.3478582516735913,-0.0152066115702479,0.0515354747617367,0.0639285714285713,1697.0,0.0,0.0,0.0,615,0.0,0.0,0.0,283.22,0.0,0.0,0.0
2021-10-06,744.0,193548.0,44642.0,757.25,85020.0,13737.0,-13.25,-0.0178091397849223,-47.0,2564.0,-2611.0,3.2497634126808435,2.276499647141822,-0.0010070493454179,0.0460456942003515,0.0560681334279631,1697.0,0.0,0.0,0.0,615,0.0,0.0,0.0,283.22,0.0,0.0,0.0
2021-10-07,741.0,193805.0,42606.0,752.25,87891.0,16305.0,-11.25,-0.0151821862347973,257.0,2871.0,-2614.0,2.613063477460741,2.205060813962724,-0.0040322580645161,0.021012745435756,0.0661870503597121,1697.0,0.0,0.0,0.0,615,0.0,0.0,0.0,283.22,0.0,0.0,0.0
2021-10-08,732.5,193720.0,47836.0,736.0,90247.0,20275.0,-3.5,-0.0047781569965805,-85.0,2356.0,-2441.0,2.3593588162760857,2.146553348033706,-0.0114709851551957,-0.0330033003300329,0.0819793205317578,1697.0,0.0,0.0,0.0,615,0.0,0.0,0.0,283.22,0.0,0.0,0.0
2021-10-11,731.75,193056.0,32210.0,740.0,91919.0,11826.0,-8.25,-0.0112743423300153,-664.0,1672.0,-2336.0,2.7236597327919223,2.100283945647776,-0.0010238907849828,-0.032396694214876,0.1257692307692308,1697.0,0.0,0.0,0.0,615,0.0,0.0,0.0,283.22,0.0,0.0,0.0
2021-10-12,735.75,191148.0,57859.0,745.0,93725.0,19056.0,-9.25,-0.0125722052327386,-1908.0,1806.0,-3714.0,3.036261544920076,2.0394558548946167,0.0054663477963785,-0.0120845921450151,0.131923076923077,1697.0,0.0,0.0,0.0,615,0.0,0.0,0.0,283.22,0.0,0.0,0.0
2021-10-13,718.0,196236.0,57903.0,731.75,95588.0,19476.0,-13.75,-0.0191504178272713,5088.0,1863.0,3225.0,2.973043746148954,2.052935514918169,-0.0241250424736663,-0.0349462365591397,0.1046153846153845,1697.0,0.0,0.0,0.0,615,0.0,0.0,0.0,283.22,0.0,0.0,0.0
2021-10-14,724.75,196229.0,39585.0,725.0,95761.0,15523.0,-0.25,-0.0003449465332868,-7.0,173.0,-180.0,2.5500869677251465,2.049153622038178,0.0094011142061281,-0.0219298245614034,0.0186226282501755,1697.0,0.0,0.0,0.0,615,0.0,0.0,0.0,283.22,0.0,0.0,0.0
2021-10-15,733.25,195055.0,40534.0,743.25,96269.0,15113.0,-10.0,-0.0136379133992313,-1174.0,508.0,-1682.0,2.6820618010982145,2.0261454881633543,0.0117281821317696,0.0010238907849828,0.0284011220196354,1697.0,0.0,0.0,0.0,615,0.0,0.0,0.0,283.22,0.0,0.0,0.0
2021-10-18,735.5,195117.0,31460.0,744.0,96245.0,13747.0,-8.5,-0.0115567641060345,62.0,-24.0,86.0,2.288499308939966,2.0272949244116365,0.0030685305148312,0.0051247010591048,0.0395759717314487,1697.0,0.0,0.0,0.0,615,0.0,0.0,0.0,283.22,0.0,0.0,0.0
2021-10-19,737.75,194315.0,37740.0,744.0,96877.0,15078.0,-6.25,-0.0084717045069353,-802.0,632.0,-1434.0,2.502984480700192,2.0057908481889197,0.0030591434398368,0.0027183146449201,0.0543051089674884,1697.0,0.0,0.0,0.0,615,0.0,0.0,0.0,283.22,0.0,0.0,0.0
2021-10-20,749.25,193488.0,35078.0,758.0,97232.0,15579.0,-8.75,-0.0116783450116627,-827.0,355.0,-1182.0,2.251620771551303,1.9899621523777975,0.0155879362927822,0.0435236768802227,0.0858695652173913,1697.0,0.0,0.0,0.0,615,0.0,0.0,0.0,283.22,0.0,0.0,0.0
2021-10-21,741.0,194249.0,33633.0,750.0,97621.0,12283.0,-9.0,-0.0121457489878378,761.0,389.0,372.0,2.738174713017769,1.989828008317862,-0.0110110110110109,0.0224215246636771,0.0492035398230088,1697.0,0.0,0.0,0.0,615,0.0,0.0,0.0,283.22,0.0,0.0,0.0
2021-10-22,757.5,191196.0,52332.0,755.0,99257.0,16867.0,2.5,0.0033003300329989,-3053.0,1636.0,-4689.0,3.1026264303075175,1.9262722024642904,0.0222672064777327,0.0330719399931811,0.0542797494780793,1697.0,0.0,0.0,0.0,615,0.0,0.0,0.0,283.22,0.0,0.0,0.0
2021-10-25,760.5,192743.0,42579.0,763.0,100596.0,18443.0,-2.5,-0.0032873109796143,1547.0,1339.0,208.0,2.308680800303513,1.9160105769612912,0.0039603960396039,0.0339904826648538,0.0518672199170124,1697.0,0.0,0.0,0.0,615,0.0,0.0,0.0,283.22,0.0,0.0,0.0
2021-10-26,750.5,192548.0,53537.0,762.25,103275.0,22299.0,-11.75,-0.0156562291805254,-195.0,2679.0,-2874.0,2.4008699941700344,1.8644202372306768,-0.0131492439184747,0.0172822771941714,0.0380359612724758,1697.0,0.0,0.0,0.0,615,0.0,0.0,0.0,283.22,0.0,0.0,0.0
2021-10-27,759.5,188937.0,49839.0,757.5,105138.0,21603.0,2.0,0.0026333113890682,-3611.0,1863.0,-5474.0,2.3070406887931165,1.7970381783940934,0.0119920053297801,0.0136803470136803,0.0723614542887398,1697.0,0.0,0.0,0.0,615,0.0,0.0,0.0,283.22,0.0,0.0,0.0
2021-10-28,773.25,185690.0,57331.0,788.75,106913.0,20535.0,-15.5,-0.0200452634981958,-3247.0,1775.0,-5022.0,2.7918675432187587,1.7368327518636486,0.0181040157998684,0.0435222672064776,0.0871704745166959,1697.0,0.0,0.0,0.0,615,0.0,0.0,0.0,283.22,0.0,0.0,0.0
2021-10-29,773.0,184635.0,48726.0,777.0,108764.0,24063.0,-4.0,-0.0051746442432015,-1055.0,1851.0,-2906.0,2.024934546814527,1.697574565113441,-0.0003233107015842,0.0204620462046205,0.0651050637271788,1697.0,0.0,0.0,0.0,615,0.0,0.0,0.0,283.22,0.0,0.0,0.0
2021-11-01,798.0,182204.0,73027.0,805.0,112827.0,31299.0,-7.0,-0.0087719298245504,-2431.0,4063.0,-6494.0,2.3332055337230475,1.6148971434142394,0.0323415265200517,0.0493096646942801,0.0534653465346535,1646.0,-51.0,-51.0,-4.8989794850957695,580,-35.0,-35.0,-4.697249176837236,277.18,-6.0400000000000205,-6.0400000000000205,-3.955093379670004
2021-11-02,789.5,177197.0,65894.0,800.0,111967.0,30159.0,-10.5,-0.0132995566814271,-5007.0,-860.0,-4147.0,2.18488676680254,1.5825823680191342,-0.0106516290726816,0.0519653564290472,0.0439669421487602,1646.0,0.0,0.0,0.0,580,0.0,0.0,0.0,277.18,0.0,0.0,0.0
2021-11-03,781.5,174035.0,53180.0,790.0,111629.0,23953.0,-8.5,-0.0108765195137416,-3162.0,-338.0,-2824.0,2.2201811881600544,1.559048275985617,-0.0101329955668144,0.0289664252797894,0.0493454179254784,1646.0,0.0,0.0,0.0,580,0.0,0.0,0.0,277.18,0.0,0.0,0.0
2021-11-04,774.5,169115.0,51270.0,784.25,114974.0,27228.0,-9.75,-0.0125887669464007,-4920.0,3345.0,-8265.0,1.882988100484726,1.4708977681910564,-0.0089571337172105,0.0016165535079211,0.040994623655914,1646.0,0.0,0.0,0.0,580,0.0,0.0,0.0,277.18,0.0,0.0,0.0
2021-11-05,766.75,159612.0,83637.0,778.5,123671.0,61880.0,-11.75,-0.0153244212585388,-9503.0,8697.0,-18200.0,1.351599870717496,1.2906178489702411,-0.0100064557779212,-0.0080853816300129,0.0347503373819162,1646.0,0.0,0.0,0.0,580,0.0,0.0,0.0,277.18,0.0,0.0,0.0
2021-11-08,768.0,142014.0,75813.0,781.25,133248.0,59975.0,-13.25,-0.0172526041666442,-17598.0,9577.0,-27175.0,1.264076698624406,1.0657871037463895,0.0016302575806976,-0.037593984962406,0.0484641638225256,1646.0,0.0,0.0,0.0,580,0.0,0.0,0.0,277.18,0.0,0.0,0.0
2021-11-09,782.0,129701.0,81300.0,796.0,145854.0,63571.0,-14.0,-0.0179028132992098,-12313.0,12606.0,-24919.0,1.2788850261911675,0.8892522659645887,0.0182291666666667,-0.0094996833438885,0.0686709941920054,1646.0,0.0,0.0,0.0,580,0.0,0.0,0.0,277.18,0.0,0.0,0.0
2021-11-10,803.0,123034.0,85821.0,814.0,154892.0,64086.0,-11.0,-0.0136986301369692,-6667.0,9038.0,-15705.0,1.3391536372998574,0.7943212044521293,0.026854219948849,0.0275111964171466,0.0914033299354399,1646.0,0.0,0.0,0.0,580,0.0,0.0,0.0,277.18,0.0,0.0,0.0
2021-11-11,813.25,114049.0,107495.0,818.0,162769.0,81407.0,-4.75,-0.0058407623731867,-8985.0,7877.0,-16862.0,1.320463842175718,0.7006801049339819,0.0127646326276462,0.0500322788896061,0.1326601671309193,1646.0,0.0,0.0,0.0,580,0.0,0.0,0.0,277.18,0.0,0.0,0.0
2021-11-12,817.5,107366.0,63147.0,824.0,169114.0,44491.0,-6.5,-0.0079510703363817,-6683.0,6345.0,-13028.0,1.4193207615022945,0.6348735172723687,0.0052259452812788,0.0661884577763287,0.1279751638496034,1646.0,0.0,0.0,0.0,580,0.0,0.0,0.0,277.18,0.0,0.0,0.0
2021-11-15,826.75,101373.0,57377.0,830.0,169349.0,44783.0,-3.25,-0.0039310553371588,-5993.0,235.0,-6228.0,1.2812227854319431,0.5986040661592298,0.0113149847094802,0.0764973958333332,0.1275144902829867,1646.0,0.0,0.0,0.0,580,0.0,0.0,0.0,277.18,0.0,0.0,0.0
2021-11-16,810.5,91577.0,58357.0,819.5,175718.0,59420.0,-9.0,-0.0111042566316951,-9796.0,6369.0,-16165.0,0.9821104005385228,0.5211589023321429,-0.019655276685818,0.0364450127877238,0.1019714479945614,1646.0,0.0,0.0,0.0,580,0.0,0.0,0.0,277.18,0.0,0.0,0.0
2021-11-17,823.5,84564.0,63821.0,834.75,180066.0,62894.0,-11.25,-0.0136612021857757,-7013.0,4348.0,-11361.0,1.0147390848093456,0.4696278031388465,0.0160394818013571,0.0255292652552927,0.1162317858353101,1646.0,0.0,0.0,0.0,580,0.0,0.0,0.0,277.18,0.0,0.0,0.0
2021-11-18,820.25,73152.0,63590.0,830.0,184248.0,71044.0,-9.75,-0.0118866199329327,-11412.0,4182.0,-15594.0,0.8950791059061863,0.3970300898788568,-0.00394656952034,0.008607439286812,0.0947614280947615,1646.0,0.0,0.0,0.0,580,0.0,0.0,0.0,277.18,0.0,0.0,0.0
2021-11-19,821.25,66478.0,42696.0,828.0,185964.0,54368.0,-6.75,-0.0082191780821817,-6674.0,1716.0,-8390.0,0.7853148911124047,0.3574777914004842,0.0012191405059434,0.0045871559633028,0.1082995951417005,1646.0,0.0,0.0,0.0,580,0.0,0.0,0.0,277.18,0.0,0.0,0.0
2021-11-22,846.5,60387.0,40429.0,854.75,188681.0,59625.0,-8.25,-0.0097460129946724,-6091.0,2717.0,-8808.0,0.6780545073375148,0.3200481235524492,0.0307458143074581,0.0238887208950711,0.1174917491749174,1646.0,0.0,0.0,0.0,580,0.0,0.0,0.0,277.18,0.0,0.0,0.0
2021-11-23,855.75,55099.0,29297.0,867.0,192612.0,50430.0,-11.25,-0.013146362839599,-5288.0,3931.0,-9219.0,0.5809438826095463,0.286062135277136,0.0109273479031304,0.0558297347316472,0.1252465483234714,1646.0,0.0,0.0,0.0,580,0.0,0.0,0.0,277.18,0.0,0.0,0.0
2021-11-24,835.0,47378.0,46267.0,851.5,194968.0,80016.0,-16.5,-0.0197604790418925,-7721.0,2356.0,-10077.0,0.578221855628867,0.2430039801403294,-0.0242477359041776,0.0139647844565877,0.1125916055962692,1646.0,0.0,0.0,0.0,580,0.0,0.0,0.0,277.18,0.0,0.0,0.0
2021-11-26,815.0,13571.0,29473.0,844.5,194977.0,49446.0,-29.5,-0.0361963190183605,-33807.0,9.0,-33816.0,0.5960643934797437,0.0696030813890865,-0.0239520958083832,-0.0064004876562023,0.0730743910467413,1646.0,0.0,0.0,0.0,580,0.0,0.0,0.0,277.18,0.0,0.0,0.0
2021-11-29,800.5,3568.0,20037.0,822.5,197004.0,69517.0,-22.0,-0.0274828232354434,-10003.0,2027.0,-12030.0,0.2882316555662602,0.0181113073846215,-0.0177914110429447,-0.0252663622526636,0.0352408664726802,1646.0,0.0,0.0,0.0,580,0.0,0.0,0.0,277.18,0.0,0.0,0.0
2021-11-30,762.0,2027.0,2662.0,789.0,191104.0,87308.0,-27.0,-0.0354330708660952,-1541.0,-5900.0,4359.0,0.0304897603885092,0.0106067900200937,-0.0480949406620861,-0.0998227997637329,-0.0142302716688227,1646.0,0.0,0.0,0.0,583,3.0,3.0,0.4168391733345766,275.8,-1.3799999999999955,-1.3799999999999955,-1.1016347579323826
2021-12-01,770.0,794.0,484.0,789.75,188144.0,55934.0,-19.75,-0.0256493506493173,-1233.0,-2960.0,1727.0,0.0086530553867056,0.0042201717833148,0.010498687664042,-0.1002044989775051,-0.0350877192982456,1646.0,0.0,0.0,0.0,583,0.0,0.0,0.0,275.8,0.0,0.0,0.0
2021-12-02,745.0,438.0,192.0,816.25,182599.0,67349.0,-71.25,-0.095637583892489,-356.0,-5545.0,5189.0,0.002850821838483,0.0023986987880546,-0.0324675324675324,-0.1077844311377245,-0.0563647878404053,1646.0,0.0,0.0,0.0,583,0.0,0.0,0.0,275.8,0.0,0.0,0.0
2021-12-03,742.0,393.0,102.0,804.75,183444.0,58612.0,-62.75,-0.0845687331535248,-45.0,845.0,-890.0,0.0017402579676516,0.0021423431673971,-0.0040268456375839,-0.0895705521472393,-0.0505438259756877,1646.0,0.0,0.0,0.0,583,0.0,0.0,0.0,275.8,0.0,0.0,0.0
2021-12-06,742.0,258.0,66.0,807.75,181939.0,41088.0,-65.75,-0.0886118598381555,-135.0,-1505.0,1370.0,0.0016063084112149,0.0014180577006579,0.0,-0.0730793254216114,-0.0419625564880568,1646.0,0.0,0.0,0.0,583,0.0,0.0,0.0,275.8,0.0,0.0,0.0
2021-12-07,796.0,191.0,74.0,809.25,182857.0,35269.0,-13.25,-0.0166457286431951,-67.0,918.0,-985.0,0.0020981598570982,0.0010445320660406,0.0727762803234501,0.0446194225721785,0.0381480273883274,1646.0,0.0,0.0,0.0,583,0.0,0.0,0.0,275.8,0.0,0.0,0.0
2021-12-08,742.0,178.0,42.0,794.5,185023.0,38721.0,-52.5,-0.0707547169810367,-13.0,2166.0,-2179.0,0.0010846827303013,0.0009620425568713,-0.0678391959798995,-0.0363636363636363,-0.0338541666666666,1646.0,0.0,0.0,0.0,583,0.0,0.0,0.0,275.8,0.0,0.0,0.0
2021-12-09,742.0,99.0,64.0,777.5,183625.0,63021.0,-35.5,-0.0478436657681295,-79.0,-1398.0,1319.0,0.0010155345043715,0.0005391422736555,0.0,-0.0040268456375839,-0.0511508951406649,1646.0,0.0,0.0,0.0,583,0.0,0.0,0.0,275.8,0.0,0.0,0.0
2021-12-10,742.0,69.0,30.0,784.5,183122.0,36952.0,-42.5,-0.0572776280322678,-30.0,-503.0,473.0,0.0008118640398354,0.0003767979816734,0.0,0.0,-0.0759651307596512,1646.0,0.0,0.0,0.0,583,0.0,0.0,0.0,275.8,0.0,0.0,0.0
2021-12-13,742.0,39.0,69.0,788.25,181911.0,39616.0,-46.25,-0.0623315363880561,-30.0,-1211.0,1181.0,0.0017417205169627,0.0002143905536223,0.0,0.0,-0.0876114355979096,1646.0,0.0,0.0,0.0,583,0.0,0.0,0.0,275.8,0.0,0.0,0.0
2021-12-14,,,,786.75,183147.0,34152.0,,,,1236.0,,,,0.0,-0.0678391959798995,-0.092354740061162,1646.0,0.0,0.0,0.0,583,0.0,0.0,0.0,275.8,0.0,0.0,0.0
2021-12-15,755.5,183953.0,77464.0,762.0,44405.0,18133.0,-6.5,-0.0086035737921792,,-138742.0,,4.271990293938991,4.142619074428462,0.0181940700808624,0.0181940700808624,-0.0861808285455095,1646.0,0.0,0.0,0.0,583,0.0,0.0,0.0,275.8,0.0,0.0,0.0
2021-12-16,768.5,179516.0,50771.0,773.25,44063.0,12813.0,-4.75,-0.0061808718282287,-4437.0,-342.0,-4095.0,3.9624600015606055,4.074075755168644,0.0172071475843811,0.0357142857142858,-0.0518198642813078,1646.0,0.0,0.0,0.0,583,0.0,0.0,0.0,275.8,0.0,0.0,0.0
2021-12-17,775.0,176018.0,38053.0,770.25,43702.0,11353.0,4.75,0.0061290322580566,-3498.0,-361.0,-3137.0,3.351801286003404,4.027687520021875,0.0084580351333767,0.0444743935309972,-0.0588949605343047,1646.0,0.0,0.0,0.0,583,0.0,0.0,0.0,275.8,0.0,0.0,0.0
2021-12-20,778.25,175033.0,38677.0,770.0,44223.0,11679.0,8.25,0.0106007067137672,-985.0,521.0,-1506.0,3.311670519735995,3.9579630509010255,0.0041935483870967,0.048854447439353,-0.051203901249619,1646.0,0.0,0.0,0.0,583,0.0,0.0,0.0,275.8,0.0,0.0,0.0
2021-12-21,796.5,175399.0,46149.0,794.25,44798.0,13878.0,2.25,0.0028248587570586,366.0,575.0,-209.0,3.3253350626889087,3.9153310415642686,0.0234500481850306,0.0734501347708895,-0.0301369863013698,1646.0,0.0,0.0,0.0,583,0.0,0.0,0.0,275.8,0.0,0.0,0.0
2021-12-22,813.5,176488.0,48743.0,814.25,45706.0,11276.0,-0.75,-0.0009219422249527,1089.0,908.0,181.0,4.322720822986491,3.861374874195864,0.0213433772755806,0.0767703507610853,-0.038984051978736,1646.0,0.0,0.0,0.0,583,0.0,0.0,0.0,275.8,0.0,0.0,0.0
2021-12-23,815.75,174484.0,36615.0,808.0,46218.0,9183.0,7.75,0.0095004596996512,-2004.0,512.0,-2516.0,3.987259065664381,3.7752390843393537,0.0027658266748618,0.0614834092387768,-0.04674262342974,1646.0,0.0,0.0,0.0,583,0.0,0.0,0.0,275.8,0.0,0.0,0.0
2021-12-27,805.75,173935.0,30210.0,808.0,46737.0,8908.0,-2.25,-0.0027924294135863,-549.0,519.0,-1068.0,3.3913336326893364,3.7215696343367415,-0.0122586576769844,0.0396774193548388,-0.0350299401197604,1646.0,0.0,0.0,0.0,583,0.0,0.0,0.0,275.8,0.0,0.0,0.0
2021-12-28,783.75,172969.0,41877.0,783.75,47332.0,12080.0,0.0,0.0,-966.0,595.0,-1561.0,3.466639072847395,3.654377588100996,-0.0273037542662115,0.0070671378091873,-0.0383435582822085,1646.0,0.0,0.0,0.0,583,0.0,0.0,0.0,275.8,0.0,0.0,0.0
2021-12-29,789.5,170376.0,40941.0,779.0,46962.0,11064.0,10.5,0.0132995566814271,-2593.0,-370.0,-2223.0,3.700379609544134,3.627954516417452,0.0073365231259967,-0.0087884494664155,-0.0137414116177388,1646.0,0.0,0.0,0.0,583,0.0,0.0,0.0,275.8,0.0,0.0,0.0
2021-12-30,780.0,170011.0,29563.0,779.0,47645.0,9008.0,1.0,0.0012820512820496,-365.0,683.0,-1048.0,3.2818605683832947,3.568286283975159,-0.012032932235592,-0.0411800860479409,0.0236220472440944,1646.0,0.0,0.0,0.0,583,0.0,0.0,0.0,275.8,0.0,0.0,0.0
2021-12-31,770.75,170343.0,25055.0,769.0,47566.0,9257.0,1.75,0.0022705157314274,332.0,-79.0,411.0,2.7066004104998695,3.5811924483874287,-0.0118589743589743,-0.0551639595464297,0.000974025974026,1646.0,0.0,0.0,0.0,598,15.0,15.0,4.844521414953434,278.18,2.3799999999999955,2.3799999999999955,4.160313612069993
2022-01-03,757.75,172499.0,42116.0,762.0,47475.0,9052.0,-4.25,-0.0056087099966933,2156.0,-91.0,2247.0,4.652673442332672,3.6334702474986074,-0.0168666882906259,-0.0595718274899161,0.0171140939597316,1646.0,0.0,0.0,0.0,598,0.0,0.0,0.0,278.18,0.0,0.0,0.0
2022-01-04,769.25,172462.0,43220.0,760.0,49106.0,13490.0,9.25,0.0120246993824998,-37.0,1631.0,-1668.0,3.203854707190274,3.5120351891825132,0.0151765094028373,-0.0185007974481659,0.0367250673854446,1646.0,0.0,0.0,0.0,598,0.0,0.0,0.0,278.18,0.0,0.0,0.0
2022-01-05,760.75,173251.0,40236.0,758.25,49207.0,11027.0,2.5,0.0032862306933903,789.0,101.0,688.0,3.648861884465072,3.5208608531305807,-0.011049723756906,-0.0364154528182394,0.0252695417789756,1646.0,0.0,0.0,0.0,598,0.0,0.0,0.0,278.18,0.0,0.0,0.0
2022-01-06,746.25,179783.0,64426.0,748.0,49987.0,16682.0,-1.75,-0.0023450586264625,6532.0,780.0,5752.0,3.862006953602454,3.596595114729758,-0.0190601380216891,-0.0432692307692307,-0.0625,1646.0,0.0,0.0,0.0,598,0.0,0.0,0.0,278.18,0.0,0.0,0.0
2022-01-07,760.5,177196.0,58463.0,744.0,51458.0,21209.0,16.5,0.0216962524654547,-2587.0,1471.0,-4058.0,2.756518459144573,3.443507326363181,0.0190954773869347,-0.0132987349983781,0.0249326145552559,1646.0,0.0,0.0,0.0,598,0.0,0.0,0.0,278.18,0.0,0.0,0.0
2022-01-10,761.5,173719.0,46681.0,760.0,52816.0,16715.0,1.5,0.0019697964543637,-3477.0,1358.0,-4835.0,2.792760993119785,3.2891358679187506,0.0013149243918475,0.0049488617617947,0.0262803234501347,1646.0,0.0,0.0,0.0,598,0.0,0.0,0.0,278.18,0.0,0.0,0.0
2022-01-11,768.25,172462.0,43837.0,764.0,52800.0,14746.0,4.25,0.005532053368037,-1257.0,-16.0,-1241.0,2.97280618472786,3.266325757575696,0.0088640840446487,-0.0012999675008125,0.0353773584905661,1646.0,0.0,0.0,0.0,598,0.0,0.0,0.0,278.18,0.0,0.0,0.0
2022-01-12,757.75,170425.0,51640.0,756.5,53871.0,18990.0,1.25,0.0016496205872627,-2037.0,1071.0,-3108.0,2.719325961031979,3.1635759499544625,-0.0136674259681093,-0.0039434768320736,0.0212264150943395,1646.0,0.0,0.0,0.0,598,0.0,0.0,0.0,278.18,0.0,0.0,0.0
2022-01-13,745.25,173988.0,49455.0,742.5,54929.0,18439.0,2.75,0.003690036900364,3563.0,1058.0,2505.0,2.6820868810671574,3.167507145587883,-0.0164962058726493,-0.0013400335008375,0.0043800539083558,1646.0,0.0,0.0,0.0,598,0.0,0.0,0.0,278.18,0.0,0.0,0.0
2022-01-14,742.0,173731.0,44592.0,745.25,54555.0,19061.0,-3.25,-0.0043800539083498,-257.0,-374.0,117.0,2.339436545826434,3.1845110439005926,-0.0043609527004361,-0.0243261012491782,-0.0178689609530112,1646.0,0.0,0.0,0.0,598,0.0,0.0,0.0,278.18,0.0,0.0,0.0
2022-01-18,771.0,174163.0,70559.0,765.0,57108.0,25898.0,6.0,0.007782101167305,432.0,2553.0,-2121.0,2.7244961000848433,3.049712824823089,0.0390835579514825,0.0124753775443204,0.003253090435914,1646.0,0.0,0.0,0.0,598,0.0,0.0,0.0,278.18,0.0,0.0,0.0
2022-01-19,795.5,171681.0,68427.0,791.0,59125.0,27617.0,4.5,0.0056568196103008,-2482.0,2017.0,-4499.0,2.477713002860467,2.903695560253651,0.0317769130998704,0.0354702245362836,0.0264516129032257,1646.0,0.0,0.0,0.0,598,0.0,0.0,0.0,278.18,0.0,0.0,0.0
2022-01-20,790.0,172183.0,58576.0,788.0,59215.0,20486.0,2.0,0.002531645569617,502.0,90.0,412.0,2.8593185590157737,2.9077598581440025,-0.0069138906348208,0.0425602111514351,0.0150979762287182,1646.0,0.0,0.0,0.0,598,0.0,0.0,0.0,278.18,0.0,0.0,0.0
2022-01-21,778.0,166535.0,47700.0,782.5,59504.0,15794.0,-4.5,-0.0057840616966506,-5648.0,289.0,-5937.0,3.0201342281877284,2.798719413820873,-0.0151898734177214,0.0439449849043944,-0.0232266164469554,1646.0,0.0,0.0,0.0,598,0.0,0.0,0.0,278.18,0.0,0.0,0.0
2022-01-24,801.25,162517.0,58617.0,794.0,58982.0,19464.0,7.25,0.009048361934466,-4018.0,-522.0,-3496.0,3.0115598027125454,2.7553660438777468,0.0298843187660668,0.0798517520215633,-0.0150583896742471,1646.0,0.0,0.0,0.0,598,0.0,0.0,0.0,278.18,0.0,0.0,0.0
2022-01-25,817.0,164069.0,76139.0,818.25,63248.0,27608.0,-1.25,-0.001529987760096,1552.0,4266.0,-2714.0,2.7578600405678513,2.5940583101441534,0.0196567862714509,0.059662775616083,0.001532332209623,1646.0,0.0,0.0,0.0,598,0.0,0.0,0.0,278.18,0.0,0.0,0.0
2022-01-26,792.25,164960.0,73390.0,791.0,65519.0,27610.0,1.25,0.0015777847901526,891.0,2271.0,-1380.0,2.6580948931545576,2.517742944794602,-0.0302937576499388,-0.0040854808296668,-0.0167545764815388,1646.0,0.0,0.0,0.0,598,0.0,0.0,0.0,278.18,0.0,0.0,0.0
2022-01-27,777.0,164091.0,60147.0,779.75,64472.0,16604.0,-2.75,-0.0035392535392489,-869.0,-1047.0,178.0,3.6224403758128383,2.5451513835463064,-0.0192489744398863,-0.0164556962025316,-0.0086124401913875,1646.0,0.0,0.0,0.0,598,0.0,0.0,0.0,278.18,0.0,0.0,0.0
2022-01-28,787.25,162323.0,49080.0,791.0,66269.0,14866.0,-3.75,-0.0047634169577583,-1768.0,1797.0,-3565.0,3.301493340508321,2.449456005070207,0.0131917631917632,0.0118894601542416,-0.0028499050031665,1646.0,0.0,0.0,0.0,598,0.0,0.0,0.0,278.18,0.0,0.0,0.0
2022-01-31,760.75,159894.0,71473.0,765.75,66389.0,20407.0,-5.0,-0.0065724613867807,-2429.0,120.0,-2549.0,3.50237663546805,2.408441157420621,-0.0336614798348682,-0.0505460218408736,-0.0246794871794872,1646.0,0.0,0.0,0.0,628,30.0,30.0,4.4600327225231595,279.95,1.7699999999999818,1.7699999999999818,2.9863429320162185
2022-02-01,769.25,156987.0,52159.0,768.25,68084.0,19752.0,1.0,0.0012999675008107,-2907.0,1695.0,-4602.0,2.6406946132035927,2.305784031490478,0.0111731843575419,-0.0584455324357404,-0.001946156341226,1646.0,0.0,0.0,0.0,628,0.0,0.0,0.0,279.95,0.0,0.0,0.0
2022-02-02,755.0,154291.0,67578.0,761.0,71617.0,25145.0,-6.0,-0.0079470198675391,-2696.0,3533.0,-6229.0,2.6875323125868884,2.1543907172877645,-0.0185245368865778,-0.0470179867466077,-0.0036291652919828,1646.0,0.0,0.0,0.0,628,0.0,0.0,0.0,279.95,0.0,0.0,0.0
2022-02-03,753.5,151406.0,52592.0,759.75,72978.0,25700.0,-6.25,-0.0082946250829352,-2885.0,1361.0,-4246.0,2.0463813229571186,2.0746800405601404,-0.0019867549668873,-0.0302445302445302,-0.0204744881377965,1646.0,0.0,0.0,0.0,628,0.0,0.0,0.0,279.95,0.0,0.0,0.0
2022-02-04,765.25,146331.0,50585.0,771.25,78390.0,31244.0,-6.0,-0.0078405749754879,-5075.0,5412.0,-10487.0,1.6190308539239016,1.8667049368541664,0.0155938951559388,-0.0279453794855509,0.0059152152481103,1646.0,0.0,0.0,0.0,628,0.0,0.0,0.0,279.95,0.0,0.0,0.0
2022-02-07,770.75,132874.0,81449.0,776.0,87647.0,60087.0,-5.25,-0.0068115471942824,-13457.0,9257.0,-22714.0,1.3555178324762205,1.5160130979953503,0.00718719372754,0.0131449227735787,0.0328308207705192,1646.0,0.0,0.0,0.0,628,0.0,0.0,0.0,279.95,0.0,0.0,0.0
2022-02-08,778.75,118491.0,99517.0,783.5,96397.0,71102.0,-4.75,-0.0060995184590611,-14383.0,8750.0,-23133.0,1.399637141008672,1.2291980040872512,0.010379500486539,0.0123496912577185,0.0239973701512163,1646.0,0.0,0.0,0.0,628,0.0,0.0,0.0,279.95,0.0,0.0,0.0
2022-02-09,784.5,108430.0,100108.0,788.5,110293.0,76934.0,-4.0,-0.005098789037597,-10061.0,13896.0,-23957.0,1.3012192268697675,0.9831086288340966,0.0073836276083467,0.0390728476821191,0.0302035456336178,1646.0,0.0,0.0,0.0,628,0.0,0.0,0.0,279.95,0.0,0.0,0.0
2022-02-10,771.0,96164.0,95102.0,778.25,124213.0,66745.0,-7.25,-0.0094033722438269,-12266.0,13920.0,-26186.0,1.4248557944415097,0.7741862767987185,-0.017208413001912,0.0232249502322494,0.0035795639440285,1646.0,0.0,0.0,0.0,628,0.0,0.0,0.0,279.95,0.0,0.0,0.0
2022-02-11,796.0,82082.0,101599.0,798.0,137710.0,71536.0,-2.0,-0.0025125628140671,-14082.0,13497.0,-27579.0,1.4202499440840777,0.5960496695955225,0.03242542153048,0.0401829467494283,0.0504783899703067,1646.0,0.0,0.0,0.0,628,0.0,0.0,0.0,279.95,0.0,0.0,0.0
2022-02-14,800.25,77622.0,69676.0,808.0,143714.0,52492.0,-7.75,-0.0096844736019872,-4460.0,6004.0,-10464.0,1.3273641697782268,0.5401143938655905,0.0053391959798994,0.0382744080441128,0.0738007380073801,1646.0,0.0,0.0,0.0,628,0.0,0.0,0.0,279.95,0.0,0.0,0.0
2022-02-15,777.25,71359.0,55714.0,781.0,147941.0,47667.0,-3.75,-0.0048247024766743,-6263.0,4227.0,-10490.0,1.1688170012796868,0.4823476926612604,-0.02874101843174,-0.0019261637239165,0.0475067385444742,1646.0,0.0,0.0,0.0,628,0.0,0.0,0.0,279.95,0.0,0.0,0.0
2022-02-16,778.5,66387.0,33006.0,786.0,151376.0,35893.0,-7.5,-0.009633911368003,-4972.0,3435.0,-8407.0,0.9195664892875792,0.4385569707219081,0.0016082341588934,-0.0076481835564053,0.0097276264591439,1646.0,0.0,0.0,0.0,628,0.0,0.0,0.0,279.95,0.0,0.0,0.0
2022-02-17,796.25,59534.0,47683.0,801.75,154039.0,55019.0,-5.5,-0.006907378335941,-6853.0,2663.0,-9516.0,0.8666642432614031,0.3864865391232066,0.022800256904303,0.0327496757457848,0.0009428032683846,1646.0,0.0,0.0,0.0,628,0.0,0.0,0.0,279.95,0.0,0.0,0.0
2022-02-18,794.5,43753.0,43499.0,797.25,158609.0,55415.0,-2.75,-0.0034612964128339,-15781.0,4570.0,-20351.0,0.7849679689614584,0.2758544597090942,-0.0021978021978021,-0.0018844221105527,0.0056962025316456,1646.0,0.0,0.0,0.0,628,0.0,0.0,0.0,279.95,0.0,0.0,0.0
2022-02-22,839.25,24989.0,47217.0,848.25,166124.0,101329.0,-9.0,-0.0107238605897995,-18764.0,7515.0,-26279.0,0.4659771634971186,0.1504237798271162,0.0563247325361861,0.0487347703842548,0.0787275064267352,1646.0,0.0,0.0,0.0,628,0.0,0.0,0.0,279.95,0.0,0.0,0.0
2022-02-23,873.75,15373.0,28032.0,885.25,171454.0,98777.0,-11.5,-0.0131616595135757,-9616.0,5330.0,-14946.0,0.2837907610071141,0.0896625333908798,0.0411081322609472,0.1241556770665808,0.0904836193447737,1646.0,0.0,0.0,0.0,628,0.0,0.0,0.0,279.95,0.0,0.0,0.0
2022-02-24,880.0,5650.0,26655.0,922.5,169393.0,112029.0,-42.5,-0.0482954545453996,-9723.0,-2061.0,-7662.0,0.2379294646921758,0.033354388906271,0.0071530758226037,0.1303789338471419,0.0771113831089351,1646.0,0.0,0.0,0.0,628,0.0,0.0,0.0,279.95,0.0,0.0,0.0
2022-02-25,775.0,1008.0,8868.0,859.75,164696.0,108712.0,-84.75,-0.1093548387095363,-4642.0,-4697.0,55.0,0.081573331370961,0.0061203672220332,-0.1193181818181817,-0.0266875981161694,-0.0217734301041337,1646.0,0.0,0.0,0.0,628,0.0,0.0,0.0,279.95,0.0,0.0,0.0
2022-02-28,775.0,699.0,1092.0,934.5,165555.0,107828.0,-159.5,-0.2058064516126376,-309.0,859.0,-1168.0,0.0101272396780056,0.0042221618193349,0.0,-0.0245437382001258,-0.0025740025740025,1646.0,0.0,0.0,0.0,648,20.0,20.0,2.7736942493373102,278.21,-1.740000000000009,-1.740000000000009,-3.362068102452619
2022-03-01,746.75,466.0,507.0,984.0,164343.0,51215.0,-237.25,-0.3177100769999093,-233.0,-1212.0,979.0,0.0098994435224053,0.0028355330011013,-0.0364516129032258,-0.1102174560619601,-0.0514449031438551,1646.0,0.0,0.0,0.0,648,0.0,0.0,0.0,278.21,0.0,0.0,0.0
2022-03-02,746.75,396.0,458.0,1059.0,157567.0,103797.0,-312.25,-0.4181452962833369,-70.0,-6776.0,6706.0,0.0044124589342658,0.0025132165999225,0.0,-0.1453505007153075,-0.0184028918830101,1646.0,0.0,0.0,0.0,648,0.0,0.0,0.0,278.21,0.0,0.0,0.0
2022-03-03,1111.25,293.0,374.0,1134.0,154338.0,88004.0,-22.75,-0.0204724409448634,-103.0,-3229.0,3126.0,0.0042498068269623,0.0018984307169977,0.4881151657181117,0.2627840909090908,0.4445888852778681,1646.0,0.0,0.0,0.0,648,0.0,0.0,0.0,278.21,0.0,0.0,0.0
2022-03-04,1207.25,208.0,147.0,1209.0,151385.0,35941.0,-1.75,-0.0014495754814649,-85.0,-2953.0,2868.0,0.004090036448624,0.0013739802490339,0.0863892013498313,0.5577419354838711,0.5990066225165562,1646.0,0.0,0.0,0.0,648,0.0,0.0,0.0,278.21,0.0,0.0,0.0
2022-03-07,746.75,101.0,79.0,1294.0,146924.0,39528.0,-547.25,-0.7328423167047434,-107.0,-4461.0,4354.0,0.0019985832827362,0.0006874302360403,-0.3814454338372334,-0.0364516129032258,-0.0089581950895819,1646.0,0.0,0.0,0.0,648,0.0,0.0,0.0,278.21,0.0,0.0,0.0
2022-03-08,746.0,65.0,29.0,1250.0,143339.0,133198.0,-504.0,-0.6756032171572713,-36.0,-3585.0,3549.0,0.0002177209868016,0.0004534704441917,-0.0010043521928355,-0.0010043521928355,-0.0251551780463901,1646.0,0.0,0.0,0.0,648,0.0,0.0,0.0,278.21,0.0,0.0,0.0
2022-03-09,746.0,45.0,5.0,1200.0,143813.0,55905.0,-454.0,-0.608579088471034,-20.0,474.0,-494.0,8.943743851175943e-05,0.0003129063436546,0.0,-0.0010043521928355,-0.0321115796302302,1646.0,0.0,0.0,0.0,648,0.0,0.0,0.0,278.21,0.0,0.0,0.0
2022-03-10,746.0,6.0,6.0,1078.0,138399.0,73591.0,-332.0,-0.4450402144766152,-39.0,-5414.0,5375.0,8.153170904050655e-05,4.335291439967021e-05,0.0,-0.3286839145106861,-0.0420545746388443,1646.0,0.0,0.0,0.0,648,0.0,0.0,0.0,278.21,0.0,0.0,0.0
2022-03-11,746.0,5.0,10.0,1107.0,133512.0,48921.0,-361.0,-0.4839142091146328,-1.0,-4887.0,4886.0,0.0002044111935569,3.7449817244891565e-05,0.0,-0.3820666804721474,-0.0490758444869343,1646.0,0.0,0.0,0.0,648,0.0,0.0,0.0,278.21,0.0,0.0,0.0
2022-03-14,,15.0,15.0,1090.25,132584.0,38656.0,,,10.0,-928.0,938.0,0.0003880380794701,0.000113135823327,0.0,-0.0010043521928355,-0.0324254215304798,1646.0,0.0,0.0,0.0,648,0.0,0.0,0.0,278.21,0.0,0.0,0.0
2022-03-15,1155.0,132069.0,30964.0,1127.0,95596.0,25104.0,28.0,0.0242424242424032,132054.0,-36988.0,169042.0,1.2334289356277393,1.381532700112961,0.5482573726541555,0.5482573726541555,0.4510050251256281,1646.0,0.0,0.0,0.0,648,0.0,0.0,0.0,278.21,0.0,0.0,0.0
2022-03-16,1070.0,129211.0,37914.0,1043.0,96660.0,28632.0,27.0,0.0252336448597895,-2858.0,1064.0,-3922.0,1.3241827326068272,1.3367577074280843,-0.0735930735930735,0.4343163538873995,0.3370821618244299,1646.0,0.0,0.0,0.0,648,0.0,0.0,0.0,278.21,0.0,0.0,0.0
2022-03-17,1092.0,129623.0,31158.0,1066.0,97312.0,24481.0,26.0,0.023809523809502,412.0,652.0,-240.0,1.2727421265470662,1.3320351035843334,0.0205607476635514,0.4638069705093834,0.404953361209392,1646.0,0.0,0.0,0.0,648,0.0,0.0,0.0,278.21,0.0,0.0,0.0
2022-03-18,1058.0,128673.0,19393.0,1036.0,97621.0,16618.0,22.0,0.0207939508506419,-950.0,309.0,-1259.0,1.166987603803035,1.318087296790636,-0.0311355311355311,0.418230563002681,0.3590237636480411,1646.0,0.0,0.0,0.0,648,0.0,0.0,0.0,278.21,0.0,0.0,0.0
2022-03-21,1120.0,130615.0,37035.0,1094.0,97793.0,27587.0,26.0,0.0232142857142649,1942.0,172.0,1770.0,1.3424801536955326,1.33562729438711,0.0586011342155008,0.5013404825737264,0.4065934065934067,1646.0,0.0,0.0,0.0,648,0.0,0.0,0.0,278.21,0.0,0.0,0.0
2022-03-22,1118.75,130265.0,29006.0,1109.25,99349.0,21914.0,9.5,0.0084916201117242,-350.0,1556.0,-1906.0,1.3236287304918626,1.3111858196861437,-0.0011160714285713,-0.0313852813852814,0.4081183134046571,1646.0,0.0,0.0,0.0,648,0.0,0.0,0.0,278.21,0.0,0.0,0.0
2022-03-23,1106.0,130956.0,24464.0,1086.5,98411.0,17801.0,19.5,0.0176311030741251,691.0,-938.0,1629.0,1.374304814336196,1.3307049008748886,-0.0113966480446927,0.033644859813084,0.3178433124813822,1646.0,0.0,0.0,0.0,648,0.0,0.0,0.0,278.21,0.0,0.0,0.0
2022-03-24,1085.5,130726.0,22420.0,1068.0,98144.0,17783.0,17.5,0.0161216029479354,-230.0,-267.0,37.0,1.260754653320516,1.3319815780893245,-0.0185352622061483,-0.0059523809523809,0.242346208869814,1646.0,0.0,0.0,0.0,648,0.0,0.0,0.0,278.21,0.0,0.0,0.0
2022-03-25,1085.0,127799.0,27912.0,1084.0,98163.0,19380.0,1.0,0.0009216589861742,-2927.0,19.0,-2946.0,1.4402476780185014,1.3019060134673828,-0.0004606172270843,0.0255198487712664,0.2329545454545454,1646.0,0.0,0.0,0.0,648,0.0,0.0,0.0,278.21,0.0,0.0,0.0
2022-03-28,1060.0,126535.0,26162.0,1037.75,99864.0,23745.0,22.25,0.020990566037716,-1264.0,1701.0,-2965.0,1.1017898504947945,1.2670732195786143,-0.0230414746543778,-0.0535714285714286,0.3677419354838709,1646.0,0.0,0.0,0.0,648,0.0,0.0,0.0,278.21,0.0,0.0,0.0
2022-03-29,1010.25,124312.0,45986.0,983.0,100457.0,32890.0,27.25,0.0269735214055659,-2223.0,593.0,-2816.0,1.3981757373061297,1.2374647859282952,-0.0469339622641509,-0.0969832402234637,0.3035483870967741,1646.0,0.0,0.0,0.0,648,0.0,0.0,0.0,278.21,0.0,0.0,0.0
2022-03-30,1029.5,123031.0,26336.0,1036.0,103492.0,25245.0,-6.5,-0.0063137445361764,-1281.0,3035.0,-4316.0,1.0432164785105549,1.188797201716063,0.0190546894333085,-0.0691681735985533,0.3786407766990292,1646.0,0.0,0.0,0.0,648,0.0,0.0,0.0,278.21,0.0,0.0,0.0
2022-03-31,1006.0,121869.0,36848.0,1000.0,104339.0,28550.0,6.0,0.0059642147117236,-1162.0,847.0,-2009.0,1.2906479859894469,1.168010044182893,-0.0228266148615833,-0.0732381391064025,0.3471710746568464,1646.0,0.0,0.0,0.0,653,5.0,5.0,1.2005220793535927,281.51,3.3000000000000114,3.3000000000000114,4.257783274681377
2022-04-01,987.0,120038.0,33853.0,981.25,106992.0,26935.0,5.75,0.0058257345491329,-1831.0,2653.0,-4484.0,1.2568405420456188,1.1219343502317825,-0.0188866799204771,-0.0903225806451613,-0.1118110236220472,1646.0,0.0,0.0,0.0,653,0.0,0.0,0.0,281.51,0.0,0.0,0.0
2022-04-04,1020.0,117145.0,26349.0,1005.75,110337.0,27425.0,14.25,0.0139705882352804,-2893.0,3345.0,-6238.0,0.9607657247037024,1.0617018769768884,0.033434650455927,-0.0377358490566037,-0.1551045765168771,1646.0,0.0,0.0,0.0,653,0.0,0.0,0.0,281.51,0.0,0.0,0.0
2022-04-05,1036.0,114193.0,26923.0,1047.0,112111.0,29297.0,-11.0,-0.0106177606177503,-2952.0,1774.0,-4726.0,0.9189678124039692,1.018570880645066,0.0156862745098038,0.0254887404107893,0.3873451623702713,1646.0,0.0,0.0,0.0,653,0.0,0.0,0.0,281.51,0.0,0.0,0.0
2022-04-06,1041.0,111115.0,27905.0,1035.0,115408.0,29708.0,6.0,0.0057636887608013,-3078.0,3297.0,-6375.0,0.9393092769624029,0.9628015388881104,0.0048262548262547,0.0111704711024769,0.3954423592493297,1646.0,0.0,0.0,0.0,653,0.0,0.0,0.0,281.51,0.0,0.0,0.0
2022-04-07,1014.0,97965.0,50501.0,1025.25,122564.0,51294.0,-11.25,-0.011094674556202,-13150.0,7156.0,-20306.0,0.9845401021561784,0.7992966939721223,-0.0259365994236311,0.0079522862823062,0.3592493297587131,1646.0,0.0,0.0,0.0,653,0.0,0.0,0.0,281.51,0.0,0.0,0.0
2022-04-08,1046.0,85110.0,47599.0,1053.25,132897.0,56103.0,-7.25,-0.0069311663479857,-12855.0,10333.0,-23188.0,0.8484216530310171,0.6404207769927038,0.0315581854043391,0.0597771023302937,0.4021447721179625,1646.0,0.0,0.0,0.0,653,0.0,0.0,0.0,281.51,0.0,0.0,0.0
2022-04-11,1079.0,68789.0,55247.0,1086.5,145174.0,74737.0,-7.5,-0.0069508804448499,-16321.0,12277.0,-28598.0,0.7392188608052137,0.4738382906029973,0.031548757170172,0.0578431372549019,0.4463806970509383,1646.0,0.0,0.0,0.0,653,0.0,0.0,0.0,281.51,0.0,0.0,0.0
2022-04-12,1100.0,55331.0,50433.0,1101.0,153844.0,63990.0,-1.0,-0.00090909090909,-13458.0,8670.0,-22128.0,0.7881387716830632,0.3596565351914904,0.0194624652455976,0.0617760617760618,0.4745308310991958,1646.0,0.0,0.0,0.0,653,0.0,0.0,0.0,281.51,0.0,0.0,0.0
2022-04-13,1115.0,44165.0,53460.0,1116.0,163288.0,77569.0,-1.0,-0.0008968609865462,-11166.0,9444.0,-20610.0,0.6891928476582051,0.2704730292489327,0.0136363636363636,0.0710854947166186,-0.0346320346320346,1646.0,0.0,0.0,0.0,653,0.0,0.0,0.0,281.51,0.0,0.0,0.0
2022-04-14,1095.75,41144.0,20653.0,1101.5,165696.0,40270.0,-5.75,-0.0052475473419984,-3021.0,2408.0,-5429.0,0.5128631735783334,0.2483101583623005,-0.0172645739910314,0.080621301775148,0.0240654205607475,1646.0,0.0,0.0,0.0,653,0.0,0.0,0.0,281.51,0.0,0.0,0.0
2022-04-18,1117.5,37333.0,13169.0,1128.0,169129.0,36326.0,-10.5,-0.009395973154354,-3811.0,3433.0,-7244.0,0.3625227110058811,0.2207368340142718,0.0198494182067077,0.0683556405353729,0.0233516483516482,1646.0,0.0,0.0,0.0,653,0.0,0.0,0.0,281.51,0.0,0.0,0.0
2022-04-19,1096.0,32310.0,18099.0,1108.5,170529.0,37432.0,-12.5,-0.0114051094890406,-5023.0,1400.0,-6423.0,0.4835167770891087,0.1894692398360385,-0.0192393736017897,0.0157553290083409,0.0359168241965972,1646.0,0.0,0.0,0.0,653,0.0,0.0,0.0,281.51,0.0,0.0,0.0
2022-04-20,1085.75,29756.0,15110.0,1101.25,171076.0,39368.0,-15.5,-0.0142758461892569,-2554.0,547.0,-3101.0,0.383814265393203,0.1739343917323285,-0.0093521897810219,-0.0129545454545454,-0.0305803571428571,1646.0,0.0,0.0,0.0,653,0.0,0.0,0.0,281.51,0.0,0.0,0.0
2022-04-21,1060.0,27260.0,11174.0,1076.25,172771.0,34511.0,-16.25,-0.0153301886792308,-2496.0,1695.0,-4191.0,0.3237808235055396,0.1577811090981695,-0.0237163251208841,-0.0493273542600897,-0.0525139664804469,1646.0,0.0,0.0,0.0,653,0.0,0.0,0.0,281.51,0.0,0.0,0.0
2022-04-22,1056.25,17660.0,15258.0,1073.0,174632.0,33181.0,-16.75,-0.0158579881656654,-9600.0,1861.0,-11461.0,0.4598414755432187,0.1011269412249753,-0.0035377358490565,-0.0360483686972393,-0.0449819168173598,1646.0,0.0,0.0,0.0,653,0.0,0.0,0.0,281.51,0.0,0.0,0.0
2022-04-25,1060.0,13140.0,12075.0,1072.5,175523.0,37728.0,-12.5,-0.0117924528301775,-4520.0,891.0,-5411.0,0.3200540712468109,0.0748619838995455,0.0035502958579882,-0.0514541387024608,-0.0234914785812989,1646.0,0.0,0.0,0.0,653,0.0,0.0,0.0,281.51,0.0,0.0,0.0
2022-04-26,1065.0,9611.0,9543.0,1092.5,177357.0,34264.0,-27.5,-0.0258215962441072,-3529.0,1834.0,-5363.0,0.2785138921316753,0.0541901362788046,0.0047169811320755,-0.0282846715328467,-0.0184331797235023,1646.0,0.0,0.0,0.0,653,0.0,0.0,0.0,281.51,0.0,0.0,0.0
2022-04-27,1069.0,6254.0,7092.0,1091.0,179732.0,26721.0,-22.0,-0.0205799812909068,-3357.0,2375.0,-5732.0,0.2654092286965209,0.0347962521977164,0.0037558685446008,-0.0154271241077595,0.0084905660377359,1646.0,0.0,0.0,0.0,653,0.0,0.0,0.0,281.51,0.0,0.0,0.0
2022-04-28,1071.5,1807.0,6965.0,1088.25,179341.0,28927.0,-16.75,-0.0156322911805733,-4447.0,-391.0,-4056.0,0.2407785114253036,0.0100757774295893,0.0023386342376052,0.0108490566037735,0.0606285572878,1646.0,0.0,0.0,0.0,653,0.0,0.0,0.0,281.51,0.0,0.0,0.0
2022-04-29,1040.0,1758.0,577.0,1055.75,179240.0,38162.0,-15.75,-0.0151442307692162,-49.0,-101.0,52.0,0.0151197526335093,0.0098080785538941,-0.0293980401306579,-0.0153846153846153,0.010199125789218,1646.0,0.0,0.0,0.0,653,0.0,0.0,0.0,281.51,0.0,0.0,0.0
2022-05-02,1018.75,792.0,341.0,1050.0,177551.0,40743.0,-31.25,-0.0306748466257367,-966.0,-1689.0,723.0,0.0083695358711923,0.0044606901678953,-0.0204326923076922,-0.0389150943396225,0.0126739562624254,1646.0,0.0,0.0,0.0,678,25.0,25.0,4.844521415579278,278.42,-3.089999999999975,-3.089999999999975,-3.278095946198907
2022-05-03,1018.75,561.0,177.0,1047.0,177503.0,31317.0,-28.25,-0.027730061349666,-231.0,-48.0,-183.0,0.0056518823642109,0.0031605099632118,0.0,-0.0434272300469483,0.0321681864235054,1646.0,0.0,0.0,0.0,678,0.0,0.0,0.0,278.42,0.0,0.0,0.0
2022-05-04,1018.75,394.0,288.0,1077.0,176561.0,44200.0,-58.25,-0.0571779141103733,-167.0,-942.0,775.0,0.0065158371040722,0.0022315233828535,0.0,-0.0470065481758652,-0.0012254901960784,1646.0,0.0,0.0,0.0,678,0.0,0.0,0.0,278.42,0.0,0.0,0.0
2022-05-05,1008.0,407.0,184.0,1101.0,175570.0,47812.0,-93.0,-0.0922619047618132,13.0,-991.0,1004.0,0.0038484062578431,0.0023181636953921,-0.0105521472392637,-0.0592627158189453,-0.0270270270270269,1646.0,0.0,0.0,0.0,678,0.0,0.0,0.0,278.42,0.0,0.0,0.0
2022-05-06,1008.0,298.0,68.0,1103.5,170909.0,39579.0,-95.5,-0.0947420634919695,-109.0,-4661.0,4552.0,0.0017180828216983,0.0017436179487329,0.0,-0.0307692307692307,-0.031700288184438,1646.0,0.0,0.0,0.0,678,0.0,0.0,0.0,278.42,0.0,0.0,0.0
2022-05-09,1008.0,318.0,92.0,1089.0,167399.0,37350.0,-81.0,-0.0803571428570631,20.0,-3510.0,3530.0,0.0024631860776438,0.0018996529250473,0.0,-0.0105521472392637,-0.0059171597633136,1646.0,0.0,0.0,0.0,678,0.0,0.0,0.0,278.42,0.0,0.0,0.0
2022-05-10,1008.0,241.0,42.0,1094.25,164283.0,30020.0,-86.25,-0.0855654761903913,-77.0,-3116.0,3039.0,0.0013990672884743,0.0014669807588125,0.0,-0.0105521472392637,-0.0363288718929254,1646.0,0.0,0.0,0.0,678,0.0,0.0,0.0,278.42,0.0,0.0,0.0
2022-05-11,1008.0,167.0,53.0,1112.5,162314.0,34004.0,-104.5,-0.103670634920532,-74.0,-1969.0,1895.0,0.0015586401599811,0.0010288699680865,0.0,-0.0105521472392637,-0.0658016682113067,1646.0,0.0,0.0,0.0,678,0.0,0.0,0.0,278.42,0.0,0.0,0.0
2022-05-12,950.0,27.0,157.0,1173.0,162546.0,55767.0,-223.0,-0.234736842105016,-140.0,232.0,-372.0,0.002815285025194,0.0001661068251448,-0.0575396825396825,-0.0575396825396825,-0.1363636363636363,1646.0,0.0,0.0,0.0,678,0.0,0.0,0.0,278.42,0.0,0.0,0.0
2022-05-13,,1.0,1.0,1179.0,162595.0,35248.0,,,-26.0,49.0,-75.0,2.837040399455208e-05,6.150250622712838e-06,0.0,-0.0575396825396825,-0.147982062780269,1646.0,0.0,0.0,0.0,678,0.0,0.0,0.0,278.42,0.0,0.0,0.0
2022-05-16,1247.5,162789.0,53773.0,1251.0,56734.0,29418.0,-3.5,-0.0028056112224426,162788.0,-105861.0,268649.0,1.8278944863688276,2.86933761060382,0.3131578947368421,0.2375992063492062,0.138489618982432,1646.0,0.0,0.0,0.0,678,0.0,0.0,0.0,278.42,0.0,0.0,0.0
2022-05-17,1279.0,165820.0,73671.0,1263.0,59060.0,29879.0,16.0,0.0125097732603498,3031.0,2326.0,705.0,2.465644767227736,2.8076532339992752,0.0252505010020041,0.2688492063492063,0.1445190156599551,1646.0,0.0,0.0,0.0,678,0.0,0.0,0.0,278.42,0.0,0.0,0.0
2022-05-18,1231.0,164811.0,57090.0,1213.0,59604.0,19199.0,18.0,0.0146222583265518,-1009.0,544.0,-1553.0,2.973592374602689,2.765099657741045,-0.0375293197810789,0.2212301587301588,0.1231751824817517,1646.0,0.0,0.0,0.0,678,0.0,0.0,0.0,278.42,0.0,0.0,0.0
2022-05-19,1203.0,165139.0,54778.0,1193.0,60227.0,19256.0,10.0,0.0083125519534428,328.0,623.0,-295.0,2.8447237224759636,2.741942982383271,-0.0227457351746547,0.2663157894736843,0.1079898687543172,1646.0,0.0,0.0,0.0,678,0.0,0.0,0.0,278.42,0.0,0.0,0.0
2022-05-20,1171.75,162373.0,40065.0,1170.0,61091.0,13598.0,1.75,0.0014934926392135,-2766.0,864.0,-3630.0,2.946389174878442,2.6578874138579716,-0.0259767248545302,0.2334210526315789,0.1054245283018868,1646.0,0.0,0.0,0.0,678,0.0,0.0,0.0,278.42,0.0,0.0,0.0
2022-05-23,1192.0,163968.0,38143.0,1198.0,60982.0,16382.0,-6.0,-0.0050335570469756,1595.0,-109.0,1704.0,2.328348187034408,2.6887934144501218,0.017281843396629,-0.0444889779559117,0.1285207100591716,1646.0,0.0,0.0,0.0,678,0.0,0.0,0.0,278.42,0.0,0.0,0.0
2022-05-24,1155.75,159664.0,52749.0,1160.0,62649.0,22375.0,-4.25,-0.0036772658446864,-4304.0,1667.0,-5971.0,2.357497206703805,2.5485482609458643,-0.0304110738255033,-0.096364347146208,0.0903301886792453,1646.0,0.0,0.0,0.0,678,0.0,0.0,0.0,278.42,0.0,0.0,0.0
2022-05-25,1147.75,157903.0,51657.0,1145.0,63796.0,21375.0,2.75,0.002395992158569,-1761.0,1147.0,-2908.0,2.416701754385852,2.475123832215147,-0.0069219121782392,-0.0676279447603573,0.0776995305164318,1646.0,0.0,0.0,0.0,678,0.0,0.0,0.0,278.42,0.0,0.0,0.0
2022-05-26,1141.25,157244.0,38507.0,1152.0,65400.0,14784.0,-10.75,-0.0094194961664758,-659.0,1604.0,-2263.0,2.604640151514975,2.4043425076452234,-0.0056632541929863,-0.0513300083125519,0.0675865294667914,1646.0,0.0,0.0,0.0,678,0.0,0.0,0.0,278.42,0.0,0.0,0.0
2022-05-27,1157.5,155827.0,25544.0,1166.25,66232.0,8384.0,-8.75,-0.0075593952483735,-1417.0,832.0,-2249.0,3.046755725190476,2.3527448967266222,0.0142387732749178,-0.0121612972050352,0.0802613159122724,1646.0,0.0,0.0,0.0,678,0.0,0.0,0.0,278.42,0.0,0.0,0.0
2022-05-31,1087.5,153215.0,68159.0,1097.5,68658.0,34185.0,-10.0,-0.0091954022988421,-2612.0,2426.0,-5038.0,1.993827702208513,2.2315680619883738,-0.060475161987041,-0.0876677852348993,0.0456730769230768,1729.0,83.0,83.0,4.8989794852771995,619,-59.0,-59.0,-4.441900509727748,267.02,-11.400000000000034,-11.400000000000034,-4.781142717498814
2022-06-01,1041.75,147634.0,81448.0,1042.5,71859.0,37376.0,-0.75,-0.0007199424046069,-5581.0,3201.0,-8782.0,2.179152397260216,2.0544956094573807,-0.0420689655172413,-0.0986372485399091,0.0225766871165644,1729.0,0.0,0.0,0.0,619,0.0,0.0,0.0,267.02,0.0,0.0,0.0
2022-06-02,1061.5,140791.0,58137.0,1072.75,74587.0,30486.0,-11.25,-0.0105982100800653,-6843.0,2728.0,-9571.0,1.9070064947844287,1.8876077600654015,0.0189584833213343,-0.0751470267915487,0.0419631901840491,1729.0,0.0,0.0,0.0,619,0.0,0.0,0.0,267.02,0.0,0.0,0.0
2022-06-03,1040.0,137598.0,40835.0,1046.5,77180.0,17958.0,-6.5,-0.0062499999999939,-3193.0,2593.0,-5786.0,2.2739169172512375,1.7828193832598886,-0.0202543570419218,-0.0887185104052573,0.0208588957055215,1729.0,0.0,0.0,0.0,619,0.0,0.0,0.0,267.02,0.0,0.0,0.0
2022-06-06,1098.75,130792.0,60711.0,1080.0,78735.0,30309.0,18.75,0.0170648464163667,-6806.0,1555.0,-8361.0,2.0030683955260153,1.661167206452001,0.0564903846153845,-0.050755939524838,0.0900297619047618,1729.0,0.0,0.0,0.0,619,0.0,0.0,0.0,267.02,0.0,0.0,0.0
2022-06-07,1073.25,118995.0,84918.0,1075.0,87869.0,60043.0,-1.75,-0.0016305613789875,-11797.0,9134.0,-20931.0,1.414286428059867,1.3542318678942362,-0.0232081911262798,-0.013103448275862,0.0647321428571428,1729.0,0.0,0.0,0.0,619,0.0,0.0,0.0,267.02,0.0,0.0,0.0
2022-06-08,1074.25,105752.0,68009.0,1085.5,97890.0,50986.0,-11.25,-0.0104724226204231,-13243.0,10021.0,-23264.0,1.3338759659514117,1.0803146388803648,0.0009317493594223,0.0311975041996639,0.0657242063492062,1729.0,0.0,0.0,0.0,619,0.0,0.0,0.0,267.02,0.0,0.0,0.0
2022-06-09,1071.5,93618.0,70950.0,1077.5,105927.0,55224.0,-6.0,-0.0055996266915486,-12134.0,8037.0,-20171.0,1.2847674923945878,0.8837973321249456,-0.0025599255294391,0.0094206311822893,0.0629960317460318,1729.0,0.0,0.0,0.0,619,0.0,0.0,0.0,267.02,0.0,0.0,0.0
2022-06-10,1071.25,80897.0,62709.0,1085.0,114719.0,49930.0,-13.75,-0.0128354725787511,-12721.0,8792.0,-21513.0,1.2559383136390696,0.7051752543170642,-0.0002333177788147,0.0300480769230768,0.0627480158730158,1729.0,0.0,0.0,0.0,619,0.0,0.0,0.0,267.02,0.0,0.0,0.0
2022-06-13,1067.75,75077.0,62605.0,1075.5,124802.0,49270.0,-7.75,-0.0072582533364483,-5820.0,10083.0,-15903.0,1.2706515120762885,0.6015688851140157,-0.003267211201867,-0.0282138794084186,0.1239473684210525,1729.0,0.0,0.0,0.0,619,0.0,0.0,0.0,267.02,0.0,0.0,0.0
2022-06-14,1054.25,70923.0,34011.0,1070.25,127312.0,29621.0,-16.0,-0.0151766658762009,-4154.0,2510.0,-6664.0,1.1482056648998633,0.5570802438104769,-0.0126434090376961,-0.0177032378290239,0.1097368421052631,1729.0,0.0,0.0,0.0,619,0.0,0.0,0.0,267.02,0.0,0.0,0.0
2022-06-15,1050.0,64820.0,32823.0,1063.0,128555.0,27856.0,-13.0,-0.0123809523809405,-6103.0,1243.0,-7346.0,1.1783098793796245,0.5042199836645754,-0.0040313018733696,-0.0225738887595997,-0.1583166332665331,1729.0,0.0,0.0,0.0,619,0.0,0.0,0.0,267.02,0.0,0.0,0.0
2022-06-16,1078.0,57092.0,38169.0,1085.0,132153.0,31896.0,-7.0,-0.0064935064935004,-7728.0,3598.0,-11326.0,1.1966704288938677,0.4320144075427691,0.0266666666666666,0.0060662622491833,-0.1571540265832681,1729.0,0.0,0.0,0.0,619,0.0,0.0,0.0,267.02,0.0,0.0,0.0
2022-06-17,1031.25,51002.0,42369.0,1044.25,132858.0,35631.0,-13.0,-0.0126060606060483,-6090.0,705.0,-6795.0,1.1891049928432773,0.3838835448373422,-0.0433673469387755,-0.0373395565927654,-0.1622664500406173,1729.0,0.0,0.0,0.0,619,0.0,0.0,0.0,267.02,0.0,0.0,0.0
2022-06-21,975.0,44796.0,54693.0,990.0,136466.0,57056.0,-15.0,-0.0153846153845996,-6206.0,3608.0,-9814.0,0.958584548513724,0.3282575879706276,-0.0545454545454545,-0.0868649028330601,-0.1895261845386533,1729.0,0.0,0.0,0.0,619,0.0,0.0,0.0,267.02,0.0,0.0,0.0
2022-06-22,972.0,41444.0,35050.0,989.0,137994.0,51781.0,-17.0,-0.0174897119341383,-3352.0,1528.0,-4880.0,0.6768892064656791,0.3003318984883379,-0.003076923076923,-0.0780175480199193,-0.1704715169618093,1729.0,0.0,0.0,0.0,619,0.0,0.0,0.0,267.02,0.0,0.0,0.0
2022-06-23,938.75,38858.0,32876.0,949.0,140194.0,46898.0,-10.25,-0.0109187749666994,-2586.0,2200.0,-4786.0,0.7010107040811826,0.2771730601880232,-0.0342078189300411,-0.1059523809523809,-0.2124580536912751,1729.0,0.0,0.0,0.0,619,0.0,0.0,0.0,267.02,0.0,0.0,0.0
2022-06-24,924.0,26224.0,28752.0,936.0,141780.0,43179.0,-12.0,-0.0129870129869989,-12634.0,1586.0,-14220.0,0.6658792468560952,0.1849626181407802,-0.0157123834886817,-0.1428571428571429,-0.2005191434133679,1729.0,0.0,0.0,0.0,619,0.0,0.0,0.0,267.02,0.0,0.0,0.0
2022-06-27,901.0,17134.0,26815.0,914.5,143578.0,48106.0,-13.5,-0.0149833518312819,-9090.0,1798.0,-10888.0,0.5574148754832962,0.1193358313947811,-0.0248917748917748,-0.1263030303030302,-0.2149858418645175,1729.0,0.0,0.0,0.0,619,0.0,0.0,0.0,267.02,0.0,0.0,0.0
2022-06-28,901.0,8665.0,23635.0,934.0,143377.0,53518.0,-33.0,-0.0366259711431336,-8469.0,-201.0,-8268.0,0.4416271161104593,0.0604350767556856,0.0,-0.0758974358974359,-0.2105147864184008,1729.0,0.0,0.0,0.0,619,0.0,0.0,0.0,267.02,0.0,0.0,0.0
2022-06-29,906.0,3682.0,12305.0,932.75,147220.0,50777.0,-26.75,-0.0295253863134331,-4983.0,3843.0,-8826.0,0.2423341276562175,0.0250101888330388,0.0055493895671476,-0.0679012345679012,-0.2172786177105831,1729.0,0.0,0.0,0.0,619,0.0,0.0,0.0,267.02,0.0,0.0,0.0
2022-06-30,852.0,1364.0,2286.0,888.75,144586.0,70148.0,-36.75,-0.0431338028168507,-2318.0,-2634.0,316.0,0.0325882420026225,0.0094338317679442,-0.0596026490066224,-0.092410119840213,-0.216551724137931,1737.0,8.0,8.0,0.47197637139149046,627,8.0,8.0,0.654467119489289,266.85,-0.16999999999995907,-0.16999999999995907,-0.07309423193370508
2022-07-01,788.75,459.0,419.0,840.25,146752.0,54111.0,-51.5,-0.0652931854198855,-905.0,2166.0,-3071.0,0.0077433423887932,0.003127725686873,-0.0742370892018778,-0.1463744588744588,-0.2428605711543077,1737.0,0.0,0.0,0.0,627,0.0,0.0,0.0,266.85,0.0,0.0,0.0
2022-07-05,,395.0,76.0,806.75,144599.0,55014.0,,,-64.0,-2153.0,2089.0,0.0013814665357908,0.0027316924736685,0.0,-0.1245837957824639,-0.2569477154969383,1737.0,0.0,0.0,0.0,627,0.0,0.0,0.0,266.85,0.0,0.0,0.0
2022-07-06,,362.0,384.0,805.25,144741.0,57720.0,,,-33.0,142.0,-175.0,0.0066528066528065,0.0025010190616342,0.0,-0.1245837957824639,-0.2415865384615384,1737.0,0.0,0.0,0.0,627,0.0,0.0,0.0,266.85,0.0,0.0,0.0
2022-07-07,,201.0,187.0,837.25,144020.0,49291.0,,,-161.0,-721.0,560.0,0.0037937960276723,0.0013956394945146,0.0,-0.1294150110375276,-0.2821387940841866,1737.0,0.0,0.0,0.0,627,0.0,0.0,0.0,266.85,0.0,0.0,0.0
2022-07-08,,143.0,110.0,890.0,141363.0,51844.0,,,-58.0,-2657.0,2599.0,0.0021217498649795,0.0010115801164378,0.0,-0.0742370892018778,-0.2650826927556488,1737.0,0.0,0.0,0.0,627,0.0,0.0,0.0,266.85,0.0,0.0,0.0
2022-07-11,,81.0,102.0,855.25,141282.0,51969.0,,,-62.0,-81.0,19.0,0.0019627085377821,0.0005733214422219,0.0,0.0,-0.2657668140563184,1737.0,0.0,0.0,0.0,627,0.0,0.0,0.0,266.85,0.0,0.0,0.0
2022-07-12,777.5,85.0,70.0,814.0,139497.0,50490.0,-36.5,-0.0469453376205184,4.0,-1785.0,1789.0,0.001386413151119,0.0006093321003319,-0.0142630744849445,-0.0142630744849445,-0.2743817078861409,1737.0,0.0,0.0,0.0,627,0.0,0.0,0.0,266.85,0.0,0.0,0.0
2022-07-13,,27.0,30.0,814.25,139123.0,49075.0,,,-58.0,-374.0,316.0,0.0006113092205807,0.000194072870769,0.0,-0.0142630744849445,-0.2742123687281214,1737.0,0.0,0.0,0.0,627,0.0,0.0,0.0,266.85,0.0,0.0,0.0
2022-07-14,,37.0,41.0,797.0,137591.0,53660.0,,,10.0,-1532.0,1542.0,0.0007640700708162,0.0002689129376194,0.0,-0.0142630744849445,-0.2718332943104659,1737.0,0.0,0.0,0.0,627,0.0,0.0,0.0,266.85,0.0,0.0,0.0
2022-07-15,777.0,135945.0,44621.0,785.0,75974.0,26543.0,-8.0,-0.010296010295997,135908.0,-61617.0,197525.0,1.6810835248464122,1.7893621502092585,-0.0006430868167202,-0.0148969889064975,-0.2629831633862936,1737.0,0.0,0.0,0.0,627,0.0,0.0,0.0,266.85,0.0,0.0,0.0
2022-07-18,805.25,134718.0,42326.0,823.0,75349.0,20925.0,-17.75,-0.0220428438372902,-1227.0,-625.0,-602.0,2.022747909199426,1.7879202112834702,0.0363577863577864,0.0209191759112519,-0.2330952380952381,1737.0,0.0,0.0,0.0,627,0.0,0.0,0.0,266.85,0.0,0.0,0.0
2022-07-19,812.25,136644.0,45981.0,828.0,75090.0,23839.0,-15.75,-0.0193905817174276,1926.0,-259.0,2185.0,1.9288141281093196,1.8197363164202711,0.0086929524992238,0.0446945337620579,-0.24652133580705,1737.0,0.0,0.0,0.0,627,0.0,0.0,0.0,266.85,0.0,0.0,0.0
2022-07-20,824.0,138061.0,38891.0,830.0,74848.0,19025.0,-6.0,-0.0072815533980494,1417.0,-242.0,1659.0,2.0442049934295903,1.8445516246258835,0.0144659895352416,0.0598070739549838,-0.200969696969697,1737.0,0.0,0.0,0.0,627,0.0,0.0,0.0,266.85,0.0,0.0,0.0
2022-07-21,800.0,140592.0,43046.0,814.0,76443.0,21441.0,-14.0,-0.0174999999999781,2531.0,1595.0,936.0,2.007648896972995,1.8391742867234169,-0.0291262135922329,0.0289389067524115,-0.1794871794871795,1737.0,0.0,0.0,0.0,627,0.0,0.0,0.0,266.85,0.0,0.0,0.0
2022-07-22,753.0,141249.0,66188.0,771.75,79518.0,35941.0,-18.75,-0.0249003984063414,657.0,3075.0,-2418.0,1.8415736902144673,1.7763147966497927,-0.0587499999999999,-0.0308880308880309,-0.2253086419753086,1737.0,0.0,0.0,0.0,627,0.0,0.0,0.0,266.85,0.0,0.0,0.0
2022-07-25,765.25,138744.0,47491.0,790.0,80690.0,25398.0,-24.75,-0.0323423717738878,-2505.0,1172.0,-3677.0,1.869871643436417,1.7194695749163251,0.0162682602921646,-0.0496740142812791,-0.184820239680426,1737.0,0.0,0.0,0.0,627,0.0,0.0,0.0,266.85,0.0,0.0,0.0
2022-07-26,803.5,133736.0,43798.0,817.0,84017.0,23204.0,-13.5,-0.0168014934660649,-5008.0,3327.0,-8335.0,1.887519393207986,1.591773093540574,0.049983665468801,-0.0107725453985841,-0.1304112554112554,1737.0,0.0,0.0,0.0,627,0.0,0.0,0.0,266.85,0.0,0.0,0.0
2022-07-27,785.25,132947.0,41494.0,804.0,87196.0,21630.0,-18.75,-0.0238777459407527,-789.0,3179.0,-3968.0,1.9183541377715247,1.5246914996100562,-0.0227131300560049,-0.0470266990291262,-0.1284683684794673,1737.0,0.0,0.0,0.0,627,0.0,0.0,0.0,266.85,0.0,0.0,0.0
2022-07-28,816.0,130794.0,37417.0,832.5,89901.0,18989.0,-16.5,-0.0202205882352693,-2153.0,2705.0,-4858.0,1.970456580125232,1.4548670203890783,0.0391595033428844,0.02,-0.0943396226415094,1737.0,0.0,0.0,0.0,627,0.0,0.0,0.0,266.85,0.0,0.0,0.0
2022-07-29,800.25,129676.0,47268.0,821.0,91548.0,29489.0,-20.75,-0.0259293970633852,-1118.0,1647.0,-2765.0,1.602902777306738,1.4164809717306612,-0.0193014705882352,0.0627490039840636,-0.1167218543046357,1737.0,0.0,0.0,0.0,627,0.0,0.0,0.0,266.85,0.0,0.0,0.0
2022-08-01,797.0,129214.0,41076.0,805.0,93414.0,23951.0,-8.0,-0.0100376411543161,-462.0,1866.0,-2328.0,1.7150014613167837,1.3832401995418098,-0.0040612308653545,0.0414897092453445,-0.0645539906103286,1781.0,44.0,44.0,4.857270493409952,639,12.0,12.0,4.160541373140465,267.52,0.6699999999999591,0.6699999999999591,4.700045982762751
2022-08-02,772.0,128065.0,47230.0,793.0,96766.0,27726.0,-21.0,-0.0272020725388248,-1149.0,3352.0,-4501.0,1.703455240568358,1.3234503854659556,-0.0313676286072772,-0.0392034847542003,-0.0212361331220285,1781.0,0.0,0.0,0.0,639,0.0,0.0,0.0,267.52,0.0,0.0,0.0
2022-08-03,766.0,127081.0,51385.0,780.0,97281.0,39543.0,-14.0,-0.0182767624020649,-984.0,515.0,-1499.0,1.2994714614469995,1.3063290878999876,-0.0077720207253886,-0.0245144858325374,-0.0288431061806656,1781.0,0.0,0.0,0.0,639,0.0,0.0,0.0,267.52,0.0,0.0,0.0
2022-08-04,781.0,125929.0,46769.0,798.0,101051.0,36121.0,-17.0,-0.0217669654289093,-1152.0,3770.0,-4922.0,1.2947869660308051,1.246192516649996,0.0195822454308094,-0.042892156862745,-0.0098256735340729,1781.0,0.0,0.0,0.0,639,0.0,0.0,0.0,267.52,0.0,0.0,0.0
2022-08-05,771.75,117884.0,51597.0,790.0,105391.0,42654.0,-18.25,-0.0236475542597685,-8045.0,4340.0,-12385.0,1.2096638064425094,1.1185395337362667,-0.0118437900128041,-0.0356138706654171,-0.021553090332805,1781.0,0.0,0.0,0.0,639,0.0,0.0,0.0,267.52,0.0,0.0,0.0
2022-08-08,779.0,108873.0,64408.0,799.0,114888.0,57300.0,-20.0,-0.0256739409499028,-9011.0,9497.0,-18508.0,1.1240488656195269,0.9476446626279424,0.0093942338840298,-0.0225846925972396,-0.0123613312202852,1781.0,0.0,0.0,0.0,639,0.0,0.0,0.0,267.52,0.0,0.0,0.0
2022-08-09,781.0,100437.0,59015.0,795.25,124151.0,53282.0,-14.25,-0.0182458386683505,-8436.0,9263.0,-17699.0,1.107597312413177,0.8089906645939153,0.0025673940949935,0.0116580310880829,-0.0098256735340729,1781.0,0.0,0.0,0.0,639,0.0,0.0,0.0,267.52,0.0,0.0,0.0
2022-08-10,797.75,91187.0,68225.0,819.0,130516.0,58781.0,-21.25,-0.026637417737353,-9250.0,6365.0,-15615.0,1.160664160187796,0.6986652977412677,0.0214468629961588,0.0414490861618799,0.0260450160771703,1781.0,0.0,0.0,0.0,639,0.0,0.0,0.0,267.52,0.0,0.0,0.0
2022-08-11,809.25,79848.0,63667.0,825.0,140991.0,56704.0,-15.75,-0.0194624652455737,-11339.0,10475.0,-21814.0,1.1227955699774068,0.5663340213205058,0.0144155437167032,0.0361715749039692,0.0408360128617364,1781.0,0.0,0.0,0.0,639,0.0,0.0,0.0,267.52,0.0,0.0,0.0
2022-08-12,795.25,75877.0,40652.0,810.75,142109.0,38724.0,-15.5,-0.0194907261867092,-3971.0,1118.0,-5089.0,1.0497882450159837,0.5339352187405405,-0.017299969107198,0.0304502753482345,0.0228295819935691,1781.0,0.0,0.0,0.0,639,0.0,0.0,0.0,267.52,0.0,0.0,0.0
2022-08-15,797.5,68587.0,29781.0,811.5,144539.0,30285.0,-14.0,-0.0175548589341472,-7290.0,2430.0,-9720.0,0.9833580980683182,0.4745224472287723,0.0028292989625904,0.0237483953786905,0.0263835263835263,1781.0,0.0,0.0,0.0,639,0.0,0.0,0.0,267.52,0.0,0.0,0.0
2022-08-16,785.25,63625.0,25480.0,802.75,148294.0,30847.0,-17.5,-0.0222858962113692,-4962.0,3755.0,-8717.0,0.8260122540279176,0.4290463538646174,-0.0153605015673981,0.0054417413572342,-0.0248370071406395,1781.0,0.0,0.0,0.0,639,0.0,0.0,0.0,267.52,0.0,0.0,0.0
2022-08-17,760.5,60867.0,29954.0,780.0,153134.0,44191.0,-19.5,-0.0256410256409919,-2758.0,4840.0,-7598.0,0.677830327442224,0.3974754136899683,-0.0315186246418338,-0.0466938263867126,-0.0637119113573406,1781.0,0.0,0.0,0.0,639,0.0,0.0,0.0,267.52,0.0,0.0,0.0
2022-08-18,732.0,58127.0,38267.0,750.0,157742.0,60666.0,-18.0,-0.0245901639343926,-2740.0,4608.0,-7348.0,0.6307816569412747,0.3684941233152847,-0.0374753451676528,-0.0954587581093605,-0.1116504854368931,1781.0,0.0,0.0,0.0,639,0.0,0.0,0.0,267.52,0.0,0.0,0.0
2022-08-19,752.5,57209.0,18896.0,771.0,157250.0,40655.0,-18.5,-0.0245847176079407,-918.0,-492.0,-426.0,0.4647890788340803,0.3638092209856893,0.0280054644808742,-0.0537566802892172,-0.0593749999999999,1781.0,0.0,0.0,0.0,639,0.0,0.0,0.0,267.52,0.0,0.0,0.0
2022-08-22,767.75,52842.0,22523.0,781.25,158835.0,44625.0,-13.5,-0.0175838489091272,-4367.0,1585.0,-5952.0,0.5047170868347226,0.3326848616488788,0.020265780730897,-0.0373040752351097,0.0195883134130145,1781.0,0.0,0.0,0.0,639,0.0,0.0,0.0,267.52,0.0,0.0,0.0
2022-08-23,781.0,47466.0,26881.0,797.5,160874.0,53387.0,-16.5,-0.0211267605633532,-5376.0,2039.0,-7415.0,0.5035120909584636,0.2950507850864634,0.0172582220774992,-0.0054122890799108,0.0205815093106827,1781.0,0.0,0.0,0.0,639,0.0,0.0,0.0,267.52,0.0,0.0,0.0
2022-08-24,792.5,42950.0,23598.0,813.25,161623.0,48931.0,-20.75,-0.0261829652996515,-4516.0,749.0,-5265.0,0.482270952974587,0.2657418807966671,0.0147247119078104,0.0420775805391189,-0.0136901057871811,1781.0,0.0,0.0,0.0,639,0.0,0.0,0.0,267.52,0.0,0.0,0.0
2022-08-25,765.0,37537.0,18247.0,795.0,161350.0,48165.0,-30.0,-0.0392156862744585,-5413.0,-273.0,-5140.0,0.3788435586006358,0.2326433219708693,-0.0347003154574132,0.0450819672131148,-0.0257879656160457,1781.0,0.0,0.0,0.0,639,0.0,0.0,0.0,267.52,0.0,0.0,0.0
2022-08-26,789.75,21156.0,28064.0,805.25,163586.0,56544.0,-15.5,-0.0196264640708836,-16381.0,2236.0,-18617.0,0.4963214487832397,0.1293264704803581,0.0323529411764706,0.049501661129568,-0.0321691176470588,1781.0,0.0,0.0,0.0,639,0.0,0.0,0.0,267.52,0.0,0.0,0.0
2022-08-29,811.75,9238.0,23866.0,840.0,166031.0,73912.0,-28.25,-0.0348013550969697,-11918.0,2445.0,-14363.0,0.3228974997294035,0.0556402117676816,0.0278569167458055,0.0573103223705633,0.0143705092158701,1781.0,0.0,0.0,0.0,639,0.0,0.0,0.0,267.52,0.0,0.0,0.0
2022-08-30,790.0,2119.0,12216.0,820.0,169195.0,59308.0,-30.0,-0.0379746835442557,-7119.0,3164.0,-10283.0,0.2059755850812672,0.0125240107568189,-0.0267939636587619,0.0115236875800255,-0.0087829360100376,1781.0,0.0,0.0,0.0,639,0.0,0.0,0.0,267.52,0.0,0.0,0.0
2022-08-31,780.25,1255.0,1705.0,826.25,169470.0,49675.0,-46.0,-0.058955462992555,-864.0,275.0,-1139.0,0.0343231001509806,0.0074054404909423,-0.0123417721518986,-0.0154574132492113,0.0106865284974093,1783.0,2.0,2.0,0.22289122188613605,610,-29.0,-29.0,-4.458767170296167,267.34,-0.18000000000000682,-0.18000000000000682,-1.257446799869681
2022-09-01,705.0,747.0,1046.0,793.75,168173.0,57932.0,-88.75,-0.1258865248225164,-508.0,-1297.0,789.0,0.0180556514534278,0.0044418545188585,-0.0964434476129445,-0.0784313725490196,-0.0796344647519582,1783.0,0.0,0.0,0.0,610,0.0,0.0,0.0,267.34,0.0,0.0,0.0
2022-09-02,705.0,474.0,440.0,806.0,166867.0,35504.0,-101.0,-0.1432624113473145,-273.0,-1306.0,1033.0,0.0123929698062186,0.0028405856160894,0.0,-0.1073124406457739,-0.0973111395646606,1783.0,0.0,0.0,0.0,610,0.0,0.0,0.0,267.34,0.0,0.0,0.0
2022-09-06,,398.0,386.0,817.0,167118.0,36892.0,,,-76.0,251.0,-327.0,0.0104629730022766,0.0023815507605404,0.0,-0.1315060055435787,-0.086491739552964,1783.0,0.0,0.0,0.0,610,0.0,0.0,0.0,267.34,0.0,0.0,0.0
2022-09-07,,353.0,389.0,844.0,167836.0,84918.0,,,-45.0,718.0,-763.0,0.0045808897995712,0.0021032436426034,0.0,-0.1075949367088607,-0.0949935815147625,1783.0,0.0,0.0,0.0,610,0.0,0.0,0.0,267.34,0.0,0.0,0.0
2022-09-08,,320.0,306.0,829.0,164813.0,52459.0,,,-33.0,-3023.0,2990.0,0.005833126822852,0.001941594413062,0.0,-0.0964434476129445,-0.0973111395646606,1783.0,0.0,0.0,0.0,610,0.0,0.0,0.0,267.34,0.0,0.0,0.0
2022-09-09,,64.0,40.0,869.0,165800.0,54262.0,,,-256.0,987.0,-1243.0,0.0007371641295934,0.0003860072376357,0.0,0.0,-0.116264493889063,1783.0,0.0,0.0,0.0,610,0.0,0.0,0.0,267.34,0.0,0.0,0.0
2022-09-12,,47.0,54.0,858.0,162491.0,60220.0,,,-17.0,-3309.0,3292.0,0.0008967120557954,0.0002892467890529,0.0,0.0,-0.1288229842446709,1783.0,0.0,0.0,0.0,610,0.0,0.0,0.0,267.34,0.0,0.0,0.0
2022-09-13,,30.0,31.0,863.0,159645.0,51520.0,,,-17.0,-2846.0,2829.0,0.0006017080745341,0.0001879169407122,0.0,0.0,-0.1134863250550141,1783.0,0.0,0.0,0.0,610,0.0,0.0,0.0,267.34,0.0,0.0,0.0
2022-09-14,,31.0,33.0,874.0,157188.0,45623.0,,,1.0,-2457.0,2458.0,0.0007233193783836,0.0001972160724737,0.0,0.0,-0.115987460815047,1783.0,0.0,0.0,0.0,610,0.0,0.0,0.0,267.34,0.0,0.0,0.0
2022-09-15,843.0,157362.0,52974.0,855.0,51083.0,12566.0,-12.0,-0.0142348754448229,157331.0,-106105.0,263436.0,4.215661308291882,3.0805160229429935,0.1957446808510639,0.1957446808510639,0.0735434574976121,1783.0,0.0,0.0,0.0,610,0.0,0.0,0.0,267.34,0.0,0.0,0.0
2022-09-16,858.0,155291.0,47239.0,850.0,49938.0,11713.0,8.0,0.0093240093239984,-2071.0,-1145.0,-926.0,4.033040211730211,3.1096759982377526,0.0177935943060498,0.2170212765957446,0.1282051282051282,1783.0,0.0,0.0,0.0,610,0.0,0.0,0.0,267.34,0.0,0.0,0.0
2022-09-19,829.75,155233.0,46375.0,839.25,50208.0,8891.0,-9.5,-0.0114492316962802,-58.0,270.0,-328.0,5.21594871218027,3.091798119821481,-0.0329254079254078,0.1769503546099291,0.1335382513661203,1783.0,0.0,0.0,0.0,610,0.0,0.0,0.0,267.34,0.0,0.0,0.0
2022-09-20,889.0,154338.0,72771.0,895.0,49628.0,18058.0,-6.0,-0.0067491563554479,-895.0,-580.0,-315.0,4.029848266695978,3.109897638429856,0.0714070503163604,0.2609929078014184,0.1813953488372093,1783.0,0.0,0.0,0.0,610,0.0,0.0,0.0,267.34,0.0,0.0,0.0
2022-09-21,891.0,154046.0,91297.0,901.25,50572.0,29446.0,-10.25,-0.0115039281705819,-292.0,944.0,-1236.0,3.1004890307680806,3.0460729257295927,0.0022497187851517,0.2638297872340425,0.1605340280039076,1783.0,0.0,0.0,0.0,610,0.0,0.0,0.0,267.34,0.0,0.0,0.0
2022-09-22,907.5,155439.0,59590.0,916.5,53197.0,19088.0,-9.0,-0.0099173553718898,1393.0,2625.0,-1232.0,3.1218566638724266,2.921950485929603,0.0185185185185186,0.0765124555160141,0.1619718309859155,1783.0,0.0,0.0,0.0,610,0.0,0.0,0.0,267.34,0.0,0.0,0.0
2022-09-23,875.75,150798.0,54237.0,885.25,53573.0,14716.0,-9.5,-0.0108478447045265,-4641.0,376.0,-5017.0,3.685580320739081,2.8148134321392715,-0.0349862258953168,0.0206876456876456,0.1050473186119873,1783.0,0.0,0.0,0.0,610,0.0,0.0,0.0,267.34,0.0,0.0,0.0
2022-09-26,862.0,147158.0,48793.0,867.0,54233.0,10209.0,-5.0,-0.0058004640371162,-3640.0,660.0,-4300.0,4.779410324223256,2.7134401563623127,-0.0157008278618326,0.0388671286532087,0.126797385620915,1783.0,0.0,0.0,0.0,610,0.0,0.0,0.0,267.34,0.0,0.0,0.0
2022-09-27,880.0,147605.0,48803.0,870.5,55533.0,13244.0,9.5,0.0107954545454422,447.0,1300.0,-853.0,3.684913923285738,2.6579691354689525,0.0208816705336427,-0.0101237345331833,0.1142766698322252,1783.0,0.0,0.0,0.0,610,0.0,0.0,0.0,267.34,0.0,0.0,0.0
2022-09-28,900.0,150424.0,51296.0,901.0,57103.0,11968.0,-1.0,-0.0011111111111098,2819.0,1570.0,1249.0,4.286096256684134,2.6342573945326406,0.0227272727272727,0.0101010101010101,0.108715737603942,1783.0,0.0,0.0,0.0,610,0.0,0.0,0.0,267.34,0.0,0.0,0.0
2022-09-29,898.5,147555.0,41358.0,895.75,56869.0,10472.0,2.75,0.0030606566499687,-2869.0,-234.0,-2635.0,3.9493888464472926,2.5946473474124288,-0.0016666666666667,-0.0099173553719008,0.1373417721518988,1783.0,0.0,0.0,0.0,610,0.0,0.0,0.0,267.34,0.0,0.0,0.0
2022-09-30,920.0,147085.0,78137.0,925.0,58096.0,20195.0,-5.0,-0.0054347826086897,-470.0,1227.0,-1697.0,3.869126021292208,2.5317577802257896,0.0239287701725097,0.0505281187553525,0.1791092598526114,1783.0,0.0,0.0,0.0,610,0.0,0.0,0.0,268.57,1.2300000000000182,1.2300000000000182,4.8174332455253825
2022-10-03,912.0,144541.0,52399.0,916.75,59331.0,16839.0,-4.75,-0.0052083333333276,-2544.0,1235.0,-3779.0,3.1117643565530546,2.436180074497271,-0.0086956521739129,0.0580046403712297,0.2936170212765958,1783.0,0.0,0.0,0.0,610,0.0,0.0,0.0,268.57,0.0,0.0,0.0
2022-10-04,903.0,141687.0,50521.0,911.5,58848.0,17118.0,-8.5,-0.009413067552592,-2854.0,-483.0,-2371.0,2.951337773104162,2.4076774061989803,-0.0098684210526315,0.0261363636363636,0.2808510638297872,1783.0,0.0,0.0,0.0,610,0.0,0.0,0.0,268.57,0.0,0.0,0.0
2022-10-05,903.75,140553.0,39955.0,915.0,59685.0,11138.0,-11.25,-0.0124481327800692,-1134.0,837.0,-1971.0,3.5872688094807335,2.3549132947976483,0.0008305647840531,0.0041666666666666,0.2819148936170212,1783.0,0.0,0.0,0.0,610,0.0,0.0,0.0,268.57,0.0,0.0,0.0
2022-10-06,881.75,140658.0,46423.0,884.5,61807.0,15329.0,-2.75,-0.0031187978451906,105.0,2122.0,-2017.0,3.028442820796984,2.275761645121066,-0.0243430152143845,-0.0186421814134668,0.250709219858156,1783.0,0.0,0.0,0.0,610,0.0,0.0,0.0,268.57,0.0,0.0,0.0
2022-10-07,881.75,140592.0,38141.0,886.25,63709.0,13469.0,-4.5,-0.0051034873830392,-66.0,1902.0,-1968.0,2.831761823446222,2.206783970867504,0.0,-0.0415760869565217,0.250709219858156,1783.0,0.0,0.0,0.0,610,0.0,0.0,0.0,268.57,0.0,0.0,0.0
2022-10-10,933.5,140502.0,77244.0,944.0,66098.0,24544.0,-10.5,-0.0112479914300897,-90.0,2389.0,-2479.0,3.147164276401436,2.1256618959726143,0.0586901049050183,0.0235745614035087,0.3241134751773049,1783.0,0.0,0.0,0.0,610,0.0,0.0,0.0,268.57,0.0,0.0,0.0
2022-10-11,902.0,140784.0,65146.0,909.25,69051.0,27100.0,-7.25,-0.0080376940132948,282.0,2953.0,-2671.0,2.4039114391143026,2.0388408567580187,-0.0337439742903052,-0.0011074197120708,0.2794326241134752,1783.0,0.0,0.0,0.0,610,0.0,0.0,0.0,268.57,0.0,0.0,0.0
2022-10-12,884.0,138546.0,44744.0,899.0,70297.0,18442.0,-15.0,-0.016968325791836,-2238.0,1246.0,-3484.0,2.426201062791322,1.9708664665632676,-0.0199556541019955,-0.0218533886583679,0.2539007092198582,1783.0,0.0,0.0,0.0,610,0.0,0.0,0.0,268.57,0.0,0.0,0.0
2022-10-13,892.5,136985.0,63574.0,903.0,72062.0,18010.0,-10.5,-0.0117647058823397,-1561.0,1765.0,-3326.0,3.52992781787876,1.9009325303210856,0.0096153846153845,0.012191664303941,0.2659574468085106,1783.0,0.0,0.0,0.0,610,0.0,0.0,0.0,268.57,0.0,0.0,0.0
2022-10-14,859.5,136001.0,45071.0,873.25,72497.0,14941.0,-13.75,-0.0159976730657172,-984.0,435.0,-1419.0,3.016598621243356,1.8759534877305009,-0.0369747899159663,-0.0252339098383895,0.0195729537366549,1783.0,0.0,0.0,0.0,610,0.0,0.0,0.0,268.57,0.0,0.0,0.0
2022-10-17,861.0,133671.0,42651.0,878.75,70841.0,15098.0,-17.75,-0.0206155632984661,-2330.0,-1656.0,-674.0,2.8249437011522835,1.886915769116728,0.0017452006980802,-0.077664702731655,0.0034965034965035,1783.0,0.0,0.0,0.0,610,0.0,0.0,0.0,268.57,0.0,0.0,0.0
2022-10-18,850.5,133754.0,46278.0,865.0,73031.0,17084.0,-14.5,-0.0170487948265525,83.0,2190.0,-2107.0,2.7088503863262288,1.8314688283057627,-0.0121951219512195,-0.0570953436807095,0.0250075323892737,1783.0,0.0,0.0,0.0,610,0.0,0.0,0.0,268.57,0.0,0.0,0.0
2022-10-19,836.25,133389.0,39811.0,859.5,72320.0,12244.0,-23.25,-0.0278026905829263,-365.0,-711.0,346.0,3.2514701078076405,1.844427544247762,-0.0167548500881834,-0.0540158371040724,-0.0593363329583802,1783.0,0.0,0.0,0.0,610,0.0,0.0,0.0,268.57,0.0,0.0,0.0
2022-10-20,845.25,134812.0,34078.0,861.0,73435.0,13960.0,-15.75,-0.0186335403726487,1423.0,1115.0,308.0,2.4411174785098537,1.8358003676720656,0.010762331838565,-0.0529411764705882,-0.0513468013468013,1783.0,0.0,0.0,0.0,610,0.0,0.0,0.0,268.57,0.0,0.0,0.0
2022-10-21,847.25,132890.0,41911.0,873.0,74270.0,12134.0,-25.75,-0.0303924461492707,-1922.0,835.0,-2757.0,3.4540135157406087,1.789282348189016,0.002366163856847,-0.0142524723676555,-0.0663911845730027,1783.0,0.0,0.0,0.0,610,0.0,0.0,0.0,268.57,0.0,0.0,0.0
2022-10-24,838.75,132820.0,38013.0,855.0,76612.0,14549.0,-16.25,-0.0193740685543733,-70.0,2342.0,-2412.0,2.612756890507759,1.73367096538399,-0.0100324579521983,-0.025842044134727,-0.0422495004282044,1783.0,0.0,0.0,0.0,610,0.0,0.0,0.0,268.57,0.0,0.0,0.0
2022-10-25,832.75,136354.0,40775.0,851.0,79044.0,18365.0,-18.25,-0.0219153407384906,3534.0,2432.0,1102.0,2.22025592158986,1.7250392186630013,-0.0071535022354694,-0.0208700764256319,-0.0339327146171694,1783.0,0.0,0.0,0.0,610,0.0,0.0,0.0,268.57,0.0,0.0,0.0
2022-10-26,842.25,135040.0,39250.0,853.0,79045.0,14739.0,-10.75,-0.0127634312852326,-1314.0,1.0,-1315.0,2.663002917429767,1.7083939528116678,0.0114079855899129,0.0071748878923767,-0.0428977272727272,1783.0,0.0,0.0,0.0,610,0.0,0.0,0.0,268.57,0.0,0.0,0.0
2022-10-27,838.0,137317.0,36089.0,855.5,78935.0,16949.0,-17.5,-0.0208830548925765,2277.0,-110.0,2387.0,2.1292701634313453,1.7396212073224584,-0.0050460077174235,-0.0085773439810706,-0.0688888888888888,1783.0,0.0,0.0,0.0,610,0.0,0.0,0.0,268.57,0.0,0.0,0.0
2022-10-28,829.25,139484.0,33954.0,842.25,79293.0,12198.0,-13.0,-0.0156768164003428,2167.0,358.0,1809.0,2.783571077225546,1.7590960109971654,-0.0104415274463006,-0.0212452050752434,-0.077072899276572,1783.0,0.0,0.0,0.0,610,0.0,0.0,0.0,268.57,0.0,0.0,0.0
2022-10-31,882.0,134913.0,98975.0,893.0,79730.0,42531.0,-11.0,-0.012471655328784,-4571.0,437.0,-5008.0,2.3271260962591445,1.69212341653077,0.0636116973168525,0.0515648286140089,-0.0413043478260869,1650.0,-133.0,-133.0,-4.898979485385905,576,-34.0,-34.0,-4.898979484860475,267.54,-1.0299999999999727,-1.0299999999999727,-3.080026141760475
2022-11-01,895.0,135745.0,74354.0,891.0,82660.0,32725.0,4.0,0.0044692737430117,832.0,2930.0,-2098.0,2.272085561497257,1.6422090491168444,0.0147392290249432,0.07475232662864,-0.0186403508771929,1650.0,0.0,0.0,0.0,576,0.0,0.0,0.0,267.54,0.0,0.0,0.0
2022-11-02,844.75,136005.0,96131.0,861.5,86862.0,40103.0,-16.75,-0.0198283515832852,260.0,4202.0,-3942.0,2.397102461162447,1.5657594805553456,-0.056145251396648,0.0029682398337784,-0.0645071982281284,1650.0,0.0,0.0,0.0,576,0.0,0.0,0.0,267.54,0.0,0.0,0.0
2022-11-03,842.0,133813.0,48030.0,855.0,88933.0,22680.0,-13.0,-0.0154394299287227,-2192.0,2071.0,-4263.0,2.117724867724774,1.5046495676520355,-0.0032554010062149,0.0047732696897375,-0.068326417704011,1650.0,0.0,0.0,0.0,576,0.0,0.0,0.0,267.54,0.0,0.0,0.0
2022-11-04,847.75,131796.0,43974.0,866.0,90492.0,21249.0,-18.25,-0.0215275729872939,-2017.0,1559.0,-3576.0,2.0694620923336595,1.4564381381779443,0.0068289786223278,0.0223093156466687,-0.0385596824496738,1650.0,0.0,0.0,0.0,576,0.0,0.0,0.0,267.54,0.0,0.0,0.0
2022-11-07,841.75,127550.0,76862.0,863.0,97316.0,54378.0,-21.25,-0.0252450252449952,-4246.0,6824.0,-11070.0,1.4134760381036189,1.31067861399974,-0.0070775582424064,-0.0456349206349205,-0.045364332293734,1650.0,0.0,0.0,0.0,576,0.0,0.0,0.0,267.54,0.0,0.0,0.0
2022-11-08,828.0,121241.0,72922.0,844.0,103445.0,47029.0,-16.0,-0.0193236714975612,-6309.0,6129.0,-12438.0,1.5505751770184026,1.1720334477258332,-0.0163350163350163,-0.0748603351955307,-0.1130155329405463,1650.0,0.0,0.0,0.0,576,0.0,0.0,0.0,267.54,0.0,0.0,0.0
2022-11-09,806.75,114707.0,95226.0,827.25,111326.0,71370.0,-20.5,-0.0254105980786793,-6534.0,7881.0,-14415.0,1.334258091635122,1.0303702639095895,-0.0256642512077294,-0.0449837229949688,-0.1055986696230598,1650.0,0.0,0.0,0.0,576,0.0,0.0,0.0,267.54,0.0,0.0,0.0
2022-11-10,800.0,106014.0,77215.0,824.0,119280.0,59612.0,-24.0,-0.0299999999999625,-8693.0,7954.0,-16647.0,1.2952928940481565,0.8887826961770549,-0.0083669042454291,-0.0498812351543943,-0.0950226244343891,1650.0,0.0,0.0,0.0,576,0.0,0.0,0.0,267.54,0.0,0.0,0.0
2022-11-11,813.0,95492.0,75488.0,837.0,129358.0,59421.0,-24.0,-0.0295202952029157,-10522.0,10078.0,-20600.0,1.2703926221369335,0.7381994155753743,0.01625,-0.0409908581539368,-0.0890756302521008,1650.0,0.0,0.0,0.0,576,0.0,0.0,0.0,267.54,0.0,0.0,0.0
2022-11-14,817.75,86285.0,45112.0,839.0,131474.0,34720.0,-21.25,-0.0259859370222855,-9207.0,2116.0,-11323.0,1.2993087557603311,0.6562894564704759,0.0058425584255843,-0.0285120285120284,-0.0485747527632344,1650.0,0.0,0.0,0.0,576,0.0,0.0,0.0,267.54,0.0,0.0,0.0
2022-11-15,829.0,80370.0,73685.0,842.5,135836.0,57924.0,-13.5,-0.0162846803377366,-5915.0,4362.0,-10277.0,1.2720979214142452,0.5916693660001724,0.0137572607765208,0.001207729468599,-0.0371660859465737,1650.0,0.0,0.0,0.0,576,0.0,0.0,0.0,267.54,0.0,0.0,0.0
2022-11-16,814.75,72163.0,48018.0,831.5,138076.0,42865.0,-16.75,-0.0205584535133224,-8207.0,2240.0,-10447.0,1.120214627318299,0.5226324632810878,-0.0171893848009649,0.0099163309575456,-0.0420340975896531,1650.0,0.0,0.0,0.0,576,0.0,0.0,0.0,267.54,0.0,0.0,0.0
2022-11-17,807.0,69596.0,40772.0,825.0,142134.0,35732.0,-18.0,-0.022304832713727,-2567.0,4058.0,-6625.0,1.1410500391805347,0.4896506113948775,-0.0095121202822952,0.00875,-0.0349775784753363,1650.0,0.0,0.0,0.0,576,0.0,0.0,0.0,267.54,0.0,0.0,0.0
2022-11-18,800.0,65811.0,30557.0,817.0,145765.0,33902.0,-17.0,-0.0212499999999734,-3785.0,3631.0,-7416.0,0.901333254675214,0.4514869824717837,-0.0086741016109045,-0.015990159901599,-0.0535344572611653,1650.0,0.0,0.0,0.0,576,0.0,0.0,0.0,267.54,0.0,0.0,0.0
2022-11-21,797.5,60247.0,32913.0,816.5,152622.0,37878.0,-19.0,-0.0238244514106284,-5564.0,6857.0,-12421.0,0.8689212735624672,0.3947464978836577,-0.003125,-0.0247630693977376,-0.0587193862496311,1650.0,0.0,0.0,0.0,576,0.0,0.0,0.0,267.54,0.0,0.0,0.0
2022-11-22,790.0,55977.0,22214.0,810.25,156833.0,36917.0,-20.25,-0.0256329113923726,-4270.0,4211.0,-8481.0,0.6017282010997481,0.3569210561552712,-0.0094043887147335,-0.0470446320868516,-0.0581222056631892,1650.0,0.0,0.0,0.0,576,0.0,0.0,0.0,267.54,0.0,0.0,0.0
2022-11-23,788.5,50035.0,21445.0,809.0,160036.0,42850.0,-20.5,-0.025998731769149,-5942.0,3203.0,-9145.0,0.5004667444573979,0.3126484041090735,-0.0018987341772152,-0.032218471923903,-0.0531371960372261,1650.0,0.0,0.0,0.0,576,0.0,0.0,0.0,267.54,0.0,0.0,0.0
2022-11-25,770.0,32877.0,22496.0,792.0,160693.0,34408.0,-22.0,-0.0285714285713914,-17158.0,657.0,-17815.0,0.6538014415252078,0.204595097484021,-0.0234622701331642,-0.0458488228004956,-0.0857821311962007,1650.0,0.0,0.0,0.0,576,0.0,0.0,0.0,267.54,0.0,0.0,0.0
2022-11-28,751.75,12537.0,41776.0,783.0,163551.0,76464.0,-31.25,-0.0415696707681522,-20340.0,2858.0,-23198.0,0.5463486084954939,0.0766549883522566,-0.0237012987012986,-0.0603124999999999,-0.1029236276849642,1650.0,0.0,0.0,0.0,576,0.0,0.0,0.0,267.54,0.0,0.0,0.0
2022-11-29,750.0,2317.0,16739.0,782.0,166093.0,51018.0,-32.0,-0.0426666666666097,-10220.0,2542.0,-12762.0,0.3280998863146276,0.0139500159549167,-0.0023279015630196,-0.0595611285266457,-0.0955682845945131,1650.0,0.0,0.0,0.0,576,0.0,0.0,0.0,267.54,0.0,0.0,0.0
2022-11-30,750.0,1142.0,2247.0,795.5,167286.0,45182.0,-45.5,-0.0606666666665857,-1175.0,1193.0,-2368.0,0.0497321942366418,0.0068266322346161,0.0,-0.0506329113924051,-0.1496598639455783,1650.0,0.0,0.0,0.0,571,-5.0,-5.0,-0.7172752877028471,267.82,0.2799999999999727,0.2799999999999727,1.271207966800204
2022-12-01,750.0,867.0,841.0,784.25,169705.0,41085.0,-34.25,-0.0456666666666057,-275.0,2419.0,-2694.0,0.0204697578191549,0.0051088653840487,0.0,-0.0488268864933417,-0.1620111731843575,1650.0,0.0,0.0,0.0,571,0.0,0.0,0.0,267.82,0.0,0.0,0.0
2022-12-02,730.5,659.0,516.0,762.0,173548.0,50916.0,-31.5,-0.0431211498972715,-208.0,3843.0,-4051.0,0.0101343389111475,0.0037972203655472,-0.026,-0.0512987012987012,-0.1352471145309263,1650.0,0.0,0.0,0.0,571,0.0,0.0,0.0,267.82,0.0,0.0,0.0
2022-12-05,,305.0,129.0,741.0,178647.0,51514.0,,,-354.0,5099.0,-5453.0,0.0025041736227044,0.0017072774801703,0.0,-0.028267376122381,-0.1324228028503563,1650.0,0.0,0.0,0.0,571,0.0,0.0,0.0,267.82,0.0,0.0,0.0
2022-12-06,,397.0,236.0,729.0,184018.0,52137.0,,,92.0,5371.0,-5279.0,0.0045265358574523,0.0021573976458824,0.0,-0.026,-0.1383072839870245,1650.0,0.0,0.0,0.0,571,0.0,0.0,0.0,267.82,0.0,0.0,0.0
2022-12-07,,511.0,409.0,749.5,182536.0,50433.0,,,114.0,-1482.0,1596.0,0.0081097693970216,0.0027994477801638,0.0,-0.026,-0.1321651321651321,1650.0,0.0,0.0,0.0,571,0.0,0.0,0.0,267.82,0.0,0.0,0.0
2022-12-08,,346.0,232.0,749.5,181626.0,35604.0,,,-165.0,-910.0,745.0,0.006516121784069,0.0019050135993745,0.0,-0.026,-0.1177536231884057,1650.0,0.0,0.0,0.0,571,0.0,0.0,0.0,267.82,0.0,0.0,0.0
2022-12-09,,237.0,53.0,732.75,182353.0,32511.0,,,-109.0,727.0,-836.0,0.0016302174648579,0.0012996770001041,0.0,0.0,-0.0945150294391075,1650.0,0.0,0.0,0.0,571,0.0,0.0,0.0,267.82,0.0,0.0,0.0
2022-12-12,,250.0,262.0,755.25,178961.0,49826.0,,,13.0,-3392.0,3405.0,0.0052582988801026,0.0013969524086253,0.0,0.0,-0.086875,1650.0,0.0,0.0,0.0,571,0.0,0.0,0.0,267.82,0.0,0.0,0.0
2022-12-13,,100.0,103.0,749.0,175265.0,49908.0,,,-150.0,-3696.0,3546.0,0.0020637973871923,0.0005705645736456,0.0,0.0,-0.1014760147601475,1650.0,0.0,0.0,0.0,571,0.0,0.0,0.0,267.82,0.0,0.0,0.0
2022-12-14,,72.0,72.0,751.0,174111.0,41587.0,,,-28.0,-1154.0,1126.0,0.001731310265227,0.0004135293002739,0.0,0.0,-0.1066952002445735,1650.0,0.0,0.0,0.0,571,0.0,0.0,0.0,267.82,0.0,0.0,0.0
2022-12-15,757.5,172415.0,51207.0,751.25,52922.0,12549.0,6.25,0.0082508250824973,172343.0,-121189.0,293532.0,4.080564188381219,3.257907864404156,0.0369609856262833,0.0369609856262833,-0.086248492159228,1650.0,0.0,0.0,0.0,571,0.0,0.0,0.0,267.82,0.0,0.0,0.0
2022-12-16,756.0,169963.0,32613.0,755.0,52977.0,12319.0,1.0,0.0013227513227495,-2452.0,55.0,-2507.0,2.6473739751601064,3.2082413122675275,-0.0019801980198019,0.0349075975359343,-0.0721080085915925,1650.0,0.0,0.0,0.0,571,0.0,0.0,0.0,267.82,0.0,0.0,0.0
2022-12-19,748.5,168132.0,39778.0,746.75,53153.0,13677.0,1.75,0.0023380093520342,-1831.0,176.0,-2007.0,2.908386342033859,3.163170470152143,-0.0099206349206348,0.0246406570841888,-0.0724907063197025,1650.0,0.0,0.0,0.0,571,0.0,0.0,0.0,267.82,0.0,0.0,0.0
2022-12-20,749.0,166312.0,38339.0,753.5,54789.0,13097.0,-4.5,-0.0060080106808998,-1820.0,1636.0,-3456.0,2.9273115980756717,3.0354998266074755,0.0006680026720107,0.0253251197809718,-0.0637499999999999,1650.0,0.0,0.0,0.0,571,0.0,0.0,0.0,267.82,0.0,0.0,0.0
2022-12-21,767.5,164409.0,52904.0,768.0,55900.0,16657.0,-0.5,-0.0006514657980447,-1903.0,1111.0,-3014.0,3.176082127633837,2.941127012522309,0.0246995994659546,0.0506502395619439,-0.0376175548589341,1650.0,0.0,0.0,0.0,571,0.0,0.0,0.0,267.82,0.0,0.0,0.0
2022-12-22,763.0,165396.0,34649.0,765.25,57565.0,10829.0,-2.25,-0.002948885976405,987.0,1665.0,-678.0,3.199649090405097,2.8732042039433185,-0.0058631921824103,0.0072607260726071,-0.0341772151898733,1650.0,0.0,0.0,0.0,571,0.0,0.0,0.0,267.82,0.0,0.0,0.0
2022-12-23,775.75,164179.0,25952.0,765.25,58168.0,7357.0,10.5,0.0135352884305336,-1217.0,603.0,-1820.0,3.527524806306439,2.8224969055150115,0.0167103538663171,0.0261243386243386,-0.0161699429296131,1650.0,0.0,0.0,0.0,571,0.0,0.0,0.0,267.82,0.0,0.0,0.0
2022-12-27,776.0,161290.0,28358.0,761.5,58269.0,5498.0,14.5,0.0186855670102852,-2889.0,101.0,-2990.0,5.157875591123107,2.7680241637920204,0.000322268772156,0.0367401469605879,0.0077922077922076,1650.0,0.0,0.0,0.0,571,0.0,0.0,0.0,267.82,0.0,0.0,0.0
2022-12-28,784.0,161815.0,33179.0,792.25,59091.0,8547.0,-8.25,-0.01052295918366,525.0,822.0,-297.0,3.881946881946427,2.738403479379216,0.0103092783505154,0.0467289719626167,0.0428999002327901,1650.0,0.0,0.0,0.0,571,0.0,0.0,0.0,267.82,0.0,0.0,0.0
2022-12-29,773.5,162893.0,35941.0,776.75,60349.0,7802.0,-3.25,-0.0042016806722634,1078.0,1258.0,-180.0,4.6066393232498575,2.699183085055217,-0.013392857142857,0.0078175895765473,0.0313333333333334,1650.0,0.0,0.0,0.0,571,0.0,0.0,0.0,267.82,0.0,0.0,0.0
2022-12-30,790.75,159688.0,34784.0,778.0,60744.0,8868.0,12.75,0.0161239329750033,-3205.0,395.0,-3600.0,3.922417681551204,2.628868694850477,0.022301228183581,0.0363695937090433,0.0543333333333333,1650.0,0.0,0.0,0.0,571,0.0,0.0,0.0,267.82,0.0,0.0,0.0
2023-01-03,779.25,158496.0,50138.0,777.75,59344.0,13042.0,1.5,0.0019249278152044,-1192.0,-1400.0,208.0,3.844349026222677,2.670800754920419,-0.0145431552323743,0.0045117628101836,0.0389999999999999,1650.0,0.0,0.0,0.0,571,0.0,0.0,0.0,267.33,-0.4900000000000091,-0.4900000000000091,-4.176011406771287
2023-01-04,747.0,160691.0,51975.0,751.0,58830.0,14983.0,-4.0,-0.0053547523426969,2195.0,-514.0,2709.0,3.468931455649505,2.731446540880457,-0.0413859480269489,-0.0373711340206185,0.0225872689938397,1650.0,0.0,0.0,0.0,571,0.0,0.0,0.0,267.33,0.0,0.0,0.0
2023-01-05,746.25,160588.0,36793.0,746.5,58838.0,10767.0,-0.25,-0.0003350083752089,-103.0,8.0,-111.0,3.417200705860182,2.7293245861517605,-0.001004016064257,-0.0481505102040816,0.0215605749486653,1650.0,0.0,0.0,0.0,571,0.0,0.0,0.0,267.33,0.0,0.0,0.0
2023-01-06,742.0,159473.0,28671.0,750.0,58721.0,8682.0,-8.0,-0.0107816711590151,-1115.0,-117.0,-998.0,3.302349689011368,2.715774595119247,-0.0056951423785595,-0.0407239819004524,0.0157426420260096,1650.0,0.0,0.0,0.0,571,0.0,0.0,0.0,267.33,0.0,0.0,0.0
2023-01-09,740.5,158647.0,45486.0,748.25,57798.0,13308.0,-7.75,-0.0104659014179467,-826.0,-923.0,97.0,3.4179440937779217,2.7448527630713393,-0.002021563342318,-0.0635472652545052,0.0136892539356605,1650.0,0.0,0.0,0.0,571,0.0,0.0,0.0,267.33,0.0,0.0,0.0
2023-01-10,728.75,160643.0,59339.0,736.0,56883.0,17409.0,-7.25,-0.009948542024,1996.0,-915.0,2911.0,3.4085243264975924,2.8240950723414233,-0.0158676569885212,-0.0648059031119666,-0.0023956194387405,1650.0,0.0,0.0,0.0,571,0.0,0.0,0.0,267.33,0.0,0.0,0.0
2023-01-11,738.25,161419.0,37156.0,738.0,58180.0,14630.0,0.25,0.0003386386725359,776.0,1297.0,-521.0,2.5397129186601135,2.7744757648676046,0.0130360205831903,-0.0117135207496653,0.0106091718001368,1650.0,0.0,0.0,0.0,571,0.0,0.0,0.0,267.33,0.0,0.0,0.0
2023-01-12,745.0,162660.0,64694.0,736.75,58804.0,24301.0,8.25,0.0110738255033408,1241.0,624.0,617.0,2.662194971400244,2.7661383579347874,0.0091432441584828,-0.0016750418760469,0.0198494182067077,1650.0,0.0,0.0,0.0,571,0.0,0.0,0.0,267.33,0.0,0.0,0.0
2023-01-13,742.0,160222.0,34226.0,742.5,59911.0,17563.0,-0.5,-0.0006738544474384,-2438.0,1107.0,-3545.0,1.9487559073050191,2.67433359483229,-0.0040268456375839,0.0,0.0157426420260096,1650.0,0.0,0.0,0.0,571,0.0,0.0,0.0,267.33,0.0,0.0,0.0
2023-01-17,749.75,158076.0,48648.0,759.25,61502.0,16128.0,-9.5,-0.0126708902967486,-2146.0,1591.0,-3737.0,3.0163690476188605,2.5702578777925504,0.0104447439353099,0.012491559756921,0.0263518138261464,1650.0,0.0,0.0,0.0,571,0.0,0.0,0.0,267.33,0.0,0.0,0.0
2023-01-18,740.5,157646.0,45150.0,748.5,62443.0,15144.0,-8.0,-0.0108035111411062,-430.0,941.0,-1371.0,2.981378763866681,2.524638470284859,-0.0123374458152717,0.0161234991423671,-0.0224422442244224,1650.0,0.0,0.0,0.0,571,0.0,0.0,0.0,267.33,0.0,0.0,0.0
2023-01-19,734.5,157090.0,39217.0,741.5,64093.0,16962.0,-7.0,-0.0095302927161204,-556.0,1650.0,-2206.0,2.3120504657468275,2.450969684676916,-0.0081026333558406,-0.005079580088046,-0.0284391534391534,1650.0,0.0,0.0,0.0,571,0.0,0.0,0.0,267.33,0.0,0.0,0.0
2023-01-20,741.5,157317.0,35444.0,744.0,64993.0,13418.0,-2.5,-0.003371544167224,227.0,900.0,-673.0,2.641526307944355,2.4205222100841257,0.0095302927161333,-0.0046979865771812,-0.0093520374081496,1650.0,0.0,0.0,0.0,571,0.0,0.0,0.0,267.33,0.0,0.0,0.0
2023-01-23,720.75,164859.0,63999.0,720.0,66588.0,19842.0,0.75,0.0010405827263252,7542.0,1595.0,5947.0,3.225430904142565,2.4758064516128657,-0.0279838165879973,-0.0286388140161725,-0.037716955941255,1650.0,0.0,0.0,0.0,571,0.0,0.0,0.0,267.33,0.0,0.0,0.0
2023-01-24,733.0,160809.0,44243.0,740.75,67225.0,16805.0,-7.75,-0.0105729877216772,-4050.0,637.0,-4687.0,2.6327283546561957,2.392101152844888,0.0169961845300035,-0.0223407802600866,-0.0449511400651465,1650.0,0.0,0.0,0.0,571,0.0,0.0,0.0,267.33,0.0,0.0,0.0
2023-01-25,739.0,155881.0,41249.0,740.75,68421.0,17370.0,-1.75,-0.0023680649526354,-4928.0,1196.0,-6124.0,2.3747265400113773,2.278262521740368,0.0081855388813096,-0.0020256583389601,-0.0314547837483617,1650.0,0.0,0.0,0.0,571,0.0,0.0,0.0,267.33,0.0,0.0,0.0
2023-01-26,750.25,153910.0,47206.0,755.0,69595.0,17989.0,-4.75,-0.0063312229256829,-1971.0,1174.0,-3145.0,2.6241592084049907,2.2115094475177495,0.0152232746955345,0.0214431586113001,-0.0328714147599097,1650.0,0.0,0.0,0.0,571,0.0,0.0,0.0,267.33,0.0,0.0,0.0
2023-01-27,751.0,151303.0,41125.0,753.0,70011.0,14876.0,-2.0,-0.0026631158455357,-2607.0,416.0,-3023.0,2.7645200322665526,2.161131822142204,0.0009996667777407,0.0128118678354687,-0.0322164948453608,1650.0,0.0,0.0,0.0,571,0.0,0.0,0.0,267.33,0.0,0.0,0.0
2023-01-30,752.5,151229.0,43812.0,763.0,73166.0,17783.0,-10.5,-0.0139534883720744,-74.0,3155.0,-3229.0,2.4637012877465856,2.0669299948063022,0.0019973368841543,0.0440513354144986,-0.0401785714285714,1650.0,0.0,0.0,0.0,571,0.0,0.0,0.0,267.33,0.0,0.0,0.0
2023-01-31,760.5,150610.0,59637.0,766.0,75280.0,23063.0,-5.5,-0.0072320841551515,-619.0,2114.0,-2733.0,2.5858301175041154,2.0006641870350426,0.0106312292358803,0.0375170532060027,-0.0168067226890756,1650.0,0.0,0.0,0.0,567,-4.0,-4.0,-4.8989794795664565,268.39,1.0600000000000023,1.0600000000000023,4.374986937858645
2023-02-01,757.75,146938.0,60025.0,766.0,79212.0,29211.0,-8.25,-0.0108874958759341,-3672.0,3932.0,-7604.0,2.0548765875867976,1.8549967176690163,-0.0036160420775805,0.0253721244925575,-0.0417325324059437,1650.0,0.0,0.0,0.0,567,0.0,0.0,0.0,268.39,0.0,0.0,0.0
2023-02-02,759.25,147820.0,59106.0,768.0,79533.0,32675.0,-8.75,-0.0115245307869456,882.0,321.0,561.0,1.8089058913541909,1.858599575019151,0.0019795447047179,0.011996001332889,-0.025665704202759,1650.0,0.0,0.0,0.0,567,0.0,0.0,0.0,268.39,0.0,0.0,0.0
2023-02-03,756.0,143106.0,72367.0,767.0,80772.0,35244.0,-11.0,-0.0145502645502453,-4714.0,1239.0,-5953.0,2.053314039269037,1.771727826474499,-0.0042805400065853,0.0066577896138482,0.0120481927710842,1650.0,0.0,0.0,0.0,567,0.0,0.0,0.0,268.39,0.0,0.0,0.0
2023-02-06,750.5,139981.0,56431.0,760.75,84342.0,28482.0,-10.25,-0.0136575616255647,-3125.0,3570.0,-6695.0,1.9812864265149224,1.6596831946123916,-0.0072751322751323,-0.0026578073089701,0.0056951423785593,1650.0,0.0,0.0,0.0,567,0.0,0.0,0.0,268.39,0.0,0.0,0.0
2023-02-07,749.75,134718.0,70662.0,760.0,92095.0,50522.0,-10.25,-0.0136712237412288,-5263.0,7753.0,-13016.0,1.3986382170143423,1.4628155708778818,-0.0009993337774816,-0.0141354372123603,0.0104447439353099,1650.0,0.0,0.0,0.0,567,0.0,0.0,0.0,268.39,0.0,0.0,0.0
2023-02-08,763.5,122647.0,90201.0,777.25,106210.0,57778.0,-13.75,-0.0180091683038402,-12071.0,14115.0,-26186.0,1.5611651493647831,1.1547594388475553,0.0183394464821606,0.0075882547014187,0.0310600945307224,1650.0,0.0,0.0,0.0,567,0.0,0.0,0.0,268.39,0.0,0.0,0.0
2023-02-09,754.75,111745.0,75196.0,763.0,116986.0,54494.0,-8.25,-0.0109307717787201,-10902.0,10776.0,-21678.0,1.3798950343156793,0.955199767493538,-0.0114603798297314,-0.0059269015475797,0.0356775300171525,1650.0,0.0,0.0,0.0,567,0.0,0.0,0.0,268.39,0.0,0.0,0.0
2023-02-10,787.5,101699.0,109946.0,796.0,127971.0,72530.0,-8.5,-0.010793650793637,-10046.0,10985.0,-21031.0,1.515869295463925,0.7947034875088825,0.0433918516064921,0.0416666666666667,0.0667118184896715,1650.0,0.0,0.0,0.0,567,0.0,0.0,0.0,268.39,0.0,0.0,0.0
2023-02-13,789.0,91539.0,88266.0,795.75,136795.0,65724.0,-6.75,-0.008555133079837,-10160.0,8824.0,-18984.0,1.3429797334306897,0.6691691947805062,0.0019047619047618,0.0512991339107262,0.0590604026845638,1650.0,0.0,0.0,0.0,567,0.0,0.0,0.0,268.39,0.0,0.0,0.0
2023-02-14,786.25,83040.0,64638.0,796.75,146959.0,60596.0,-10.5,-0.0133545310015728,-8499.0,10164.0,-18663.0,1.06670407287608,0.5650555597139301,-0.0034854245880862,0.0486828942980994,0.0596361185983826,1650.0,0.0,0.0,0.0,567,0.0,0.0,0.0,268.39,0.0,0.0,0.0
2023-02-15,769.25,75349.0,55479.0,779.75,152555.0,56909.0,-10.5,-0.0136496587585132,-7691.0,5596.0,-13287.0,0.9748721643325138,0.4939136704794959,-0.0216216216216216,0.0075311067452521,0.0260086695565189,1650.0,0.0,0.0,0.0,567,0.0,0.0,0.0,268.39,0.0,0.0,0.0
2023-02-16,765.0,67416.0,34054.0,774.75,154373.0,35373.0,-9.75,-0.012745098039199,-7933.0,1818.0,-9751.0,0.9627116727447216,0.436708491769931,-0.005524861878453,0.0135806558463067,0.0330857528696826,1650.0,0.0,0.0,0.0,567,0.0,0.0,0.0,268.39,0.0,0.0,0.0
2023-02-17,764.5,58886.0,32055.0,776.25,158848.0,37232.0,-11.75,-0.015369522563747,-8530.0,4475.0,-13005.0,0.8609529437043173,0.37070658742949,-0.0006535947712418,-0.0292063492063492,0.0408441116405717,1650.0,0.0,0.0,0.0,567,0.0,0.0,0.0,268.39,0.0,0.0,0.0
2023-02-21,750.0,44940.0,49781.0,761.5,166717.0,67049.0,-11.5,-0.0153333333333128,-13946.0,7869.0,-21815.0,0.7424570090530694,0.2695585933048203,-0.0189666448659254,-0.0494296577946767,0.0114632501685771,1650.0,0.0,0.0,0.0,567,0.0,0.0,0.0,268.39,0.0,0.0,0.0
2023-02-22,736.75,36973.0,38925.0,748.5,169159.0,68504.0,-11.75,-0.0159484221241724,-7967.0,2442.0,-10409.0,0.5682149947448241,0.2185695115246589,-0.0176666666666667,-0.0629570747217805,0.0221990981616371,1650.0,0.0,0.0,0.0,567,0.0,0.0,0.0,268.39,0.0,0.0,0.0
2023-02-23,737.5,26859.0,29844.0,751.0,165585.0,65535.0,-13.5,-0.0183050847457378,-10114.0,-3574.0,-6540.0,0.455390249485001,0.1622067216233344,0.0010179843909059,-0.0412739681507962,0.0061391541609823,1650.0,0.0,0.0,0.0,567,0.0,0.0,0.0,268.39,0.0,0.0,0.0
2023-02-24,707.5,15052.0,29656.0,717.5,171022.0,86161.0,-10.0,-0.0141342756183545,-11807.0,5437.0,-17244.0,0.3441928482724162,0.0880120686227497,-0.0406779661016949,-0.0751633986928104,-0.0426251691474965,1650.0,0.0,0.0,0.0,567,0.0,0.0,0.0,268.39,0.0,0.0,0.0
2023-02-27,,2639.0,24587.0,711.75,178689.0,81173.0,,,-12413.0,7667.0,-20080.0,0.3028962832468887,0.0147686763035216,0.0,-0.0745585349901897,-0.0569810063312229,1650.0,0.0,0.0,0.0,567,0.0,0.0,0.0,268.39,0.0,0.0,0.0
2023-02-28,,1393.0,1970.0,706.25,183862.0,57464.0,,,-1246.0,5173.0,-6419.0,0.0342823332869268,0.0075763344247315,0.0,-0.0566666666666666,-0.0579227696404793,1650.0,0.0,0.0,0.0,568,1.0,1.0,1.1762051876106192,269.34,0.9499999999999886,0.9499999999999886,3.3426617032426615
2023-03-01,,820.0,213.0,713.0,187478.0,55837.0,,,-573.0,3616.0,-4189.0,0.0038146748571734,0.0043738465313263,0.0,-0.0397013912453342,-0.0598006644518271,1650.0,0.0,0.0,0.0,568,0.0,0.0,0.0,269.34,0.0,0.0,0.0
2023-03-02,696.75,755.0,170.0,712.75,189571.0,50799.0,-16.0,-0.0229637603157187,-65.0,2093.0,-2158.0,0.0033465225693418,0.0039826766752298,-0.0151943462897526,-0.0552542372881356,-0.0838264299802761,1650.0,0.0,0.0,0.0,568,0.0,0.0,0.0,269.34,0.0,0.0,0.0
2023-03-03,,147.0,132.0,710.25,193458.0,41608.0,,,-608.0,3887.0,-4495.0,0.0031724668333012,0.0007598548522159,0.0,-0.0151943462897526,-0.0805014846585285,1650.0,0.0,0.0,0.0,568,0.0,0.0,0.0,269.34,0.0,0.0,0.0
2023-03-06,,33.0,20.0,696.0,196206.0,48629.0,,,-114.0,2748.0,-2862.0,0.000411277221411,0.0001681905752117,0.0,-0.0151943462897526,-0.0823180770497201,1650.0,0.0,0.0,0.0,568,0.0,0.0,0.0,269.34,0.0,0.0,0.0
2023-03-07,,64.0,64.0,697.0,196773.0,46818.0,,,31.0,567.0,-536.0,0.0013669955999828,0.0003252478744543,0.0,-0.0151943462897526,-0.0783730158730159,1650.0,0.0,0.0,0.0,568,0.0,0.0,0.0,269.34,0.0,0.0,0.0
2023-03-08,,40.0,30.0,688.25,197447.0,58631.0,,,-24.0,674.0,-698.0,0.0005116747113301,0.000202586010423,0.0,-0.0151943462897526,-0.0716189207195203,1650.0,0.0,0.0,0.0,568,0.0,0.0,0.0,269.34,0.0,0.0,0.0
2023-03-09,,47.0,42.0,665.0,203415.0,79762.0,,,7.0,5968.0,-5961.0,0.0005265665354429,0.0002310547403092,0.0,0.0,-0.0706902300766922,1650.0,0.0,0.0,0.0,568,0.0,0.0,0.0,269.34,0.0,0.0,0.0
2023-03-10,,38.0,42.0,681.75,201230.0,56324.0,,,-9.0,-2185.0,2176.0,0.0007456856757332,0.0001888386423495,0.0,0.0,-0.087426326129666,1650.0,0.0,0.0,0.0,568,0.0,0.0,0.0,269.34,0.0,0.0,0.0
2023-03-13,,33.0,30.0,682.0,196294.0,78534.0,,,-5.0,-4936.0,4931.0,0.0003820001528,0.0001681151741775,0.0,0.0,-0.0768466379595892,1650.0,0.0,0.0,0.0,568,0.0,0.0,0.0,269.34,0.0,0.0,0.0
2023-03-14,,39.0,35.0,695.25,191993.0,57958.0,,,6.0,-4301.0,4307.0,0.0006038855723109,0.0002031324058689,0.0,0.0,-0.1152380952380952,1650.0,0.0,0.0,0.0,568,0.0,0.0,0.0,269.34,0.0,0.0,0.0
2023-03-15,704.0,187819.0,50727.0,708.0,102759.0,24027.0,-4.0,-0.0056818181818101,187780.0,-89234.0,277014.0,2.1112498439254956,1.827762045173641,0.0104054538930749,0.0104054538930749,-0.1077313054499365,1650.0,0.0,0.0,0.0,568,0.0,0.0,0.0,269.34,0.0,0.0,0.0
2023-03-16,697.5,185360.0,43894.0,702.25,101165.0,15605.0,-4.75,-0.0068100358422841,-2459.0,-1594.0,-865.0,2.812816404998218,1.832254238125816,-0.0092329545454545,0.0010764262648008,-0.1128775834658187,1650.0,0.0,0.0,0.0,568,0.0,0.0,0.0,269.34,0.0,0.0,0.0
2023-03-17,708.5,184497.0,58006.0,713.5,98375.0,26693.0,-5.0,-0.0070571630204558,-863.0,-2790.0,1927.0,2.1730790844040695,1.8754459974586848,0.0157706093189964,0.0168640114818801,-0.0789730256743581,1650.0,0.0,0.0,0.0,568,0.0,0.0,0.0,269.34,0.0,0.0,0.0
2023-03-20,700.0,184129.0,61276.0,703.0,99802.0,30151.0,-3.0,-0.0042857142857081,-368.0,1427.0,-1795.0,2.032304069516698,1.844942987114468,-0.0119971771347917,0.004664513814137,-0.0849673202614379,1650.0,0.0,0.0,0.0,568,0.0,0.0,0.0,269.34,0.0,0.0,0.0
2023-03-21,681.25,185730.0,68061.0,692.5,102383.0,30026.0,-11.25,-0.0165137614678656,1601.0,2581.0,-980.0,2.266735495903475,1.8140706953302617,-0.0267857142857143,-0.0222461428058844,-0.1088947024198823,1650.0,0.0,0.0,0.0,568,0.0,0.0,0.0,269.34,0.0,0.0,0.0
2023-03-22,663.0,191255.0,89216.0,674.5,106195.0,40426.0,-11.5,-0.0173453996983147,5525.0,3812.0,1713.0,2.2068965517240837,1.8009793304769357,-0.026788990825688,-0.0582386363636363,-0.1159999999999999,1650.0,0.0,0.0,0.0,568,0.0,0.0,0.0,269.34,0.0,0.0,0.0
2023-03-23,658.5,193517.0,56070.0,671.0,108363.0,27810.0,-12.5,-0.0189825360667897,2262.0,2168.0,94.0,2.01618122977339,1.7858217288188607,-0.006787330316742,-0.0559139784946236,-0.1062097047845266,1650.0,0.0,0.0,0.0,568,0.0,0.0,0.0,269.34,0.0,0.0,0.0
2023-03-24,689.5,185837.0,114498.0,688.0,105724.0,52972.0,1.5,0.002175489485131,-7680.0,-2639.0,-5041.0,2.161481537415953,1.7577560440391795,0.0470766894457099,-0.0268172194777699,-0.0650847457627118,1650.0,0.0,0.0,0.0,568,0.0,0.0,0.0,269.34,0.0,0.0,0.0
2023-03-27,698.0,184433.0,58958.0,708.0,107319.0,25538.0,-10.0,-0.0143266475644493,-1404.0,1595.0,-2999.0,2.3086381079175227,1.7185493714999047,0.0123277737490934,-0.0028571428571428,-0.0134275618374558,1650.0,0.0,0.0,0.0,568,0.0,0.0,0.0,269.34,0.0,0.0,0.0
2023-03-28,698.25,181145.0,51076.0,706.25,107226.0,23356.0,-8.0,-0.0114572144647168,-3288.0,-93.0,-3195.0,2.1868470628531345,1.6893757111148258,0.0003581661891116,0.0249541284403669,-0.0130742049469965,1650.0,0.0,0.0,0.0,568,0.0,0.0,0.0,269.34,0.0,0.0,0.0
2023-03-29,705.5,179889.0,77189.0,711.5,107701.0,34255.0,-6.0,-0.0085046066619298,-1256.0,475.0,-1731.0,2.253364472339739,1.6702630430543666,0.0103831006086645,0.0641025641025641,-0.0028268551236748,1650.0,0.0,0.0,0.0,568,0.0,0.0,0.0,269.34,0.0,0.0,0.0
2023-03-30,691.25,179012.0,45510.0,702.5,110451.0,26666.0,-11.25,-0.0162748643761066,-877.0,2750.0,-3627.0,1.7066676666916032,1.6207367973128208,-0.0201984408221119,0.0497342444950645,-0.0229681978798587,1650.0,0.0,0.0,0.0,568,0.0,0.0,0.0,269.34,0.0,0.0,0.0
2023-03-31,691.25,175333.0,58011.0,702.5,112773.0,31371.0,-11.25,-0.0162748643761066,-3679.0,2322.0,-6001.0,1.849191928851428,1.554742713238084,0.0,0.0025380710659899,-0.0078937926085396,1650.0,0.0,0.0,0.0,568,0.0,0.0,0.0,267.2,-2.1399999999999864,-2.1399999999999864,-4.407111628101417
2023-04-03,695.0,173402.0,51071.0,705.25,114001.0,34632.0,-10.25,-0.0147482014388277,-1931.0,1228.0,-3159.0,1.4746765996765572,1.5210568328347862,0.0054249547920433,-0.0042979942693409,-0.0025116612845353,1650.0,0.0,0.0,0.0,568,0.0,0.0,0.0,267.2,0.0,0.0,0.0
2023-04-04,691.25,170404.0,44904.0,702.5,116228.0,28667.0,-11.25,-0.0162748643761066,-2998.0,2227.0,-5225.0,1.5664003906930768,1.466118319165765,-0.0053956834532373,-0.0100250626566416,-0.0078937926085396,1650.0,0.0,0.0,0.0,568,0.0,0.0,0.0,267.2,0.0,0.0,0.0
2023-04-05,680.75,172227.0,56289.0,695.0,121524.0,36939.0,-14.25,-0.0209327947116842,1823.0,5296.0,-3473.0,1.5238365954681632,1.417226226918128,-0.0151898734177214,-0.0350815024805102,-0.0229637603157517,1650.0,0.0,0.0,0.0,568,0.0,0.0,0.0,267.2,0.0,0.0,0.0
2023-04-06,674.0,170593.0,55620.0,683.0,122657.0,39500.0,-9.0,-0.0133531157269831,-1634.0,1133.0,-2767.0,1.4081012658227492,1.390813406491261,-0.0099155343371282,-0.0249547920433996,-0.0326515966989594,1650.0,0.0,0.0,0.0,568,0.0,0.0,0.0,267.2,0.0,0.0,0.0
2023-04-07,674.0,170593.0,,683.0,122657.0,,-9.0,-0.0133531157269831,0.0,0.0,0.0,,1.390813406491261,0.0,-0.0249547920433996,-0.0326515966989594,1650.0,0.0,0.0,0.0,568,0.0,0.0,0.0,267.2,0.0,0.0,0.0
2023-04-10,679.25,158037.0,67549.0,681.0,125527.0,55582.0,-1.75,-0.0025763709974198,-12556.0,2870.0,-15426.0,1.2153035155265874,1.2589881061444848,0.0077893175074184,-0.0226618705035971,-0.0251166128453533,1650.0,0.0,0.0,0.0,568,0.0,0.0,0.0,267.2,0.0,0.0,0.0
2023-04-11,674.0,144037.0,114948.0,683.25,145362.0,95359.0,-9.25,-0.0137240356082882,-14000.0,19835.0,-33835.0,1.20542371459431,0.9908848254701986,-0.0077291129922708,-0.0249547920433996,-0.0326515966989594,1650.0,0.0,0.0,0.0,568,0.0,0.0,0.0,267.2,0.0,0.0,0.0
2023-04-12,678.5,124742.0,111542.0,685.0,153037.0,105265.0,-6.5,-0.0095799557848053,-19295.0,7675.0,-26970.0,1.0596304564670018,0.8151100714206315,0.0066765578635015,-0.003305178112376,-0.0261930391101542,1650.0,0.0,0.0,0.0,568,0.0,0.0,0.0,267.2,0.0,0.0,0.0
2023-04-13,666.5,104715.0,91658.0,674.75,170015.0,88565.0,-8.25,-0.0123780945236123,-20027.0,16978.0,-37005.0,1.0349235025122674,0.6159162426844654,-0.0176860722181282,-0.0111275964391691,-0.0532670454545454,1650.0,0.0,0.0,0.0,568,0.0,0.0,0.0,267.2,0.0,0.0,0.0
2023-04-14,684.25,91650.0,81450.0,690.0,184255.0,78884.0,-5.75,-0.0084033613445255,-13065.0,14240.0,-27305.0,1.0325287764312023,0.4974084828091477,0.0266316579144785,0.0152077151335312,-0.0189964157706092,1650.0,0.0,0.0,0.0,568,0.0,0.0,0.0,267.2,0.0,0.0,0.0
2023-04-17,694.75,78609.0,71093.0,707.0,187637.0,74507.0,-12.25,-0.0176322418135766,-13041.0,3382.0,-16423.0,0.9541788019917464,0.4189418931234223,0.0153452685421995,0.0228192859771807,-0.0194071983062809,1650.0,0.0,0.0,0.0,568,0.0,0.0,0.0,267.2,0.0,0.0,0.0
2023-04-18,697.25,68651.0,44586.0,705.0,190499.0,60095.0,-7.75,-0.0111150950161188,-9958.0,2862.0,-12820.0,0.7419252849654591,0.3603745951422298,0.0035984166966533,0.0344955489614242,-0.0039285714285713,1650.0,0.0,0.0,0.0,568,0.0,0.0,0.0,267.2,0.0,0.0,0.0
2023-04-19,680.75,61947.0,31370.0,691.25,194301.0,52042.0,-10.5,-0.0154241645243989,-6704.0,3802.0,-10506.0,0.6027823680873026,0.3188197693269704,-0.0236643958408031,0.003316138540899,-0.0007339449541284,1650.0,0.0,0.0,0.0,568,0.0,0.0,0.0,267.2,0.0,0.0,0.0
2023-04-20,667.25,54506.0,36941.0,678.0,197120.0,56696.0,-10.75,-0.0161109029598859,-7441.0,2819.0,-10260.0,0.651562720474096,0.2765117694805181,-0.0198310686742563,0.0011252813203301,0.0064102564102563,1650.0,0.0,0.0,0.0,568,0.0,0.0,0.0,267.2,0.0,0.0,0.0
2023-04-21,661.5,40556.0,34367.0,676.0,206646.0,61307.0,-14.5,-0.021919879062703,-13950.0,9526.0,-23476.0,0.5605722021954987,0.1962583355109695,-0.0086174597227426,-0.0332480818414322,0.0045558086560364,1650.0,0.0,0.0,0.0,568,0.0,0.0,0.0,267.2,0.0,0.0,0.0
2023-04-24,643.25,29683.0,25969.0,656.0,209430.0,74613.0,-12.75,-0.0198212203653014,-10873.0,2784.0,-13657.0,0.3480492675539068,0.1417323210619293,-0.027588813303099,-0.0741273839510615,-0.0670775924583031,1650.0,0.0,0.0,0.0,568,0.0,0.0,0.0,267.2,0.0,0.0,0.0
2023-04-25,638.0,17390.0,26652.0,653.0,212364.0,85290.0,-15.0,-0.023510971786797,-12293.0,2934.0,-15227.0,0.3124868097080512,0.0818877022470848,-0.0081616789739603,-0.0849766941556113,-0.0859598853868195,1650.0,0.0,0.0,0.0,568,0.0,0.0,0.0,267.2,0.0,0.0,0.0
2023-04-26,625.25,9626.0,18041.0,643.75,215776.0,63261.0,-18.5,-0.029588164734059,-7764.0,3412.0,-11176.0,0.2851836044324262,0.0446110781551236,-0.0199843260188087,-0.0815277267719427,-0.1045470819906909,1650.0,0.0,0.0,0.0,568,0.0,0.0,0.0,267.2,0.0,0.0,0.0
2023-04-27,535.0,1840.0,18402.0,629.75,220221.0,88176.0,-94.75,-0.1771028037379867,-7786.0,4445.0,-12231.0,0.2086962438758822,0.0083552431421162,-0.144342263094762,-0.1982015736230797,-0.2416725726435152,1650.0,0.0,0.0,0.0,568,0.0,0.0,0.0,267.2,0.0,0.0,0.0
2023-04-28,620.0,1025.0,1022.0,632.75,221337.0,61854.0,-12.75,-0.020564516128999,-815.0,1116.0,-1931.0,0.0165227794483781,0.0046309473788837,0.1588785046728971,-0.0627362055933484,-0.1030741410488246,1650.0,0.0,0.0,0.0,568,0.0,0.0,0.0,267.2,0.0,0.0,0.0
2023-05-01,601.5,830.0,1106.0,619.0,226874.0,62946.0,-17.5,-0.0290939318370256,-195.0,5537.0,-5732.0,0.0175706160836269,0.0036584183291165,-0.0298387096774193,-0.0649047804119704,-0.1298372513562387,1650.0,0.0,0.0,0.0,598,30.0,30.0,4.898979484766359,265.05,-2.1499999999999773,-2.1499999999999773,-3.5502020967540417
2023-05-02,510.0,398.0,406.0,609.75,229505.0,64269.0,-99.75,-0.1955882352937341,-432.0,2631.0,-3063.0,0.0063171980270424,0.0017341670116119,-0.1521197007481296,-0.2006269592476489,-0.2661870503597122,1650.0,0.0,0.0,0.0,598,0.0,0.0,0.0,265.05,0.0,0.0,0.0
2023-05-03,510.0,308.0,352.0,640.25,226601.0,98282.0,-130.25,-0.2553921568622443,-90.0,-2904.0,2814.0,0.0035815306973809,0.0013592173026597,0.0,-0.1843262694922031,-0.2622061482820976,1650.0,0.0,0.0,0.0,598,0.0,0.0,0.0,265.05,0.0,0.0,0.0
2023-05-04,510.0,177.0,187.0,644.25,222236.0,72438.0,-134.25,-0.2632352941171309,-131.0,-4365.0,4234.0,0.0025815179877964,0.0007964506200615,0.0,-0.0467289719626168,-0.250826294528094,1650.0,0.0,0.0,0.0,598,0.0,0.0,0.0,265.05,0.0,0.0,0.0
2023-05-05,510.0,102.0,78.0,658.5,219203.0,70364.0,-148.5,-0.2911764705876644,-75.0,-3033.0,2958.0,0.0011085214029901,0.0004653220986939,0.0,-0.1774193548387096,-0.2433234421364984,1650.0,0.0,0.0,0.0,598,0.0,0.0,0.0,265.05,0.0,0.0,0.0
2023-05-08,,27.0,24.0,653.25,214883.0,62820.0,,,-75.0,-4320.0,4245.0,0.0003820439350525,0.0001256497722016,0.0,-0.1521197007481296,-0.2433234421364984,1650.0,0.0,0.0,0.0,598,0.0,0.0,0.0,265.05,0.0,0.0,0.0
2023-05-09,,15.0,8.0,644.0,213610.0,59773.0,,,-12.0,-1273.0,1261.0,0.000133839693507,7.022143158091817e-05,0.0,0.0,-0.249171880750828,1650.0,0.0,0.0,0.0,598,0.0,0.0,0.0,265.05,0.0,0.0,0.0
2023-05-10,,50.0,42.0,640.0,211266.0,59987.0,,,35.0,-2344.0,2379.0,0.0007001516995348,0.000236668465347,0.0,0.0,-0.2433234421364984,1650.0,0.0,0.0,0.0,598,0.0,0.0,0.0,265.05,0.0,0.0,0.0
2023-05-11,,22.0,22.0,627.0,213639.0,53457.0,,,-28.0,2373.0,-2401.0,0.0004115457283423,0.0001029774526186,0.0,0.0,-0.2483419307295504,1650.0,0.0,0.0,0.0,598,0.0,0.0,0.0,265.05,0.0,0.0,0.0
2023-05-12,,65.0,66.0,634.5,214200.0,74154.0,,,43.0,561.0,-518.0,0.0008900396472206,0.0003034547152194,0.0,0.0,-0.2348087021755438,1650.0,0.0,0.0,0.0,598,0.0,0.0,0.0,265.05,0.0,0.0,0.0
2023-05-15,663.0,210644.0,67502.0,674.25,67422.0,19541.0,-11.25,-0.0169683257918296,210579.0,-146778.0,357357.0,3.454377974514945,3.124262110290363,0.3,0.3,-0.0310559006211179,1650.0,0.0,0.0,0.0,598,0.0,0.0,0.0,265.05,0.0,0.0,0.0
2023-05-16,647.0,210578.0,62562.0,652.5,68212.0,23746.0,-5.5,-0.0085007727975139,-66.0,790.0,-856.0,2.6346332013811744,3.0871107722980837,-0.0241327300150829,0.2686274509803921,-0.0687297589060813,1650.0,0.0,0.0,0.0,598,0.0,0.0,0.0,265.05,0.0,0.0,0.0
2023-05-17,623.5,211775.0,98456.0,628.75,66534.0,31650.0,-5.25,-0.0084202085003874,1197.0,-1678.0,2875.0,3.110774091627074,3.1829590885862387,-0.0363214837712518,0.2225490196078432,-0.1057726783793474,1650.0,0.0,0.0,0.0,598,0.0,0.0,0.0,265.05,0.0,0.0,0.0
2023-05-18,611.0,212456.0,59509.0,624.5,66753.0,18294.0,-13.5,-0.0220949263502093,681.0,219.0,462.0,3.252924456105649,3.182718379698243,-0.0200481154771451,0.1980392156862744,-0.1024605214836577,1650.0,0.0,0.0,0.0,598,0.0,0.0,0.0,265.05,0.0,0.0,0.0
2023-05-19,605.5,213197.0,62743.0,614.0,68584.0,21602.0,-8.5,-0.0140379851362278,741.0,1831.0,-1090.0,2.9044995833717753,3.1085530152804863,-0.0090016366612111,0.1872549019607843,-0.0925440239790184,1650.0,0.0,0.0,0.0,598,0.0,0.0,0.0,265.05,0.0,0.0,0.0
2023-05-22,606.0,212803.0,60942.0,610.0,71146.0,23664.0,-4.0,-0.0066006600659957,-394.0,2562.0,-2956.0,2.5753042596347795,2.991074691479451,0.000825763831544,-0.085972850678733,-0.0839002267573696,1650.0,0.0,0.0,0.0,598,0.0,0.0,0.0,265.05,0.0,0.0,0.0
2023-05-23,622.0,213430.0,57431.0,627.0,72087.0,17104.0,-5.0,-0.0080385852089902,627.0,941.0,-314.0,3.357752572497465,2.960728009211051,0.0264026402640265,-0.0386398763523956,-0.0330353672755537,1650.0,0.0,0.0,0.0,598,0.0,0.0,0.0,265.05,0.0,0.0,0.0
2023-05-24,606.0,215663.0,61465.0,610.0,73830.0,19053.0,-4.0,-0.0066006600659957,2233.0,1743.0,490.0,3.2260011546736354,2.9210754435865782,-0.0257234726688102,-0.0280673616680031,-0.0501567398119122,1650.0,0.0,0.0,0.0,598,0.0,0.0,0.0,265.05,0.0,0.0,0.0
2023-05-25,605.0,215594.0,53306.0,616.25,77287.0,18858.0,-11.25,-0.0185950413222833,-69.0,3457.0,-3526.0,2.8267048467492404,2.789524758368124,-0.0016501650165016,-0.0098199672667758,-0.0323870451819272,1650.0,0.0,0.0,0.0,598,0.0,0.0,0.0,265.05,0.0,0.0,0.0
2023-05-26,616.75,210664.0,48350.0,621.0,79590.0,19658.0,-4.25,-0.0068909606809778,-4930.0,2303.0,-7233.0,2.459558449486089,2.646865184068317,0.0194214876033058,0.018579686209744,0.1528037383177569,1650.0,0.0,0.0,0.0,598,0.0,0.0,0.0,265.05,0.0,0.0,0.0
2023-05-30,591.0,212205.0,74481.0,604.0,79691.0,32921.0,-13.0,-0.0219966159052081,1541.0,101.0,1440.0,2.262416086996074,2.662847749432148,-0.0417511147142277,-0.0247524752475247,-0.046774193548387,1650.0,0.0,0.0,0.0,598,0.0,0.0,0.0,265.05,0.0,0.0,0.0
2023-05-31,593.25,207595.0,73773.0,611.0,80587.0,29651.0,-17.75,-0.0299199325747493,-4610.0,896.0,-5506.0,2.488044248085984,2.5760358370456453,0.0038071065989848,-0.0462218649517685,-0.0137157107231919,1659.0,9.0,9.0,4.8989794828997075,556,-42.0,-42.0,-3.9069308093828172,264.34,-0.7100000000000364,-0.7100000000000364,-1.556487901621452
2023-06-01,610.75,201422.0,80028.0,609.75,82799.0,34522.0,1.0,0.0016373311502224,-6173.0,2212.0,-8385.0,2.3181739180811567,2.432662230220142,0.0294985250737462,0.0078382838283828,0.1975490196078431,1659.0,0.0,0.0,0.0,556,0.0,0.0,0.0,264.34,0.0,0.0,0.0
2023-06-02,620.0,198736.0,69362.0,633.0,85926.0,26527.0,-13.0,-0.02096774193545,-2686.0,3127.0,-5813.0,2.6147698571266025,2.3128738682121557,0.0151453131395824,0.0247933884297519,0.2156862745098038,1659.0,0.0,0.0,0.0,556,0.0,0.0,0.0,264.34,0.0,0.0,0.0
2023-06-05,623.75,195652.0,69485.0,636.25,87501.0,29659.0,-12.5,-0.0200400801602885,-3084.0,1575.0,-4659.0,2.3427964530158687,2.235997302887941,0.0060483870967742,0.0113498175922173,0.2230392156862746,1659.0,0.0,0.0,0.0,556,0.0,0.0,0.0,264.34,0.0,0.0,0.0
2023-06-06,627.0,197043.0,113883.0,636.5,91843.0,62270.0,-9.5,-0.0151515151514909,1391.0,4342.0,-2951.0,1.8288581981692336,2.1454329671286634,0.0052104208416834,0.0609137055837563,0.2294117647058824,1659.0,0.0,0.0,0.0,556,0.0,0.0,0.0,264.34,0.0,0.0,0.0
2023-06-07,616.25,179671.0,89270.0,626.0,100074.0,48479.0,-9.75,-0.0158215010141731,-17372.0,8231.0,-25603.0,1.841415870789376,1.7953814177508465,-0.0171451355661882,0.0387694900969237,0.2083333333333332,1659.0,0.0,0.0,0.0,556,0.0,0.0,0.0,264.34,0.0,0.0,0.0
2023-06-08,625.5,170063.0,98911.0,638.25,107698.0,69601.0,-12.75,-0.0203836930455309,-9608.0,7624.0,-17232.0,1.421114639157463,1.5790729632862115,0.0150101419878296,0.0241506344658206,0.2264705882352942,1659.0,0.0,0.0,0.0,556,0.0,0.0,0.0,264.34,0.0,0.0,0.0
2023-06-09,630.0,152384.0,113037.0,635.75,114199.0,86367.0,-5.75,-0.0091269841269696,-17679.0,6501.0,-24180.0,1.3087984994268491,1.3343724551002956,0.0071942446043165,0.0161290322580645,0.2352941176470588,1659.0,0.0,0.0,0.0,556,0.0,0.0,0.0,264.34,0.0,0.0,0.0
2023-06-12,634.0,135985.0,91968.0,645.25,124455.0,61301.0,-11.25,-0.0177444794952401,-16399.0,10256.0,-26655.0,1.5002691636351528,1.092643927523996,0.0063492063492063,0.0164328657314629,0.2431372549019608,1659.0,0.0,0.0,0.0,556,0.0,0.0,0.0,264.34,0.0,0.0,0.0
2023-06-13,637.0,119912.0,106163.0,648.0,134365.0,69668.0,-11.0,-0.0172684458398473,-16073.0,9910.0,-25983.0,1.5238416489636342,0.8924347858445214,0.0047318611987381,0.0159489633173843,0.2490196078431372,1659.0,0.0,0.0,0.0,556,0.0,0.0,0.0,264.34,0.0,0.0,0.0
2023-06-14,629.75,109986.0,70761.0,641.25,141131.0,57053.0,-11.5,-0.0182612147677359,-9926.0,6766.0,-16692.0,1.2402678211487348,0.779318505501975,-0.0113814756671899,0.0219066937119676,-0.0501508295625943,1659.0,0.0,0.0,0.0,556,0.0,0.0,0.0,264.34,0.0,0.0,0.0
2023-06-15,661.0,100513.0,72093.0,667.5,143398.0,57069.0,-6.5,-0.0098335854765358,-9473.0,2267.0,-11740.0,1.263260263891057,0.7009372515655679,0.0496228662167526,0.0567545963229416,0.0216383307573415,1659.0,0.0,0.0,0.0,556,0.0,0.0,0.0,264.34,0.0,0.0,0.0
2023-06-16,686.5,87511.0,99940.0,690.0,142622.0,85155.0,-3.5,-0.0050983248361178,-13002.0,-776.0,-12226.0,1.1736245669661067,0.6135869641429751,0.0385779122541602,0.0896825396825395,0.1010425020048115,1659.0,0.0,0.0,0.0,556,0.0,0.0,0.0,264.34,0.0,0.0,0.0
2023-06-20,693.5,73008.0,76040.0,696.75,144608.0,68485.0,-3.25,-0.0046863734679096,-14503.0,1986.0,-16489.0,1.1103161276191704,0.504868333702143,0.0101966496722505,0.0938485804416404,0.135024549918167,1659.0,0.0,0.0,0.0,556,0.0,0.0,0.0,264.34,0.0,0.0,0.0
2023-06-21,734.0,64518.0,59228.0,746.75,145527.0,72233.0,-12.75,-0.0173705722070608,-8490.0,919.0,-9409.0,0.8199576370910688,0.4433404110577388,0.0583994232155731,0.152276295133438,0.2122213047068537,1659.0,0.0,0.0,0.0,556,0.0,0.0,0.0,264.34,0.0,0.0,0.0
2023-06-22,739.0,55987.0,49752.0,750.0,144176.0,74960.0,-11.0,-0.0148849797022802,-8531.0,-1351.0,-7180.0,0.6637139807897456,0.3883239928975669,0.0068119891008173,0.1734815402937672,0.2194719471947195,1659.0,0.0,0.0,0.0,556,0.0,0.0,0.0,264.34,0.0,0.0,0.0
2023-06-23,730.5,32980.0,52472.0,740.0,144025.0,81324.0,-9.5,-0.0130047912388596,-23007.0,-151.0,-22856.0,0.6452215828045762,0.2289880229126872,-0.0115020297699593,0.1051437216338879,0.1744372990353697,1659.0,0.0,0.0,0.0,556,0.0,0.0,0.0,264.34,0.0,0.0,0.0
2023-06-26,721.75,23185.0,37363.0,735.25,145593.0,95716.0,-13.5,-0.0187045375822394,-9795.0,1568.0,-11363.0,0.3903527101007105,0.1592452933863568,-0.0119780971937029,0.051347414420976,0.1910066006600659,1659.0,0.0,0.0,0.0,556,0.0,0.0,0.0,264.34,0.0,0.0,0.0
2023-06-27,682.75,16426.0,21844.0,699.0,141166.0,73256.0,-16.25,-0.0238008055656919,-6759.0,-4427.0,-2332.0,0.2981871792071598,0.1163594633268625,-0.0540353307932109,-0.0155010814708003,0.1285123966942147,1659.0,0.0,0.0,0.0,556,0.0,0.0,0.0,264.34,0.0,0.0,0.0
2023-06-28,625.25,8595.0,19744.0,669.0,143063.0,70475.0,-43.75,-0.0699720111954098,-7831.0,1897.0,-9728.0,0.2801560837176263,0.0600784269867117,-0.0842182350787257,-0.1481607629427792,0.013781921361978,1659.0,0.0,0.0,0.0,556,0.0,0.0,0.0,264.34,0.0,0.0,0.0
2023-06-29,653.0,2083.0,13944.0,668.75,144683.0,57733.0,-15.75,-0.0241194486982785,-6512.0,1620.0,-8132.0,0.2415256439124895,0.0143969920446768,0.0443822471011594,-0.1163734776725304,0.104906937394247,1659.0,0.0,0.0,0.0,556,0.0,0.0,0.0,264.34,0.0,0.0,0.0
2023-06-30,625.25,1476.0,1368.0,646.0,146911.0,68030.0,-20.75,-0.0331867253098229,-607.0,2228.0,-2835.0,0.0201087755402025,0.0100468991430184,-0.0424961715160796,-0.1440793976728268,0.0539401601348503,1665.0,6.0,6.0,2.7736942484397553,562,6.0,6.0,0.6886412738246628,270.71,6.3700000000000045,6.3700000000000045,4.845690081723
2023-07-03,625.25,1200.0,694.0,639.0,150653.0,53440.0,-13.75,-0.0219912035185573,-276.0,3742.0,-4018.0,0.0129865269461075,0.007965324288265,0.0,-0.1337028056806373,0.0237413016782643,1665.0,0.0,0.0,0.0,562,0.0,0.0,0.0,270.71,0.0,0.0,0.0
2023-07-05,625.25,680.0,288.0,673.0,148394.0,73233.0,-47.75,-0.0763694522189902,-520.0,-2259.0,1739.0,0.0039326533120314,0.0045823955146434,0.0,-0.0842182350787257,0.0084677419354839,1665.0,0.0,0.0,0.0,562,0.0,0.0,0.0,270.71,0.0,0.0,0.0
2023-07-06,625.25,316.0,194.0,657.0,149172.0,57251.0,-31.75,-0.0507796881246688,-364.0,778.0,-1142.0,0.0033885870989152,0.0021183600139436,0.0,0.0,0.0024048096192383,1665.0,0.0,0.0,0.0,562,0.0,0.0,0.0,270.71,0.0,0.0,0.0
2023-07-07,625.25,282.0,57.0,649.75,148309.0,48552.0,-24.5,-0.0391843262694295,-34.0,-863.0,829.0,0.0011739990113692,0.001901435516388,0.0,-0.0424961715160796,-0.0027910685805422,1665.0,0.0,0.0,0.0,562,0.0,0.0,0.0,270.71,0.0,0.0,0.0
2023-07-10,625.25,265.0,23.0,645.5,149390.0,46427.0,-20.25,-0.0323870451818754,-17.0,1081.0,-1098.0,0.000495401382816,0.0017738804471517,0.0,0.0,0.014604462474645,1665.0,0.0,0.0,0.0,562,0.0,0.0,0.0,270.71,0.0,0.0,0.0
2023-07-11,625.25,95.0,119.0,658.75,149129.0,45270.0,-33.5,-0.0535785685724852,-170.0,-261.0,91.0,0.0026286724099844,0.0006370323679498,0.0,0.0,-0.0003996802557953,1665.0,0.0,0.0,0.0,562,0.0,0.0,0.0,270.71,0.0,0.0,0.0
2023-07-12,600.0,25.0,12.0,632.75,150097.0,70490.0,-32.75,-0.0545833333332423,-70.0,968.0,-1038.0,0.0001702369130373,0.0001665589585401,-0.0403838464614154,-0.0403838464614154,-0.0476190476190476,1665.0,0.0,0.0,0.0,562,0.0,0.0,0.0,270.71,0.0,0.0,0.0
2023-07-13,600.0,21.0,24.0,639.5,150341.0,63331.0,-39.5,-0.0658333333332236,-4.0,244.0,-248.0,0.0003789613301542,0.0001396824552184,0.0,-0.0403838464614154,-0.0536277602523659,1665.0,0.0,0.0,0.0,562,0.0,0.0,0.0,270.71,0.0,0.0,0.0
2023-07-14,,52.0,52.0,659.25,150834.0,55640.0,,,31.0,493.0,-462.0,0.0009345794392523,0.0003447498574591,0.0,-0.0403838464614154,-0.0580847723704867,1665.0,0.0,0.0,0.0,562,0.0,0.0,0.0,270.71,0.0,0.0,0.0
2023-07-17,653.0,150304.0,73578.0,671.25,88655.0,29815.0,-18.25,-0.0279479326186402,150252.0,-62179.0,212431.0,2.4678182123091577,1.695380971180399,0.0883333333333333,0.0443822471011594,0.036919412465264,1665.0,0.0,0.0,0.0,562,0.0,0.0,0.0,270.71,0.0,0.0,0.0
2023-07-18,669.0,147830.0,54946.0,685.75,89020.0,24937.0,-16.75,-0.0250373692077353,-2474.0,365.0,-2839.0,2.203392549223956,1.6606380588631582,0.0245022970903521,0.0699720111955217,0.0121028744326776,1665.0,0.0,0.0,0.0,562,0.0,0.0,0.0,270.71,0.0,0.0,0.0
2023-07-19,721.75,143508.0,148746.0,743.5,92090.0,74828.0,-21.75,-0.0301350883269412,-4322.0,3070.0,-7392.0,1.987838776928396,1.558345097187517,0.0788490284005978,0.2029166666666666,0.051347414420976,1665.0,0.0,0.0,0.0,562,0.0,0.0,0.0,270.71,0.0,0.0,0.0
2023-07-20,727.0,141840.0,136382.0,740.0,94578.0,73442.0,-13.0,-0.0178817056395902,-1668.0,2488.0,-4156.0,1.8570028049344809,1.4997145213474432,0.0072739868375475,0.2116666666666666,0.0483056957462149,1665.0,0.0,0.0,0.0,562,0.0,0.0,0.0,270.71,0.0,0.0,0.0
2023-07-21,695.25,140169.0,95069.0,718.0,97059.0,44873.0,-22.75,-0.0327220424307332,-1671.0,2481.0,-4152.0,2.118623671249925,1.4441628287948418,-0.0436726272352132,0.1587499999999999,-0.0527929155313351,1665.0,0.0,0.0,0.0,562,0.0,0.0,0.0,270.71,0.0,0.0,0.0
2023-07-24,752.25,140114.0,96764.0,770.0,97913.0,54930.0,-17.75,-0.0235958790295465,-55.0,854.0,-909.0,1.7615874749681093,1.4310050759347437,0.0819848975188781,0.151990811638591,0.0179296346414072,1665.0,0.0,0.0,0.0,562,0.0,0.0,0.0,270.71,0.0,0.0,0.0
2023-07-25,760.25,135860.0,107919.0,779.5,100189.0,50436.0,-19.25,-0.0253206182176582,-4254.0,2276.0,-6530.0,2.139721627408951,1.356037089900075,0.0106347623795279,0.1363976083707025,0.04072553045859,1665.0,0.0,0.0,0.0,562,0.0,0.0,0.0,270.71,0.0,0.0,0.0
2023-07-26,718.75,134946.0,105761.0,740.0,102328.0,48287.0,-21.25,-0.0295652173912632,-914.0,2139.0,-3053.0,2.19025824756141,1.3187592838714592,-0.0545873068069714,-0.0041565639071701,-0.0041565639071701,1665.0,0.0,0.0,0.0,562,0.0,0.0,0.0,270.71,0.0,0.0,0.0
2023-07-27,712.5,133217.0,75102.0,735.0,102393.0,37196.0,-22.5,-0.0315789473683767,-1729.0,65.0,-1794.0,2.019088073986396,1.301036203646721,-0.0086956521739129,-0.0199449793672626,0.0435737824972537,1665.0,0.0,0.0,0.0,562,0.0,0.0,0.0,270.71,0.0,0.0,0.0
2023-07-28,704.0,133307.0,74606.0,725.0,103916.0,39623.0,-21.0,-0.029829545454503,90.0,1523.0,-1433.0,1.882896297604879,1.282834212248342,-0.0119298245614034,0.0125854009349155,0.1259496201519392,1665.0,0.0,0.0,0.0,562,0.0,0.0,0.0,270.71,0.0,0.0,0.0
2023-07-31,665.75,131458.0,104577.0,692.0,105518.0,66907.0,-26.25,-0.0394292151708007,-1849.0,1602.0,-3451.0,1.563020311776024,1.2458348338671956,-0.0543323863636363,-0.1149883682286474,0.0195252679938744,1739.0,74.0,74.0,4.9001468075983965,592,30.0,30.0,4.844521415735738,266.53,-4.180000000000007,-4.180000000000007,-2.6356669784318423
2023-08-01,652.0,131326.0,69422.0,679.0,109534.0,42325.0,-27.0,-0.0414110429447217,-132.0,4016.0,-4148.0,1.6402126402834818,1.198951923603619,-0.0206533984228314,-0.1423873725748109,0.0427828868452619,1739.0,0.0,0.0,0.0,592,0.0,0.0,0.0,266.53,0.0,0.0,0.0
2023-08-02,639.75,132801.0,90376.0,669.0,111884.0,48744.0,-29.25,-0.0457209847596002,1475.0,2350.0,-875.0,1.8540948629574543,1.186952558006496,-0.0187883435582821,-0.1099130434782609,0.0231907237105157,1739.0,0.0,0.0,0.0,592,0.0,0.0,0.0,266.53,0.0,0.0,0.0
2023-08-03,627.0,135053.0,65703.0,654.0,114493.0,44501.0,-27.0,-0.0430622009568691,2252.0,2609.0,-357.0,1.476438731713861,1.1795742971185907,-0.0199296600234466,-0.12,0.0027988804478209,1739.0,0.0,0.0,0.0,592,0.0,0.0,0.0,266.53,0.0,0.0,0.0
2023-08-04,635.25,135007.0,70991.0,659.75,117856.0,48924.0,-24.5,-0.0385674931128869,-46.0,3363.0,-3409.0,1.4510465211347918,1.1455250475156025,0.013157894736842,-0.09765625,0.0159936025589764,1739.0,0.0,0.0,0.0,592,0.0,0.0,0.0,266.53,0.0,0.0,0.0
2023-08-07,656.0,122831.0,104532.0,677.25,127617.0,78445.0,-21.25,-0.0323932926828774,-12176.0,9761.0,-21937.0,1.3325514691822125,0.962497159469342,0.032664305391578,-0.0146451370634622,0.0491803278688525,1739.0,0.0,0.0,0.0,592,0.0,0.0,0.0,266.53,0.0,0.0,0.0
2023-08-08,653.0,114354.0,81628.0,679.0,133974.0,60298.0,-26.0,-0.0398162327717613,-8477.0,6357.0,-14834.0,1.3537430760555682,0.8535536745935716,-0.0045731707317072,0.0015337423312884,0.0443822471011594,1739.0,0.0,0.0,0.0,592,0.0,0.0,0.0,266.53,0.0,0.0,0.0
2023-08-09,635.0,105048.0,70504.0,662.25,144030.0,55088.0,-27.25,-0.042913385826704,-9306.0,10056.0,-19362.0,1.27984316003483,0.7293480524890598,-0.0275650842266462,-0.0074247753028526,0.0155937624950019,1739.0,0.0,0.0,0.0,592,0.0,0.0,0.0,266.53,0.0,0.0,0.0
2023-08-10,637.5,94970.0,67426.0,662.5,152062.0,59667.0,-25.0,-0.0392156862744482,-10078.0,8032.0,-18110.0,1.1300383796738378,0.6245478817850573,0.0039370078740157,0.0167464114832536,0.0625,1739.0,0.0,0.0,0.0,592,0.0,0.0,0.0,266.53,0.0,0.0,0.0
2023-08-11,626.25,85608.0,72254.0,661.0,164315.0,67306.0,-34.75,-0.0554890219559992,-9362.0,12253.0,-21615.0,1.0735149912340494,0.5209993001247573,-0.0176470588235294,-0.0141676505312868,0.0437499999999999,1739.0,0.0,0.0,0.0,592,0.0,0.0,0.0,266.53,0.0,0.0,0.0
2023-08-14,613.25,81278.0,56037.0,638.0,171070.0,54594.0,-24.75,-0.040358744394553,-4330.0,6755.0,-11085.0,1.026431475986353,0.4751154498158621,-0.0207584830339321,-0.0651676829268292,0.0220833333333332,1739.0,0.0,0.0,0.0,592,0.0,0.0,0.0,266.53,0.0,0.0,0.0
2023-08-15,597.0,77313.0,52402.0,624.0,179947.0,67722.0,-27.0,-0.0452261306531905,-3965.0,8877.0,-12842.0,0.7737810460411568,0.4296431727119628,-0.0264981655116184,-0.0857580398162327,-0.0857580398162327,1739.0,0.0,0.0,0.0,592,0.0,0.0,0.0,266.53,0.0,0.0,0.0
2023-08-16,598.0,75175.0,41338.0,620.75,187407.0,56036.0,-22.75,-0.0380434782608059,-2138.0,7460.0,-9598.0,0.7377043329288183,0.4011322949516272,0.0016750418760469,-0.058267716535433,-0.1061285500747384,1739.0,0.0,0.0,0.0,592,0.0,0.0,0.0,266.53,0.0,0.0,0.0
2023-08-17,588.75,70904.0,31435.0,617.0,192033.0,44109.0,-28.25,-0.0479830148619142,-4271.0,4626.0,-8897.0,0.7126663492711077,0.3692282055688326,-0.0154682274247491,-0.076470588235294,-0.1842743332178732,1739.0,0.0,0.0,0.0,592,0.0,0.0,0.0,266.53,0.0,0.0,0.0
2023-08-18,613.0,66284.0,32904.0,638.0,194562.0,47725.0,-25.0,-0.0407830342576822,-4620.0,2529.0,-7149.0,0.6894499738082622,0.3406831755430128,0.0411889596602972,-0.0211576846307385,-0.1568088033012379,1739.0,0.0,0.0,0.0,592,0.0,0.0,0.0,266.53,0.0,0.0,0.0
2023-08-21,598.75,63121.0,24478.0,624.0,195422.0,42372.0,-25.25,-0.0421711899790527,-3163.0,860.0,-4023.0,0.5776928160105594,0.3229984341578721,-0.0232463295269168,-0.0236445169180594,-0.1387989931679252,1739.0,0.0,0.0,0.0,592,0.0,0.0,0.0,266.53,0.0,0.0,0.0
2023-08-22,602.0,57699.0,26011.0,628.0,200237.0,42768.0,-26.0,-0.0431893687706923,-5422.0,4815.0,-10237.0,0.6081883651327954,0.2881535380574005,0.0054279749478078,0.0083752093802345,-0.1997341309405118,1739.0,0.0,0.0,0.0,592,0.0,0.0,0.0,266.53,0.0,0.0,0.0
2023-08-23,612.5,53963.0,22591.0,637.5,201801.0,42320.0,-25.0,-0.0408163265305456,-3736.0,1564.0,-5300.0,0.5338137996219156,0.267406999965311,0.0174418604651163,0.024247491638796,-0.1943439658007234,1739.0,0.0,0.0,0.0,592,0.0,0.0,0.0,266.53,0.0,0.0,0.0
2023-08-24,603.5,47388.0,21786.0,631.0,201885.0,40837.0,-27.5,-0.0455675227836858,-6575.0,84.0,-6659.0,0.5334867889413881,0.2347276915075402,-0.0146938775510203,0.0250530785562632,-0.1603478260869565,1739.0,0.0,0.0,0.0,592,0.0,0.0,0.0,266.53,0.0,0.0,0.0
2023-08-25,590.5,30334.0,28997.0,623.0,200764.0,56651.0,-32.5,-0.0550381033021929,-17054.0,-1121.0,-15933.0,0.5118532770824785,0.1510928254069447,-0.0215410107705054,-0.0367047308319739,-0.1712280701754386,1739.0,0.0,0.0,0.0,592,0.0,0.0,0.0,266.53,0.0,0.0,0.0
2023-08-28,587.75,21107.0,21644.0,616.5,205691.0,46802.0,-28.75,-0.0489153551679303,-9227.0,4927.0,-14154.0,0.4624588692790808,0.1026150876800632,-0.0046570702794241,-0.0183716075156575,-0.1651278409090909,1739.0,0.0,0.0,0.0,592,0.0,0.0,0.0,266.53,0.0,0.0,0.0
2023-08-29,565.25,9405.0,27766.0,601.5,211442.0,68848.0,-36.25,-0.0641309155239909,-11702.0,5751.0,-17453.0,0.4032942133395247,0.0444802830090519,-0.0382815823054019,-0.0610465116279069,-0.1509575666541495,1739.0,0.0,0.0,0.0,592,0.0,0.0,0.0,266.53,0.0,0.0,0.0
2023-08-30,518.0,3225.0,12815.0,605.75,217010.0,64121.0,-87.75,-0.1694015444012173,-6180.0,5568.0,-11748.0,0.1998565212644812,0.0148610663103082,-0.0835913312693498,-0.1542857142857142,-0.205521472392638,1739.0,0.0,0.0,0.0,592,0.0,0.0,0.0,266.53,0.0,0.0,0.0
2023-08-31,,1975.0,1699.0,601.5,218801.0,66515.0,,,-1250.0,1791.0,-3041.0,0.0255431105765612,0.0090264669722715,0.0,-0.1416735708367854,-0.1903087143415396,1734.0,-5.0,-5.0,-0.3292975236598655,615,23.0,23.0,3.045311571705603,265.61,-0.9199999999999591,-0.9199999999999591,-1.0627851341334351
2023-09-01,,666.0,725.0,596.25,222594.0,52173.0,,,-1309.0,3793.0,-5102.0,0.013896076514672,0.0029919943933798,0.0,-0.1227773073666383,-0.1738437001594895,1734.0,0.0,0.0,0.0,615,0.0,0.0,0.0,265.61,0.0,0.0,0.0
2023-09-05,,388.0,104.0,599.0,227008.0,50088.0,,,-278.0,4414.0,-4692.0,0.0020763456316881,0.0017091908655201,0.0,-0.1186729051467461,-0.1845730027548209,1734.0,0.0,0.0,0.0,615,0.0,0.0,0.0,265.61,0.0,0.0,0.0
2023-09-06,,300.0,309.0,609.0,225851.0,45236.0,,,-88.0,-1157.0,1069.0,0.0068308426916613,0.0013283093721081,0.0,-0.0835913312693498,-0.2103658536585365,1734.0,0.0,0.0,0.0,615,0.0,0.0,0.0,265.61,0.0,0.0,0.0
2023-09-07,,244.0,152.0,599.0,224916.0,42727.0,,,-56.0,-935.0,879.0,0.0035574695157627,0.0010848494549076,0.0,0.0,-0.2067381316998469,1734.0,0.0,0.0,0.0,615,0.0,0.0,0.0,265.61,0.0,0.0,0.0
2023-09-08,,202.0,50.0,594.5,226377.0,45764.0,,,-42.0,1461.0,-1503.0,0.001092561839,0.000892316798968,0.0,0.0,-0.184251968503937,1734.0,0.0,0.0,0.0,615,0.0,0.0,0.0,265.61,0.0,0.0,0.0
2023-09-11,,249.0,189.0,584.5,229981.0,50810.0,,,47.0,3604.0,-3557.0,0.0037197402086202,0.0010826981359329,0.0,0.0,-0.1874509803921569,1734.0,0.0,0.0,0.0,615,0.0,0.0,0.0,265.61,0.0,0.0,0.0
2023-09-12,,83.0,167.0,586.75,232878.0,64491.0,,,-166.0,2897.0,-3063.0,0.0025895086136049,0.0003564097939693,0.0,0.0,-0.1728542914171656,1734.0,0.0,0.0,0.0,615,0.0,0.0,0.0,265.61,0.0,0.0,0.0
2023-09-13,,38.0,42.0,595.25,237408.0,65351.0,,,-45.0,4530.0,-4575.0,0.0006426833560312,0.0001600620029653,0.0,0.0,-0.1553200163065634,1734.0,0.0,0.0,0.0,615,0.0,0.0,0.0,265.61,0.0,0.0,0.0
2023-09-14,,95.0,95.0,593.0,237139.0,55236.0,,,57.0,-269.0,326.0,0.0017198928235208,0.0004006089255668,0.0,0.0,-0.1323283082077052,1734.0,0.0,0.0,0.0,615,0.0,0.0,0.0,265.61,0.0,0.0,0.0
2023-09-15,603.75,237313.0,65394.0,628.0,80486.0,25962.0,-24.25,-0.0401656314699127,237218.0,-156653.0,393871.0,2.5188352207070905,2.948500360311073,0.1655405405405405,0.1655405405405405,0.0096153846153845,1734.0,0.0,0.0,0.0,615,0.0,0.0,0.0,265.61,0.0,0.0,0.0
2023-09-18,589.75,240400.0,64919.0,614.0,80446.0,24242.0,-24.25,-0.0411191182703838,3087.0,-40.0,3127.0,2.6779556142231384,2.988340004475014,-0.0231884057971014,0.1385135135135136,0.0016985138004246,1734.0,0.0,0.0,0.0,615,0.0,0.0,0.0,265.61,0.0,0.0,0.0
2023-09-19,584.0,241633.0,58587.0,608.0,80706.0,17608.0,-24.0,-0.0410958904108885,1233.0,260.0,973.0,3.327294411630888,2.993990533541459,-0.009749894022891,0.1274131274131273,-0.0473083197389886,1734.0,0.0,0.0,0.0,615,0.0,0.0,0.0,265.61,0.0,0.0,0.0
2023-09-20,587.5,244151.0,63637.0,615.0,81887.0,21738.0,-27.5,-0.0468085106382182,2518.0,1181.0,1337.0,2.9274542276197013,2.981559954571507,0.0059931506849315,0.1341698841698841,-0.0187891440501043,1734.0,0.0,0.0,0.0,615,0.0,0.0,0.0,265.61,0.0,0.0,0.0
2023-09-21,575.75,246258.0,50330.0,603.0,81639.0,14482.0,-27.25,-0.0473295701258405,2107.0,-248.0,2355.0,3.4753487087416466,3.0164259728805716,-0.02,0.1114864864864864,-0.0436046511627906,1734.0,0.0,0.0,0.0,615,0.0,0.0,0.0,265.61,0.0,0.0,0.0
2023-09-22,578.5,246292.0,45559.0,601.25,82827.0,13784.0,-22.75,-0.0393258426965612,34.0,1188.0,-1154.0,3.3052089378987732,2.973571419947566,0.0047763786365611,-0.0418219461697723,-0.0555102040816326,1734.0,0.0,0.0,0.0,615,0.0,0.0,0.0,265.61,0.0,0.0,0.0
2023-09-25,589.25,246208.0,44697.0,605.25,82196.0,13166.0,-16.0,-0.027153160797578,-84.0,-631.0,547.0,3.394880753455613,2.9953769039855587,0.0185825410544511,-0.0008478168715557,-0.0236122618061308,1734.0,0.0,0.0,0.0,615,0.0,0.0,0.0,265.61,0.0,0.0,0.0
2023-09-26,589.0,248739.0,48882.0,610.0,81801.0,18133.0,-21.0,-0.0356536502546084,2531.0,-395.0,2926.0,2.6957480836043293,3.0407818975317777,-0.0004242681374628,0.0085616438356164,-0.0025402201524131,1734.0,0.0,0.0,0.0,615,0.0,0.0,0.0,265.61,0.0,0.0,0.0
2023-09-27,579.75,251115.0,55807.0,603.75,81011.0,19953.0,-24.0,-0.0413971539455948,2376.0,-790.0,3166.0,2.7969227685058486,3.0997642295490353,-0.015704584040747,-0.0131914893617021,-0.0136112292641429,1734.0,0.0,0.0,0.0,615,0.0,0.0,0.0,265.61,0.0,0.0,0.0
2023-09-28,579.5,253294.0,43969.0,602.5,81840.0,16596.0,-23.0,-0.039689387402865,2179.0,829.0,1350.0,2.649373342974051,3.0949902248288965,-0.0004312203536006,0.0065132435953103,0.0252100840336133,1734.0,0.0,0.0,0.0,615,0.0,0.0,0.0,265.61,0.0,0.0,0.0
2023-09-29,542.25,259398.0,123780.0,575.0,85787.0,47665.0,-32.75,-0.060396496081032,6104.0,3947.0,2157.0,2.5968740165739517,3.0237448564467457,-0.0642795513373597,-0.0626620570440795,0.0468146718146718,1734.0,0.0,0.0,0.0,615,0.0,0.0,0.0,265.61,0.0,0.0,0.0
2023-10-02,565.5,258071.0,96364.0,589.0,87549.0,36653.0,-23.5,-0.0415561450043473,-1327.0,1762.0,-3089.0,2.629089024090726,2.9477321271516184,0.0428769017980636,-0.0403054730589732,0.0916988416988418,1734.0,0.0,0.0,0.0,615,0.0,0.0,0.0,258.61,-7.0,-7.0,-4.8847249215508395
2023-10-03,567.75,251536.0,75409.0,595.0,86002.0,34339.0,-27.25,-0.0479964773226807,-6535.0,-1547.0,-4988.0,2.1960161915023098,2.924769191414119,0.0039787798408488,-0.0360780984719864,0.0960424710424709,1734.0,0.0,0.0,0.0,615,0.0,0.0,0.0,258.61,0.0,0.0,0.0
2023-10-04,559.0,250330.0,66479.0,578.25,88987.0,31511.0,-19.25,-0.0344364937387577,-1206.0,2985.0,-4191.0,2.109707721113195,2.8131075325609043,-0.0154117129018053,-0.0357912893488572,0.0791505791505791,1734.0,0.0,0.0,0.0,615,0.0,0.0,0.0,258.61,0.0,0.0,0.0
2023-10-05,578.0,244317.0,69807.0,605.0,88357.0,29068.0,-27.0,-0.0467128027680852,-6013.0,-630.0,-5383.0,2.401506811614063,2.7651119888633295,0.0339892665474059,-0.0025884383088869,0.1158301158301158,1734.0,0.0,0.0,0.0,615,0.0,0.0,0.0,258.61,0.0,0.0,0.0
2023-10-06,569.0,240061.0,50140.0,595.5,87785.0,20813.0,-26.5,-0.0465729349735561,-4256.0,-572.0,-3684.0,2.4090712535433427,2.7346471492851543,-0.0155709342560553,0.0493314891655141,0.0984555984555983,1734.0,0.0,0.0,0.0,615,0.0,0.0,0.0,258.61,0.0,0.0,0.0
2023-10-09,573.25,238645.0,46092.0,602.75,88222.0,18536.0,-29.5,-0.0514609681638875,-1416.0,437.0,-1853.0,2.4866206301250275,2.7050508943347156,0.0074692442882249,0.0137046861184793,0.1066602316602316,1734.0,0.0,0.0,0.0,615,0.0,0.0,0.0,258.61,0.0,0.0,0.0
2023-10-10,558.75,238496.0,48419.0,586.75,89046.0,19643.0,-28.0,-0.0501118568231765,-149.0,824.0,-973.0,2.4649493458228138,2.678346023403604,-0.0252943741822939,-0.0158520475561426,0.0786679536679537,1734.0,0.0,0.0,0.0,615,0.0,0.0,0.0,258.61,0.0,0.0,0.0
2023-10-11,556.25,241618.0,43895.0,589.0,90267.0,19916.0,-32.75,-0.0588764044942761,3122.0,1221.0,1901.0,2.204006828680347,2.676703557224648,-0.0044742729306487,-0.0049194991055455,0.0738416988416987,1734.0,0.0,0.0,0.0,615,0.0,0.0,0.0,258.61,0.0,0.0,0.0
2023-10-12,571.75,243156.0,83008.0,591.25,92264.0,38492.0,-19.5,-0.0341058154787335,1538.0,1997.0,-459.0,2.1565000519587927,2.6354374403884218,0.0278651685393258,-0.0108131487889273,0.1037644787644787,1734.0,0.0,0.0,0.0,615,0.0,0.0,0.0,258.61,0.0,0.0,0.0
2023-10-13,579.25,235425.0,87479.0,606.0,93107.0,44310.0,-26.75,-0.0461804056969422,-7731.0,843.0,-8574.0,1.974249605055248,2.5285424296776555,0.0131176213379973,0.0180140597539542,0.1182432432432432,1734.0,0.0,0.0,0.0,615,0.0,0.0,0.0,258.61,0.0,0.0,0.0
2023-10-16,578.5,230511.0,56769.0,603.25,93215.0,28165.0,-24.75,-0.0427830596369182,-4914.0,108.0,-5022.0,2.0155867211076863,2.4728959931341254,-0.001294777729823,0.0091583078935892,-0.0418219461697723,1734.0,0.0,0.0,0.0,615,0.0,0.0,0.0,258.61,0.0,0.0,0.0
2023-10-17,571.0,231011.0,53405.0,597.0,93425.0,26787.0,-26.0,-0.0455341506128799,500.0,210.0,290.0,1.993690969500056,2.472689322986326,-0.0129645635263613,0.0219239373601789,-0.0317931326833403,1734.0,0.0,0.0,0.0,615,0.0,0.0,0.0,258.61,0.0,0.0,0.0
2023-10-18,580.25,233288.0,52739.0,605.75,95553.0,23247.0,-25.5,-0.0439465747521862,2277.0,2128.0,149.0,2.268636813352163,2.441451341140493,0.0161996497373029,0.0431460674157302,-0.0064212328767123,1734.0,0.0,0.0,0.0,615,0.0,0.0,0.0,258.61,0.0,0.0,0.0
2023-10-19,594.0,234241.0,65379.0,620.0,96640.0,26183.0,-26.0,-0.04377104377097,953.0,1087.0,-134.0,2.4970018714432074,2.4238514072847432,0.0236966824644548,0.0389156099693921,0.011063829787234,1734.0,0.0,0.0,0.0,615,0.0,0.0,0.0,258.61,0.0,0.0,0.0
2023-10-20,583.0,228386.0,81524.0,610.5,96670.0,31900.0,-27.5,-0.0471698113206738,-5855.0,30.0,-5885.0,2.5556112852663775,2.3625323264714764,-0.0185185185185184,0.0064738886491151,0.0125922709509336,1734.0,0.0,0.0,0.0,615,0.0,0.0,0.0,258.61,0.0,0.0,0.0
2023-10-23,586.0,228533.0,48387.0,613.0,98114.0,16609.0,-27.0,-0.0460750853241534,147.0,1444.0,-1297.0,2.913300018062321,2.329259840593571,0.0051457975986277,0.0129645635263613,0.0129645635263613,1734.0,0.0,0.0,0.0,615,0.0,0.0,0.0,258.61,0.0,0.0,0.0
2023-10-24,578.75,226723.0,47630.0,605.0,98442.0,17924.0,-26.25,-0.0453563714902024,-1810.0,328.0,-2138.0,2.657330952912148,2.303112492635234,-0.0123720136518771,0.0135726795096322,-0.0178192617734408,1734.0,0.0,0.0,0.0,615,0.0,0.0,0.0,258.61,0.0,0.0,0.0
2023-10-25,568.0,231256.0,57951.0,597.0,100695.0,25130.0,-29.0,-0.0510563380280791,4533.0,2253.0,2280.0,2.306048547552634,2.2965986394557594,-0.0185745140388768,-0.0211115898319689,-0.0356536502546689,1734.0,0.0,0.0,0.0,615,0.0,0.0,0.0,258.61,0.0,0.0,0.0
2023-10-26,579.0,230198.0,72437.0,601.0,102653.0,32619.0,-22.0,-0.0379965457685008,-1058.0,1958.0,-3016.0,2.2206995922621102,2.242486824544804,0.0193661971830985,-0.0252525252525253,-0.001293661060802,1734.0,0.0,0.0,0.0,615,0.0,0.0,0.0,258.61,0.0,0.0,0.0
2023-10-27,575.25,229581.0,48608.0,601.0,105057.0,20243.0,-25.75,-0.0447631464579839,-617.0,2404.0,-3021.0,2.401225114854399,2.185299408892295,-0.0064766839378238,-0.0132933104631217,-0.0073339085418464,1734.0,0.0,0.0,0.0,615,0.0,0.0,0.0,258.61,0.0,0.0,0.0
2023-10-30,566.0,229406.0,60510.0,593.0,108156.0,30570.0,-27.0,-0.0477031802119298,-175.0,3099.0,-3274.0,1.9793915603532228,2.1210658678205356,-0.0160799652325076,-0.0341296928327644,0.0437989857076994,1734.0,0.0,0.0,0.0,615,0.0,0.0,0.0,258.61,0.0,0.0,0.0
2023-10-31,558.0,232771.0,72016.0,583.0,109822.0,36833.0,-25.0,-0.0448028673834322,3365.0,1666.0,1699.0,1.9552032145086755,2.1195297845604513,-0.0141342756183745,-0.03585313174946,-0.013262599469496,1812.0,78.0,78.0,4.898979485258663,670,55.0,55.0,4.898979485129994,258.13,-0.4800000000000182,-0.4800000000000182,-0.33614197422115744
2023-11-01,561.25,230448.0,58783.0,587.0,111234.0,29726.0,-25.75,-0.0458797327393391,-2323.0,1412.0,-3735.0,1.977494449303573,2.071740654835733,0.0058243727598565,-0.0118838028169013,-0.0114487010127697,1812.0,0.0,0.0,0.0,670,0.0,0.0,0.0,258.13,0.0,0.0,0.0
2023-11-02,564.0,224162.0,53492.0,591.0,112324.0,27786.0,-27.0,-0.047872340425447,-6286.0,1090.0,-7376.0,1.925142157921186,1.9956732310102736,0.0048997772828507,-0.0259067357512953,0.0089445438282647,1812.0,0.0,0.0,0.0,670,0.0,0.0,0.0,258.13,0.0,0.0,0.0
2023-11-03,572.0,219871.0,41970.0,595.0,114402.0,23297.0,-23.0,-0.0402097902097199,-4291.0,2078.0,-6369.0,1.8015195089495728,1.9219157007744452,0.0141843971631205,-0.0056497175141242,-0.0103806228373702,1812.0,0.0,0.0,0.0,670,0.0,0.0,0.0,258.13,0.0,0.0,0.0
2023-11-06,574.5,216542.0,68699.0,601.0,120003.0,41660.0,-26.5,-0.0461270670147151,-3329.0,5601.0,-8930.0,1.6490398463753806,1.8044715548777797,0.0043706293706293,0.015017667844523,0.0096660808435853,1812.0,0.0,0.0,0.0,670,0.0,0.0,0.0,258.13,0.0,0.0,0.0
2023-11-07,571.0,201830.0,106304.0,597.0,125331.0,78504.0,-26.0,-0.0455341506128799,-14712.0,5328.0,-20040.0,1.35412208295117,1.6103757250799753,-0.0060922541340295,0.0232974910394265,-0.0039249890972524,1812.0,0.0,0.0,0.0,670,0.0,0.0,0.0,258.13,0.0,0.0,0.0
2023-11-08,589.5,176362.0,144369.0,610.5,133772.0,98360.0,-21.0,-0.0356234096691507,-25468.0,8441.0,-33909.0,1.4677612850752189,1.3183775379002982,0.0323992994746058,0.0503340757238306,0.0550335570469797,1812.0,0.0,0.0,0.0,670,0.0,0.0,0.0,258.13,0.0,0.0,0.0
2023-11-09,580.5,161417.0,85078.0,604.0,140466.0,57541.0,-23.5,-0.0404823428078544,-14945.0,6694.0,-21639.0,1.4785631115204554,1.1491535318155202,-0.0152671755725191,0.0292553191489362,0.0435955056179775,1812.0,0.0,0.0,0.0,670,0.0,0.0,0.0,258.13,0.0,0.0,0.0
2023-11-10,575.0,152037.0,68735.0,599.25,153900.0,48074.0,-24.25,-0.0421739130434049,-9380.0,13434.0,-22814.0,1.4297749303157337,0.9878947368420988,-0.0094745908699397,0.0052447552447552,0.0056843025797987,1812.0,0.0,0.0,0.0,670,0.0,0.0,0.0,258.13,0.0,0.0,0.0
2023-11-13,580.0,137899.0,80609.0,601.5,175474.0,70754.0,-21.5,-0.0370689655171774,-14138.0,21574.0,-35712.0,1.1392854114254862,0.7858657122992536,0.0086956521739129,0.009573542210618,0.0012947777298231,1812.0,0.0,0.0,0.0,670,0.0,0.0,0.0,258.13,0.0,0.0,0.0
2023-11-14,572.0,125271.0,65166.0,595.25,179834.0,59709.0,-23.25,-0.040646853146782,-12628.0,4360.0,-16988.0,1.0913932572978766,0.696592413003099,-0.0137931034482758,0.0017513134851139,-0.0112359550561798,1812.0,0.0,0.0,0.0,670,0.0,0.0,0.0,258.13,0.0,0.0,0.0
2023-11-15,560.25,108268.0,83309.0,587.5,195966.0,80042.0,-27.25,-0.0486390004461425,-17003.0,16132.0,-33135.0,1.0408160715624166,0.5524835940928501,-0.020541958041958,-0.049618320610687,-0.0188266199649737,1812.0,0.0,0.0,0.0,670,0.0,0.0,0.0,258.13,0.0,0.0,0.0
2023-11-16,553.5,99527.0,57404.0,580.0,206217.0,67925.0,-26.5,-0.0478771454380345,-8741.0,10251.0,-18992.0,0.845108575634879,0.4826323726947804,-0.0120481927710843,-0.0465116279069767,-0.0461008186126669,1812.0,0.0,0.0,0.0,670,0.0,0.0,0.0,258.13,0.0,0.0,0.0
2023-11-17,552.0,87945.0,51395.0,575.5,218159.0,63689.0,-23.5,-0.0425724637680388,-11582.0,11942.0,-23524.0,0.8069682362731272,0.4031234099899596,-0.002710027100271,-0.04,-0.0707070707070707,1812.0,0.0,0.0,0.0,670,0.0,0.0,0.0,258.13,0.0,0.0,0.0
2023-11-20,543.25,79810.0,42772.0,571.0,227548.0,56489.0,-27.75,-0.0510814542106745,-8135.0,9389.0,-17524.0,0.7571739630724432,0.3507391846994904,-0.0158514492753623,-0.0633620689655172,-0.0681818181818182,1812.0,0.0,0.0,0.0,670,0.0,0.0,0.0,258.13,0.0,0.0,0.0
2023-11-21,554.25,68908.0,43240.0,581.75,238317.0,69087.0,-27.5,-0.0496165990075785,-10902.0,10769.0,-21671.0,0.6258775167542283,0.2891442910073545,0.0202485043718361,-0.0310314685314685,-0.0541808873720136,1812.0,0.0,0.0,0.0,670,0.0,0.0,0.0,258.13,0.0,0.0,0.0
2023-11-22,556.75,60774.0,29106.0,583.5,240784.0,57250.0,-26.75,-0.0480466995957825,-8134.0,2467.0,-10601.0,0.508401746724882,0.252400491727024,0.004510599909788,-0.0062472110664881,-0.0380129589632829,1812.0,0.0,0.0,0.0,670,0.0,0.0,0.0,258.13,0.0,0.0,0.0
2023-11-24,549.0,45392.0,26202.0,575.75,244835.0,45784.0,-26.75,-0.0487249544625706,-15382.0,4051.0,-19433.0,0.5722959986021193,0.1853983294872049,-0.0139200718455321,-0.008130081300813,-0.0334507042253521,1812.0,0.0,0.0,0.0,670,0.0,0.0,0.0,258.13,0.0,0.0,0.0
2023-11-27,532.0,28986.0,41484.0,561.0,254109.0,97007.0,-29.0,-0.0545112781953862,-16406.0,9274.0,-25680.0,0.4276392425288852,0.1140691592977812,-0.0309653916211293,-0.036231884057971,-0.081174438687392,1812.0,0.0,0.0,0.0,670,0.0,0.0,0.0,258.13,0.0,0.0,0.0
2023-11-28,543.0,13165.0,31630.0,573.25,253045.0,84851.0,-30.25,-0.0557090239409655,-15821.0,-1064.0,-14757.0,0.3727710928568859,0.0520263194293503,0.0206766917293232,-0.000460193281178,-0.0560625814863102,1812.0,0.0,0.0,0.0,670,0.0,0.0,0.0,258.13,0.0,0.0,0.0
2023-11-29,546.75,2347.0,19771.0,585.75,254695.0,72626.0,-39.0,-0.0713305898489779,-10818.0,1650.0,-12468.0,0.2722303307355455,0.0092149433636309,0.0069060773480662,-0.013531799729364,-0.0340106007067138,1812.0,0.0,0.0,0.0,670,0.0,0.0,0.0,258.13,0.0,0.0,0.0
2023-11-30,546.75,773.0,1556.0,597.5,253792.0,78520.0,-50.75,-0.0928212162778366,-1574.0,-903.0,-671.0,0.0198166072338255,0.0030458012860925,0.0,-0.017961383026493,-0.0201612903225806,1812.0,0.0,0.0,0.0,684,14.0,14.0,1.2212366201246898,258.69,0.5600000000000023,0.5600000000000023,3.64215951980592
2023-12-01,,414.0,665.0,602.0,254531.0,72327.0,,,-359.0,739.0,-1098.0,0.0091943534226497,0.0016265209345816,0.0,-0.0040983606557376,-0.0258351893095768,1812.0,0.0,0.0,0.0,684,0.0,0.0,0.0,258.69,0.0,0.0,0.0
2023-12-04,,377.0,371.0,617.75,250050.0,95896.0,,,-37.0,-4481.0,4444.0,0.0038687745057144,0.0015076984603079,0.0,0.0277255639097744,-0.0305851063829787,1812.0,0.0,0.0,0.0,684,0.0,0.0,0.0,258.69,0.0,0.0,0.0
2023-12-05,,334.0,582.0,630.0,244989.0,99869.0,,,-43.0,-5061.0,5018.0,0.0058276342008029,0.0013633265167007,0.0,0.0069060773480662,-0.0441433566433566,1812.0,0.0,0.0,0.0,684,0.0,0.0,0.0,258.69,0.0,0.0,0.0
2023-12-06,,169.0,50.0,631.75,226856.0,113132.0,,,-165.0,-18133.0,17968.0,0.0004419616023759,0.0007449659696018,0.0,0.0,-0.0483028720626631,1812.0,0.0,0.0,0.0,684,0.0,0.0,0.0,258.69,0.0,0.0,0.0
2023-12-07,,159.0,93.0,642.0,212015.0,97744.0,,,-10.0,-14841.0,14831.0,0.0009514650515632,0.0007499469377166,0.0,0.0,-0.0424693520140104,1812.0,0.0,0.0,0.0,684,0.0,0.0,0.0,258.69,0.0,0.0,0.0
2023-12-08,,152.0,17.0,631.75,203950.0,74699.0,,,-7.0,-8065.0,8058.0,0.0002275800211515,0.0007452807060554,0.0,0.0,-0.0725190839694656,1812.0,0.0,0.0,0.0,684,0.0,0.0,0.0,258.69,0.0,0.0,0.0
2023-12-11,,241.0,198.0,610.0,198756.0,66113.0,,,89.0,-5194.0,5283.0,0.0029948724154099,0.0012125420113103,0.0,0.0,-0.0581395348837209,1812.0,0.0,0.0,0.0,684,0.0,0.0,0.0,258.69,0.0,0.0,0.0
2023-12-12,,147.0,145.0,625.0,193330.0,55336.0,,,-94.0,-5426.0,5332.0,0.002620355645511,0.0007603579372058,0.0,0.0,-0.0491304347826087,1812.0,0.0,0.0,0.0,684,0.0,0.0,0.0,258.69,0.0,0.0,0.0
2023-12-13,,217.0,214.0,606.25,194630.0,57314.0,,,70.0,1300.0,-1230.0,0.0037338172174337,0.0011149360324718,0.0,0.0,-0.0573275862068966,1812.0,0.0,0.0,0.0,684,0.0,0.0,0.0,258.69,0.0,0.0,0.0
2023-12-14,,111.0,149.0,616.25,191989.0,46870.0,,,-106.0,-2641.0,2535.0,0.0031790057606143,0.0005781581236424,0.0,0.0,-0.0441433566433566,1812.0,0.0,0.0,0.0,684,0.0,0.0,0.0,258.69,0.0,0.0,0.0
2023-12-15,629.0,188020.0,52711.0,632.0,58679.0,17742.0,-3.0,-0.004769475357703,187909.0,-133310.0,321219.0,2.970972832825895,3.2042127507284857,0.1504343850022862,0.1504343850022862,0.1227130745203033,1812.0,0.0,0.0,0.0,684,0.0,0.0,0.0,258.69,0.0,0.0,0.0
2023-12-18,618.25,186645.0,43591.0,628.0,60376.0,12046.0,-9.75,-0.0157703194500351,-1375.0,1697.0,-3072.0,3.618711605511902,3.09137736849074,-0.0170906200317965,0.1307727480566987,0.1169828364950316,1812.0,0.0,0.0,0.0,684,0.0,0.0,0.0,258.69,0.0,0.0,0.0
2023-12-19,621.5,185203.0,42919.0,630.0,60282.0,11060.0,-8.5,-0.0136765888978058,-1442.0,-94.0,-1348.0,3.8805605786614934,3.072276964931438,0.0052567731500201,0.1367169638774577,0.1259057971014492,1812.0,0.0,0.0,0.0,684,0.0,0.0,0.0,258.69,0.0,0.0,0.0
2023-12-20,610.75,185226.0,39373.0,620.0,60274.0,11831.0,-9.25,-0.0151453131395576,23.0,-8.0,31.0,3.3279519905330632,3.0730663304243446,-0.0172968624296058,0.1170553269318701,0.1242521859180856,1812.0,0.0,0.0,0.0,684,0.0,0.0,0.0,258.69,0.0,0.0,0.0
2023-12-21,613.0,184824.0,33648.0,623.25,62384.0,12255.0,-10.25,-0.0167210440456497,-402.0,2110.0,-2512.0,2.7456548347610976,2.962682739163841,0.0036839950880065,0.1211705532693188,0.105999097880018,1812.0,0.0,0.0,0.0,684,0.0,0.0,0.0,258.69,0.0,0.0,0.0
2023-12-22,615.25,185348.0,26134.0,625.0,62698.0,8751.0,-9.75,-0.0158472165786008,524.0,314.0,210.0,2.9864015541077604,2.9562027496889383,0.0036704730831973,-0.0218600953895071,0.1050740907049843,1812.0,0.0,0.0,0.0,684,0.0,0.0,0.0,258.69,0.0,0.0,0.0
2023-12-26,636.0,184370.0,40674.0,644.25,63971.0,16145.0,-8.25,-0.0129716981131871,-978.0,1273.0,-2251.0,2.5192938990397944,2.8820871957605343,0.0337261275904103,0.0287100687424182,0.1584699453551912,1812.0,0.0,0.0,0.0,684,0.0,0.0,0.0,258.69,0.0,0.0,0.0
2023-12-27,624.0,182672.0,38063.0,630.5,64260.0,10282.0,-6.5,-0.0104166666666499,-1698.0,289.0,-1987.0,3.701906243921056,2.842701525054422,-0.0188679245283018,0.0040225261464199,0.1729323308270676,1812.0,0.0,0.0,0.0,684,0.0,0.0,0.0,258.69,0.0,0.0,0.0
2023-12-28,632.0,179955.0,32254.0,636.5,63582.0,9557.0,-4.5,-0.0071202531645456,-2717.0,-678.0,-2039.0,3.3749084440720543,2.830282155326935,0.0128205128205127,0.034793286942284,0.16390423572744,1812.0,0.0,0.0,0.0,684,0.0,0.0,0.0,258.69,0.0,0.0,0.0
2023-12-29,627.5,182004.0,34752.0,635.0,63560.0,10864.0,-7.5,-0.0119521912350407,2049.0,-22.0,2071.0,3.1988217967596464,2.863499056010024,-0.007120253164557,0.0236541598694943,0.1476909007773206,1812.0,0.0,0.0,0.0,684,0.0,0.0,0.0,258.69,0.0,0.0,0.0
2024-01-02,608.0,184716.0,61472.0,620.0,64717.0,21819.0,-12.0,-0.0197368421052306,2712.0,1157.0,1555.0,2.817361015628451,2.854211412766308,-0.0310756972111553,-0.0117838277123121,0.1120256058527664,1812.0,0.0,0.0,0.0,659,-25.0,-25.0,-4.197299267383284,258.2,-0.4900000000000091,-0.4900000000000091,-3.1586595387323153
2024-01-03,602.0,187441.0,63996.0,610.5,64363.0,24189.0,-8.5,-0.0141196013288802,2725.0,-354.0,3079.0,2.645665385092288,2.912247719963288,-0.0098684210526315,-0.0534591194968553,0.1010516689529035,1812.0,0.0,0.0,0.0,659,0.0,0.0,0.0,258.2,0.0,0.0,0.0
2024-01-04,612.0,182916.0,63693.0,611.5,64776.0,20839.0,0.5,0.0008169934640509,-4525.0,413.0,-4938.0,3.0564326503189663,2.8238236383845434,0.0166112956810631,-0.0192307692307692,0.1193415637860082,1812.0,0.0,0.0,0.0,659,0.0,0.0,0.0,258.2,0.0,0.0,0.0
2024-01-05,616.75,179908.0,43101.0,625.0,64800.0,13242.0,-8.25,-0.0133765707336629,-3008.0,24.0,-3032.0,3.2548708654279372,2.7763580246913153,0.0077614379084967,-0.024129746835443,0.128029263831733,1812.0,0.0,0.0,0.0,659,0.0,0.0,0.0,258.2,0.0,0.0,0.0
2024-01-08,596.0,185514.0,70376.0,605.5,66777.0,22033.0,-9.5,-0.0159395973154094,5606.0,1977.0,3629.0,3.194117914037889,2.7781122242687935,-0.0336441021483583,-0.050199203187251,0.0900777320530406,1812.0,0.0,0.0,0.0,659,0.0,0.0,0.0,258.2,0.0,0.0,0.0
2024-01-09,609.0,179179.0,57128.0,612.5,67973.0,17932.0,-3.5,-0.0057471264367721,-6335.0,1196.0,-7531.0,3.185813071603659,2.6360319538639954,0.0218120805369128,0.0016447368421053,0.1138545953360767,1812.0,0.0,0.0,0.0,659,0.0,0.0,0.0,258.2,0.0,0.0,0.0
2024-01-10,609.5,179429.0,40391.0,613.75,69569.0,17240.0,-4.25,-0.0069729286300131,250.0,1596.0,-1346.0,2.3428654292342026,2.579151633629884,0.0008210180623973,0.0124584717607973,0.114769090077732,1812.0,0.0,0.0,0.0,659,0.0,0.0,0.0,258.2,0.0,0.0,0.0
2024-01-11,603.5,180912.0,38907.0,615.0,71216.0,14719.0,-11.5,-0.0190555095277231,1483.0,1647.0,-164.0,2.643318160200921,2.5403280161761046,-0.0098441345365053,-0.0138888888888888,0.1037951531778691,1812.0,0.0,0.0,0.0,659,0.0,0.0,0.0,258.2,0.0,0.0,0.0
2024-01-12,596.25,186287.0,82712.0,600.0,71658.0,31326.0,-3.75,-0.00628930817609,5375.0,442.0,4933.0,2.6403626380641434,2.599667866811764,-0.0120132560066279,-0.0332387515200648,0.0905349794238683,1812.0,0.0,0.0,0.0,659,0.0,0.0,0.0,258.2,0.0,0.0,0.0
2024-01-16,581.0,192233.0,61371.0,595.75,72532.0,16807.0,-14.75,-0.0253872633390268,5946.0,874.0,5072.0,3.6515142500146576,2.6503198588208976,-0.0255765199161425,-0.0251677852348993,0.0626428898033837,1812.0,0.0,0.0,0.0,659,0.0,0.0,0.0,258.2,0.0,0.0,0.0
2024-01-17,582.25,192693.0,69550.0,592.0,73822.0,25816.0,-9.75,-0.0167453842850721,460.0,1290.0,-830.0,2.6940656956924895,2.6102381403917176,0.0021514629948364,-0.0439244663382594,0.0649291266575218,1812.0,0.0,0.0,0.0,659,0.0,0.0,0.0,258.2,0.0,0.0,0.0
2024-01-18,586.0,195881.0,50947.0,593.5,75683.0,19081.0,-7.5,-0.0127986348122648,3188.0,1861.0,1327.0,2.6700382579527977,2.5881770014401835,0.0064405324173464,-0.0385561936013125,-0.068362480127186,1812.0,0.0,0.0,0.0,659,0.0,0.0,0.0,258.2,0.0,0.0,0.0
2024-01-19,592.5,194919.0,48393.0,595.0,76637.0,20647.0,-2.5,-0.0042194092826933,-962.0,954.0,-1916.0,2.3438271903907424,2.543405926641145,0.0110921501706484,-0.0182270091135046,-0.0416498180347755,1812.0,0.0,0.0,0.0,659,0.0,0.0,0.0,258.2,0.0,0.0,0.0
2024-01-22,595.25,194395.0,36371.0,598.0,78070.0,13280.0,-2.75,-0.0046199076018402,-524.0,1433.0,-1957.0,2.7387801204817213,2.490008966312252,0.0046413502109705,-0.0016771488469601,-0.0422365245374094,1812.0,0.0,0.0,0.0,659,0.0,0.0,0.0,258.2,0.0,0.0,0.0
2024-01-23,598.0,191712.0,42176.0,600.0,79777.0,16533.0,-2.0,-0.0033444816053455,-2683.0,1707.0,-4390.0,2.5510191737735104,2.403098637451867,0.004619907601848,0.0292598967297763,-0.0208759721653704,1812.0,0.0,0.0,0.0,659,0.0,0.0,0.0,258.2,0.0,0.0,0.0
2024-01-24,611.25,190939.0,56703.0,618.0,79720.0,18995.0,-6.75,-0.011042944785258,-773.0,-57.0,-716.0,2.985153987891393,2.395120421475133,0.0221571906354514,0.0498067840274796,-0.0028548123980424,1812.0,0.0,0.0,0.0,659,0.0,0.0,0.0,258.2,0.0,0.0,0.0
2024-01-25,611.25,188135.0,54705.0,622.0,77511.0,24570.0,-10.75,-0.0175869120654109,-2804.0,-2209.0,-595.0,2.226495726495636,2.4272038807394765,0.0,0.043088737201365,-0.0065014221861031,1812.0,0.0,0.0,0.0,659,0.0,0.0,0.0,258.2,0.0,0.0,0.0
2024-01-26,601.5,191967.0,69590.0,605.0,79575.0,25919.0,-3.5,-0.0058187863674051,3832.0,2064.0,1768.0,2.6849029669353492,2.4124033930254174,-0.0159509202453987,0.0151898734177216,-0.0542452830188678,1812.0,0.0,0.0,0.0,659,0.0,0.0,0.0,258.2,0.0,0.0,0.0
2024-01-29,594.25,191700.0,41478.0,598.5,79863.0,17688.0,-4.25,-0.0071518721076867,-267.0,288.0,-555.0,2.3449796472183206,2.400360617557537,-0.0120532003325021,-0.001679966400672,-0.047676282051282,1812.0,0.0,0.0,0.0,659,0.0,0.0,0.0,258.2,0.0,0.0,0.0
2024-01-30,604.5,190242.0,51993.0,609.0,83465.0,21687.0,-4.5,-0.007444168734479,-1458.0,3602.0,-5060.0,2.3974270300178726,2.279302701731237,0.0172486327303322,0.0108695652173913,-0.0435126582278481,1812.0,0.0,0.0,0.0,659,0.0,0.0,0.0,258.2,0.0,0.0,0.0
2024-01-31,597.0,191316.0,43147.0,601.0,84986.0,19981.0,-4.0,-0.0067001675041763,1074.0,1521.0,-447.0,2.159401431359684,2.251147247781961,-0.0124069478908188,-0.0233128834355828,-0.048605577689243,1812.0,0.0,0.0,0.0,648,-11.0,-11.0,-2.0054117530102524,260.03,1.829999999999984,1.829999999999984,4.681691573376784
2024-02-01,601.0,189271.0,62577.0,605.5,88135.0,31098.0,-4.5,-0.0074875207986564,-2045.0,3149.0,-5194.0,2.0122515917421695,2.1475123390253343,0.0067001675041875,-0.0167689161554192,-0.0115131578947368,1812.0,0.0,0.0,0.0,648,0.0,0.0,0.0,260.03,0.0,0.0,0.0
2024-02-02,601.25,182399.0,66721.0,602.0,85884.0,30946.0,-0.75,-0.0012474012473991,-6872.0,-2251.0,-4621.0,2.1560460156400776,2.1237832425131327,0.0004159733777038,-0.0004156275976724,-0.0012458471760797,1812.0,0.0,0.0,0.0,648,0.0,0.0,0.0,260.03,0.0,0.0,0.0
2024-02-05,590.75,183715.0,51236.0,599.25,88456.0,24509.0,-8.5,-0.0143884892086087,1316.0,2572.0,-1256.0,2.0904973683135952,2.07690829338878,-0.0174636174636174,-0.0058897770298695,-0.0347222222222222,1812.0,0.0,0.0,0.0,648,0.0,0.0,0.0,260.03,0.0,0.0,0.0
2024-02-06,595.0,179487.0,47583.0,597.25,93522.0,27055.0,-2.25,-0.0037815126050356,-4228.0,5066.0,-9294.0,1.7587506930326462,1.9191954834156464,0.0071942446043165,-0.0157154673283705,-0.0352655046615322,1812.0,0.0,0.0,0.0,648,0.0,0.0,0.0,260.03,0.0,0.0,0.0
2024-02-07,600.75,166120.0,79577.0,600.25,99346.0,47155.0,0.5,0.000832292967123,-13367.0,5824.0,-19191.0,1.6875622945604565,1.6721357679221944,0.0096638655462184,0.0062814070351759,0.007969798657718,1812.0,0.0,0.0,0.0,648,0.0,0.0,0.0,260.03,0.0,0.0,0.0
2024-02-08,590.5,152739.0,78673.0,594.75,104452.0,51826.0,-4.25,-0.0071972904318252,-13381.0,5106.0,-18487.0,1.518021842318498,1.4622888982498998,-0.0170620058260507,-0.0174708818635607,-0.0303776683087028,1812.0,0.0,0.0,0.0,648,0.0,0.0,0.0,260.03,0.0,0.0,0.0
2024-02-09,597.5,133849.0,100815.0,600.5,116591.0,71437.0,-3.0,-0.0050209205020836,-18890.0,12139.0,-31029.0,1.4112434732701342,1.1480217169421212,0.0118543607112615,-0.0062370062370061,-0.0196882690730106,1812.0,0.0,0.0,0.0,648,0.0,0.0,0.0,260.03,0.0,0.0,0.0
2024-02-12,597.0,120147.0,69031.0,597.75,127625.0,56973.0,-0.75,-0.001256281407033,-13702.0,11034.0,-24736.0,1.2116441121232653,0.9414064642507272,-0.000836820083682,0.010579771476936,-0.0107705053852527,1812.0,0.0,0.0,0.0,648,0.0,0.0,0.0,260.03,0.0,0.0,0.0
2024-02-13,598.25,100813.0,82483.0,597.0,138745.0,73747.0,1.25,0.0020894274968623,-19334.0,11120.0,-30454.0,1.1184590559615832,0.726606364193299,0.0020938023450587,0.0054621848739495,0.0033542976939202,1812.0,0.0,0.0,0.0,648,0.0,0.0,0.0,260.03,0.0,0.0,0.0
2024-02-14,585.0,90134.0,84588.0,583.0,149823.0,73642.0,2.0,0.0034188034187975,-10679.0,11078.0,-21757.0,1.1486380054859842,0.6016032251389933,-0.022147931466778,-0.0262172284644194,0.0068846815834766,1812.0,0.0,0.0,0.0,648,0.0,0.0,0.0,260.03,0.0,0.0,0.0
2024-02-15,566.0,80120.0,79696.0,566.25,158595.0,72288.0,-0.25,-0.0004416961130734,-10014.0,8772.0,-18786.0,1.102478972996886,0.5051861660203631,-0.0324786324786324,-0.0414902624894157,-0.0279089738085015,1812.0,0.0,0.0,0.0,648,0.0,0.0,0.0,260.03,0.0,0.0,0.0
2024-02-16,560.5,74390.0,53034.0,556.0,169167.0,62158.0,4.5,0.0080285459411096,-5730.0,10572.0,-16302.0,0.8532127803339739,0.439742975875907,-0.0097173144876324,-0.0619246861924686,-0.0435153583617747,1812.0,0.0,0.0,0.0,648,0.0,0.0,0.0,260.03,0.0,0.0,0.0
2024-02-20,581.0,61067.0,53102.0,577.5,171146.0,76260.0,3.5,0.0060240963855318,-13323.0,1979.0,-15302.0,0.6963283503802689,0.3568123122947638,0.0365744870651203,-0.0268006700167504,-0.0194092827004219,1812.0,0.0,0.0,0.0,648,0.0,0.0,0.0,260.03,0.0,0.0,0.0
2024-02-21,582.5,53609.0,35041.0,577.5,174697.0,54183.0,5.0,0.0085836909871097,-7458.0,3551.0,-11009.0,0.6467157595555683,0.306868463682832,0.0025817555938036,-0.0263267864605097,-0.0214195716085677,1812.0,0.0,0.0,0.0,648,0.0,0.0,0.0,260.03,0.0,0.0,0.0
2024-02-22,583.25,43877.0,40227.0,579.25,180136.0,78002.0,4.0,0.0068581225889295,-9732.0,5439.0,-15171.0,0.5157175457039497,0.2435770750988128,0.0012875536480687,-0.0029914529914529,-0.0246655518394648,1812.0,0.0,0.0,0.0,648,0.0,0.0,0.0,260.03,0.0,0.0,0.0
2024-02-23,573.25,30936.0,30814.0,569.5,184261.0,56961.0,3.75,0.0065416484954094,-12941.0,4125.0,-17066.0,0.5409666262881526,0.1678922832286801,-0.0171453064723532,0.012809187279152,-0.0621676891615542,1812.0,0.0,0.0,0.0,648,0.0,0.0,0.0,260.03,0.0,0.0,0.0
2024-02-26,576.0,20943.0,23795.0,574.0,183660.0,62214.0,2.0,0.0034722222222161,-9993.0,-601.0,-9392.0,0.3824701835599643,0.1140313622999013,0.0047972088966419,0.0276538804638715,-0.0576687116564417,1812.0,0.0,0.0,0.0,648,0.0,0.0,0.0,260.03,0.0,0.0,0.0
2024-02-27,577.0,11959.0,15959.0,584.0,184321.0,59222.0,-7.0,-0.0121317157712094,-8984.0,661.0,-9645.0,0.2694775590152263,0.0648813754265652,0.0017361111111111,-0.0068846815834767,-0.0407315045719035,1812.0,0.0,0.0,0.0,648,0.0,0.0,0.0,260.03,0.0,0.0,0.0
2024-02-28,569.0,2353.0,13393.0,576.0,189130.0,55963.0,-7.0,-0.0123022847099959,-9606.0,4809.0,-14415.0,0.2393188356592706,0.0124411780256965,-0.0138648180242634,-0.023175965665236,-0.0424905342869162,1812.0,0.0,0.0,0.0,648,0.0,0.0,0.0,260.03,0.0,0.0,0.0
2024-02-29,566.0,918.0,1253.0,576.0,191975.0,51085.0,-10.0,-0.0176678445229369,-1435.0,2845.0,-4280.0,0.0245277478711945,0.0047818726396665,-0.0052724077328646,-0.0295756536648092,-0.0636889991728701,1812.0,0.0,0.0,0.0,658,10.0,10.0,3.2263295447896225,259.44,-0.589999999999975,-0.589999999999975,-1.48452397006273
2024-03-01,554.75,531.0,549.0,559.0,195824.0,68452.0,-4.25,-0.007661108607467,-387.0,3849.0,-4236.0,0.0080202185473031,0.0027116185962905,-0.0198763250883392,-0.0322721325774094,-0.0707705192629816,1812.0,0.0,0.0,0.0,658,0.0,0.0,0.0,259.44,0.0,0.0,0.0
2024-03-04,554.75,145.0,113.0,563.75,196988.0,45471.0,-9.0,-0.0162235241099301,-386.0,1164.0,-1550.0,0.0024851003936574,0.0007360854468292,0.0,-0.0368923611111111,-0.076955074875208,1812.0,0.0,0.0,0.0,658,0.0,0.0,0.0,259.44,0.0,0.0,0.0
2024-03-05,,75.0,31.0,552.0,205140.0,65812.0,,,-70.0,8152.0,-8222.0,0.0004710387163435,0.0003656039777712,0.0,-0.0385615251299826,-0.0773388773388773,1812.0,0.0,0.0,0.0,658,0.0,0.0,0.0,259.44,0.0,0.0,0.0
2024-03-06,,197.0,206.0,532.5,207326.0,105250.0,,,122.0,2186.0,-2064.0,0.0019572446555819,0.0009501943798655,0.0,-0.0250439367311071,-0.0609394837071519,1812.0,0.0,0.0,0.0,658,0.0,0.0,0.0,259.44,0.0,0.0,0.0
2024-03-07,,279.0,251.0,529.0,203239.0,95285.0,,,82.0,-4087.0,4169.0,0.0026342026551922,0.0013727680218855,0.0,-0.0198763250883392,-0.0676470588235294,1812.0,0.0,0.0,0.0,658,0.0,0.0,0.0,259.44,0.0,0.0,0.0
2024-03-08,,50.0,15.0,538.25,202263.0,73290.0,,,-229.0,-976.0,747.0,0.0002046663937781,0.0002472028991956,0.0,0.0,-0.0765709529754473,1812.0,0.0,0.0,0.0,658,0.0,0.0,0.0,259.44,0.0,0.0,0.0
2024-03-11,,25.0,25.0,547.5,198205.0,81244.0,,,-25.0,-4058.0,4033.0,0.0003077150312638,0.0001261320350142,0.0,0.0,-0.0605419136325148,1812.0,0.0,0.0,0.0,658,0.0,0.0,0.0,259.44,0.0,0.0,0.0
2024-03-12,,27.0,40.0,549.0,196633.0,62617.0,,,2.0,-1572.0,1574.0,0.000638804158615,0.0001373116414843,0.0,0.0,-0.0715481171548116,1812.0,0.0,0.0,0.0,658,0.0,0.0,0.0,259.44,0.0,0.0,0.0
2024-03-13,,9.0,18.0,542.75,197218.0,59143.0,,,-18.0,585.0,-603.0,0.000304347090949,4.563477978683464e-05,0.0,0.0,-0.0707705192629816,1812.0,0.0,0.0,0.0,658,0.0,0.0,0.0,259.44,0.0,0.0,0.0
2024-03-14,,11.0,15.0,533.0,200379.0,60596.0,,,2.0,3161.0,-3159.0,0.0002475410918212,5.489597213280806e-05,0.0,0.0,-0.0727120768909318,1812.0,0.0,0.0,0.0,658,0.0,0.0,0.0,259.44,0.0,0.0,0.0
2024-03-15,529.5,201909.0,40453.0,544.0,116539.0,23613.0,-14.5,-0.027384324834698,201898.0,-83840.0,285738.0,1.7131664760936047,1.7325444700915424,-0.0455159981973861,-0.0455159981973861,-0.0948717948717948,1812.0,0.0,0.0,0.0,658,0.0,0.0,0.0,259.44,0.0,0.0,0.0
2024-03-18,542.0,200115.0,57975.0,549.25,116679.0,26805.0,-7.25,-0.0133763837638129,-1794.0,140.0,-1934.0,2.1628427532176024,1.7150901190445431,0.0236071765816807,-0.0229833258224425,-0.0424028268551236,1812.0,0.0,0.0,0.0,658,0.0,0.0,0.0,259.44,0.0,0.0,0.0
2024-03-19,553.25,198110.0,52072.0,560.0,117116.0,26716.0,-6.75,-0.0122006326253733,-2005.0,437.0,-2442.0,1.9490941757747435,1.6915707503671429,0.0207564575645755,-0.0027039206849932,-0.0129348795718108,1812.0,0.0,0.0,0.0,658,0.0,0.0,0.0,259.44,0.0,0.0,0.0
2024-03-20,545.75,200222.0,52836.0,560.25,117626.0,26795.0,-14.5,-0.0265689418231304,2112.0,510.0,1602.0,1.9718604217203968,1.7021916923129097,-0.0135562584726615,-0.0162235241099594,-0.0606712564543889,1812.0,0.0,0.0,0.0,658,0.0,0.0,0.0,259.44,0.0,0.0,0.0
2024-03-21,548.0,199541.0,43716.0,559.0,116071.0,22114.0,-11.0,-0.0200729927006932,-681.0,-1555.0,874.0,1.9768472460883613,1.7191288090909724,0.0041227668346313,-0.0121676430824695,-0.0592274678111588,1812.0,0.0,0.0,0.0,658,0.0,0.0,0.0,259.44,0.0,0.0,0.0
2024-03-22,556.0,200911.0,58439.0,563.0,114908.0,26685.0,-7.0,-0.0125899280575313,1370.0,-1163.0,2533.0,2.1899569046279863,1.7484509346607569,0.0145985401459853,0.0500472143531633,-0.0467209601371624,1812.0,0.0,0.0,0.0,658,0.0,0.0,0.0,259.44,0.0,0.0,0.0
2024-03-25,555.5,197949.0,63147.0,566.25,114560.0,31355.0,-10.75,-0.0193519351934845,-2962.0,-348.0,-2614.0,2.0139371711050225,1.7279067737430016,-0.0008992805755395,0.0249077490774907,-0.0309638028783253,1812.0,0.0,0.0,0.0,658,0.0,0.0,0.0,259.44,0.0,0.0,0.0
2024-03-26,542.75,197845.0,39839.0,558.5,114686.0,20674.0,-15.75,-0.0290188853062569,-104.0,126.0,-230.0,1.927009770726423,1.7251015817100457,-0.0229522952295229,-0.0189787618617262,-0.0577256944444444,1812.0,0.0,0.0,0.0,658,0.0,0.0,0.0,259.44,0.0,0.0,0.0
2024-03-27,547.5,196797.0,40131.0,562.0,115982.0,25680.0,-14.5,-0.0264840182647918,-1048.0,1296.0,-2344.0,1.5627336448597522,1.6967891569381308,0.0087517273146016,0.0032065964269354,-0.0511265164644714,1812.0,0.0,0.0,0.0,658,0.0,0.0,0.0,259.44,0.0,0.0,0.0
2024-03-28,561.5,192083.0,72671.0,569.75,115818.0,47656.0,-8.25,-0.0146927871771777,-4714.0,-164.0,-4550.0,1.5249076716467702,1.6584900447253306,0.0255707762557078,0.0246350364963503,-0.0131810193321616,1812.0,0.0,0.0,0.0,658,0.0,0.0,0.0,259.44,0.0,0.0,0.0
2024-04-01,557.75,192898.0,43697.0,568.0,119291.0,27729.0,-10.25,-0.0183774092334946,815.0,3473.0,-2658.0,1.5758592087705443,1.6170373288848143,-0.0066785396260017,0.0031474820143884,-0.0145759717314487,1812.0,0.0,0.0,0.0,673,15.0,15.0,4.160541373428967,258.83,-0.6100000000000136,-0.6100000000000136,-3.600443419747142
2024-04-02,545.25,189806.0,64529.0,560.0,123860.0,42290.0,-14.75,-0.0270518110957779,-3092.0,4569.0,-7661.0,1.5258689997635015,1.5324237041821287,-0.0224114746750335,-0.0184518451845184,-0.0171248310049572,1812.0,0.0,0.0,0.0,673,0.0,0.0,0.0,258.83,0.0,0.0,0.0
2024-04-03,555.5,187210.0,58686.0,570.25,127298.0,34902.0,-14.75,-0.0265526552654787,-2596.0,3438.0,-6034.0,1.6814509197180196,1.4706436864679613,0.018798716185236,0.0234914785812989,0.0013519603424965,1812.0,0.0,0.0,0.0,673,0.0,0.0,0.0,258.83,0.0,0.0,0.0
2024-04-04,556.75,179106.0,61299.0,569.5,132588.0,47055.0,-12.75,-0.0229007633587374,-8104.0,5290.0,-13394.0,1.3027095951545786,1.350846230428083,0.0022502250225022,0.0168949771689497,0.0036052275799909,1812.0,0.0,0.0,0.0,673,0.0,0.0,0.0,258.83,0.0,0.0,0.0
2024-04-05,568.0,163145.0,106580.0,581.0,137436.0,71842.0,-13.0,-0.0228873239436216,-15961.0,4848.0,-20809.0,1.4835333092062932,1.1870616141331152,0.0202065559048045,0.0115761353517365,0.0238846327174402,1812.0,0.0,0.0,0.0,673,0.0,0.0,0.0,258.83,0.0,0.0,0.0
2024-04-08,565.75,147594.0,90126.0,578.25,144735.0,71660.0,-12.5,-0.0220945647370356,-15551.0,7299.0,-22850.0,1.2576890873569455,1.019753342315259,-0.0039612676056337,0.0143433437920215,0.0198287516899504,1812.0,0.0,0.0,0.0,673,0.0,0.0,0.0,258.83,0.0,0.0,0.0
2024-04-09,557.75,131608.0,73159.0,570.0,151309.0,56291.0,-12.25,-0.0219632451814935,-15986.0,6574.0,-22560.0,1.2996571387965874,0.8697962447706292,-0.0141405214317278,0.0229252636405319,0.0054078413699865,1812.0,0.0,0.0,0.0,673,0.0,0.0,0.0,258.83,0.0,0.0,0.0
2024-04-10,558.25,114484.0,68514.0,570.0,163718.0,55959.0,-11.75,-0.021047917599604,-17124.0,12409.0,-29533.0,1.2243606926499542,0.6992755836254981,0.0008964589870013,0.0049504950495049,0.0063091482649841,1812.0,0.0,0.0,0.0,673,0.0,0.0,0.0,258.83,0.0,0.0,0.0
2024-04-11,552.0,95230.0,73571.0,565.0,182164.0,61018.0,-13.0,-0.0235507246376384,-19254.0,18446.0,-37700.0,1.205726179160228,0.5227706901473369,-0.0111957008508732,-0.0085316569375841,-0.0049571879224875,1812.0,0.0,0.0,0.0,673,0.0,0.0,0.0,258.83,0.0,0.0,0.0
2024-04-12,555.25,81356.0,63720.0,566.5,187038.0,61426.0,-11.25,-0.0202611436289594,-13874.0,4874.0,-18748.0,1.037345749356933,0.434970433815586,0.0058876811594203,-0.0224471830985915,0.0009013068949976,1812.0,0.0,0.0,0.0,673,0.0,0.0,0.0,258.83,0.0,0.0,0.0
2024-04-15,551.75,71661.0,46713.0,566.5,194545.0,48692.0,-14.75,-0.0267331218848631,-9695.0,7507.0,-17202.0,0.9593567731865408,0.3683517952144729,-0.0063034669067987,-0.0247459125055236,-0.0054078413699865,1812.0,0.0,0.0,0.0,673,0.0,0.0,0.0,258.83,0.0,0.0,0.0
2024-04-16,550.5,64974.0,53008.0,564.0,202184.0,57614.0,-13.5,-0.0245231607628982,-6687.0,7639.0,-14326.0,0.9200541535043406,0.3213607407114296,-0.002265518803806,-0.0129986553115194,0.0396600566572238,1812.0,0.0,0.0,0.0,673,0.0,0.0,0.0,258.83,0.0,0.0,0.0
2024-04-17,538.5,59404.0,38898.0,553.0,208500.0,57291.0,-14.5,-0.0269266480965145,-5570.0,6316.0,-11886.0,0.6789548096559551,0.284911270983212,-0.0217983651226157,-0.0353784146887594,-0.0064575645756457,1812.0,0.0,0.0,0.0,673,0.0,0.0,0.0,258.83,0.0,0.0,0.0
2024-04-18,536.75,57250.0,35421.0,551.5,211206.0,54452.0,-14.75,-0.0274802049370703,-2154.0,2706.0,-4860.0,0.6504995225152309,0.2710623751219176,-0.0032497678737233,-0.0276268115942028,-0.0298237686398553,1812.0,0.0,0.0,0.0,673,0.0,0.0,0.0,258.83,0.0,0.0,0.0
2024-04-19,550.25,52795.0,29394.0,567.0,212355.0,50746.0,-16.75,-0.0304407087686861,-4455.0,1149.0,-5604.0,0.5792377724352544,0.2486167031621565,0.0251513740102469,-0.0090049527239981,0.0082455336692623,1812.0,0.0,0.0,0.0,673,0.0,0.0,0.0,258.83,0.0,0.0,0.0
2024-04-22,570.75,46073.0,50920.0,588.0,214874.0,107776.0,-17.25,-0.0302233902758997,-6722.0,2519.0,-9241.0,0.4724614014251737,0.2144186825767649,0.0372557928214447,0.0344358858178523,0.0415145985401459,1812.0,0.0,0.0,0.0,673,0.0,0.0,0.0,258.83,0.0,0.0,0.0
2024-04-23,584.0,35381.0,42554.0,601.75,211591.0,95163.0,-17.75,-0.0303938356163863,-10692.0,-3283.0,-7409.0,0.4471695932242526,0.1672141064601038,0.0232150678931231,0.0608537693006356,0.0503597122302157,1812.0,0.0,0.0,0.0,673,0.0,0.0,0.0,258.83,0.0,0.0,0.0
2024-04-24,593.0,28816.0,27546.0,613.5,212076.0,94397.0,-20.5,-0.0345699831365352,-6565.0,485.0,-7050.0,0.2918101210843534,0.1358758181029436,0.0154109589041095,0.1012070566388114,0.0675067506750675,1812.0,0.0,0.0,0.0,673,0.0,0.0,0.0,258.83,0.0,0.0,0.0
2024-04-25,602.0,25371.0,25972.0,620.5,212061.0,96546.0,-18.5,-0.0307308970099157,-3445.0,-15.0,-3430.0,0.2690116628342938,0.1196401035551085,0.0151770657672849,0.1215649743828597,0.1091662828189774,1812.0,0.0,0.0,0.0,673,0.0,0.0,0.0,258.83,0.0,0.0,0.0
2024-04-26,598.75,10157.0,28595.0,621.25,209455.0,102785.0,-22.5,-0.037578288100146,-15214.0,-2606.0,-12608.0,0.2782020722868095,0.0484925162922821,-0.0053986710963455,0.0881417537482962,0.0936073059360731,1812.0,0.0,0.0,0.0,673,0.0,0.0,0.0,258.83,0.0,0.0,0.0
2024-04-29,561.0,2494.0,17080.0,608.0,210057.0,100118.0,-47.0,-0.0837789661317579,-7663.0,602.0,-8265.0,0.1705986935416192,0.0118729678134981,-0.0630480167014614,-0.0170827858081471,-0.0008904719501335,1812.0,0.0,0.0,0.0,673,0.0,0.0,0.0,258.83,0.0,0.0,0.0
2024-04-30,561.0,1353.0,1411.0,604.25,207537.0,86577.0,-43.25,-0.0770944741531602,-1141.0,-2520.0,1379.0,0.0162976310105453,0.0065193194466528,0.0,-0.0393835616438356,0.0058269834155086,1812.0,0.0,0.0,0.0,698,25.0,25.0,4.283814167712957,258.27,-0.5600000000000023,-0.5600000000000023,-3.387218126296332
2024-05-01,561.0,609.0,505.0,600.0,205499.0,64885.0,-39.0,-0.0695187165774161,-744.0,-2038.0,1294.0,0.0077830006935345,0.0029635180706475,0.0,-0.0539629005059022,0.0288858321870701,1812.0,0.0,0.0,0.0,698,0.0,0.0,0.0,258.27,0.0,0.0,0.0
2024-05-02,561.0,368.0,67.0,603.0,206111.0,65654.0,-42.0,-0.0748663101602943,-241.0,612.0,-853.0,0.0010205014165168,0.0017854457064397,0.0,-0.0681063122923587,0.0099009900990099,1812.0,0.0,0.0,0.0,698,0.0,0.0,0.0,258.27,0.0,0.0,0.0
2024-05-03,561.0,259.0,226.0,623.0,203462.0,96590.0,-62.0,-0.1105169340461488,-109.0,-2649.0,2540.0,0.0023397867274044,0.0012729649762609,0.0,-0.0630480167014614,0.0076335877862594,1812.0,0.0,0.0,0.0,698,0.0,0.0,0.0,258.27,0.0,0.0,0.0
2024-05-06,561.0,184.0,148.0,645.25,202137.0,107311.0,-84.25,-0.1501782531191619,-75.0,-1325.0,1250.0,0.0013791689575159,0.0009102737252457,0.0,0.0,-0.0123239436619718,1812.0,0.0,0.0,0.0,698,0.0,0.0,0.0,258.27,0.0,0.0,0.0
2024-05-07,561.0,79.0,52.0,643.0,200132.0,88539.0,-82.0,-0.1461675579320032,-105.0,-2005.0,1900.0,0.0005873118060967,0.0003947394719485,0.0,0.0,-0.0083959346000883,1812.0,0.0,0.0,0.0,698,0.0,0.0,0.0,258.27,0.0,0.0,0.0
2024-05-08,561.0,39.0,20.0,634.25,198123.0,70498.0,-73.25,-0.1305704099819419,-40.0,-2009.0,1969.0,0.0002836959913756,0.0001968474129707,0.0,0.0,0.0058269834155086,1812.0,0.0,0.0,0.0,698,0.0,0.0,0.0,258.27,0.0,0.0,0.0
2024-05-09,561.0,97.0,125.0,637.0,196498.0,62479.0,-76.0,-0.1354723707662469,58.0,-1625.0,1683.0,0.0020006722258678,0.0004936437012081,0.0,0.0,0.0049261083743843,1812.0,0.0,0.0,0.0,698,0.0,0.0,0.0,258.27,0.0,0.0,0.0
2024-05-10,561.0,62.0,57.0,661.5,201096.0,96614.0,-100.5,-0.1791443850264186,-35.0,4598.0,-4633.0,0.000589976607945,0.0003083104586863,0.0,0.0,0.0163043478260869,1812.0,0.0,0.0,0.0,698,0.0,0.0,0.0,258.27,0.0,0.0,0.0
2024-05-13,535.25,35.0,33.0,686.25,203618.0,101033.0,-151.0,-0.2821111630074132,-27.0,2522.0,-2549.0,0.0003266259538962,0.0001718905008398,-0.0459001782531194,-0.0459001782531194,-0.0360198108959928,1812.0,0.0,0.0,0.0,698,0.0,0.0,0.0,258.27,0.0,0.0,0.0
2024-05-14,,19.0,19.0,674.75,202015.0,86543.0,,,-16.0,-1603.0,1587.0,0.0002195440416902,9.405242184986216e-05,0.0,-0.0459001782531194,-0.0299048482102401,1812.0,0.0,0.0,0.0,698,0.0,0.0,0.0,258.27,0.0,0.0,0.0
2024-05-15,666.75,200552.0,89540.0,683.0,81246.0,26187.0,-16.25,-0.0243719535057752,200533.0,-120769.0,321302.0,3.419253828235253,2.4684538315732163,0.2456795889771135,0.1885026737967914,0.2111716621253405,1812.0,0.0,0.0,0.0,698,0.0,0.0,0.0,258.27,0.0,0.0,0.0
2024-05-16,663.25,198065.0,68479.0,682.5,81478.0,17132.0,-19.25,-0.0290237467018032,-2487.0,232.0,-2719.0,3.99713985524142,2.4309015930680373,-0.005249343832021,0.1822638146167559,0.2316620241411326,1812.0,0.0,0.0,0.0,698,0.0,0.0,0.0,258.27,0.0,0.0,0.0
2024-05-17,651.0,197330.0,62410.0,670.5,81068.0,18396.0,-19.5,-0.0299539170506452,-735.0,-410.0,-325.0,3.3925853446399548,2.4341293728721265,-0.0184696569920844,0.160427807486631,0.2128551467163484,1812.0,0.0,0.0,0.0,698,0.0,0.0,0.0,258.27,0.0,0.0,0.0
2024-05-20,687.5,200112.0,93314.0,690.0,81745.0,33237.0,-2.5,-0.0036363636363583,2782.0,677.0,2105.0,2.807533772602738,2.448002935959356,0.0560675883256529,0.2844465203176085,0.2494320763289415,1812.0,0.0,0.0,0.0,698,0.0,0.0,0.0,258.27,0.0,0.0,0.0
2024-05-21,698.25,198779.0,88258.0,707.0,85381.0,36780.0,-8.75,-0.012531328320784,-1333.0,3636.0,-4969.0,2.399619358346863,2.328140921282225,0.0156363636363636,0.3045305931807567,0.2233902759526937,1812.0,0.0,0.0,0.0,698,0.0,0.0,0.0,258.27,0.0,0.0,0.0
2024-05-22,693.75,203377.0,89819.0,707.0,87398.0,34397.0,-13.25,-0.0190990990990715,4598.0,2017.0,2581.0,2.611245166729581,2.327021213300049,-0.0064446831364124,0.0404949381327333,0.1879280821917808,1812.0,0.0,0.0,0.0,698,0.0,0.0,0.0,258.27,0.0,0.0,0.0
2024-05-23,700.0,201832.0,68180.0,718.0,88173.0,23181.0,-18.0,-0.0257142857142489,-1545.0,775.0,-2320.0,2.9412018463395477,2.289045399385273,0.0090090090090089,0.0554089709762533,0.1804384485666104,1812.0,0.0,0.0,0.0,698,0.0,0.0,0.0,258.27,0.0,0.0,0.0
2024-05-24,702.25,199837.0,70621.0,705.0,89743.0,24280.0,-2.75,-0.003915984336057,-1995.0,1570.0,-3565.0,2.9086079077428786,2.2267697759156455,0.0032142857142856,0.0787250384024578,0.1665282392026579,1812.0,0.0,0.0,0.0,698,0.0,0.0,0.0,258.27,0.0,0.0,0.0
2024-05-28,702.0,200143.0,73681.0,723.0,91577.0,27411.0,-21.0,-0.0299145299144873,306.0,1834.0,-1528.0,2.6880084637553288,2.1855160138462475,-0.0003559985760056,0.021090909090909,0.1724425887265135,1812.0,0.0,0.0,0.0,698,0.0,0.0,0.0,258.27,0.0,0.0,0.0
2024-05-29,692.75,199052.0,63288.0,706.0,92578.0,27109.0,-13.25,-0.0191266690725093,-1091.0,1001.0,-2092.0,2.3345752333172625,2.150100455831816,-0.0131766381766381,-0.007876834944504,0.2348484848484848,1812.0,0.0,0.0,0.0,698,0.0,0.0,0.0,258.27,0.0,0.0,0.0
2024-05-30,680.25,200884.0,68977.0,692.0,95152.0,29935.0,-11.75,-0.0172730613744692,1832.0,2574.0,-742.0,2.30422582261559,2.1111905162266464,-0.0180440274269216,-0.0194594594594594,0.2125668449197861,1812.0,0.0,0.0,0.0,698,0.0,0.0,0.0,258.27,0.0,0.0,0.0
2024-05-31,679.75,200539.0,54291.0,690.0,94723.0,24983.0,-10.25,-0.0150790731886501,-345.0,-429.0,84.0,2.1731177200495466,2.1171098888337347,-0.0007350238882763,-0.0289285714285714,0.2116755793226381,1858.0,46.0,46.0,4.898979485044617,766,68.0,68.0,4.664224743083764,253.61,-4.659999999999968,-4.659999999999968,-4.889231464471733
2024-06-03,673.0,196045.0,84111.0,689.0,96588.0,35459.0,-16.0,-0.0237741456166065,-4494.0,1865.0,-6359.0,2.372063509969194,2.0297034828342855,-0.00993012136815,-0.0416518333926664,0.1996434937611408,1858.0,0.0,0.0,0.0,766,0.0,0.0,0.0,253.61,0.0,0.0,0.0
2024-06-04,658.25,191385.0,82162.0,679.0,95423.0,36002.0,-20.75,-0.0315229775920523,-4660.0,-1165.0,-3495.0,2.282150991611514,2.0056485333724363,-0.0219167904903417,-0.0623219373219373,0.1733511586452762,1858.0,0.0,0.0,0.0,766,0.0,0.0,0.0,253.61,0.0,0.0,0.0
2024-06-05,648.0,186283.0,84832.0,664.0,96348.0,40873.0,-16.0,-0.0246913580246532,-5102.0,925.0,-6027.0,2.075502165243509,1.9334391995682116,-0.0155715913406759,-0.0645976181883796,0.1550802139037432,1858.0,0.0,0.0,0.0,766,0.0,0.0,0.0,253.61,0.0,0.0,0.0
2024-06-06,639.75,180910.0,83045.0,660.0,98046.0,38610.0,-20.25,-0.031652989448954,-5373.0,1698.0,-7071.0,2.1508676508675952,1.8451543153213608,-0.0127314814814815,-0.0595369349503859,0.1403743315508021,1858.0,0.0,0.0,0.0,766,0.0,0.0,0.0,253.61,0.0,0.0,0.0
2024-06-07,626.25,164308.0,131164.0,647.0,101279.0,80587.0,-20.75,-0.0331337325348772,-16602.0,3233.0,-19835.0,1.627607430478841,1.6223303942574312,-0.0211019929660023,-0.0787054063994115,0.1163101604278074,1858.0,0.0,0.0,0.0,766,0.0,0.0,0.0,253.61,0.0,0.0,0.0
2024-06-10,607.0,153766.0,119712.0,628.0,113420.0,69155.0,-21.0,-0.0345963756177354,-10542.0,12141.0,-22683.0,1.731067890969536,1.355722094868618,-0.0307385229540918,-0.0980683506686478,0.0819964349376114,1858.0,0.0,0.0,0.0,766,0.0,0.0,0.0,253.61,0.0,0.0,0.0
2024-06-11,626.0,129137.0,132289.0,645.0,112897.0,90345.0,-19.0,-0.030351437699632,-24629.0,-523.0,-24106.0,1.4642647628534895,1.1438479321859647,0.0313014827018121,-0.0489935434865173,0.1158645276292336,1858.0,0.0,0.0,0.0,766,0.0,0.0,0.0,253.61,0.0,0.0,0.0
2024-06-12,614.25,119097.0,84288.0,630.25,118377.0,57937.0,-16.0,-0.0260480260479836,-10040.0,5480.0,-15520.0,1.4548216165835053,1.0060822626016792,-0.0187699680511181,-0.0520833333333333,0.1475945819710415,1858.0,0.0,0.0,0.0,766,0.0,0.0,0.0,253.61,0.0,0.0,0.0
2024-06-13,618.5,109774.0,77149.0,635.0,129501.0,66238.0,-16.5,-0.0266774454324548,-9323.0,11124.0,-20447.0,1.1647241764545857,0.8476691299681017,0.0069190069190068,-0.0332161000390777,0.155534796823914,1858.0,0.0,0.0,0.0,766,0.0,0.0,0.0,253.61,0.0,0.0,0.0
2024-06-14,611.75,96585.0,73733.0,626.5,136943.0,61720.0,-14.75,-0.0241111565181461,-13189.0,7442.0,-20631.0,1.194637070641588,0.7052934432574086,-0.0109135004042036,-0.0231536926147704,-0.0824896887889014,1858.0,0.0,0.0,0.0,766,0.0,0.0,0.0,253.61,0.0,0.0,0.0
2024-06-17,590.75,89404.0,71030.0,605.5,146682.0,58028.0,-14.75,-0.0249682606855269,-7181.0,9739.0,-16920.0,1.224064244847294,0.6095090058766542,-0.0343277482631794,-0.0267710049423394,-0.1093102148511119,1858.0,0.0,0.0,0.0,766,0.0,0.0,0.0,253.61,0.0,0.0,0.0
2024-06-18,580.0,81758.0,59959.0,600.0,154513.0,61773.0,-20.0,-0.0344827586206302,-7646.0,7831.0,-15477.0,0.9706344195684042,0.5291334709700768,-0.0181972069403301,-0.0734824281150159,-0.109062980030722,1858.0,0.0,0.0,0.0,766,0.0,0.0,0.0,253.61,0.0,0.0,0.0
2024-06-20,570.0,71810.0,66902.0,584.5,171156.0,93729.0,-14.5,-0.0254385964911834,-9948.0,16643.0,-26591.0,0.7137812203266789,0.4195587651031783,-0.0172413793103448,-0.072039072039072,-0.1709090909090909,1858.0,0.0,0.0,0.0,766,0.0,0.0,0.0,253.61,0.0,0.0,0.0
2024-06-21,562.5,47416.0,67572.0,576.75,179126.0,89671.0,-14.25,-0.0253333333332882,-24394.0,7970.0,-32364.0,0.7535546609271586,0.2647075243124936,-0.0131578947368421,-0.0905416329830234,-0.1944146079484425,1858.0,0.0,0.0,0.0,766,0.0,0.0,0.0,253.61,0.0,0.0,0.0
2024-06-24,552.25,33167.0,36639.0,571.0,187046.0,81433.0,-18.75,-0.0339520144861313,-14249.0,7920.0,-22169.0,0.449928161801721,0.1773200175357924,-0.0182222222222222,-0.0972619534123416,-0.203963963963964,1858.0,0.0,0.0,0.0,766,0.0,0.0,0.0,253.61,0.0,0.0,0.0
2024-06-25,540.0,21685.0,29811.0,559.25,197170.0,85876.0,-19.25,-0.0356481481480821,-11482.0,10124.0,-21606.0,0.3471400624155719,0.1099812344677176,-0.0221819827976459,-0.085907744392721,-0.2285714285714285,1858.0,0.0,0.0,0.0,766,0.0,0.0,0.0,253.61,0.0,0.0,0.0
2024-06-26,539.0,13040.0,19701.0,559.0,207074.0,81213.0,-20.0,-0.0371057513913968,-8645.0,9904.0,-18549.0,0.242584315318973,0.062972657117745,-0.0018518518518518,-0.0706896551724137,-0.2324670701317195,1858.0,0.0,0.0,0.0,766,0.0,0.0,0.0,253.61,0.0,0.0,0.0
2024-06-27,539.0,2680.0,18205.0,580.5,214682.0,89972.0,-41.5,-0.0769944341371484,-10360.0,7608.0,-17968.0,0.2023407282265571,0.0124835803653775,0.0,-0.0543859649122806,-0.2321937321937321,1858.0,0.0,0.0,0.0,766,0.0,0.0,0.0,253.61,0.0,0.0,0.0
2024-06-28,538.0,1130.0,1450.0,575.0,217379.0,74338.0,-37.0,-0.0687732342006156,-1550.0,2697.0,-4247.0,0.0195055018967416,0.005198294223453,-0.0018552875695733,-0.0435555555555555,-0.2233850595452905,1858.0,0.0,0.0,0.0,766,0.0,0.0,0.0,253.61,0.0,0.0,0.0
2024-07-01,,591.0,339.0,589.25,215181.0,76771.0,,,-539.0,-2198.0,1659.0,0.0044157298980083,0.0027465250184728,0.0,-0.0258035310095066,-0.2091142962146269,1875.0,17.0,17.0,1.722761612415093,758,-8.0,-8.0,-0.5695366274302868,252.27,-1.3400000000000034,-1.3400000000000034,-1.369767494704606
2024-07-02,,394.0,283.0,581.75,213926.0,53054.0,,,-197.0,-1255.0,1058.0,0.0053341878086476,0.0018417583650421,0.0,-0.0037037037037036,-0.2085325487311511,1875.0,0.0,0.0,0.0,758,0.0,0.0,0.0,252.27,0.0,0.0,0.0
2024-07-03,,229.0,193.0,573.5,214463.0,43946.0,,,-165.0,537.0,-702.0,0.0043917535156782,0.0010677832539878,0.0,-0.0018552875695733,-0.200594353640416,1875.0,0.0,0.0,0.0,758,0.0,0.0,0.0,252.27,0.0,0.0,0.0
2024-07-05,,167.0,127.0,591.75,212795.0,46458.0,,,-62.0,-1668.0,1606.0,0.0027336519006413,0.0007847928757724,0.0,-0.0018552875695733,-0.1826813520698822,1875.0,0.0,0.0,0.0,758,0.0,0.0,0.0,252.27,0.0,0.0,0.0
2024-07-08,,151.0,73.0,570.0,214734.0,61332.0,,,-16.0,1939.0,-1955.0,0.0011902432661579,0.0007031955815101,0.0,0.0,-0.169753086419753,1875.0,0.0,0.0,0.0,758,0.0,0.0,0.0,252.27,0.0,0.0,0.0
2024-07-09,,119.0,49.0,572.0,212635.0,51191.0,,,-32.0,-2099.0,2067.0,0.0009571995077259,0.0005596444611658,0.0,0.0,-0.1590465025400547,1875.0,0.0,0.0,0.0,758,0.0,0.0,0.0,252.27,0.0,0.0,0.0
2024-07-10,,152.0,84.0,561.25,211270.0,62795.0,,,33.0,-1365.0,1398.0,0.0013376861215064,0.0007194585128035,0.0,0.0,-0.1409181636726546,1875.0,0.0,0.0,0.0,758,0.0,0.0,0.0,252.27,0.0,0.0,0.0
2024-07-11,,28.0,30.0,571.25,203273.0,72519.0,,,-124.0,-7997.0,7873.0,0.0004136846895296,0.0001377457901442,0.0,0.0,-0.113673805601318,1875.0,0.0,0.0,0.0,758,0.0,0.0,0.0,252.27,0.0,0.0,0.0
2024-07-12,,79.0,90.0,550.75,204249.0,79921.0,,,51.0,976.0,-925.0,0.0011261120356351,0.0003867827994261,0.0,0.0,-0.1405750798722045,1875.0,0.0,0.0,0.0,758,0.0,0.0,0.0,252.27,0.0,0.0,0.0
2024-07-15,531.25,205449.0,76571.0,558.0,127356.0,33913.0,-26.75,-0.0503529411763758,205370.0,-76893.0,282263.0,2.257865715212389,1.613186657872408,-0.0125464684014869,-0.0125464684014869,-0.1351241351241351,1875.0,0.0,0.0,0.0,758,0.0,0.0,0.0,252.27,0.0,0.0,0.0
2024-07-16,530.0,206691.0,63371.0,555.0,128055.0,25966.0,-25.0,-0.0471698113206657,1242.0,699.0,543.0,2.440537626126379,1.6140798875483064,-0.0023529411764705,-0.0148698884758364,-0.1430881164106709,1875.0,0.0,0.0,0.0,758,0.0,0.0,0.0,252.27,0.0,0.0,0.0
2024-07-17,541.5,205506.0,52555.0,561.0,130594.0,19646.0,-19.5,-0.0360110803323434,-1185.0,2539.0,-3724.0,2.675099256846041,1.5736251282600917,0.0216981132075471,0.0065055762081784,-0.1148344912137311,1875.0,0.0,0.0,0.0,758,0.0,0.0,0.0,252.27,0.0,0.0,0.0
2024-07-18,534.75,207076.0,50518.0,558.0,131683.0,19795.0,-23.25,-0.0434782608694839,1570.0,1089.0,481.0,2.5520586006566024,1.572534040081092,-0.0124653739612188,-0.0060408921933085,-0.0947947524333474,1875.0,0.0,0.0,0.0,758,0.0,0.0,0.0,252.27,0.0,0.0,0.0
2024-07-19,544.75,207303.0,67049.0,566.0,131186.0,23444.0,-21.25,-0.0390087195960734,227.0,-497.0,724.0,2.859964169936749,1.580221974905847,0.0187003272557269,0.012546468401487,-0.0607758620689655,1875.0,0.0,0.0,0.0,758,0.0,0.0,0.0,252.27,0.0,0.0,0.0
2024-07-22,547.75,208087.0,48547.0,569.0,130622.0,23956.0,-21.25,-0.0387950707438817,784.0,-564.0,1348.0,2.026506929370428,1.5930471130437325,0.0055071133547499,0.0310588235294118,-0.0390350877192982,1875.0,0.0,0.0,0.0,758,0.0,0.0,0.0,252.27,0.0,0.0,0.0
2024-07-23,542.5,208093.0,41164.0,567.75,130748.0,18191.0,-25.25,-0.0465437788017575,6.0,126.0,-120.0,2.2628772469901453,1.5915578058555266,-0.0095846645367412,0.0235849056603774,-0.0355555555555555,1875.0,0.0,0.0,0.0,758,0.0,0.0,0.0,252.27,0.0,0.0,0.0
2024-07-24,547.5,204023.0,51655.0,569.25,129309.0,24442.0,-21.75,-0.0397260273971877,-4070.0,-1439.0,-2631.0,2.1133704279517995,1.577794275727122,0.0092165898617511,0.0110803324099721,-0.0086011770031688,1875.0,0.0,0.0,0.0,758,0.0,0.0,0.0,252.27,0.0,0.0,0.0
2024-07-25,537.0,203950.0,44805.0,560.75,129312.0,20378.0,-23.75,-0.0442271880818543,-73.0,3.0,-76.0,2.198694670723221,1.5771931452610617,-0.0191780821917808,0.0042075736325386,-0.0055555555555555,1875.0,0.0,0.0,0.0,758,0.0,0.0,0.0,252.27,0.0,0.0,0.0
2024-07-26,522.75,206281.0,56593.0,547.75,132547.0,25028.0,-25.0,-0.0478240076517497,2331.0,3235.0,-904.0,2.261187470033472,1.556285694885576,-0.026536312849162,-0.0403854979348324,-0.0301484230055658,1875.0,0.0,0.0,0.0,758,0.0,0.0,0.0,252.27,0.0,0.0,0.0
2024-07-29,530.0,208572.0,53527.0,556.0,133052.0,23508.0,-26.0,-0.0490566037734923,2291.0,505.0,1786.0,2.276969542283381,1.5675976310014013,0.0138689622190339,-0.032405294386125,-0.0166975881261595,1875.0,0.0,0.0,0.0,758,0.0,0.0,0.0,252.27,0.0,0.0,0.0
2024-07-30,522.5,209073.0,50329.0,545.0,135512.0,21840.0,-22.5,-0.0430622009568553,501.0,2460.0,-1959.0,2.3044413919412863,1.542837534683264,-0.0141509433962264,-0.0368663594470045,-0.028810408921933,1875.0,0.0,0.0,0.0,758,0.0,0.0,0.0,252.27,0.0,0.0,0.0
2024-07-31,526.75,206636.0,60814.0,551.0,138624.0,31722.0,-24.25,-0.0460370194588589,-2437.0,3112.0,-5549.0,1.91709223882473,1.4906221144967575,0.0081339712918659,-0.0378995433789954,-0.0209107806691449,2008.0,133.0,133.0,4.886235471669249,856,98.0,98.0,4.865612685403389,257.24,4.969999999999999,4.969999999999999,4.679213483928655
2024-08-01,533.0,208121.0,56989.0,555.75,141505.0,34733.0,-22.75,-0.0426829268291882,1485.0,2881.0,-1396.0,1.6407739037802196,1.4707678173916012,0.0118652112007593,-0.0074487895716945,-0.0092936802973977,2008.0,0.0,0.0,0.0,856,0.0,0.0,0.0,257.24,0.0,0.0,0.0
2024-08-02,539.75,205043.0,51484.0,557.0,143775.0,28788.0,-17.25,-0.0319592403890098,-3078.0,2270.0,-5348.0,1.7883840489092055,1.4261380629455649,0.0126641651031895,0.0325203252032519,0.0032527881040891,2008.0,0.0,0.0,0.0,856,0.0,0.0,0.0,257.24,0.0,0.0,0.0
2024-08-05,540.5,200223.0,60219.0,564.0,144197.0,36822.0,-23.5,-0.0434782608694847,-4820.0,422.0,-5242.0,1.6354081798924114,1.3885379030076814,0.001389532190829,0.019811320754717,0.0046468401486989,2008.0,0.0,0.0,0.0,856,0.0,0.0,0.0,257.24,0.0,0.0,0.0
2024-08-06,544.0,196816.0,59182.0,562.5,142701.0,32646.0,-18.5,-0.0340073529411139,-3407.0,-1496.0,-1911.0,1.812840776817931,1.3792194868991712,0.0064754856614246,0.0411483253588516,0.0111524163568772,2008.0,0.0,0.0,0.0,856,0.0,0.0,0.0,257.24,0.0,0.0,0.0
2024-08-07,539.0,186338.0,79911.0,563.25,141910.0,61838.0,-24.25,-0.0449907235620686,-10478.0,-791.0,-9687.0,1.292263656651229,1.3130716651398682,-0.0091911764705882,0.0232558139534884,0.0018587360594795,2008.0,0.0,0.0,0.0,856,0.0,0.0,0.0,257.24,0.0,0.0,0.0
2024-08-08,536.5,173960.0,67628.0,559.0,141680.0,56395.0,-22.5,-0.0419384902142741,-12378.0,-230.0,-12148.0,1.1991843248514726,1.2278373800112845,-0.0046382189239332,0.0065666041275798,-0.0027881040892193,2008.0,0.0,0.0,0.0,856,0.0,0.0,0.0,257.24,0.0,0.0,0.0
2024-08-09,542.25,159702.0,82400.0,563.0,146998.0,62029.0,-20.75,-0.0382664822498141,-14258.0,5318.0,-19576.0,1.3284109045768702,1.0864229445298503,0.01071761416589,0.0046317739694303,0.0078996282527881,2008.0,0.0,0.0,0.0,856,0.0,0.0,0.0,257.24,0.0,0.0,0.0
2024-08-12,536.5,139908.0,84754.0,559.75,154354.0,68344.0,-23.25,-0.0433364398880832,-19794.0,7356.0,-27150.0,1.2401088610558169,0.9064099407854612,-0.0106039649608113,-0.0074005550416281,-0.0027881040892193,2008.0,0.0,0.0,0.0,856,0.0,0.0,0.0,257.24,0.0,0.0,0.0
2024-08-13,528.75,130524.0,67772.0,551.5,163862.0,61344.0,-22.75,-0.043026004728051,-9384.0,9508.0,-18892.0,1.1047861241523034,0.7965483150455823,-0.0144454799627213,-0.0280330882352941,-0.0047058823529412,2008.0,0.0,0.0,0.0,856,0.0,0.0,0.0,257.24,0.0,0.0,0.0
2024-08-14,536.0,115097.0,84253.0,555.0,181710.0,83832.0,-19.0,-0.0354477611939637,-15427.0,17848.0,-33275.0,1.0050219486592111,0.633410379175606,0.0137115839243497,-0.0055658627087198,0.0113207547169811,2008.0,0.0,0.0,0.0,856,0.0,0.0,0.0,257.24,0.0,0.0,0.0
2024-08-15,527.0,104947.0,69556.0,548.5,190862.0,68365.0,-21.5,-0.0407969639467916,-10150.0,9152.0,-19302.0,1.0174211950559346,0.549858012595485,-0.0167910447761193,-0.0177073625349487,-0.0267774699907663,2008.0,0.0,0.0,0.0,856,0.0,0.0,0.0,257.24,0.0,0.0,0.0
2024-08-16,528.25,99683.0,52852.0,551.0,198507.0,53216.0,-22.75,-0.0430667297680207,-5264.0,7645.0,-12909.0,0.9931599518941484,0.5021636516596367,0.0023719165085389,-0.0258183494698017,-0.0121552127162225,2008.0,0.0,0.0,0.0,856,0.0,0.0,0.0,257.24,0.0,0.0,0.0
2024-08-19,528.25,93172.0,46025.0,551.0,203494.0,55412.0,-22.75,-0.0430667297680207,-6511.0,4987.0,-11498.0,0.8305962607377314,0.457861165439765,0.0,-0.0153774464119291,-0.0302891234511243,2008.0,0.0,0.0,0.0,856,0.0,0.0,0.0,257.24,0.0,0.0,0.0
2024-08-20,533.0,84465.0,43754.0,558.0,209511.0,56212.0,-25.0,-0.0469043151969101,-8707.0,6017.0,-14724.0,0.7783747242581517,0.4031530564027645,0.0089919545669663,0.0080378250591015,-0.0269283432222728,2008.0,0.0,0.0,0.0,856,0.0,0.0,0.0,257.24,0.0,0.0,0.0
2024-08-21,520.0,77497.0,35065.0,545.5,216705.0,62326.0,-25.5,-0.0490384615383672,-6968.0,7194.0,-14162.0,0.5626062959278542,0.3576151911584857,-0.024390243902439,-0.0298507462686566,-0.0414746543778802,2008.0,0.0,0.0,0.0,856,0.0,0.0,0.0,257.24,0.0,0.0,0.0
2024-08-22,510.25,72183.0,44564.0,534.5,230678.0,79305.0,-24.25,-0.0475257226848652,-5314.0,13973.0,-19287.0,0.5619317823592388,0.3129167064045973,-0.01875,-0.0317836812144212,-0.0680365296803653,2008.0,0.0,0.0,0.0,856,0.0,0.0,0.0,257.24,0.0,0.0,0.0
2024-08-23,505.0,53845.0,48966.0,530.0,236986.0,79874.0,-25.0,-0.0495049504949514,-18338.0,6308.0,-24646.0,0.6130405388486789,0.2272075143679364,-0.0102890739833414,-0.0440132513014671,-0.0595903165735568,2008.0,0.0,0.0,0.0,856,0.0,0.0,0.0,257.24,0.0,0.0,0.0
2024-08-26,497.25,33321.0,39317.0,524.5,244275.0,77414.0,-27.25,-0.054801407742474,-20524.0,7289.0,-27813.0,0.5078797116800513,0.1364077371814547,-0.0153465346534653,-0.0586843350686228,-0.048780487804878,2008.0,0.0,0.0,0.0,856,0.0,0.0,0.0,257.24,0.0,0.0,0.0
2024-08-27,507.5,19006.0,31510.0,535.0,245802.0,82483.0,-27.5,-0.0541871921181198,-14315.0,1527.0,-15842.0,0.3820181128232437,0.0773223977022152,0.0206133735545499,-0.0478424015009381,-0.0424528301886792,2008.0,0.0,0.0,0.0,856,0.0,0.0,0.0,257.24,0.0,0.0,0.0
2024-08-28,491.5,10068.0,19344.0,540.75,246141.0,70938.0,-49.25,-0.1002034587993892,-8938.0,339.0,-9277.0,0.2726888268628905,0.040903384645386,-0.0315270935960591,-0.0548076923076923,-0.0593301435406699,2008.0,0.0,0.0,0.0,856,0.0,0.0,0.0,257.24,0.0,0.0,0.0
2024-08-29,,2266.0,12493.0,547.75,249291.0,61566.0,,,-7802.0,3150.0,-10952.0,0.2029204431017087,0.009089778612144,0.0,-0.0367466927976481,-0.0669197911722828,2008.0,0.0,0.0,0.0,856,0.0,0.0,0.0,257.24,0.0,0.0,0.0
2024-08-30,,1408.0,830.0,551.75,247107.0,58075.0,,,-858.0,-2184.0,1326.0,0.0142918639690053,0.0056979365214259,0.0,-0.0267326732673267,-0.0778611632270168,2008.0,0.0,0.0,0.0,856,0.0,0.0,0.0,257.24,0.0,0.0,0.0
2024-09-03,,875.0,426.0,566.25,241056.0,79150.0,,,-533.0,-6051.0,5518.0,0.0053821857233101,0.0036298619407938,0.0,-0.0115635997988938,-0.0893932376100046,1982.0,-26.0,-26.0,-0.9323025641154656,828,-28.0,-28.0,-1.3306575663081637,256.62,-0.6200000000000045,-0.6200000000000045,-0.6032266348508428
2024-09-04,,758.0,156.0,580.0,232519.0,86307.0,,,-117.0,-8537.0,8420.0,0.0018075011296881,0.0032599486493576,0.0,-0.0315270935960591,-0.0906567992599445,1982.0,0.0,0.0,0.0,828,0.0,0.0,0.0,256.62,0.0,0.0,0.0
2024-09-05,,430.0,118.0,575.0,227876.0,68217.0,,,-328.0,-4643.0,4315.0,0.0017297741032293,0.0018869911706366,0.0,0.0,-0.0965073529411765,1982.0,0.0,0.0,0.0,828,0.0,0.0,0.0,256.62,0.0,0.0,0.0
2024-09-06,,22.0,429.0,566.75,223644.0,55118.0,,,-408.0,-4232.0,3824.0,0.0077833012808881,9.837062474289452e-05,0.0,0.0,-0.088126159554731,1982.0,0.0,0.0,0.0,828,0.0,0.0,0.0,256.62,0.0,0.0,0.0
2024-09-09,,22.0,1.0,568.0,221496.0,48300.0,,,0.0,-2148.0,2148.0,2.070393374741158e-05,9.93245927691692e-05,0.0,0.0,-0.0838769804287046,1982.0,0.0,0.0,0.0,828,0.0,0.0,0.0,256.62,0.0,0.0,0.0
2024-09-10,,20.0,7.0,573.25,219481.0,51922.0,,,-2.0,-2015.0,2013.0,0.0001348176110319,9.112406085264744e-05,0.0,0.0,-0.0935915168280313,1982.0,0.0,0.0,0.0,828,0.0,0.0,0.0,256.62,0.0,0.0,0.0
2024-09-11,,18.0,7.0,579.25,218439.0,45116.0,,,-2.0,-1042.0,1040.0,0.0001551555989006,8.24028676197928e-05,0.0,0.0,-0.0838769804287046,1982.0,0.0,0.0,0.0,828,0.0,0.0,0.0,256.62,0.0,0.0,0.0
2024-09-12,,,2.0,579.0,217276.0,74095.0,,,,-1163.0,,2.6992374654159833e-05,,0.0,0.0,-0.0704491725768321,1982.0,0.0,0.0,0.0,828,0.0,0.0,0.0,256.62,0.0,0.0,0.0
2024-09-13,,,,595.0,216431.0,89761.0,,,,-845.0,,,,0.0,0.0,-0.0830223880597015,1982.0,0.0,0.0,0.0,828,0.0,0.0,0.0,256.62,0.0,0.0,0.0
2024-09-16,578.0,210355.0,80580.0,586.25,80154.0,29542.0,-8.25,-0.0142733564013593,,-136277.0,,2.727642001218512,2.6243855578011996,0.1759918616480162,0.1759918616480162,0.096774193548387,1982.0,0.0,0.0,0.0,828,0.0,0.0,0.0,256.62,0.0,0.0,0.0
2024-09-17,576.25,209488.0,45713.0,596.0,79818.0,16307.0,-19.75,-0.0342733188719578,-867.0,-336.0,-531.0,2.8032746673206104,2.624570898794725,-0.0030276816608996,0.1724313326551374,0.0908660672030288,1982.0,0.0,0.0,0.0,828,0.0,0.0,0.0,256.62,0.0,0.0,0.0
2024-09-18,576.0,209184.0,47041.0,592.0,81438.0,13786.0,-16.0,-0.0277777777777295,-304.0,1620.0,-1924.0,3.4122297983459005,2.56862889560153,-0.0004338394793925,0.1719226856561546,0.0903928064363464,1982.0,0.0,0.0,0.0,828,0.0,0.0,0.0,256.62,0.0,0.0,0.0
2024-09-19,566.0,212165.0,51648.0,584.0,80673.0,16706.0,-18.0,-0.0318021201412865,2981.0,-765.0,3746.0,3.0915838620852933,2.6299381453521917,-0.0173611111111111,0.1515768056968462,0.0619136960600374,1982.0,0.0,0.0,0.0,828,0.0,0.0,0.0,256.62,0.0,0.0,0.0
2024-09-20,569.5,210723.0,60486.0,584.5,80669.0,16649.0,-15.0,-0.0263388937664155,-1442.0,-4.0,-1438.0,3.633010991650932,2.612193035738603,0.0061837455830389,0.1586978636826042,0.0951923076923078,1982.0,0.0,0.0,0.0,828,0.0,0.0,0.0,256.62,0.0,0.0,0.0
2024-09-23,581.5,213124.0,63331.0,599.0,80178.0,20333.0,-17.5,-0.0300945829750127,2401.0,-491.0,2892.0,3.114690404760581,2.65813564818276,0.0210711150131694,0.0060553633217992,0.1396374326310632,1982.0,0.0,0.0,0.0,828,0.0,0.0,0.0,256.62,0.0,0.0,0.0
2024-09-24,578.5,213525.0,52268.0,584.0,80250.0,16580.0,-5.5,-0.0095073465859818,401.0,72.0,329.0,3.1524728588659134,2.6607476635513687,-0.0051590713671538,0.0039045553145335,0.1455445544554454,1982.0,0.0,0.0,0.0,828,0.0,0.0,0.0,256.62,0.0,0.0,0.0
2024-09-25,589.75,213852.0,52959.0,600.25,81383.0,17518.0,-10.5,-0.0178041543026404,327.0,1133.0,-806.0,3.023119077520092,2.6277232345821284,0.0194468452895419,0.0238715277777776,0.1860231271995978,1982.0,0.0,0.0,0.0,828,0.0,0.0,0.0,256.62,0.0,0.0,0.0
2024-09-26,583.25,215496.0,69058.0,604.0,85282.0,26856.0,-20.75,-0.0355765109300718,1644.0,3899.0,-2255.0,2.5714179326778903,2.5268638165145925,-0.0110216193302247,0.0304770318021201,0.1492610837438424,1982.0,0.0,0.0,0.0,828,0.0,0.0,0.0,256.62,0.0,0.0,0.0
2024-09-27,579.75,215518.0,46189.0,600.0,85755.0,12761.0,-20.25,-0.0349288486415956,22.0,473.0,-451.0,3.619543922889772,2.5131829047868637,-0.0060008572653236,0.0179982440737489,0.1795523906408951,1982.0,0.0,0.0,0.0,828,0.0,0.0,0.0,256.62,0.0,0.0,0.0
2024-09-30,583.5,215391.0,58874.0,603.75,85547.0,22544.0,-20.25,-0.0347043701798891,-127.0,-208.0,81.0,2.611515259048855,2.517808923749488,0.0064683053040104,0.0034393809114359,0.1871820956256358,1982.0,0.0,0.0,0.0,828,0.0,0.0,0.0,257.22,0.6000000000000227,0.6000000000000227,3.3351613218634597
2024-10-01,597.5,217196.0,84582.0,611.0,86607.0,26959.0,-13.5,-0.0225941422593764,1805.0,1060.0,745.0,3.137430913609439,2.507834239726552,0.0239931448157668,0.0328435609334485,0.2156663275686674,1982.0,0.0,0.0,0.0,828,0.0,0.0,0.0,257.22,0.0,0.0,0.0
2024-10-02,614.25,213952.0,116431.0,620.0,90888.0,49172.0,-5.75,-0.0093610093609941,-3244.0,4281.0,-7525.0,2.367831286097731,2.354018132206646,0.0280334728033473,0.0415430267062315,0.2497456765005086,1982.0,0.0,0.0,0.0,828,0.0,0.0,0.0,257.22,0.0,0.0,0.0
2024-10-03,604.0,210778.0,78992.0,620.0,92983.0,33559.0,-16.0,-0.0264900662251217,-3174.0,2095.0,-5269.0,2.353824607407779,2.2668444769473743,-0.0166870166870166,0.0355765109301329,0.2288911495422176,1982.0,0.0,0.0,0.0,828,0.0,0.0,0.0,257.22,0.0,0.0,0.0
2024-10-04,590.5,210438.0,76333.0,610.0,94773.0,25791.0,-19.5,-0.0330228619813157,-340.0,1790.0,-2130.0,2.9596758559186167,2.2204425311006064,-0.0223509933774834,0.0185424752048297,0.2014242115971516,1982.0,0.0,0.0,0.0,828,0.0,0.0,0.0,257.22,0.0,0.0,0.0
2024-10-07,593.5,212195.0,55580.0,613.0,97603.0,22930.0,-19.5,-0.0328559393428258,1757.0,2830.0,-1073.0,2.423898822503165,2.1740622726760224,0.0050804403048263,0.0171379605826906,0.2075279755849439,1982.0,0.0,0.0,0.0,828,0.0,0.0,0.0,257.22,0.0,0.0,0.0
2024-10-08,594.75,208865.0,59037.0,615.75,100373.0,24824.0,-21.0,-0.0353089533416808,-3330.0,2770.0,-6100.0,2.378222687721464,2.080888286690623,0.0021061499578769,-0.004602510460251,0.2100712105798576,1982.0,0.0,0.0,0.0,828,0.0,0.0,0.0,257.22,0.0,0.0,0.0
2024-10-09,600.25,205976.0,55193.0,615.75,99732.0,23562.0,-15.5,-0.0258225739274871,-2889.0,-641.0,-2248.0,2.3424581953992725,2.0652949905747193,0.0092475830180747,-0.0227920227920227,0.2212614445574772,1982.0,0.0,0.0,0.0,828,0.0,0.0,0.0,257.22,0.0,0.0,0.0
2024-10-10,602.75,201769.0,60990.0,626.0,101380.0,25984.0,-23.25,-0.0385732061384677,-4207.0,1648.0,-5855.0,2.3472136699506487,1.9902248964292564,0.0041649312786338,-0.0020695364238411,0.2263479145473041,1982.0,0.0,0.0,0.0,828,0.0,0.0,0.0,257.22,0.0,0.0,0.0
2024-10-11,599.75,201616.0,75587.0,617.0,102123.0,29241.0,-17.25,-0.0287619841600187,-153.0,743.0,-896.0,2.5849663144214428,1.974246741674236,-0.0049771878888428,0.0156646909398814,0.2202441505595116,1982.0,0.0,0.0,0.0,828,0.0,0.0,0.0,257.22,0.0,0.0,0.0
2024-10-14,586.5,201233.0,55970.0,606.25,102472.0,18522.0,-19.75,-0.0336743393008803,-383.0,349.0,-732.0,3.0218118993627567,1.9637852291357447,-0.0220925385577324,-0.0117944397641112,0.1932858596134283,1982.0,0.0,0.0,0.0,828,0.0,0.0,0.0,257.22,0.0,0.0,0.0
2024-10-15,580.75,199475.0,69756.0,601.75,105227.0,32616.0,-21.0,-0.0361601377528434,-1758.0,2755.0,-4513.0,2.138704930095593,1.8956636604673525,-0.0098039215686274,-0.0235393022278268,0.0047577854671281,1982.0,0.0,0.0,0.0,828,0.0,0.0,0.0,257.22,0.0,0.0,0.0
2024-10-16,584.0,196136.0,57508.0,604.25,104321.0,28571.0,-20.25,-0.0346746575341872,-3339.0,-906.0,-2433.0,2.012810192152812,1.8801200141869625,0.0055962117950925,-0.0270720533111203,0.0134490238611713,1982.0,0.0,0.0,0.0,828,0.0,0.0,0.0,257.22,0.0,0.0,0.0
2024-10-17,589.5,195022.0,75298.0,612.0,103540.0,36498.0,-22.5,-0.0381679389312329,-1114.0,-781.0,-333.0,2.063071949147842,1.8835425922348668,0.009417808219178,-0.021982579842389,0.0234375,1982.0,0.0,0.0,0.0,828,0.0,0.0,0.0,257.22,0.0,0.0,0.0
2024-10-18,572.5,203011.0,82026.0,595.0,104634.0,31132.0,-22.5,-0.0393013100435994,7989.0,1094.0,6895.0,2.6347809328021765,1.9402010818662965,-0.0288379983036471,-0.0454355981659024,0.0114840989399294,1982.0,0.0,0.0,0.0,828,0.0,0.0,0.0,257.22,0.0,0.0,0.0
2024-10-21,572.75,202998.0,74088.0,591.0,104244.0,28196.0,-18.25,-0.0318638149279234,-13.0,-390.0,377.0,2.6276067527307907,1.947335098422912,0.0004366812227074,-0.0234441602728048,0.0057067603160667,1982.0,0.0,0.0,0.0,828,0.0,0.0,0.0,257.22,0.0,0.0,0.0
2024-10-22,576.25,203844.0,49868.0,592.0,107064.0,17946.0,-15.75,-0.0273318872016879,846.0,2820.0,-1974.0,2.7787807868047043,1.9039453037435377,0.0061108686163247,-0.0077486009470512,-0.0090283748925193,1982.0,0.0,0.0,0.0,828,0.0,0.0,0.0,257.22,0.0,0.0,0.0
2024-10-23,578.5,201918.0,57247.0,593.75,102747.0,24484.0,-15.25,-0.0263612791702223,-1926.0,-4317.0,2391.0,2.338139192942234,1.9651960641186412,0.0039045553145335,-0.009417808219178,0.0,1982.0,0.0,0.0,0.0,828,0.0,0.0,0.0,257.22,0.0,0.0,0.0
2024-10-24,581.75,198783.0,49883.0,592.0,103133.0,25154.0,-10.25,-0.0176192522560934,-3135.0,386.0,-3521.0,1.9831040788740564,1.9274432044059424,0.0056179775280897,-0.0131467345207803,-0.0135650699448919,1982.0,0.0,0.0,0.0,828,0.0,0.0,0.0,257.22,0.0,0.0,0.0
2024-10-25,569.25,200301.0,75987.0,586.0,103822.0,23960.0,-16.75,-0.0294246815985429,1518.0,689.0,829.0,3.171410684473991,1.9292731790949709,-0.0214868929952728,-0.0056768558951965,-0.0240034290612944,1982.0,0.0,0.0,0.0,828,0.0,0.0,0.0,257.22,0.0,0.0,0.0
2024-10-28,558.75,203594.0,61302.0,584.0,105909.0,23511.0,-25.25,-0.0451901565994717,3293.0,2087.0,1206.0,2.6073752711495635,1.922348431200352,-0.0184453227931489,-0.024443474465299,-0.0362225097024579,1982.0,0.0,0.0,0.0,828,0.0,0.0,0.0,257.22,0.0,0.0,0.0
2024-10-29,572.0,198443.0,67415.0,585.25,108671.0,30719.0,-13.25,-0.0231643356642951,-5151.0,2762.0,-7913.0,2.194570135746535,1.8260897571569064,0.0237136465324385,-0.0073752711496746,-0.0197086546700943,1982.0,0.0,0.0,0.0,828,0.0,0.0,0.0,257.22,0.0,0.0,0.0
2024-10-30,573.25,198516.0,68179.0,591.5,110258.0,30669.0,-18.25,-0.0318360226776592,73.0,1587.0,-1514.0,2.2230591150672594,1.800467993252174,0.0021853146853145,-0.0090751944684528,-0.0405857740585774,1982.0,0.0,0.0,0.0,828,0.0,0.0,0.0,257.22,0.0,0.0,0.0
2024-10-31,572.25,200088.0,61593.0,583.25,114128.0,24791.0,-11.0,-0.0192223678461874,1572.0,3870.0,-2298.0,2.484490339235913,1.7531894013738805,-0.0017444395987789,-0.0163300386764073,-0.0683760683760683,1971.0,-11.0,-11.0,-4.89897948338444,812,-16.0,-16.0,-4.898979484066365,257.72,0.5,0.5,3.2055424617919255
2024-11-01,567.5,200603.0,54164.0,585.0,118589.0,24352.0,-17.5,-0.030837004405232,515.0,4461.0,-3946.0,2.2242115637318403,1.6915818499186122,-0.0083005679335954,-0.0030742204655248,-0.0604304635761588,1971.0,0.0,0.0,0.0,812,0.0,0.0,0.0,257.72,0.0,0.0,0.0
2024-11-04,569.25,199822.0,55475.0,585.75,122828.0,27252.0,-16.5,-0.0289855072463258,-781.0,4239.0,-5020.0,2.0356304124467184,1.6268440420750836,0.0030837004405286,0.0187919463087249,-0.0359864521591871,1971.0,0.0,0.0,0.0,812,0.0,0.0,0.0,257.72,0.0,0.0,0.0
2024-11-05,572.25,195323.0,58641.0,583.5,130008.0,37407.0,-11.25,-0.0196592398426917,-4499.0,7180.0,-11679.0,1.567647766460781,1.5023921604824202,0.005270092226614,0.0004370629370629,-0.0358045492839089,1971.0,0.0,0.0,0.0,812,0.0,0.0,0.0,257.72,0.0,0.0,0.0
2024-11-06,574.25,194701.0,67945.0,592.5,132879.0,33777.0,-18.25,-0.0317805833695572,-622.0,2871.0,-3493.0,2.011575924445569,1.4652503405353634,0.0034949759720401,0.0017444395987789,-0.0344682639764607,1971.0,0.0,0.0,0.0,812,0.0,0.0,0.0,257.72,0.0,0.0,0.0
2024-11-07,571.75,185006.0,105864.0,586.25,140052.0,75597.0,-14.5,-0.0253607345867505,-9695.0,7173.0,-16868.0,1.4003730306758018,1.320980778567951,-0.0043535045711797,-0.0008737439930101,-0.0474802165764265,1971.0,0.0,0.0,0.0,812,0.0,0.0,0.0,257.72,0.0,0.0,0.0
2024-11-08,572.25,166499.0,112145.0,583.0,146729.0,81487.0,-10.75,-0.0187854958496832,-18507.0,6677.0,-25184.0,1.3762317915740991,1.1347381908143508,0.0008745080891998,0.0083700440528633,-0.0506014102032351,1971.0,0.0,0.0,0.0,812,0.0,0.0,0.0,257.72,0.0,0.0,0.0
2024-11-11,564.75,154704.0,125709.0,580.5,153381.0,83107.0,-15.75,-0.02788844621509,-11795.0,6652.0,-18447.0,1.5126162657778344,1.0086255794394283,-0.0131061598951507,-0.0079051383399209,-0.0583576490204251,1971.0,0.0,0.0,0.0,812,0.0,0.0,0.0,257.72,0.0,0.0,0.0
2024-11-12,553.25,143881.0,105727.0,567.0,166681.0,82726.0,-13.75,-0.0248531405331679,-10823.0,13300.0,-24123.0,1.2780383434470266,0.8632117637883091,-0.0203629924745462,-0.0332022717343818,-0.0566922421142369,1971.0,0.0,0.0,0.0,812,0.0,0.0,0.0,257.72,0.0,0.0,0.0
2024-11-13,541.0,132143.0,113238.0,552.0,185867.0,92342.0,-11.0,-0.0203327171903505,-11738.0,19186.0,-30924.0,1.226289229169812,0.7109546073267407,-0.0221418888386805,-0.0579016107966913,-0.0684459750322858,1971.0,0.0,0.0,0.0,812,0.0,0.0,0.0,257.72,0.0,0.0,0.0
2024-11-14,531.5,117860.0,89913.0,549.0,199655.0,87380.0,-17.5,-0.032925682031923,-14283.0,13788.0,-28071.0,1.0289883268482372,0.5903182990658857,-0.0175600739371534,-0.0703979011805859,-0.0898972602739726,1971.0,0.0,0.0,0.0,812,0.0,0.0,0.0,257.72,0.0,0.0,0.0
2024-11-15,536.75,102967.0,73593.0,553.0,209347.0,71836.0,-16.25,-0.0302748020493148,-14893.0,9692.0,-24585.0,1.0244584887799846,0.4918484621226935,0.0098777046095954,-0.0620358235037133,-0.0894826123833757,1971.0,0.0,0.0,0.0,812,0.0,0.0,0.0,257.72,0.0,0.0,0.0
2024-11-18,547.0,89922.0,68144.0,565.5,211039.0,71372.0,-18.5,-0.033820840950578,-13045.0,1692.0,-14737.0,0.954772179566203,0.4260918597984239,0.0190964136003726,-0.0314298362107127,-0.0445414847161571,1971.0,0.0,0.0,0.0,812,0.0,0.0,0.0,257.72,0.0,0.0,0.0
2024-11-19,549.25,78268.0,57490.0,567.25,213327.0,65946.0,-18.0,-0.0327719617659849,-11654.0,2288.0,-13942.0,0.8717738755951706,0.3668921421104672,0.0041133455210238,-0.0072300045187527,-0.0410301178524661,1971.0,0.0,0.0,0.0,812,0.0,0.0,0.0,257.72,0.0,0.0,0.0
2024-11-20,552.0,69319.0,41277.0,571.5,213023.0,60806.0,-19.5,-0.0353260869564577,-8949.0,-304.0,-8645.0,0.6788310364108694,0.325406176797809,0.0050068274920345,0.0203327171903882,-0.0420824295010846,1971.0,0.0,0.0,0.0,812,0.0,0.0,0.0,257.72,0.0,0.0,0.0
2024-11-21,547.5,63843.0,34966.0,568.5,217031.0,58947.0,-21.0,-0.0383561643834915,-5476.0,4008.0,-9484.0,0.5931769216414645,0.2941653496505094,-0.0081521739130434,0.0301034807149576,-0.0535868625756266,1971.0,0.0,0.0,0.0,812,0.0,0.0,0.0,257.72,0.0,0.0,0.0
2024-11-22,543.25,45883.0,36559.0,564.0,223197.0,61527.0,-20.75,-0.0381960423377115,-17960.0,6166.0,-24126.0,0.5941944187104752,0.205571759477053,-0.0077625570776255,0.0121099208197483,-0.0661796304254405,1971.0,0.0,0.0,0.0,812,0.0,0.0,0.0,257.72,0.0,0.0,0.0
2024-11-25,536.5,26600.0,30009.0,556.5,231161.0,82115.0,-20.0,-0.0372786579682436,-19283.0,7964.0,-27247.0,0.3654508920416444,0.115071313932713,-0.0124252185918085,-0.0191956124314441,-0.0575318401405358,1971.0,0.0,0.0,0.0,812,0.0,0.0,0.0,257.72,0.0,0.0,0.0
2024-11-26,531.0,12784.0,34123.0,557.25,240832.0,78151.0,-26.25,-0.0494350282484944,-13816.0,9671.0,-23487.0,0.436629089838896,0.053082646824342,-0.0102516309412861,-0.0332271279016841,-0.0496644295302013,1971.0,0.0,0.0,0.0,812,0.0,0.0,0.0,257.72,0.0,0.0,0.0
2024-11-27,527.0,1178.0,18864.0,548.25,247987.0,75023.0,-21.25,-0.0403225806450847,-11606.0,7155.0,-18761.0,0.2514428908468036,0.0047502490049881,-0.007532956685499,-0.0452898550724637,-0.0786713286713286,1971.0,0.0,0.0,0.0,812,0.0,0.0,0.0,257.72,0.0,0.0,0.0
2024-11-29,527.0,158.0,1246.0,549.25,252482.0,47678.0,-22.25,-0.0422201138519122,-1020.0,4495.0,-5515.0,0.026133646545576,0.000625787184829,0.0,-0.0374429223744292,-0.0806803314435238,1971.0,0.0,0.0,0.0,812,0.0,0.0,0.0,257.72,0.0,0.0,0.0
2024-12-02,527.0,107.0,63.0,547.5,255273.0,53005.0,-20.5,-0.0388994307399641,-51.0,2791.0,-2842.0,0.0011885671163097,0.0004191590963399,0.0,-0.0299125632765762,-0.0790738313674093,1971.0,0.0,0.0,0.0,815,3.0,3.0,0.8957986249098772,257.57,-0.1500000000000341,-0.1500000000000341,-1.3911624771138114
2024-12-03,527.0,91.0,47.0,548.5,254939.0,49702.0,-21.5,-0.0407969639467916,-16.0,-334.0,318.0,0.0009456359905033,0.0003569481326905,0.0,-0.0177073625349487,-0.0713656387665198,1971.0,0.0,0.0,0.0,815,0.0,0.0,0.0,257.57,0.0,0.0,0.0
2024-12-04,527.0,73.0,43.0,547.75,254214.0,52606.0,-20.75,-0.039373814041671,-18.0,-725.0,707.0,0.0008173972550659,0.000287159637156,0.0,-0.007532956685499,-0.0742204655248133,1971.0,0.0,0.0,0.0,815,0.0,0.0,0.0,257.57,0.0,0.0,0.0
2024-12-05,527.0,56.0,22.0,558.25,251142.0,54473.0,-31.25,-0.0592979127133599,-17.0,-3072.0,3055.0,0.0004038698070603,0.0002229814208694,0.0,0.0,-0.0790738313674093,1971.0,0.0,0.0,0.0,815,0.0,0.0,0.0,257.57,0.0,0.0,0.0
2024-12-06,527.0,46.0,27.0,556.0,250669.0,55782.0,-29.0,-0.055028462997998,-10.0,-473.0,463.0,0.0004840271055179,0.000183508930103,0.0,0.0,-0.0822812363952981,1971.0,0.0,0.0,0.0,815,0.0,0.0,0.0,257.57,0.0,0.0,0.0
2024-12-09,527.0,42.0,10.0,558.25,246600.0,49713.0,-31.25,-0.0592979127133599,-4.0,-4069.0,4065.0,0.0002011546275622,0.0001703163017031,0.0,0.0,-0.0782684739833843,1971.0,0.0,0.0,0.0,815,0.0,0.0,0.0,257.57,0.0,0.0,0.0
2024-12-10,527.0,19.0,2.0,561.75,247670.0,50264.0,-34.75,-0.0659392789372562,-23.0,1070.0,-1093.0,3.9789909279006054e-05,7.671498364759529e-05,0.0,0.0,-0.0790738313674093,1971.0,0.0,0.0,0.0,815,0.0,0.0,0.0,257.57,0.0,0.0,0.0
2024-12-11,527.0,21.0,56.0,562.25,244167.0,55240.0,-35.25,-0.06688804554067,2.0,-3503.0,3505.0,0.0010137581462708,8.600670852326446e-05,0.0,0.0,-0.0668437361664453,1971.0,0.0,0.0,0.0,815,0.0,0.0,0.0,257.57,0.0,0.0,0.0
2024-12-12,527.0,17.0,24.0,558.75,245152.0,52473.0,-31.75,-0.0602466793167737,-4.0,985.0,-989.0,0.0004573780801554,6.934473306356844e-05,0.0,0.0,-0.0474469046543154,1971.0,0.0,0.0,0.0,815,0.0,0.0,0.0,257.57,0.0,0.0,0.0
2024-12-13,,13.0,13.0,551.75,247612.0,49134.0,,,-4.0,2460.0,-2464.0,0.0002645825701143,5.250149427329834e-05,0.0,0.0,-0.0258780036968576,1971.0,0.0,0.0,0.0,815,0.0,0.0,0.0,257.57,0.0,0.0,0.0
2024-12-16,550.0,250282.0,68005.0,567.5,81046.0,23772.0,-17.5,-0.0318181818181239,250269.0,-166566.0,416835.0,2.8607184923438136,3.0881474718060966,0.0436432637571158,0.0436432637571158,0.0348071495766697,1971.0,0.0,0.0,0.0,815,0.0,0.0,0.0,257.57,0.0,0.0,0.0
2024-12-17,545.0,259005.0,72661.0,551.0,80725.0,22788.0,-6.0,-0.0110091743119064,8723.0,-321.0,9044.0,3.1885641565734955,3.208485599256696,-0.009090909090909,0.0341555977229601,0.015370284117373,1971.0,0.0,0.0,0.0,815,0.0,0.0,0.0,257.57,0.0,0.0,0.0
2024-12-18,541.25,259120.0,63252.0,550.25,80543.0,17523.0,-9.0,-0.0166281755195997,115.0,-182.0,297.0,3.6096558808421153,3.2171635027252123,-0.0068807339449541,0.0270398481973435,-0.0105118829981718,1971.0,0.0,0.0,0.0,815,0.0,0.0,0.0,257.57,0.0,0.0,0.0
2024-12-19,532.25,268437.0,87290.0,541.0,82112.0,23547.0,-8.75,-0.0164396430248634,9317.0,1569.0,7748.0,3.7070539771519218,3.2691567614964527,-0.0166281755196304,0.0099620493358634,-0.0309512972234865,1971.0,0.0,0.0,0.0,815,0.0,0.0,0.0,257.57,0.0,0.0,0.0
2024-12-20,532.5,266944.0,55084.0,540.0,83661.0,17389.0,-7.5,-0.014084507042227,-1493.0,1549.0,-3042.0,3.167749726838624,3.190781845782346,0.0004697040864256,0.0104364326375712,-0.0353260869565217,1971.0,0.0,0.0,0.0,815,0.0,0.0,0.0,257.57,0.0,0.0,0.0
2024-12-23,540.25,262711.0,57507.0,550.0,84324.0,15582.0,-9.75,-0.0180472003701655,-4233.0,663.0,-4896.0,3.690604543704038,3.115494995493535,0.0145539906103286,-0.0177272727272727,-0.0132420091324201,1971.0,0.0,0.0,0.0,815,0.0,0.0,0.0,257.57,0.0,0.0,0.0
2024-12-24,535.0,265115.0,25215.0,543.0,84965.0,9181.0,-8.0,-0.0149532710280094,2404.0,641.0,1763.0,2.746432850451721,3.1202848231624416,-0.0097177232762609,-0.018348623853211,-0.0151863782788771,1971.0,0.0,0.0,0.0,815,0.0,0.0,0.0,257.57,0.0,0.0,0.0
2024-12-26,541.5,265798.0,28461.0,550.0,86465.0,10550.0,-8.5,-0.0156971375807651,683.0,1500.0,-817.0,2.6977251184831563,3.074053085063285,0.0121495327102802,0.0004618937644342,0.0093196644920783,1971.0,0.0,0.0,0.0,815,0.0,0.0,0.0,257.57,0.0,0.0,0.0
2024-12-27,547.25,264107.0,43052.0,548.0,86869.0,12185.0,-0.75,-0.0013704888076722,-1691.0,404.0,-2095.0,3.5331965531388154,3.0402905524409967,0.0106186518928901,0.0281822451855331,0.0306026365348399,1971.0,0.0,0.0,0.0,815,0.0,0.0,0.0,257.57,0.0,0.0,0.0
2024-12-30,548.25,260525.0,46874.0,555.75,87209.0,14401.0,-7.5,-0.0136798905608505,-3582.0,340.0,-3922.0,3.254912853273852,2.9873636895274225,0.001827318410233,0.0295774647887323,0.0403225806451612,1971.0,0.0,0.0,0.0,815,0.0,0.0,0.0,257.57,0.0,0.0,0.0
2024-12-31,551.25,258357.0,33827.0,555.75,87262.0,8681.0,-4.5,-0.0081632653061076,-2168.0,53.0,-2221.0,3.89667089044996,2.960704544933614,0.0054719562243501,0.0203609440074039,0.0460151802656545,1971.0,0.0,0.0,0.0,795,-20.0,-20.0,-4.814170328290816,257.88,0.3100000000000023,0.3100000000000023,4.3365571995648775
2025-01-02,545.5,260031.0,44332.0,555.5,88156.0,17628.0,-10.0,-0.0183318056828261,1674.0,894.0,780.0,2.514862718402399,2.949668769000375,-0.0104308390022676,0.019626168224299,0.0351043643263757,1971.0,0.0,0.0,0.0,795,0.0,0.0,0.0,257.88,0.0,0.0,0.0
2025-01-03,528.5,266751.0,87535.0,541.0,90063.0,28566.0,-12.5,-0.023651844843853,6720.0,1907.0,4813.0,3.064307218371383,2.9618267212950604,-0.0311640696608616,-0.0240073868882733,0.0028462998102467,1971.0,0.0,0.0,0.0,795,0.0,0.0,0.0,257.88,0.0,0.0,0.0
2025-01-06,540.0,260153.0,64942.0,551.0,91438.0,17914.0,-11.0,-0.0203703703703326,-6598.0,1375.0,-7973.0,3.6252093334819904,2.8451300334652676,0.021759697256386,-0.013248058474189,0.0246679316888045,1971.0,0.0,0.0,0.0,795,0.0,0.0,0.0,257.88,0.0,0.0,0.0
2025-01-07,543.0,258125.0,46902.0,549.0,92593.0,13514.0,-6.0,-0.0110497237568857,-2028.0,1155.0,-3183.0,3.4706230575696706,2.78773773395394,0.0055555555555555,-0.0095759233926128,0.0303605313092978,1971.0,0.0,0.0,0.0,795,0.0,0.0,0.0,257.88,0.0,0.0,0.0
2025-01-08,535.25,258542.0,58097.0,546.0,92854.0,26640.0,-10.75,-0.0200840728631105,417.0,261.0,156.0,2.1808183183182366,2.7843927025222093,-0.0142725598526703,-0.0290249433106576,0.0156546489563567,1971.0,0.0,0.0,0.0,795,0.0,0.0,0.0,257.88,0.0,0.0,0.0
2025-01-09,532.75,260592.0,45711.0,546.25,94885.0,18300.0,-13.5,-0.0253402158610505,2050.0,2031.0,19.0,2.49786885245888,2.746398271591898,-0.0046707146193367,-0.0233730522456462,0.010910815939279,1971.0,0.0,0.0,0.0,795,0.0,0.0,0.0,257.88,0.0,0.0,0.0
2025-01-10,529.75,260936.0,104604.0,538.0,95609.0,48835.0,-8.25,-0.0155733836715137,344.0,724.0,-380.0,2.1419883280433676,2.729199133972714,-0.005631159080244,0.0023651844843897,0.0052182163187854,1971.0,0.0,0.0,0.0,795,0.0,0.0,0.0,257.88,0.0,0.0,0.0
2025-01-13,545.75,255376.0,84277.0,557.0,96552.0,25937.0,-11.25,-0.0206138341731184,-5560.0,943.0,-6503.0,3.24929637197813,2.6449581572623804,0.0302029259084473,0.0106481481481481,0.0355787476280835,1971.0,0.0,0.0,0.0,795,0.0,0.0,0.0,257.88,0.0,0.0,0.0
2025-01-14,546.75,246599.0,70102.0,555.0,96957.0,22740.0,-8.25,-0.0150891632372837,-8777.0,405.0,-9182.0,3.082761653473919,2.54338521200117,0.0018323408153917,0.0069060773480662,0.0374762808349147,1971.0,0.0,0.0,0.0,795,0.0,0.0,0.0,257.88,0.0,0.0,0.0
2025-01-15,547.0,242045.0,56045.0,556.0,98275.0,20317.0,-9.0,-0.0164533820840649,-4554.0,1318.0,-5872.0,2.7585273416349483,2.4629356397862887,0.0004572473708275,0.0219523587108827,0.0379506641366222,1971.0,0.0,0.0,0.0,795,0.0,0.0,0.0,257.88,0.0,0.0,0.0
2025-01-16,537.5,239459.0,52990.0,548.0,99809.0,15256.0,-10.5,-0.0195348837208938,-2586.0,1534.0,-4120.0,3.4733875196641666,2.399172419320879,-0.0173674588665447,0.0089160018770531,-0.0227272727272727,1971.0,0.0,0.0,0.0,795,0.0,0.0,0.0,257.88,0.0,0.0,0.0
2025-01-17,539.0,241202.0,50291.0,548.5,101259.0,17032.0,-9.5,-0.0176252319109134,1743.0,1450.0,293.0,2.9527360263032554,2.3820302392873485,0.0027906976744185,0.0174610665408212,-0.0110091743119266,1971.0,0.0,0.0,0.0,795,0.0,0.0,0.0,257.88,0.0,0.0,0.0
2025-01-21,558.5,235904.0,112879.0,566.0,101411.0,35760.0,-7.5,-0.0134288272157324,-5298.0,152.0,-5450.0,3.1565715883668024,2.326217077042901,0.0361781076066789,0.0233623453962437,0.0318706697459585,1971.0,0.0,0.0,0.0,795,0.0,0.0,0.0,257.88,0.0,0.0,0.0
2025-01-22,553.75,232880.0,91512.0,565.25,101500.0,31945.0,-11.5,-0.0207674943566216,-3024.0,89.0,-3113.0,2.864673657849339,2.2943842364531792,-0.0085049239033124,0.0128029263831732,0.0403945514325974,1971.0,0.0,0.0,0.0,795,0.0,0.0,0.0,257.88,0.0,0.0,0.0
2025-01-23,554.75,231628.0,64143.0,565.0,102288.0,21671.0,-10.25,-0.0184767913474205,-1252.0,788.0,-2040.0,2.959854183009415,2.2644689504144937,0.0018058690744922,0.0141681901279706,0.0417840375586855,1971.0,0.0,0.0,0.0,795,0.0,0.0,0.0,257.88,0.0,0.0,0.0
2025-01-24,544.0,237695.0,81676.0,558.75,103056.0,30423.0,-14.75,-0.0271139705881854,6067.0,768.0,5299.0,2.6846793544357004,2.306464446514494,-0.0193780982424515,0.0120930232558138,0.006941230911615,1971.0,0.0,0.0,0.0,795,0.0,0.0,0.0,257.88,0.0,0.0,0.0
2025-01-27,536.0,245699.0,68354.0,546.25,105788.0,27833.0,-10.25,-0.0191231343283225,8004.0,2732.0,5272.0,2.4558617468471793,2.322560214769139,-0.0147058823529411,-0.0055658627087198,0.0018691588785046,1971.0,0.0,0.0,0.0,795,0.0,0.0,0.0,257.88,0.0,0.0,0.0
2025-01-28,544.75,241179.0,77116.0,556.5,107636.0,36377.0,-11.75,-0.0215695273060641,-4520.0,1848.0,-6368.0,2.119910932732163,2.240690846928516,0.0163246268656716,-0.0246195165622202,0.0060018467220683,1971.0,0.0,0.0,0.0,795,0.0,0.0,0.0,257.88,0.0,0.0,0.0
2025-01-29,561.0,231954.0,90600.0,570.0,108830.0,36447.0,-9.0,-0.0160427807486345,-9225.0,1194.0,-10419.0,2.485801300518493,2.1313424607185323,0.0298301973382284,0.0130925507900676,0.0251256281407035,1971.0,0.0,0.0,0.0,795,0.0,0.0,0.0,257.88,0.0,0.0,0.0
2025-01-30,566.0,227294.0,96799.0,577.0,106238.0,40219.0,-11.0,-0.0194346289752306,-4660.0,-2592.0,-2068.0,2.406797782142709,2.139479282365988,0.0089126559714796,0.0202794051374493,0.0323757409940721,1971.0,0.0,0.0,0.0,795,0.0,0.0,0.0,257.88,0.0,0.0,0.0
2025-01-31,560.25,218546.0,87916.0,568.0,102374.0,35782.0,-7.75,-0.0138331102186276,-8748.0,-3864.0,-4884.0,2.45698954781727,2.1347803153144143,-0.0101590106007066,0.0298713235294116,0.0163265306122448,1971.0,0.0,0.0,0.0,798,3.0,3.0,0.7221255492436224,258.82,0.9399999999999977,0.9399999999999977,4.713865212002556
2025-02-03,566.5,214985.0,90750.0,577.25,107643.0,43661.0,-10.75,-0.0189761694615728,-3561.0,5269.0,-8830.0,2.0785140056342715,1.997203719703074,0.0111557340473003,0.0569029850746267,0.0384967919340055,1971.0,0.0,0.0,0.0,798,0.0,0.0,0.0,258.82,0.0,0.0,0.0
2025-02-04,577.5,210139.0,89542.0,588.75,111033.0,45596.0,-11.25,-0.0194805194804857,-4846.0,3390.0,-8236.0,1.963812615141636,1.892581484783786,0.0194174757281553,0.0601193207893528,0.0927152317880795,1971.0,0.0,0.0,0.0,798,0.0,0.0,0.0,258.82,0.0,0.0,0.0
2025-02-05,571.5,201489.0,108673.0,581.0,120747.0,57580.0,-9.5,-0.016622922134704,-8650.0,9714.0,-18364.0,1.8873393539423085,1.668687420805472,-0.0103896103896103,0.018716577540107,0.0583333333333333,1971.0,0.0,0.0,0.0,798,0.0,0.0,0.0,258.82,0.0,0.0,0.0
2025-02-06,587.75,195288.0,109406.0,599.0,124252.0,54080.0,-11.25,-0.0191407911526684,-6201.0,3505.0,-9706.0,2.0230399408283652,1.571709107298059,0.0284339457567803,0.0384275618374558,0.0824125230202579,1971.0,0.0,0.0,0.0,798,0.0,0.0,0.0,258.82,0.0,0.0,0.0
2025-02-07,582.0,175183.0,106334.0,596.0,128248.0,78311.0,-14.0,-0.024054982817828,-20105.0,3996.0,-24101.0,1.357842448698122,1.3659706194248535,-0.0097830710336027,0.0388219544846051,0.0873423633815972,1971.0,0.0,0.0,0.0,798,0.0,0.0,0.0,258.82,0.0,0.0,0.0
2025-02-10,579.0,158642.0,105426.0,589.0,137783.0,78075.0,-10.0,-0.0172711571675003,-16541.0,9535.0,-26076.0,1.350317002881827,1.1513902295638712,-0.0051546391752577,0.0220653133274493,0.0868137024870951,1971.0,0.0,0.0,0.0,798,0.0,0.0,0.0,258.82,0.0,0.0,0.0
2025-02-11,576.75,137730.0,110234.0,590.0,150200.0,86313.0,-13.25,-0.0229735587342471,-20912.0,12417.0,-33329.0,1.2771424930195767,0.9169773635153068,-0.0038860103626943,-0.0012987012987012,0.0887210948560641,1971.0,0.0,0.0,0.0,798,0.0,0.0,0.0,258.82,0.0,0.0,0.0
2025-02-12,574.25,119171.0,113048.0,586.0,162694.0,87338.0,-11.75,-0.0204614714845094,-18559.0,12494.0,-31053.0,1.294373583090965,0.7324855249732583,-0.0043346337234503,0.0048118985126859,0.0522217132386624,1971.0,0.0,0.0,0.0,798,0.0,0.0,0.0,258.82,0.0,0.0,0.0
2025-02-13,577.25,108034.0,91309.0,591.75,175384.0,76612.0,-14.5,-0.0251190991770894,-11137.0,12690.0,-23827.0,1.1918367879705374,0.6159854946859428,0.0052242054854156,-0.0178647384091875,0.0557841792409694,1971.0,0.0,0.0,0.0,798,0.0,0.0,0.0,258.82,0.0,0.0,0.0
2025-02-14,601.5,99753.0,103503.0,610.0,179475.0,83063.0,-8.5,-0.014131338320841,-8281.0,4091.0,-12372.0,1.2460782779336017,0.5558044295862903,0.0420095279341705,0.0335051546391753,0.09963436928702,1971.0,0.0,0.0,0.0,798,0.0,0.0,0.0,258.82,0.0,0.0,0.0
2025-02-18,606.0,86381.0,93045.0,617.75,183383.0,95074.0,-11.75,-0.0193894389438623,-13372.0,3908.0,-17280.0,0.9786587289900396,0.4710414814895575,0.0074812967581048,0.0466321243523315,0.1274418604651161,1971.0,0.0,0.0,0.0,798,0.0,0.0,0.0,258.82,0.0,0.0,0.0
2025-02-19,592.0,70652.0,64134.0,606.25,187793.0,77008.0,-14.25,-0.0240709459459052,-15729.0,4410.0,-20139.0,0.8328225638894552,0.3762227559067677,-0.023102310231023,0.0264412657130472,0.0983302411873841,1971.0,0.0,0.0,0.0,798,0.0,0.0,0.0,258.82,0.0,0.0,0.0
2025-02-20,585.25,63920.0,37056.0,600.0,193462.0,56780.0,-14.75,-0.0252029047415203,-6732.0,5669.0,-12401.0,0.6526241634378188,0.3304008022247246,-0.0114020270270269,0.0191554201131911,0.0478961504028647,1971.0,0.0,0.0,0.0,798,0.0,0.0,0.0,258.82,0.0,0.0,0.0
2025-02-21,590.0,39324.0,35193.0,604.25,199853.0,56637.0,-14.25,-0.0241525423728404,-24596.0,6391.0,-30987.0,0.6213782509666717,0.1967646219971669,0.0081161896625374,0.0220874837592031,0.0654627539503385,1971.0,0.0,0.0,0.0,798,0.0,0.0,0.0,258.82,0.0,0.0,0.0
2025-02-24,579.0,28463.0,27710.0,593.5,204167.0,73404.0,-14.5,-0.0250431778928755,-10861.0,4314.0,-15175.0,0.3774998637676369,0.139410384636106,-0.0186440677966102,-0.0374064837905236,0.0437133844073907,1971.0,0.0,0.0,0.0,798,0.0,0.0,0.0,258.82,0.0,0.0,0.0
2025-02-25,574.0,17009.0,30844.0,588.75,209227.0,84449.0,-14.75,-0.0256968641114534,-11454.0,5060.0,-16514.0,0.3652381910975811,0.0812944792020146,-0.008635578583765,-0.0528052805280527,0.0551470588235294,1971.0,0.0,0.0,0.0,798,0.0,0.0,0.0,258.82,0.0,0.0,0.0
2025-02-26,562.0,6999.0,23733.0,579.0,217657.0,75490.0,-17.0,-0.0302491103202308,-10010.0,8430.0,-18440.0,0.3143860113922332,0.0321560988160269,-0.0209059233449477,-0.0506756756756756,0.0485074626865671,1971.0,0.0,0.0,0.0,798,0.0,0.0,0.0,258.82,0.0,0.0,0.0
2025-02-27,545.0,820.0,9609.0,562.75,230620.0,87517.0,-17.75,-0.0325688073393897,-6179.0,12963.0,-19142.0,0.1097958110995565,0.003555632642442,-0.0302491103202846,-0.0687740281930798,0.0004589261128957,1971.0,0.0,0.0,0.0,798,0.0,0.0,0.0,258.82,0.0,0.0,0.0
2025-02-28,527.0,386.0,551.0,555.25,228864.0,69273.0,-28.25,-0.0536053130928774,-434.0,-1756.0,1322.0,0.0079540369263636,0.0016865911633109,-0.0330275229357798,-0.1067796610169491,-0.0606060606060605,1971.0,0.0,0.0,0.0,794,-4.0,-4.0,-3.8398664380647585,257.56,-1.259999999999991,-1.259999999999991,-3.8472973661304333
2025-03-03,515.0,134.0,77.0,547.5,231243.0,89699.0,-32.5,-0.0631067961163823,-252.0,2379.0,-2631.0,0.0008584265153457,0.0005794770003848,-0.0227703984819734,-0.1105354058721934,-0.0901060070671377,1971.0,0.0,0.0,0.0,794,0.0,0.0,0.0,257.56,0.0,0.0,0.0
2025-03-04,,76.0,30.0,537.75,237370.0,112381.0,,,-58.0,6127.0,-6185.0,0.0002669490394283,0.0003201752538231,0.0,-0.102787456445993,-0.0807675145024542,1971.0,0.0,0.0,0.0,794,0.0,0.0,0.0,257.56,0.0,0.0,0.0
2025-03-05,,73.0,2.0,548.75,239248.0,84227.0,,,-3.0,1878.0,-1881.0,2.374535481496404e-05,0.0003051227178492,0.0,-0.0836298932384341,-0.0909090909090909,1971.0,0.0,0.0,0.0,794,0.0,0.0,0.0,257.56,0.0,0.0,0.0
2025-03-06,,74.0,8.0,553.25,234859.0,84193.0,,,1.0,-4389.0,4390.0,9.501977599087696e-05,0.0003150826666212,0.0,-0.055045871559633,-0.1082251082251082,1971.0,0.0,0.0,0.0,794,0.0,0.0,0.0,257.56,0.0,0.0,0.0
2025-03-07,,76.0,13.0,552.0,237219.0,57242.0,,,2.0,2360.0,-2358.0,0.00022710597114,0.0003203790590129,0.0,-0.0227703984819734,-0.0988626421697287,1971.0,0.0,0.0,0.0,794,0.0,0.0,0.0,257.56,0.0,0.0,0.0
2025-03-10,,65.0,12.0,562.75,231078.0,74007.0,,,-11.0,-6141.0,6130.0,0.000162146823949,0.0002812903002449,0.0,0.0,-0.1237771161207996,1971.0,0.0,0.0,0.0,794,0.0,0.0,0.0,257.56,0.0,0.0,0.0
2025-03-11,,54.0,16.0,556.25,229761.0,51176.0,,,-11.0,-1317.0,1306.0,0.0003126465530717,0.00023502683223,0.0,0.0,-0.1151202749140893,1971.0,0.0,0.0,0.0,794,0.0,0.0,0.0,257.56,0.0,0.0,0.0
2025-03-12,,41.0,3.0,554.5,233416.0,70697.0,,,-13.0,3655.0,-3668.0,4.243461533021143e-05,0.0001756520547006,0.0,0.0,-0.1105354058721934,1971.0,0.0,0.0,0.0,794,0.0,0.0,0.0,257.56,0.0,0.0,0.0
2025-03-13,,5.0,15.0,561.75,225149.0,76176.0,,,-36.0,-8267.0,8231.0,0.0001969124133585,2.2207515911685053e-05,0.0,0.0,-0.1070654529692241,1971.0,0.0,0.0,0.0,794,0.0,0.0,0.0,257.56,0.0,0.0,0.0
2025-03-14,,9.0,9.0,557.5,227973.0,60916.0,,,4.0,2824.0,-2820.0,0.0001477444349596,3.947835927938818e-05,0.0,0.0,-0.1031780583369612,1971.0,0.0,0.0,0.0,794,0.0,0.0,0.0,257.56,0.0,0.0,0.0
2025-03-17,568.5,219794.0,78721.0,582.75,114382.0,37100.0,-14.25,-0.0250659630606419,219785.0,-113591.0,333376.0,2.1218598382748755,1.921578570054712,0.1038834951456311,0.1038834951456311,-0.0151580770896492,1971.0,0.0,0.0,0.0,794,0.0,0.0,0.0,257.56,0.0,0.0,0.0
2025-03-18,564.0,220071.0,64451.0,580.0,116889.0,26694.0,-16.0,-0.0283687943261908,277.0,2507.0,-2230.0,2.414437701356019,1.8827349023432325,-0.0079155672823219,0.0951456310679612,-0.0623441396508728,1971.0,0.0,0.0,0.0,794,0.0,0.0,0.0,257.56,0.0,0.0,0.0
2025-03-19,563.75,219416.0,62175.0,578.0,118077.0,24241.0,-14.25,-0.0252771618624828,-655.0,1188.0,-1843.0,2.5648694360792637,1.8582450434885551,-0.0004432624113475,0.0946601941747573,-0.0697194719471947,1971.0,0.0,0.0,0.0,794,0.0,0.0,0.0,257.56,0.0,0.0,0.0
2025-03-20,556.5,221866.0,62329.0,572.0,117809.0,30256.0,-15.5,-0.0278526504941098,2450.0,-268.0,2718.0,2.0600542041247336,1.883268680661054,-0.0128603104212859,0.0805825242718447,-0.0599662162162162,1971.0,0.0,0.0,0.0,794,0.0,0.0,0.0,257.56,0.0,0.0,0.0
2025-03-21,558.0,222236.0,47008.0,574.25,117897.0,19378.0,-16.25,-0.0291218637992309,370.0,88.0,282.0,2.4258437403239537,1.8850013147068891,0.0026954177897573,0.0834951456310679,-0.0465612985903459,1971.0,0.0,0.0,0.0,794,0.0,0.0,0.0,257.56,0.0,0.0,0.0
2025-03-24,547.5,224088.0,53647.0,564.0,120795.0,26881.0,-16.5,-0.0301369863013148,1852.0,2898.0,-1046.0,1.9957218853464531,1.8551098969328048,-0.0188172043010752,-0.0369393139841688,-0.0720338983050847,1971.0,0.0,0.0,0.0,794,0.0,0.0,0.0,257.56,0.0,0.0,0.0
2025-03-25,543.75,222807.0,57054.0,558.0,121429.0,30182.0,-14.25,-0.0262068965516759,-1281.0,634.0,-1915.0,1.8903319859518293,1.8348747004422183,-0.0068493150684931,-0.0359042553191489,-0.060880829015544,1971.0,0.0,0.0,0.0,794,0.0,0.0,0.0,257.56,0.0,0.0,0.0
2025-03-26,535.5,223652.0,57623.0,550.75,122098.0,32258.0,-15.25,-0.0284780578897694,845.0,669.0,176.0,1.7863165726330898,1.8317417156710032,-0.0151724137931034,-0.0501108647450111,-0.0670731707317072,1971.0,0.0,0.0,0.0,794,0.0,0.0,0.0,257.56,0.0,0.0,0.0
2025-03-27,531.5,229564.0,73561.0,547.25,123162.0,37395.0,-15.75,-0.0296331138287307,5912.0,1064.0,4848.0,1.9671346436688872,1.86391906594565,-0.007469654528478,-0.0449236298292902,-0.0542704626334519,1971.0,0.0,0.0,0.0,794,0.0,0.0,0.0,257.56,0.0,0.0,0.0
2025-03-28,528.5,231340.0,81818.0,542.0,130986.0,50979.0,-13.5,-0.0255439924313613,1776.0,7824.0,-6048.0,1.604935365542643,1.7661429465744296,-0.0056444026340545,-0.0528673835125448,-0.0302752293577981,1971.0,0.0,0.0,0.0,794,0.0,0.0,0.0,257.56,0.0,0.0,0.0
2025-03-31,537.5,229178.0,83018.0,549.0,132346.0,43132.0,-11.5,-0.0213953488371695,-2162.0,1360.0,-3522.0,1.9247426504682852,1.7316579269490449,0.0170293282876063,-0.0182648401826484,0.0199240986717268,1971.0,0.0,0.0,0.0,819,25.0,25.0,4.804969654222102,260.08,2.519999999999982,2.519999999999982,4.307507607109663
2025-04-01,540.0,223854.0,62409.0,551.0,135709.0,34956.0,-11.0,-0.0203703703703326,-5324.0,3363.0,-8687.0,1.7853587366975117,1.649514770575263,0.0046511627906977,-0.0068965517241379,0.0485436893203883,1971.0,0.0,0.0,0.0,819,0.0,0.0,0.0,260.08,0.0,0.0,0.0
2025-04-02,537.75,221267.0,58991.0,547.0,138165.0,33674.0,-9.25,-0.0172013017200981,-2587.0,2456.0,-5043.0,1.751826334857702,1.6014692577714935,-0.0041666666666666,0.0042016806722688,0.0441747572815534,1971.0,0.0,0.0,0.0,819,0.0,0.0,0.0,260.08,0.0,0.0,0.0
2025-04-03,537.0,219525.0,80918.0,550.0,137336.0,44067.0,-13.0,-0.0242085661079623,-1742.0,-829.0,-913.0,1.836249347584319,1.5984519718063612,-0.0013947001394699,0.0103480714957666,0.0427184466019416,1971.0,0.0,0.0,0.0,819,0.0,0.0,0.0,260.08,0.0,0.0,0.0
2025-04-04,529.75,218016.0,82626.0,535.0,141402.0,45232.0,-5.25,-0.0099103350636905,-1509.0,4066.0,-5575.0,1.8267155995754816,1.5418169474264751,-0.0135009310986964,0.0023651844843897,0.028640776699029,1971.0,0.0,0.0,0.0,819,0.0,0.0,0.0,260.08,0.0,0.0,0.0
2025-04-07,536.5,204221.0,96849.0,546.0,141350.0,65822.0,-9.5,-0.0177073625349157,-13795.0,-52.0,-13743.0,1.4713773510376245,1.4447895295366011,0.0127418593676262,-0.001860465116279,0.0417475728155338,1971.0,0.0,0.0,0.0,819,0.0,0.0,0.0,260.08,0.0,0.0,0.0
2025-04-08,539.75,187768.0,92716.0,550.0,152043.0,75300.0,-10.25,-0.018990273274629,-16453.0,10693.0,-27146.0,1.2312881806108733,1.2349664239721578,0.0060577819198508,-0.0004629629629629,0.0480582524271844,1971.0,0.0,0.0,0.0,819,0.0,0.0,0.0,260.08,0.0,0.0,0.0
2025-04-09,542.25,171164.0,85229.0,550.0,165727.0,69007.0,-7.75,-0.0142923005993281,-16604.0,13684.0,-30288.0,1.235077600823087,1.0328069656724552,0.0046317739694303,0.0083682008368199,0.0529126213592232,1971.0,0.0,0.0,0.0,819,0.0,0.0,0.0,260.08,0.0,0.0,0.0
2025-04-10,537.5,157869.0,112107.0,551.0,179053.0,101075.0,-13.5,-0.0251162790697207,-13295.0,13326.0,-26621.0,1.1091466732624178,0.8816886620162696,-0.0087597971415398,0.0009310986964619,0.0436893203883494,1971.0,0.0,0.0,0.0,819,0.0,0.0,0.0,260.08,0.0,0.0,0.0
2025-04-11,555.0,120298.0,123039.0,566.0,199749.0,101082.0,-11.0,-0.0198198198197841,-37571.0,20696.0,-58267.0,1.2172196830296074,0.6022458185022173,0.0325581395348837,0.0476639924492685,0.0776699029126213,1971.0,0.0,0.0,0.0,819,0.0,0.0,0.0,260.08,0.0,0.0,0.0
2025-04-14,546.75,110172.0,78608.0,560.0,212729.0,75761.0,-13.25,-0.0242341106538194,-10126.0,12980.0,-23106.0,1.037578701442681,0.5178983589449463,-0.0148648648648648,0.0191053122087605,0.0616504854368931,1971.0,0.0,0.0,0.0,819,0.0,0.0,0.0,260.08,0.0,0.0,0.0
2025-04-15,542.0,95951.0,65960.0,555.25,219639.0,68274.0,-13.25,-0.0244464944648995,-14221.0,6910.0,-21131.0,0.9661071564577882,0.4368577529491555,-0.0086877000457247,0.0041685965724873,-0.0466138962181178,1971.0,0.0,0.0,0.0,819,0.0,0.0,0.0,260.08,0.0,0.0,0.0
2025-04-16,547.5,82490.0,59640.0,559.0,228094.0,70926.0,-11.5,-0.0210045662100073,-13461.0,8455.0,-21916.0,0.8408764063953861,0.361649144650888,0.0101476014760146,0.0096818810511756,-0.0292553191489362,1971.0,0.0,0.0,0.0,819,0.0,0.0,0.0,260.08,0.0,0.0,0.0
2025-04-17,548.5,73686.0,40697.0,561.0,231788.0,52316.0,-12.5,-0.0227894257064306,-8804.0,3694.0,-12498.0,0.7779073323648449,0.3179025661380213,0.0018264840182649,0.0204651162790696,-0.0270509977827051,1971.0,0.0,0.0,0.0,819,0.0,0.0,0.0,260.08,0.0,0.0,0.0
2025-04-21,538.75,70010.0,24733.0,553.0,236319.0,41091.0,-14.25,-0.0264501160092316,-3676.0,4531.0,-8207.0,0.601907960380604,0.2962520999157905,-0.0177757520510483,-0.0292792792792793,-0.0318957771787959,1971.0,0.0,0.0,0.0,819,0.0,0.0,0.0,260.08,0.0,0.0,0.0
2025-04-22,534.5,61349.0,31592.0,550.0,239535.0,62532.0,-15.5,-0.0289990645462507,-8661.0,3216.0,-11877.0,0.5052133307746354,0.2561170601373483,-0.0078886310904872,-0.0224051211705532,-0.0421146953405018,1971.0,0.0,0.0,0.0,819,0.0,0.0,0.0,260.08,0.0,0.0,0.0
2025-04-23,528.0,53002.0,29029.0,544.0,243059.0,51818.0,-16.0,-0.0303030303029729,-8347.0,3524.0,-11871.0,0.5602107375815246,0.2180622811745287,-0.0121608980355472,-0.025830258302583,-0.0356164383561643,1971.0,0.0,0.0,0.0,819,0.0,0.0,0.0,260.08,0.0,0.0,0.0
2025-04-24,529.0,46229.0,25897.0,544.25,250521.0,61550.0,-15.25,-0.0288279773156354,-6773.0,7462.0,-14235.0,0.4207473598700175,0.1845314364863617,0.0018939393939394,-0.0337899543378995,-0.0271264367816091,1971.0,0.0,0.0,0.0,819,0.0,0.0,0.0,260.08,0.0,0.0,0.0
2025-04-25,529.75,28540.0,30800.0,544.5,256848.0,54385.0,-14.75,-0.0278433223217973,-17689.0,6327.0,-24016.0,0.5663326284821079,0.1111163022488004,0.0014177693761814,-0.0341841385597082,-0.0107376283846871,1971.0,0.0,0.0,0.0,819,0.0,0.0,0.0,260.08,0.0,0.0,0.0
2025-04-28,510.0,13325.0,32411.0,531.5,265742.0,99543.0,-21.5,-0.0421568627450153,-15215.0,8894.0,-24109.0,0.3255979827813073,0.0501426195332312,-0.0372817366682397,-0.0533642691415313,-0.0404515522107243,1971.0,0.0,0.0,0.0,819,0.0,0.0,0.0,260.08,0.0,0.0,0.0
2025-04-29,515.0,1290.0,20109.0,524.75,273972.0,77071.0,-9.75,-0.0189320388349146,-12035.0,8230.0,-20265.0,0.2609152599551029,0.0047085103587227,0.0098039215686274,-0.0364826941066417,-0.0255439924314097,1971.0,0.0,0.0,0.0,819,0.0,0.0,0.0,260.08,0.0,0.0,0.0
2025-04-30,,714.0,1204.0,531.75,269587.0,87618.0,,,-576.0,-4385.0,3809.0,0.0137414686479945,0.0026484956618827,0.0,-0.0246212121212121,-0.041860465116279,1971.0,0.0,0.0,0.0,846,27.0,27.0,3.6752211178174408,260.7,0.6200000000000045,0.6200000000000045,1.1823886395107137
2025-05-01,,475.0,706.0,530.75,272621.0,55493.0,,,-239.0,3034.0,-3273.0,0.0127223253383307,0.001742345600669,0.0,-0.0264650283553875,-0.0462962962962962,1971.0,0.0,0.0,0.0,846,0.0,0.0,0.0,260.7,0.0,0.0,0.0
2025-05-02,,266.0,103.0,543.5,268071.0,67575.0,,,-209.0,-4550.0,4341.0,0.0015242323344431,0.0009922744347579,0.0,-0.0278433223218499,-0.0423059042305904,1971.0,0.0,0.0,0.0,846,0.0,0.0,0.0,260.7,0.0,0.0,0.0
2025-05-05,,256.0,4.0,531.0,267699.0,63841.0,,,-10.0,-372.0,362.0,6.265566015569834e-05,0.0009562979316321,0.0,0.0098039215686274,-0.0409683426443202,1971.0,0.0,0.0,0.0,846,0.0,0.0,0.0,260.7,0.0,0.0,0.0
2025-05-06,,256.0,19.0,535.25,267388.0,54826.0,,,0.0,-311.0,311.0,0.0003465509065042,0.0009574102053944,0.0,0.0,-0.0278433223218499,1971.0,0.0,0.0,0.0,846,0.0,0.0,0.0,260.7,0.0,0.0,0.0
2025-05-07,,71.0,82.0,533.5,266256.0,58189.0,,,-185.0,-1132.0,947.0,0.0014092010517451,0.0002666606574124,0.0,0.0,-0.0400745573159366,1971.0,0.0,0.0,0.0,846,0.0,0.0,0.0,260.7,0.0,0.0,0.0
2025-05-08,,43.0,10.0,529.25,266840.0,53543.0,,,-28.0,584.0,-612.0,0.000186765777039,0.0001611452555838,0.0,0.0,-0.0458545622973598,1971.0,0.0,0.0,0.0,846,0.0,0.0,0.0,260.7,0.0,0.0,0.0
2025-05-09,,34.0,6.0,521.25,270149.0,57368.0,,,-9.0,3309.0,-3318.0,0.000104587923581,0.0001258564717988,0.0,0.0,-0.0502535730751498,1971.0,0.0,0.0,0.0,846,0.0,0.0,0.0,260.7,0.0,0.0,0.0
2025-05-12,,33.0,16.0,514.5,269601.0,82207.0,,,-1.0,-548.0,547.0,0.0001946306275621,0.0001224031068134,0.0,0.0,-0.041860465116279,1971.0,0.0,0.0,0.0,846,0.0,0.0,0.0,260.7,0.0,0.0,0.0
2025-05-13,,19.0,19.0,518.0,269862.0,78081.0,,,-14.0,261.0,-275.0,0.0002433370474251,7.040635584113336e-05,0.0,0.0,-0.0720720720720721,1971.0,0.0,0.0,0.0,846,0.0,0.0,0.0,260.7,0.0,0.0,0.0
2025-05-14,,28.0,28.0,524.75,269074.0,62950.0,,,9.0,-788.0,797.0,0.0004447974583002,0.0001040605929967,0.0,0.0,-0.0580704160951074,1971.0,0.0,0.0,0.0,846,0.0,0.0,0.0,260.7,0.0,0.0,0.0
2025-05-15,532.75,267352.0,69748.0,539.0,107368.0,27983.0,-6.25,-0.011731581417153,267324.0,-161706.0,429030.0,2.492513311653415,2.4900529021682205,0.0344660194174757,0.0344660194174757,-0.0170664206642066,1971.0,0.0,0.0,0.0,846,0.0,0.0,0.0,260.7,0.0,0.0,0.0
2025-05-16,524.75,265837.0,49356.0,534.0,106070.0,18856.0,-9.25,-0.017627441638842,-1515.0,-1298.0,-217.0,2.617522274077078,2.5062411614971007,-0.015016424213984,0.0189320388349514,-0.041552511415525,1971.0,0.0,0.0,0.0,846,0.0,0.0,0.0,260.7,0.0,0.0,0.0
2025-05-19,529.5,264307.0,64286.0,541.0,106968.0,24425.0,-11.5,-0.0217186024551053,-1530.0,898.0,-2428.0,2.63197543500501,2.470897838605915,0.0090519294902333,0.0281553398058251,-0.0346399270738377,1971.0,0.0,0.0,0.0,846,0.0,0.0,0.0,260.7,0.0,0.0,0.0
2025-05-20,547.0,260410.0,86585.0,561.5,104488.0,31263.0,-14.5,-0.0265082266909935,-3897.0,-2480.0,-1417.0,2.769567859770247,2.4922479136359916,0.0330500472143531,0.062135922330097,0.0153132250580045,1971.0,0.0,0.0,0.0,846,0.0,0.0,0.0,260.7,0.0,0.0,0.0
2025-05-21,547.75,250752.0,85813.0,559.0,102902.0,33765.0,-11.25,-0.0205385668644079,-9658.0,-1586.0,-8072.0,2.541477861691025,2.436803949388715,0.0013711151736746,0.0635922330097087,0.0247895229186154,1971.0,0.0,0.0,0.0,846,0.0,0.0,0.0,260.7,0.0,0.0,0.0
2025-05-22,545.0,246218.0,85214.0,557.5,100380.0,49859.0,-12.5,-0.0229357798164716,-4534.0,-2522.0,-2012.0,1.7090996610441105,2.452859135285889,-0.0050205385668644,0.022993899577663,0.0321969696969697,1971.0,0.0,0.0,0.0,846,0.0,0.0,0.0,260.7,0.0,0.0,0.0
2025-05-23,543.25,250386.0,61665.0,553.75,104529.0,32591.0,-10.5,-0.0193281178094444,4168.0,4149.0,19.0,1.8920867724217765,2.39537353270382,-0.0032110091743119,0.0352548832777512,0.0269376181474481,1971.0,0.0,0.0,0.0,846,0.0,0.0,0.0,260.7,0.0,0.0,0.0
2025-05-27,528.75,255442.0,66898.0,543.0,104467.0,29194.0,-14.25,-0.0269503546098781,5056.0,-62.0,5118.0,2.29149825306562,2.4451932189112116,-0.0266912103083295,-0.0014164305949008,-0.0018876828692779,1971.0,0.0,0.0,0.0,846,0.0,0.0,0.0,260.7,0.0,0.0,0.0
2025-05-28,530.5,254429.0,60152.0,546.75,105275.0,30684.0,-16.25,-0.0306314797360402,-1013.0,808.0,-1821.0,1.9603702255246396,2.416803609593898,0.0033096926713946,-0.0301645338208409,0.0401960784313726,1971.0,0.0,0.0,0.0,846,0.0,0.0,0.0,260.7,0.0,0.0,0.0
2025-05-29,534.25,254050.0,48247.0,544.0,105531.0,21875.0,-9.75,-0.0182498830135362,-379.0,256.0,-635.0,2.205577142857042,2.407349499199265,0.0070688030160226,-0.0246462802373345,0.0373786407766989,1971.0,0.0,0.0,0.0,846,0.0,0.0,0.0,260.7,0.0,0.0,0.0
2025-05-30,533.0,246992.0,49023.0,545.75,106570.0,24271.0,-12.75,-0.0239212007504241,-7058.0,1039.0,-8097.0,2.019817889662477,2.317650370648378,-0.0023397285914833,-0.0220183486238532,0.0349514563106796,1971.0,0.0,0.0,0.0,846,0.0,0.0,0.0,260.7,0.0,0.0,0.0
2025-06-02,538.0,243282.0,82568.0,551.25,108961.0,36673.0,-13.25,-0.0246282527880583,-3710.0,2391.0,-6101.0,2.251465655932096,2.2327438257725034,0.0093808630393996,-0.0096640589047399,0.0446601941747573,1921.0,-50.0,-50.0,-4.898979485086351,923,77.0,77.0,4.687077227991381,265.73,5.03000000000003,5.03000000000003,4.888055064750769
2025-06-03,535.75,237941.0,80640.0,548.0,109911.0,36445.0,-12.25,-0.0228651423238024,-5341.0,950.0,-6291.0,2.2126491974207103,2.1648515617180975,-0.0041821561338289,0.0132387706855792,0.0402912621359223,1921.0,0.0,0.0,0.0,923,0.0,0.0,0.0,265.73,0.0,0.0,0.0
2025-06-04,543.5,233068.0,73113.0,555.0,111617.0,33111.0,-11.5,-0.0211591536338157,-4873.0,1706.0,-6579.0,2.20811814804741,2.0881048585788715,0.0144657022865142,0.0245051837888783,0.0553398058252427,1921.0,0.0,0.0,0.0,923,0.0,0.0,0.0,265.73,0.0,0.0,0.0
2025-06-05,544.75,227307.0,63379.0,560.75,113238.0,31050.0,-16.0,-0.0293712712252788,-5761.0,1621.0,-7382.0,2.041191626408952,2.0073385259365053,0.0022999080036798,0.0196537201684605,0.057766990291262,1921.0,0.0,0.0,0.0,923,0.0,0.0,0.0,265.73,0.0,0.0,0.0
2025-06-06,555.5,211549.0,97197.0,567.0,119206.0,55932.0,-11.5,-0.0207020702069834,-15758.0,5968.0,-21726.0,1.7377708646212948,1.774650604835312,0.0197338228545205,0.0422138836772982,0.0786407766990291,1921.0,0.0,0.0,0.0,923,0.0,0.0,0.0,265.73,0.0,0.0,0.0
2025-06-09,541.0,195088.0,102603.0,556.0,126159.0,65552.0,-15.0,-0.0277264325322962,-16461.0,6953.0,-23414.0,1.5652154015132784,1.546366093580311,-0.0261026102610261,0.0055762081784387,0.0504854368932039,1921.0,0.0,0.0,0.0,923,0.0,0.0,0.0,265.73,0.0,0.0,0.0
2025-06-10,535.25,176293.0,90158.0,546.75,129389.0,67955.0,-11.5,-0.0214852872489089,-18795.0,3230.0,-22025.0,1.3267309248767372,1.362503767708218,-0.0106284658040665,-0.0009332711152589,0.0393203883495145,1921.0,0.0,0.0,0.0,923,0.0,0.0,0.0,265.73,0.0,0.0,0.0
2025-06-11,533.75,159195.0,72453.0,548.25,139585.0,56184.0,-14.5,-0.0271662763465533,-17098.0,10196.0,-27294.0,1.2895664246048468,1.1404878747716365,-0.002802428771602,-0.0179392824287029,0.0364077669902913,1921.0,0.0,0.0,0.0,923,0.0,0.0,0.0,265.73,0.0,0.0,0.0
2025-06-12,526.5,136824.0,93654.0,542.0,154349.0,65170.0,-15.5,-0.0294396961063068,-22371.0,14764.0,-37135.0,1.4370722725180078,0.8864586100331011,-0.0135831381733021,-0.033501606241395,0.0223300970873785,1921.0,0.0,0.0,0.0,923,0.0,0.0,0.0,265.73,0.0,0.0,0.0
2025-06-13,542.75,119971.0,102188.0,557.0,159936.0,77541.0,-14.25,-0.0262551819437563,-16853.0,5587.0,-22440.0,1.317857649501537,0.750118797519003,0.0308641975308641,-0.0229522952295229,0.053883495145631,1921.0,0.0,0.0,0.0,923,0.0,0.0,0.0,265.73,0.0,0.0,0.0
2025-06-16,536.75,103348.0,77417.0,554.0,168237.0,66457.0,-17.25,-0.0321378667908111,-16623.0,8301.0,-24924.0,1.1649186692146625,0.6143000647895492,-0.011054813450023,-0.0078558225508318,0.007508212106992,1921.0,0.0,0.0,0.0,923,0.0,0.0,0.0,265.73,0.0,0.0,0.0
2025-06-17,548.75,89337.0,71241.0,562.75,181018.0,66629.0,-14.0,-0.0255125284737576,-14011.0,12781.0,-26792.0,1.069219108796454,0.4935255057508066,0.0223567768979973,0.0252218589444184,0.0457360647927584,1921.0,0.0,0.0,0.0,923,0.0,0.0,0.0,265.73,0.0,0.0,0.0
2025-06-18,573.0,73239.0,105218.0,590.0,189435.0,118027.0,-17.0,-0.0296684118673129,-16098.0,8417.0,-24515.0,0.89147398476619,0.3866181011956587,0.0441913439635535,0.073536299765808,0.0821529745042493,1921.0,0.0,0.0,0.0,923,0.0,0.0,0.0,265.73,0.0,0.0,0.0
2025-06-20,567.0,53158.0,49117.0,582.0,182580.0,81548.0,-15.0,-0.0264550264549797,-20081.0,-6855.0,-13226.0,0.6023078432334257,0.2911490853324554,-0.0104712041884816,0.0769230769230768,0.0365630712979889,1921.0,0.0,0.0,0.0,923,0.0,0.0,0.0,265.73,0.0,0.0,0.0
2025-06-23,553.0,41434.0,44221.0,570.5,184957.0,95614.0,-17.5,-0.0316455696201959,-11724.0,2377.0,-14101.0,0.4624950321082638,0.2240196369967061,-0.0246913580246913,0.0188853063104559,0.0095846645367412,1921.0,0.0,0.0,0.0,923,0.0,0.0,0.0,265.73,0.0,0.0,0.0
2025-06-24,535.25,30337.0,36906.0,552.0,190740.0,91115.0,-16.75,-0.0312937879494978,-11097.0,5783.0,-16880.0,0.4050485650002699,0.1590489671804542,-0.0320976491862567,-0.0027945971122496,-0.0178899082568807,1921.0,0.0,0.0,0.0,923,0.0,0.0,0.0,265.73,0.0,0.0,0.0
2025-06-25,527.75,23730.0,18240.0,544.25,194510.0,68313.0,-16.5,-0.0312648034106465,-6607.0,3770.0,-10377.0,0.2670062799174349,0.1219988689527524,-0.0140121438580103,-0.0382687927107061,-0.0285319834330418,1921.0,0.0,0.0,0.0,923,0.0,0.0,0.0,265.73,0.0,0.0,0.0
2025-06-26,521.0,11818.0,24542.0,536.75,200227.0,73662.0,-15.75,-0.0302303262955273,-11912.0,5717.0,-17629.0,0.3331704270858742,0.0590230088849153,-0.0127901468498341,-0.0907504363001745,-0.0146572104018912,1921.0,0.0,0.0,0.0,923,0.0,0.0,0.0,265.73,0.0,0.0,0.0
2025-06-27,518.0,2341.0,12677.0,540.5,204537.0,59264.0,-22.5,-0.0434362934362095,-9477.0,4310.0,-13787.0,0.2139072624190028,0.01144536196385,-0.0057581573896353,-0.0864197530864198,-0.0235626767200753,1921.0,0.0,0.0,0.0,923,0.0,0.0,0.0,265.73,0.0,0.0,0.0
2025-06-30,523.0,814.0,1972.0,537.25,204204.0,65967.0,-14.25,-0.0272466539196419,-1527.0,-333.0,-1194.0,0.0298937347461605,0.0039862098685627,0.0096525096525097,-0.054249547920434,-0.0210575573233504,1921.0,0.0,0.0,0.0,898,-25.0,-25.0,-1.4938811235033047,262.76,-2.9700000000000273,-2.9700000000000273,-2.4447393735852523
2025-07-01,523.0,227.0,453.0,549.75,207193.0,96790.0,-26.75,-0.051147227533363,-587.0,2989.0,-3576.0,0.0046802355615249,0.0010955968589672,0.0,-0.0228865016347501,-0.0187617260787992,1921.0,0.0,0.0,0.0,898,0.0,0.0,0.0,262.76,0.0,0.0,0.0
2025-07-02,523.0,184.0,62.0,564.5,202060.0,86572.0,-41.5,-0.0793499043975538,-43.0,-5133.0,5090.0,0.0007161668899875,0.0009106206077402,0.0,-0.0090004737091425,-0.0278810408921933,1921.0,0.0,0.0,0.0,898,0.0,0.0,0.0,262.76,0.0,0.0,0.0
2025-07-03,523.0,133.0,126.0,556.25,203206.0,77292.0,-33.25,-0.0635755258124979,-51.0,1146.0,-1197.0,0.0016301816488122,0.0006545082330246,0.0,0.0038387715930903,-0.023798413439104,1921.0,0.0,0.0,0.0,898,0.0,0.0,0.0,262.76,0.0,0.0,0.0
2025-07-07,523.0,91.0,53.0,548.75,200538.0,65505.0,-25.75,-0.0492351816442653,-42.0,-2668.0,2626.0,0.000809098542096,0.0004537793335926,0.0,0.0096525096525097,-0.0377184912603495,1921.0,0.0,0.0,0.0,898,0.0,0.0,0.0,262.76,0.0,0.0,0.0
2025-07-08,523.0,90.0,4.0,547.5,206050.0,57565.0,-24.5,-0.0468451242828932,-1.0,5512.0,-5513.0,6.948666724572103e-05,0.0004367871875758,0.0,0.0,-0.0399265718219367,1921.0,0.0,0.0,0.0,898,0.0,0.0,0.0,262.76,0.0,0.0,0.0
2025-07-09,,54.0,41.0,547.0,208980.0,46110.0,,,-36.0,2930.0,-2966.0,0.0008891780524831,0.0002583979328165,0.0,0.0,-0.0585058505850585,1921.0,0.0,0.0,0.0,898,0.0,0.0,0.0,262.76,0.0,0.0,0.0
2025-07-10,,80.0,40.0,554.25,212114.0,52217.0,,,26.0,3134.0,-3108.0,0.0007660340502135,0.0003771556804359,0.0,0.0,-0.0332717190388169,1921.0,0.0,0.0,0.0,898,0.0,0.0,0.0,262.76,0.0,0.0,0.0
2025-07-11,,35.0,21.0,545.0,213118.0,67749.0,,,-45.0,1004.0,-1049.0,0.0003099676747996,0.0001642282679079,0.0,0.0,-0.0228865016347501,1921.0,0.0,0.0,0.0,898,0.0,0.0,0.0,262.76,0.0,0.0,0.0
2025-07-14,,5.0,6.0,542.0,213081.0,52432.0,,,-30.0,-37.0,7.0,0.0001144339334757,2.3465254996925945e-05,0.0,0.0,-0.0201405152224823,1921.0,0.0,0.0,0.0,898,0.0,0.0,0.0,262.76,0.0,0.0,0.0
2025-07-15,538.25,217062.0,56165.0,556.0,118836.0,19952.0,-17.75,-0.0329772410589261,217057.0,-94245.0,311302.0,2.815006014434502,1.8265677067555133,0.0291586998087953,0.0291586998087953,0.0223171889838555,1921.0,0.0,0.0,0.0,898,0.0,0.0,0.0,262.76,0.0,0.0,0.0
2025-07-16,541.75,217149.0,59091.0,559.0,121409.0,26348.0,-17.25,-0.0318412551914502,87.0,2573.0,-2486.0,2.2427129193865856,1.7885741584231662,0.0065025545750116,0.03585086042065,-0.0018424689083371,1921.0,0.0,0.0,0.0,898,0.0,0.0,0.0,262.76,0.0,0.0,0.0
2025-07-17,533.5,223797.0,55433.0,554.25,126825.0,27712.0,-20.75,-0.0388940955950536,6648.0,5416.0,1232.0,2.0003247690530457,1.7646126552335757,-0.0152284263959391,0.020076481835564,-0.0060549604098741,1921.0,0.0,0.0,0.0,898,0.0,0.0,0.0,262.76,0.0,0.0,0.0
2025-07-18,546.5,221048.0,82550.0,562.0,127666.0,39516.0,-15.5,-0.0283623055809179,-2749.0,841.0,-3590.0,2.089027229476615,1.7314555167389771,0.0243673851921275,0.0449330783938815,-0.0041002277904328,1921.0,0.0,0.0,0.0,898,0.0,0.0,0.0,262.76,0.0,0.0,0.0
2025-07-21,542.0,220563.0,43970.0,560.0,128514.0,22059.0,-18.0,-0.0332103321032597,-485.0,848.0,-1333.0,1.9932907203408137,1.7162565946122468,-0.0082342177493137,0.0363288718929253,-0.0541012216404886,1921.0,0.0,0.0,0.0,898,0.0,0.0,0.0,262.76,0.0,0.0,0.0
2025-07-22,549.25,220990.0,62596.0,565.25,128523.0,33114.0,-16.0,-0.0291306326808755,427.0,9.0,418.0,1.8903182943769437,1.7194587739159393,0.0133763837638376,0.0204366000928937,-0.0313051146384479,1921.0,0.0,0.0,0.0,898,0.0,0.0,0.0,262.76,0.0,0.0,0.0
2025-07-23,541.0,219790.0,49135.0,560.75,130267.0,28939.0,-19.75,-0.0365064695008567,-1200.0,1744.0,-2944.0,1.697881751269854,1.6872270030015146,-0.0150204824761037,-0.0013844023996307,-0.0216998191681736,1921.0,0.0,0.0,0.0,898,0.0,0.0,0.0,262.76,0.0,0.0,0.0
2025-07-24,541.5,221395.0,56771.0,560.25,134381.0,32825.0,-18.75,-0.0346260387810994,1605.0,4114.0,-2509.0,1.729504950494997,1.6475171341186503,0.0009242144177448,0.0149953139643861,0.0116767865483418,1921.0,0.0,0.0,0.0,898,0.0,0.0,0.0,262.76,0.0,0.0,0.0
2025-07-25,539.0,218515.0,37484.0,555.5,134954.0,17677.0,-16.5,-0.0306122448979023,-2880.0,573.0,-3453.0,2.120495559201102,1.6191813506824428,-0.0046168051708217,-0.0137236962488563,0.0213169114163902,1921.0,0.0,0.0,0.0,898,0.0,0.0,0.0,262.76,0.0,0.0,0.0
2025-07-28,538.25,218511.0,45184.0,556.75,137854.0,22776.0,-18.5,-0.0343706456107118,-4.0,2900.0,-2904.0,1.9838426413768009,1.58509002277771,-0.0013914656771799,-0.0069188191881919,0.033109404990403,1921.0,0.0,0.0,0.0,898,0.0,0.0,0.0,262.76,0.0,0.0,0.0
2025-07-29,529.25,222545.0,80217.0,548.5,135716.0,44059.0,-19.25,-0.0363722248464121,4034.0,-2138.0,6172.0,1.8206722803513056,1.6397845500898816,-0.0167208546214584,-0.0364132908511606,0.0217181467181466,1921.0,0.0,0.0,0.0,898,0.0,0.0,0.0,262.76,0.0,0.0,0.0
2025-07-30,523.25,224963.0,64991.0,545.0,142528.0,42199.0,-21.75,-0.0415671285235708,2418.0,6812.0,-4394.0,1.5401075854877715,1.578377581948799,-0.0113367973547472,-0.0328096118299445,0.0004780114722753,1921.0,0.0,0.0,0.0,898,0.0,0.0,0.0,262.76,0.0,0.0,0.0
2025-07-31,523.75,227936.0,77077.0,542.5,147222.0,51987.0,-18.75,-0.0357995226729626,2973.0,4694.0,-1721.0,1.4826206551637626,1.5482468652782768,0.0009555661729574,-0.0327793167128347,0.0014340344168259,1929.0,8.0,8.0,4.898979482566164,890,-8.0,-8.0,-1.5122982600963162,261.52,-1.240000000000009,-1.240000000000009,-1.9173357079686268
2025-08-01,516.5,230952.0,62480.0,537.0,152734.0,40138.0,-20.5,-0.0396902226523916,3016.0,5512.0,-2496.0,1.556629627784106,1.512119109039235,-0.0138424821002386,-0.0417439703153988,-0.0124282982791587,1929.0,0.0,0.0,0.0,890,0.0,0.0,0.0,261.52,0.0,0.0,0.0
2025-08-04,516.25,236965.0,71053.0,536.25,162886.0,47623.0,-20.0,-0.0387409200967772,6013.0,10152.0,-4139.0,1.4919891648992822,1.4547904669523382,-0.0004840271055178,-0.0408732001857873,-0.012906309751434,1929.0,0.0,0.0,0.0,890,0.0,0.0,0.0,261.52,0.0,0.0,0.0
2025-08-05,508.0,235473.0,67614.0,528.0,161931.0,40906.0,-20.0,-0.0393700787400799,-1492.0,-955.0,-537.0,1.6529115533173215,1.454156399948117,-0.0159806295399516,-0.0401511572980632,-0.02868068833652,1929.0,0.0,0.0,0.0,890,0.0,0.0,0.0,261.52,0.0,0.0,0.0
2025-08-06,508.25,236167.0,65192.0,530.0,170253.0,51190.0,-21.75,-0.0427939006393648,694.0,8322.0,-7628.0,1.2735299863254297,1.3871532366536778,0.000492125984252,-0.0286669851887243,-0.0282026768642447,1929.0,0.0,0.0,0.0,890,0.0,0.0,0.0,261.52,0.0,0.0,0.0
2025-08-07,518.0,222519.0,81829.0,537.75,174990.0,63553.0,-19.75,-0.0381274131273395,-13648.0,4737.0,-18385.0,1.2875710037291508,1.271609806274637,0.0191834727004427,-0.0109785202863962,-0.0095602294455067,1929.0,0.0,0.0,0.0,890,0.0,0.0,0.0,261.52,0.0,0.0,0.0
2025-08-08,515.25,206094.0,78246.0,534.0,178101.0,63382.0,-18.75,-0.0363901018922146,-16425.0,3111.0,-19536.0,1.234514530939364,1.1571748614550106,-0.0053088803088803,-0.0024201355275895,-0.0148183556405353,1929.0,0.0,0.0,0.0,890,0.0,0.0,0.0,261.52,0.0,0.0,0.0
2025-08-11,514.5,186967.0,87297.0,534.0,184643.0,69684.0,-19.5,-0.0379008746354948,-19127.0,6542.0,-25669.0,1.2527552953332004,1.0125864506100908,-0.0014556040756914,-0.0033898305084745,-0.0162523900573613,1929.0,0.0,0.0,0.0,890,0.0,0.0,0.0,261.52,0.0,0.0,0.0
2025-08-12,504.5,166535.0,116430.0,524.0,199496.0,104875.0,-19.5,-0.03865213082252,-20432.0,14853.0,-35285.0,1.110178784266974,0.8347786421782851,-0.0194363459669582,-0.0068897637795275,-0.0353728489483747,1929.0,0.0,0.0,0.0,890,0.0,0.0,0.0,261.52,0.0,0.0,0.0
2025-08-13,507.0,145120.0,78660.0,527.75,221259.0,78032.0,-20.75,-0.0409270216961717,-21415.0,21763.0,-43178.0,1.008047980315755,0.6558829245364001,0.0049554013875123,-0.0024594195769798,-0.058058522991175,1929.0,0.0,0.0,0.0,890,0.0,0.0,0.0,261.52,0.0,0.0,0.0
2025-08-14,504.0,127113.0,71519.0,525.0,226876.0,72673.0,-21.0,-0.0416666666665839,-18007.0,5617.0,-23624.0,0.9841206500350752,0.5602752164177764,-0.0059171597633136,-0.0270270270270269,-0.0696815874480849,1929.0,0.0,0.0,0.0,890,0.0,0.0,0.0,261.52,0.0,0.0,0.0
2025-08-15,506.5,114453.0,59556.0,528.0,235520.0,61355.0,-21.5,-0.0424481737412784,-12660.0,8644.0,-21304.0,0.970678836280646,0.4859587296195631,0.0049603174603174,-0.016982047549733,-0.0506091846298032,1929.0,0.0,0.0,0.0,890,0.0,0.0,0.0,261.52,0.0,0.0,0.0
2025-08-18,502.5,107306.0,64948.0,524.75,247966.0,80760.0,-22.25,-0.044278606965086,-7147.0,12446.0,-19593.0,0.804210004952937,0.4327448117887112,-0.0078973346495557,-0.0233236151603498,-0.0805123513266239,1929.0,0.0,0.0,0.0,890,0.0,0.0,0.0,261.52,0.0,0.0,0.0
2025-08-19,498.25,96368.0,45629.0,520.25,253966.0,71071.0,-22.0,-0.0441545408930373,-10938.0,6000.0,-16938.0,0.6420199518790978,0.3794523676397613,-0.008457711442786,-0.0123885034687809,-0.080719557195572,1929.0,0.0,0.0,0.0,890,0.0,0.0,0.0,261.52,0.0,0.0,0.0
2025-08-20,506.25,84885.0,53676.0,528.5,259643.0,94302.0,-22.25,-0.0439506172838638,-11483.0,5677.0,-17160.0,0.5691925940064837,0.3269296688144863,0.0160561966884094,-0.0014792899408283,-0.0782885753299954,1929.0,0.0,0.0,0.0,890,0.0,0.0,0.0,261.52,0.0,0.0,0.0
2025-08-21,507.0,73575.0,49806.0,529.25,263127.0,96779.0,-22.25,-0.0438856015778227,-11310.0,3484.0,-14794.0,0.5146364397234884,0.2796178271329043,0.0014814814814814,0.0059523809523809,-0.0628465804066543,1929.0,0.0,0.0,0.0,890,0.0,0.0,0.0,261.52,0.0,0.0,0.0
2025-08-22,504.75,56329.0,36797.0,527.5,260872.0,72516.0,-22.75,-0.0450718177314609,-17246.0,-2255.0,-14991.0,0.5074328424071859,0.2159258180256976,-0.0044378698224851,-0.0034550839091807,-0.0678670360110803,1929.0,0.0,0.0,0.0,890,0.0,0.0,0.0,261.52,0.0,0.0,0.0
2025-08-25,506.75,42143.0,31672.0,529.75,264125.0,70073.0,-23.0,-0.0453872718302015,-14186.0,3253.0,-17439.0,0.4519857862514741,0.1595570279223846,0.0039623576027736,0.0084577114427861,-0.0598330241187383,1929.0,0.0,0.0,0.0,890,0.0,0.0,0.0,261.52,0.0,0.0,0.0
2025-08-26,509.0,29253.0,32257.0,530.75,257796.0,71017.0,-21.75,-0.0427308447936292,-12890.0,-6329.0,-6561.0,0.4542151879127468,0.1134734441186049,0.0044400592007893,0.0215755143000502,-0.0543427775197399,1929.0,0.0,0.0,0.0,890,0.0,0.0,0.0,261.52,0.0,0.0,0.0
2025-08-27,495.0,15921.0,37489.0,524.0,256106.0,82271.0,-29.0,-0.0585858585857402,-13332.0,-1690.0,-11642.0,0.4556769700137295,0.0621656657790131,-0.0275049115913555,-0.0222222222222222,-0.0647142182333491,1929.0,0.0,0.0,0.0,890,0.0,0.0,0.0,261.52,0.0,0.0,0.0
2025-08-28,508.0,1824.0,23384.0,529.5,256979.0,68521.0,-21.5,-0.0423228346455859,-14097.0,873.0,-14970.0,0.3412676405773363,0.0070978562450627,0.0262626262626262,0.0019723865877712,-0.029144768275203,1929.0,0.0,0.0,0.0,890,0.0,0.0,0.0,261.52,0.0,0.0,0.0
2025-08-29,,744.0,1317.0,533.75,248656.0,68837.0,,,-1080.0,-8323.0,7243.0,0.0191321527666804,0.0029920854513866,0.0,0.0064388311045071,-0.030071599045346,1929.0,0.0,0.0,0.0,890,0.0,0.0,0.0,261.52,0.0,0.0,0.0
2025-09-02,,456.0,404.0,528.25,254465.0,83344.0,,,-288.0,5809.0,-6097.0,0.0048473795354194,0.0017919949698386,0.0,0.0024666995559941,-0.0164569215876089,1927.0,-2.0,-2.0,-1.1762051883022833,869,-21.0,-21.0,-4.645725392220399,260.08,-1.4399999999999977,-1.4399999999999977,-3.794771374537595
2025-09-03,,178.0,312.0,522.0,260853.0,62621.0,,,-278.0,6388.0,-6666.0,0.0049823541623416,0.0006823766642515,0.0,-0.0019646365422396,-0.0159806295399516,1927.0,0.0,0.0,0.0,869,0.0,0.0,0.0,260.08,0.0,0.0,0.0
2025-09-04,,83.0,54.0,520.0,264776.0,70089.0,,,-95.0,3923.0,-4018.0,0.0007704490005564,0.0003134725201679,0.0,0.0262626262626262,0.0,1927.0,0.0,0.0,0.0,869,0.0,0.0,0.0,260.08,0.0,0.0,0.0
2025-09-05,,65.0,13.0,518.75,264990.0,41620.0,,,-18.0,214.0,-232.0,0.0003123498318116,0.0002452922751801,0.0,0.0,-0.000491883915396,1927.0,0.0,0.0,0.0,869,0.0,0.0,0.0,260.08,0.0,0.0,0.0
2025-09-08,,64.0,6.0,523.75,264840.0,50598.0,,,-1.0,-150.0,149.0,0.0001185817621249,0.0002416553390726,0.0,0.0,-0.0193050193050192,1927.0,0.0,0.0,0.0,869,0.0,0.0,0.0,260.08,0.0,0.0,0.0
2025-09-09,,30.0,26.0,519.25,264096.0,34316.0,,,-34.0,-744.0,710.0,0.0007576640634106,0.0001135950563431,0.0,0.0,-0.0140708393983502,1927.0,0.0,0.0,0.0,869,0.0,0.0,0.0,260.08,0.0,0.0,0.0
2025-09-10,,22.0,18.0,515.0,266640.0,36825.0,,,-8.0,2544.0,-2552.0,0.000488798370672,8.25082508250822e-05,0.0,0.0,-0.0126336248785228,1927.0,0.0,0.0,0.0,869,0.0,0.0,0.0,260.08,0.0,0.0,0.0
2025-09-11,,1.0,2.0,521.25,268169.0,64473.0,,,-21.0,1529.0,-1550.0,3.1020737362926635e-05,3.728991792489051e-06,0.0,0.0,0.0069375619425173,1927.0,0.0,0.0,0.0,869,0.0,0.0,0.0,260.08,0.0,0.0,0.0
2025-09-12,,,1.0,521.75,265784.0,55282.0,,,,-2385.0,,1.808907058355309e-05,,0.0,0.0,0.0019723865877712,1927.0,0.0,0.0,0.0,869,0.0,0.0,0.0,260.08,0.0,0.0,0.0
2025-09-15,525.25,262986.0,55496.0,540.0,112325.0,17540.0,-14.75,-0.0280818657781473,,-153459.0,,3.1639680729758743,2.3412953483195875,0.0339566929133858,0.0339566929133858,0.0421626984126983,1927.0,0.0,0.0,0.0,869,0.0,0.0,0.0,260.08,0.0,0.0,0.0
2025-09-16,533.5,261260.0,46736.0,548.0,112627.0,17506.0,-14.5,-0.0271790065603989,-1726.0,302.0,-2028.0,2.669713241174302,2.319692436094344,0.0157068062827225,0.0501968503937007,0.0533070088845015,1927.0,0.0,0.0,0.0,869,0.0,0.0,0.0,260.08,0.0,0.0,0.0
2025-09-17,529.0,259689.0,49323.0,544.5,110935.0,24518.0,-15.5,-0.029300567107695,-1571.0,-1692.0,121.0,2.011705685618647,2.3409113444809813,-0.0084348641049671,0.0413385826771652,0.0527363184079601,1927.0,0.0,0.0,0.0,869,0.0,0.0,0.0,260.08,0.0,0.0,0.0
2025-09-18,524.75,261175.0,39926.0,541.0,110440.0,14720.0,-16.25,-0.0309671272033711,1486.0,-495.0,1981.0,2.7123641304345982,2.364858746830837,-0.0080340264650283,0.0329724409448819,0.0531861515303562,1927.0,0.0,0.0,0.0,869,0.0,0.0,0.0,260.08,0.0,0.0,0.0
2025-09-19,522.25,263467.0,45048.0,536.0,109385.0,17489.0,-13.75,-0.0263283867878864,2292.0,-1055.0,3347.0,2.575790496883608,2.4086209260867357,-0.0047641734159122,0.0280511811023622,0.031604938271605,1927.0,0.0,0.0,0.0,869,0.0,0.0,0.0,260.08,0.0,0.0,0.0
2025-09-22,510.5,268061.0,86785.0,529.0,109161.0,27185.0,-18.5,-0.0362389813907223,4594.0,-224.0,4818.0,3.1923855067131437,2.4556480794422693,-0.0224988032551459,-0.0280818657782008,0.0069033530571991,1927.0,0.0,0.0,0.0,869,0.0,0.0,0.0,260.08,0.0,0.0,0.0
2025-09-23,520.75,263906.0,71968.0,536.75,110374.0,22518.0,-16.0,-0.0307249159864988,-4155.0,1213.0,-5368.0,3.196020961008829,2.39101600014494,0.0200783545543585,-0.0238987816307404,0.0316988608221893,1927.0,0.0,0.0,0.0,869,0.0,0.0,0.0,260.08,0.0,0.0,0.0
2025-09-24,519.75,260133.0,53328.0,535.0,108187.0,20849.0,-15.25,-0.0293410293409728,-3773.0,-2187.0,-1586.0,2.557820518969612,2.404475583942596,-0.0019203072491598,-0.0174858223062381,0.0256536753823384,1927.0,0.0,0.0,0.0,869,0.0,0.0,0.0,260.08,0.0,0.0,0.0
2025-09-25,526.0,258479.0,56448.0,540.0,108972.0,19724.0,-14.0,-0.0266159695816984,-1654.0,785.0,-2439.0,2.861894139119709,2.371976287486672,0.012025012025012,0.0023820867079562,0.0333988212180746,1927.0,0.0,0.0,0.0,869,0.0,0.0,0.0,260.08,0.0,0.0,0.0
2025-09-26,519.0,255495.0,52731.0,537.25,110118.0,22851.0,-18.25,-0.0351637764931885,-2984.0,1146.0,-4130.0,2.3076014178809543,2.3201928839971457,-0.0133079847908744,-0.006223073240785,0.0484848484848485,1927.0,0.0,0.0,0.0,869,0.0,0.0,0.0,260.08,0.0,0.0,0.0
2025-09-29,519.0,255975.0,44889.0,535.0,111699.0,16031.0,-16.0,-0.0308285163775899,480.0,1581.0,-1101.0,2.8001372341087394,2.291649880482347,0.0,0.0166503428011752,0.0216535433070865,1927.0,0.0,0.0,0.0,869,0.0,0.0,0.0,260.08,0.0,0.0,0.0
2025-09-30,507.5,263468.0,85752.0,525.0,112060.0,41696.0,-17.5,-0.0344827586206217,7493.0,361.0,7132.0,2.0566001534918925,2.3511333214349244,-0.0221579961464354,-0.0254440710513682,-0.0009842519685039,1927.0,0.0,0.0,0.0,844,-25.0,-25.0,-3.834171261730791,264.06,3.980000000000018,3.980000000000018,4.543953747373839
2025-10-01,510.0,270513.0,82924.0,524.0,114708.0,32505.0,-14.0,-0.027450980392103,7045.0,2648.0,4397.0,2.5511152130440684,2.358274924155226,0.0049261083743843,-0.0187590187590187,0.0039370078740157,1927.0,0.0,0.0,0.0,844,0.0,0.0,0.0,264.06,0.0,0.0,0.0
2025-10-02,514.25,269379.0,57218.0,527.5,113692.0,25332.0,-13.25,-0.0257656781720451,-1134.0,-1016.0,-118.0,2.258724143375878,2.3693751539246177,0.0083333333333333,-0.0223384030418251,0.0123031496062993,1927.0,0.0,0.0,0.0,844,0.0,0.0,0.0,264.06,0.0,0.0,0.0
2025-10-03,514.75,267135.0,47455.0,527.5,113367.0,20372.0,-12.75,-0.0247693054880529,-2244.0,-325.0,-1919.0,2.329422737090009,2.3563735478578214,0.0009722897423432,-0.0081888246628131,0.0132874015748032,1927.0,0.0,0.0,0.0,844,0.0,0.0,0.0,264.06,0.0,0.0,0.0
2025-10-06,512.5,269157.0,49990.0,527.5,113082.0,22919.0,-15.0,-0.0292682926828697,2022.0,-285.0,2307.0,2.1811597364631012,2.380193134185791,-0.0043710539096648,-0.01252408477842,0.0088582677165354,1927.0,0.0,0.0,0.0,844,0.0,0.0,0.0,264.06,0.0,0.0,0.0
2025-10-07,506.0,271082.0,53564.0,524.0,116061.0,24569.0,-18.0,-0.0355731225295739,1925.0,2979.0,-1054.0,2.1801457120761047,2.3356855446704547,-0.0126829268292683,-0.0029556650246305,-0.0039370078740157,1927.0,0.0,0.0,0.0,844,0.0,0.0,0.0,264.06,0.0,0.0,0.0
2025-10-08,507.25,273410.0,44067.0,523.0,118753.0,21430.0,-15.75,-0.0310497782158086,2328.0,2692.0,-364.0,2.0563229118057835,2.3023418355746608,0.0024703557312253,-0.005392156862745,-0.0014763779527559,1927.0,0.0,0.0,0.0,844,0.0,0.0,0.0,264.06,0.0,0.0,0.0
2025-10-09,507.75,280146.0,79086.0,522.5,121756.0,52568.0,-14.75,-0.0290497291973824,6736.0,3003.0,3733.0,1.504451377263706,2.300880449423418,0.0009857072449481,-0.0126397666504618,-0.0004921259842519,1927.0,0.0,0.0,0.0,844,0.0,0.0,0.0,264.06,0.0,0.0,0.0
2025-10-10,498.5,291742.0,63513.0,514.75,129135.0,23378.0,-16.25,-0.032597793380075,11596.0,7379.0,4217.0,2.7167850115492036,2.2592016107174486,-0.018217626784835,-0.031568722680913,-0.0187007874015747,1927.0,0.0,0.0,0.0,844,0.0,0.0,0.0,264.06,0.0,0.0,0.0
2025-10-13,496.5,291732.0,52172.0,511.0,129135.0,25984.0,-14.5,-0.029204431017061,-10.0,0.0,-10.0,2.0078509852215976,2.2591241723777267,-0.004012036108325,-0.0312195121951219,-0.0226377952755905,1927.0,0.0,0.0,0.0,844,0.0,0.0,0.0,264.06,0.0,0.0,0.0
2025-10-14,500.25,290186.0,65741.0,508.0,133242.0,29365.0,-7.75,-0.0154922538730325,-1546.0,4107.0,-5653.0,2.238753618252946,2.177886852493942,0.0075528700906344,-0.0113636363636363,-0.0475963826749167,1927.0,0.0,0.0,0.0,844,0.0,0.0,0.0,264.06,0.0,0.0,0.0
2025-10-15,498.5,286928.0,57004.0,513.0,135893.0,30379.0,-14.5,-0.0290872617852977,-3258.0,2651.0,-5909.0,1.876427795516578,2.111425901260535,-0.0034982508745626,-0.0172498767865943,-0.0656044985941892,1927.0,0.0,0.0,0.0,844,0.0,0.0,0.0,264.06,0.0,0.0,0.0
2025-10-16,502.25,286602.0,53290.0,516.75,135923.0,25524.0,-14.5,-0.028870084619156,-326.0,30.0,-356.0,2.0878388967245693,2.10856146494705,0.0075225677031092,-0.0108321024126046,-0.0505671077504725,1927.0,0.0,0.0,0.0,844,0.0,0.0,0.0,264.06,0.0,0.0,0.0
2025-10-17,504.0,282130.0,38177.0,520.0,136563.0,19043.0,-16.0,-0.0317460317459687,-4472.0,640.0,-5112.0,2.0047786588246597,2.065932939375951,0.0034843205574912,0.0110330992978937,-0.0395426393520723,1927.0,0.0,0.0,0.0,844,0.0,0.0,0.0,264.06,0.0,0.0,0.0
2025-10-20,505.25,280551.0,37582.0,518.0,138495.0,16715.0,-12.75,-0.0252350321622459,-1579.0,1932.0,-3511.0,2.2483996410408467,2.025712119571089,0.0024801587301588,0.0176233635448137,-0.0325514600287218,1927.0,0.0,0.0,0.0,844,0.0,0.0,0.0,264.06,0.0,0.0,0.0
2025-10-21,500.25,280780.0,41036.0,514.0,140132.0,18277.0,-13.75,-0.0274862568715092,229.0,1637.0,-1408.0,2.2452262406301773,2.003682242457098,-0.0098960910440376,0.0,-0.0200783545543584,1927.0,0.0,0.0,0.0,844,0.0,0.0,0.0,264.06,0.0,0.0,0.0
2025-10-22,504.0,279056.0,45473.0,518.0,139332.0,20356.0,-14.0,-0.0277777777777226,-1724.0,-800.0,-924.0,2.233886814698259,2.0028134240518907,0.0074962518740628,0.0110330992978937,-0.0321651464234277,1927.0,0.0,0.0,0.0,844,0.0,0.0,0.0,264.06,0.0,0.0,0.0
2025-10-23,513.0,275212.0,58191.0,529.25,139803.0,25716.0,-16.25,-0.0316764132552988,-3844.0,471.0,-4315.0,2.262832477834723,1.968570059297712,0.0178571428571427,0.0214036834245894,-0.0129870129870129,1927.0,0.0,0.0,0.0,844,0.0,0.0,0.0,264.06,0.0,0.0,0.0
2025-10-24,512.75,265319.0,59008.0,524.0,138588.0,28824.0,-11.25,-0.0219405168210201,-9893.0,-1215.0,-8678.0,2.0471829031362043,1.9144442520275788,-0.0004873294346978,0.0173611111111111,-0.025190114068441,1927.0,0.0,0.0,0.0,844,0.0,0.0,0.0,264.06,0.0,0.0,0.0
2025-10-27,525.5,260335.0,109465.0,537.0,137307.0,44840.0,-11.5,-0.0218839200760763,-4984.0,-1281.0,-3703.0,2.441235504014218,1.8960067585774805,0.0248659190638713,0.0400791687283523,0.01252408477842,1927.0,0.0,0.0,0.0,844,0.0,0.0,0.0,264.06,0.0,0.0,0.0
2025-10-28,530.0,255883.0,105303.0,546.25,135716.0,56805.0,-16.25,-0.0306603773584327,-4452.0,-1591.0,-2861.0,1.8537628729865003,1.885429868254282,0.0085632730732636,0.0594702648675662,0.0211946050096338,1927.0,0.0,0.0,0.0,844,0.0,0.0,0.0,264.06,0.0,0.0,0.0
2025-10-29,533.25,249085.0,90090.0,543.0,139273.0,69179.0,-9.75,-0.0182841068916675,-6798.0,3557.0,-10355.0,1.3022738114167405,1.7884658189311513,0.006132075471698,0.0580357142857141,0.0507389162561575,1927.0,0.0,0.0,0.0,844,0.0,0.0,0.0,264.06,0.0,0.0,0.0
2025-10-30,524.5,242677.0,101549.0,536.75,137238.0,58572.0,-12.25,-0.0233555767397076,-6408.0,-2035.0,-4373.0,1.7337465000341166,1.7682930383712838,-0.0164088138771683,0.0224171539961013,0.0284313725490195,1927.0,0.0,0.0,0.0,844,0.0,0.0,0.0,264.06,0.0,0.0,0.0
2025-10-31,533.25,248611.0,111375.0,546.5,140687.0,77099.0,-13.25,-0.0248476324425225,5934.0,3449.0,2485.0,1.4445712655157463,1.767121340280184,0.0166825548141087,0.0399804973183812,0.0369470102090423,1927.0,0.0,0.0,0.0,844,0.0,0.0,0.0,264.06,0.0,0.0,0.0
2025-11-03,544.5,242607.0,145872.0,553.5,141834.0,86137.0,-9.0,-0.0165289256198043,-6004.0,1147.0,-7151.0,1.6934882802976456,1.710499598121736,0.021097046413502,0.0361560418648905,0.0577950461389022,1927.0,0.0,0.0,0.0,844,0.0,0.0,0.0,264.06,0.0,0.0,0.0
2025-11-04,550.0,231542.0,116421.0,562.0,148865.0,73804.0,-12.0,-0.0218181818181421,-11065.0,7031.0,-18096.0,1.5774348273806085,1.555382393443714,0.0101010101010101,0.0377358490566037,0.0731707317073171,1927.0,0.0,0.0,0.0,844,0.0,0.0,0.0,264.06,0.0,0.0,0.0
2025-11-05,554.0,228459.0,72195.0,560.75,152654.0,45088.0,-6.75,-0.0121841155234437,-3083.0,3789.0,-6872.0,1.601202093683428,1.4965805023124092,0.0072727272727273,0.0389123300515705,0.0948616600790512,1927.0,0.0,0.0,0.0,844,0.0,0.0,0.0,264.06,0.0,0.0,0.0
2025-11-06,535.75,207142.0,119141.0,548.75,155747.0,85057.0,-13.0,-0.0242650489966882,-21317.0,3093.0,-24410.0,1.400719517500013,1.3299903047891688,-0.032942238267148,0.021448999046711,0.0561853129620502,1927.0,0.0,0.0,0.0,844,0.0,0.0,0.0,264.06,0.0,0.0,0.0
2025-11-07,527.0,177651.0,127657.0,540.75,160287.0,86715.0,-13.75,-0.0260910815938783,-29491.0,4540.0,-34031.0,1.4721443810182613,1.1083306818394436,-0.0163322445170321,-0.0117205813408345,0.0379123584441161,1927.0,0.0,0.0,0.0,844,0.0,0.0,0.0,264.06,0.0,0.0,0.0
2025-11-10,535.75,157297.0,92410.0,549.5,167527.0,80841.0,-13.75,-0.0256649556695741,-20354.0,7240.0,-27594.0,1.1431080763473838,0.9389352164128713,0.0166034155597722,-0.0160697887970615,0.0747241725175527,1927.0,0.0,0.0,0.0,844,0.0,0.0,0.0,264.06,0.0,0.0,0.0
2025-11-11,536.0,136859.0,80355.0,551.0,179885.0,80517.0,-15.0,-0.0279850746268134,-20438.0,12358.0,-32796.0,0.997988002533614,0.7608138532951566,0.0004666355576294,-0.0254545454545455,0.0795568982880161,1927.0,0.0,0.0,0.0,844,0.0,0.0,0.0,264.06,0.0,0.0,0.0
2025-11-12,536.5,113915.0,95686.0,553.0,189835.0,92000.0,-16.5,-0.030754892823801,-22944.0,9950.0,-32894.0,1.040065217391293,0.6000737482550604,0.0009328358208955,-0.0315884476534296,0.0724637681159421,1927.0,0.0,0.0,0.0,844,0.0,0.0,0.0,264.06,0.0,0.0,0.0
2025-11-13,535.25,94946.0,92763.0,552.0,201091.0,101004.0,-16.75,-0.0312937879494978,-18969.0,11256.0,-30225.0,0.9184091719139744,0.4721543977602156,-0.0023299161230195,-0.0009332711152589,0.0737211634904713,1927.0,0.0,0.0,0.0,844,0.0,0.0,0.0,264.06,0.0,0.0,0.0
2025-11-14,526.5,82898.0,85222.0,541.0,206600.0,102731.0,-14.5,-0.0275403608736418,-12048.0,5509.0,-17557.0,0.8295645910192558,0.4012487899322343,-0.0163475011676786,-0.0009487666034155,0.0482827277252364,1927.0,0.0,0.0,0.0,844,0.0,0.0,0.0,264.06,0.0,0.0,0.0
2025-11-17,544.75,68853.0,64246.0,556.75,214445.0,91649.0,-12.0,-0.0220284534189591,-14045.0,7845.0,-21890.0,0.7010005564708758,0.3210753340017239,0.0346628679962013,0.0167988800746616,0.0808531746031746,1927.0,0.0,0.0,0.0,844,0.0,0.0,0.0,264.06,0.0,0.0,0.0
2025-11-18,546.5,63918.0,34471.0,558.5,213268.0,75638.0,-12.0,-0.0219579139981299,-4935.0,-1177.0,-3758.0,0.4557365345461215,0.2997074103944319,0.0032124827902708,0.0195895522388058,0.0816427511133102,1927.0,0.0,0.0,0.0,844,0.0,0.0,0.0,264.06,0.0,0.0,0.0
2025-11-19,537.0,56561.0,37984.0,550.25,216101.0,68039.0,-13.25,-0.0246741154561924,-7357.0,2833.0,-10190.0,0.5582680521465547,0.2617340965567014,-0.0173833485818847,0.0009319664492077,0.0734632683658171,1927.0,0.0,0.0,0.0,844,0.0,0.0,0.0,264.06,0.0,0.0,0.0
2025-11-20,527.75,48750.0,41598.0,541.75,220132.0,76650.0,-14.0,-0.026527711984791,-7811.0,4031.0,-11842.0,0.5427005870841416,0.2214580342703458,-0.0172253258845437,-0.0140121438580103,0.0471230158730158,1927.0,0.0,0.0,0.0,844,0.0,0.0,0.0,264.06,0.0,0.0,0.0
2025-11-21,529.5,35835.0,32622.0,542.0,223500.0,69724.0,-12.5,-0.0236071765816362,-12915.0,3368.0,-16283.0,0.4678733291262625,0.1603355704697979,0.003315963998105,0.0056980056980056,0.0321637426900585,1927.0,0.0,0.0,0.0,844,0.0,0.0,0.0,264.06,0.0,0.0,0.0
2025-11-24,522.5,26125.0,26119.0,535.0,228938.0,61424.0,-12.5,-0.0239234449760307,-9710.0,5438.0,-15148.0,0.4252246678822541,0.1141138648891834,-0.0132200188857413,-0.0408444240477283,0.0190151145782544,1927.0,0.0,0.0,0.0,844,0.0,0.0,0.0,264.06,0.0,0.0,0.0
2025-11-25,522.0,12283.0,26212.0,538.25,232613.0,69580.0,-16.25,-0.031130268199174,-13842.0,3675.0,-17517.0,0.3767174475423918,0.0528044434317942,-0.000956937799043,-0.0448307410795973,-0.0066603235014272,1927.0,0.0,0.0,0.0,844,0.0,0.0,0.0,264.06,0.0,0.0,0.0
2025-11-26,522.0,1970.0,18026.0,540.75,236480.0,72214.0,-18.75,-0.0359195402298162,-10313.0,3867.0,-14180.0,0.2496191874151792,0.0083305142083896,0.0,-0.0279329608938547,-0.0150943396226415,1927.0,0.0,0.0,0.0,844,0.0,0.0,0.0,264.06,0.0,0.0,0.0
2025-11-28,519.5,833.0,1198.0,538.0,238097.0,23906.0,-18.5,-0.0356111645812596,-1137.0,1617.0,-2754.0,0.050112942357565,0.0034985741105515,-0.0047892720306513,-0.0156324017053529,-0.0257852789498359,1927.0,0.0,0.0,0.0,844,0.0,0.0,0.0,264.06,0.0,0.0,0.0
2025-12-01,515.25,507.0,426.0,535.0,237289.0,61051.0,-19.75,-0.0383309073264661,-326.0,-808.0,482.0,0.006977772681856,0.0021366350736865,-0.0081809432146294,-0.0269121813031161,-0.0176358436606292,1985.0,58.0,58.0,4.89897948515256,901,57.0,57.0,4.898979485145303,271.43,7.3700000000000045,7.3700000000000045,4.89897948230991
2025-12-02,545.0,347.0,184.0,541.0,239134.0,75307.0,4.0,0.0073394495412709,-160.0,1845.0,-2005.0,0.0024433319611722,0.0014510692749671,0.0577389616690926,0.0430622009569376,0.0220346929207688,1985.0,0.0,0.0,0.0,901,0.0,0.0,0.0,271.43,0.0,0.0,0.0
2025-12-03,515.25,230.0,139.0,538.25,236999.0,46731.0,-23.0,-0.0446385249877833,-117.0,-2135.0,2018.0,0.0029744709079625,0.0009704682298237,-0.0545871559633027,-0.0129310344827586,-0.0537190082644628,1985.0,0.0,0.0,0.0,901,0.0,0.0,0.0,271.43,0.0,0.0,0.0
2025-12-04,539.0,163.0,73.0,540.0,241669.0,57135.0,-1.0,-0.0018552875695698,-67.0,4670.0,-4737.0,0.001277675680406,0.0006744762464362,0.0460941290635614,0.0325670498084291,-0.02,1985.0,0.0,0.0,0.0,901,0.0,0.0,0.0,271.43,0.0,0.0,0.0
2025-12-05,515.25,111.0,56.0,535.5,242978.0,48904.0,-20.25,-0.0393013100435918,-52.0,1309.0,-1361.0,0.0011451006052674,0.0004568314826856,-0.0440630797773654,-0.0081809432146294,-0.0699458483754512,1985.0,0.0,0.0,0.0,901,0.0,0.0,0.0,271.43,0.0,0.0,0.0
2025-12-08,515.25,87.0,31.0,534.75,244072.0,49765.0,-19.5,-0.0378457059679032,-24.0,1094.0,-1118.0,0.0006229277604742,0.0003564521944344,0.0,0.0,-0.0382641157256182,1985.0,0.0,0.0,0.0,901,0.0,0.0,0.0,271.43,0.0,0.0,0.0
2025-12-09,515.25,,14.0,534.0,,52441.0,-18.75,-0.0363901018922146,,,,0.0002669666863713,,0.0,-0.0545871559633027,-0.0222960151802656,1985.0,0.0,0.0,0.0,901,0.0,0.0,0.0,271.43,0.0,0.0,0.0
