date,c1_bid,c1_oi,c1_vol,c2_bid,c2_oi,c2_vol,spread_c1_c2,spread_pct,d_c1_oi,d_c2_oi,roll_pressure,vol_ratio,oi_ratio,ret_1d,ret_5d,ret_21d
2020-12-09,420.0,2327.0,1079.0,423.25,872171.0,87642.0,-3.25,-0.007738095238076814,,,,0.012311448848725356,0.0026680547736625012,,,
2020-12-10,419.0,1432.0,1262.0,421.75,870347.0,129701.0,-2.75,-0.006563245823373358,-895.0,-1824.0,929.0,0.009730071472078012,0.0016453207743578116,-0.0023809523809523725,,
2020-12-11,424.5,219.0,1724.0,423.5,867614.0,105879.0,1.0,0.0023557126030568773,-1213.0,-2733.0,1520.0,0.016282737842253737,0.0002524163971535726,0.013126491646778149,,
2020-12-14,,69.0,200.0,424.0,862016.0,108692.0,,,-150.0,-5598.0,5448.0,0.0018400618260773392,8.004491795975935e-05,0.0,,
2020-12-15,424.75,858006.0,98612.0,428.25,246440.0,29411.0,-3.5,-0.00824014125954505,857937.0,-615576.0,1473513.0,3.352895175274443,3.4816020126602685,0.0005889281507656108,,
2020-12-16,426.25,852176.0,111651.0,429.0,247669.0,41015.0,-2.75,-0.006451612903210671,-5830.0,1229.0,-7059.0,2.7221991954162448,3.4407858876161193,0.0035314891112419033,0.014880952380952328,
2020-12-17,432.0,850530.0,119655.0,434.0,248154.0,23390.0,-2.0,-0.004629629629618913,-1646.0,485.0,-2131.0,5.115647712697515,3.427428129306788,0.013489736070381175,0.031026252983293645,
2020-12-18,436.75,849771.0,128812.0,439.0,250733.0,35957.0,-2.25,-0.00515168860903228,-759.0,2579.0,-3338.0,3.582390077036361,3.3891470209346064,0.01099537037037046,0.028857479387514706,
2020-12-21,440.0,845125.0,141947.0,441.75,251932.0,33145.0,-1.75,-0.003977272727263688,-4646.0,1199.0,-5845.0,4.282606728013146,3.3545758379245063,0.0074413279908414065,0.036513545347467646,
2020-12-22,443.0,848793.0,140992.0,443.5,253287.0,34063.0,-0.5,-0.0011286681715550143,3668.0,1355.0,2313.0,4.139153920676272,3.351111584881959,0.006818181818181834,0.042966450853443305,
2020-12-23,447.0,847087.0,147651.0,447.5,255554.0,43217.0,-0.5,-0.00111856823265969,-1706.0,2267.0,-3973.0,3.4165027651155007,3.314708437355693,0.009029345372460584,0.04868035190615827,
2020-12-24,450.5,844319.0,74879.0,446.25,256070.0,18148.0,4.25,0.009433962264130003,-2768.0,516.0,-3284.0,4.126019396076475,3.2972195102901423,0.007829977628635243,0.04282407407407418,
2020-12-28,456.5,836060.0,145219.0,456.75,257842.0,39206.0,-0.25,-0.0005476451259571793,-8259.0,1772.0,-10031.0,3.7039993878487043,3.2425283700870953,0.013318534961154205,0.045220377790498034,
2020-12-29,466.0,833728.0,191298.0,465.5,265308.0,65840.0,0.5,0.0010729613733882555,-2332.0,7466.0,-9798.0,2.905498177399713,3.1424909916022017,0.020810514786418377,0.05909090909090908,
2020-12-30,474.0,831878.0,163367.0,473.0,269386.0,48366.0,1.0,0.0021097046413457604,-1850.0,4078.0,-5928.0,3.3777240210064226,3.088052088824204,0.01716738197424883,0.06997742663656892,
2020-12-31,484.0,835996.0,168459.0,483.25,272697.0,43430.0,0.75,0.0015495867768563025,4118.0,3311.0,807.0,3.878862537416443,3.0656589548106394,0.021097046413502074,0.08277404921700215,
2021-01-04,484.5,831459.0,265157.0,484.75,281289.0,86562.0,-0.25,-0.0005159958720319588,-4537.0,8592.0,-13129.0,3.0632032531595494,2.9558887834220218,0.0010330578512396382,0.07547169811320753,
2021-01-05,492.5,826848.0,219646.0,492.5,290294.0,68287.0,0.0,0.0,-4611.0,9005.0,-13616.0,3.216512659803429,2.848312400531865,0.016511867905056654,0.07886089813800656,
2021-01-06,495.25,831675.0,202374.0,495.75,306621.0,79113.0,-0.5,-0.0010095911155961442,4827.0,16327.0,-11500.0,2.558037237874906,2.7123876055455995,0.005583756345177715,0.0627682403433476,
2021-01-07,494.0,824202.0,185782.0,495.0,325940.0,81336.0,-1.0,-0.0020242914979716107,-7473.0,19319.0,-26792.0,2.284130028523627,2.5286923973737423,-0.0025239777889954906,0.04219409282700415,
2021-01-08,496.25,819155.0,163270.0,497.0,331130.0,64602.0,-0.75,-0.0015113350125914129,-5047.0,5190.0,-10237.0,2.5273211355685192,2.473816929906676,0.0045546558704452345,0.025309917355371914,
2021-01-11,491.25,804053.0,176563.0,492.75,333786.0,65234.0,-1.5,-0.0030534351144976012,-15102.0,2656.0,-17758.0,2.7066100499738988,2.4088877304620255,-0.010075566750629705,0.01393188854489158,0.1696428571428572
2021-01-12,517.25,802695.0,248448.0,519.0,350866.0,118998.0,-1.75,-0.003383276945377703,-1358.0,17080.0,-18438.0,2.087833408964839,2.28775372934396,0.05292620865139952,0.05025380710659899,0.23448687350835318
2021-01-13,522.5,799333.0,327689.0,527.0,355642.0,140652.0,-4.5,-0.008612440191371078,-3362.0,4776.0,-8138.0,2.329785570059421,2.247577620191085,0.010149830836152729,0.055022715800100874,0.23085983510011787
2021-01-14,534.0,782102.0,210370.0,537.75,370387.0,100391.0,-3.75,-0.007022471910099209,-17231.0,14745.0,-31976.0,2.095506569313961,2.111580590031502,0.02200956937799048,0.08097165991902844,0.25795053003533575
2021-01-15,530.25,763830.0,167504.0,533.0,375019.0,73837.0,-2.75,-0.005186232908995406,-18272.0,4632.0,-22904.0,2.2685645408128408,2.036776803308627,-0.0070224719101124045,0.06851385390428222,0.24838140082401416
2021-01-19,525.0,745487.0,188564.0,526.5,373260.0,83484.0,-1.5,-0.002857142857137415,-18343.0,-1759.0,-16584.0,2.2586842987877644,1.9972324920966567,-0.00990099009900991,0.06870229007633588,0.23167155425219943
2021-01-20,521.75,732214.0,217777.0,523.0,391405.0,89349.0,-1.25,-0.0023957834211741336,-13273.0,18145.0,-31418.0,2.4373747887497066,1.8707323616203118,-0.006190476190476191,0.008699855002416657,0.20775462962962954
2021-01-21,524.0,724336.0,169566.0,525.75,400999.0,68678.0,-1.75,-0.003339694656482176,-7878.0,9594.0,-17472.0,2.4690002620926284,1.8063286940865144,0.004312410158121782,0.002870813397129135,0.19977103606182034
2021-01-22,500.5,697248.0,289548.0,501.5,410286.0,98837.0,-1.0,-0.001998001997998006,-27088.0,9287.0,-36375.0,2.9295506743425745,1.6994194293736524,-0.04484732824427484,-0.06273408239700373,0.13749999999999996
2021-01-25,512.0,686154.0,264763.0,514.0,419073.0,100172.0,-2.0,-0.0039062499999923707,-11094.0,8787.0,-19881.0,2.6430838956993705,1.6373137854264015,0.022977022977022976,-0.03441772748703442,0.15575620767494347
2021-01-26,530.75,677404.0,232259.0,532.75,433377.0,112746.0,-2.0,-0.0037682524729085857,-8750.0,14304.0,-23054.0,2.060019867667127,1.5630824893799127,0.03662109375,0.010952380952381047,0.18736017897091717
2021-01-27,532.5,663403.0,223887.0,533.5,440299.0,95124.0,-1.0,-0.001877934272296943,-14001.0,6922.0,-20923.0,2.3536331525166903,1.50671021283264,0.0032972209138011355,0.02060373742213706,0.18201997780244183
2021-01-28,534.0,658302.0,252543.0,531.75,444723.0,130588.0,2.25,0.004213483146059525,-5101.0,4424.0,-9525.0,1.933891322326692,1.4802517522142964,0.0028169014084507005,0.01908396946564883,0.1697699890470974
2021-01-29,547.0,645329.0,279607.0,545.0,456798.0,148724.0,2.0,0.0036563071297922188,-12973.0,12075.0,-25048.0,1.8800395363223026,1.4127229103454888,0.02434456928838946,0.09290709290709298,0.17381974248927046
2021-02-01,549.75,629626.0,219066.0,548.25,461440.0,106627.0,1.5,0.002728512960431599,-15703.0,4642.0,-20345.0,2.054507770076978,1.364480755894588,0.005027422303473417,0.07373046875,0.15981012658227844
2021-02-02,543.0,613697.0,175739.0,541.5,465332.0,89263.0,1.5,0.002762430939221432,-15929.0,3892.0,-19821.0,1.9687776570359279,1.3188368734580873,-0.012278308321964526,0.023080546396608614,0.12190082644628109
2021-02-03,551.5,605755.0,210137.0,549.0,476007.0,110263.0,2.5,0.0045330915684414635,-7942.0,10675.0,-18617.0,1.9057798173457832,1.2725758234647784,0.015653775322283625,0.03568075117370895,0.13828689370485026
2021-02-04,549.0,592096.0,217079.0,547.5,482552.0,122103.0,1.5,0.0027322404371534935,-13659.0,6545.0,-20204.0,1.777835106426527,1.227009731593691,-0.004533091568449721,0.028089887640449396,0.11472081218274122
2021-02-05,548.0,553608.0,216445.0,546.0,503837.0,144686.0,2.0,0.0036496350364896906,-38488.0,21285.0,-59773.0,1.4959636730575074,1.098783932105024,-0.0018214936247723523,0.001828153564899404,0.1065118626956083
2021-02-08,564.5,516003.0,267647.0,561.75,527365.0,184673.0,2.75,0.004871567759070201,-37605.0,23528.0,-61133.0,1.4493022802466986,0.9784551496591525,0.030109489051094895,0.02683037744429284,0.1427125506072875
2021-02-09,555.5,461987.0,390741.0,557.0,569897.0,257642.0,-1.5,-0.002700270026997839,-54016.0,42532.0,-96548.0,1.5166044356122002,0.8106499946481542,-0.01594331266607618,0.023020257826887658,0.11939546599496231
2021-02-10,532.5,421496.0,285720.0,532.0,596856.0,187442.0,0.5,0.0009389671361484715,-40491.0,26959.0,-67450.0,1.5243115203636244,0.7061937887865738,-0.04140414041404139,-0.03445149592021757,0.08396946564885499
2021-02-11,540.0,387476.0,261046.0,538.0,629781.0,196468.0,2.0,0.003703703703696845,-34020.0,32925.0,-66945.0,1.3286947492721395,0.6152551442485552,0.014084507042253502,-0.016393442622950838,0.04398260028999523
2021-02-12,539.25,374745.0,117970.0,536.5,638460.0,76850.0,2.75,0.005099675475187576,-12731.0,8679.0,-21410.0,1.5350683148991342,0.5869514143407565,-0.001388888888888884,-0.015967153284671576,0.03205741626794256
2021-02-16,551.5,345313.0,146173.0,548.75,643785.0,93764.0,2.75,0.0049864007252856096,-29432.0,5325.0,-34757.0,1.5589458640842802,0.5363793813151898,0.022716736207695876,-0.023029229406554497,0.03277153558052426
2021-02-17,552.0,330757.0,121352.0,549.5,658602.0,91859.0,2.5,0.004528985507238173,-14556.0,14817.0,-29373.0,1.3210681588085944,0.5022107433624549,0.0009066183136898776,-0.006300630063006296,0.04101838755304099
2021-02-18,549.5,310701.0,123409.0,548.0,689393.0,104708.0,1.5,0.0027297543221060424,-20056.0,30791.0,-50847.0,1.1786014440157278,0.45068777895917067,-0.004528985507246341,0.03192488262910809,0.046666666666666634
2021-02-19,544.0,226599.0,203468.0,542.0,730144.0,187959.0,2.0,0.003676470588228536,-84102.0,40751.0,-124853.0,1.0825126756367023,0.31034836963667395,-0.010009099181073733,0.007407407407407307,0.04264494489698123
2021-02-22,550.5,183406.0,140629.0,550.25,749224.0,152270.0,0.25,0.00045413260672033765,-43193.0,19080.0,-62273.0,0.9235502725421888,0.24479461416078468,0.011948529411764719,0.020862308762169768,0.050572519083969425
2021-02-23,553.5,154367.0,134967.0,552.5,767566.0,192743.0,1.0,0.0018066847335107376,-29039.0,18342.0,-47381.0,0.7002433292000192,0.20111234734211753,0.005449591280654031,0.0036264732547597323,0.10589410589410586
2021-02-24,559.75,89614.0,174397.0,556.5,777336.0,230060.0,3.25,0.0058061634658225884,-64753.0,9770.0,-74523.0,0.7580500738937636,0.11528348101721762,0.01129177958446248,0.014039855072463858,0.09326171875
2021-02-25,555.0,35443.0,128538.0,549.5,779651.0,278936.0,5.5,0.009909909909892054,-54171.0,2315.0,-56486.0,0.46081538417414586,0.04546008406325388,-0.008485931219294307,0.010009099181073733,0.045690061234102686
2021-02-26,555.0,21134.0,21395.0,548.0,772922.0,168514.0,7.0,0.012612612612589887,-14309.0,-6729.0,-7580.0,0.12696274493513818,0.027342991918977558,0.0,0.020220588235294157,0.04225352112676051
2021-03-01,549.0,16588.0,6534.0,538.5,768720.0,148415.0,10.5,0.019125683060074453,-4546.0,-4202.0,-344.0,0.044025199609203626,0.021578728275574954,-0.010810810810810811,-0.0027247956403270157,0.028089887640449396
2021-03-02,560.0,10717.0,8112.0,543.75,759332.0,178021.0,16.25,0.029017857142805324,-5871.0,-9388.0,3517.0,0.04556765774824293,0.014113721007411758,0.020036429872495543,0.011743450767841113,0.02376599634369292
2021-03-03,550.0,8135.0,3809.0,534.25,753435.0,132319.0,15.75,0.02863636363631157,-2582.0,-5897.0,3315.0,0.028786493247379225,0.010797215420042855,-0.017857142857142905,-0.017418490397498876,0.0004547521600728466
2021-03-04,545.0,6801.0,2129.0,532.25,748851.0,153481.0,12.75,0.02339449541280111,-1334.0,-4584.0,3250.0,0.013871423824447237,0.009081913491468918,-0.009090909090909038,-0.018018018018018056,0.0036832412523020164
2021-03-05,546.0,5794.0,1441.0,545.5,743959.0,137762.0,0.5,0.0009157509157492386,-1007.0,-4892.0,3885.0,0.010460068814331888,0.007788063589525756,0.0018348623853210455,-0.01621621621621616,-0.00997280145058932
2021-03-08,560.0,4035.0,2320.0,547.0,737340.0,162292.0,13.0,0.023214285714244262,-1759.0,-6619.0,4860.0,0.014295220959751472,0.005472373667507519,0.02564102564102555,0.020036429872495543,0.020036429872495543
2021-03-09,551.75,2283.0,2224.0,545.25,732053.0,138207.0,6.5,0.01178069777977022,-1752.0,-5287.0,3535.0,0.016091804322501638,0.003118626656813095,-0.01473214285714286,-0.01473214285714286,0.006843065693430628
2021-03-10,541.0,654.0,1986.0,533.0,722846.0,169761.0,8.0,0.014787430683891337,-1629.0,-9207.0,7578.0,0.011698800077756307,0.000904757029851447,-0.019483461712732186,-0.016363636363636358,-0.041629760850310005
2021-03-11,541.0,158.0,672.0,537.75,711911.0,121518.0,3.25,0.006007393715330855,-496.0,-10935.0,10439.0,0.005530044931615023,0.00022193785459137416,0.0,-0.007339449541284404,-0.026102610261026116
2021-03-12,,143.0,66.0,540.0,706090.0,123442.0,,,-15.0,-5821.0,5806.0,0.0005346640527535155,0.0002025237575946406,0.0,-0.009157509157509125,0.015962441314554043
2021-03-15,548.0,705501.0,140615.0,535.75,408423.0,56701.0,12.25,0.022354014598499356,705358.0,-297667.0,1003025.0,2.479938625421025,1.7273782328615144,0.012939001848428777,-0.021428571428571463,0.014814814814814836
2021-03-16,553.0,699655.0,132710.0,541.0,409108.0,55959.0,12.0,0.02169981916813436,-5846.0,685.0,-6531.0,2.3715577476366203,1.7101963295755602,0.009124087591240837,0.002265518803806099,0.02549837737598515
2021-03-17,556.0,690358.0,129647.0,540.25,412976.0,58068.0,15.75,0.028327338129445455,-9297.0,3868.0,-13165.0,2.2326754839153713,1.6716661500910424,0.005424954792043302,0.02772643253234741,0.008159564823209342
2021-03-18,546.5,682472.0,157912.0,530.5,400416.0,82610.0,16.0,0.029277218664173328,-7886.0,-12560.0,4674.0,1.9115361336399719,1.7044074162870573,-0.017086330935251803,0.010166358595194103,-0.009963768115942018
2021-03-19,557.0,674236.0,158521.0,536.0,395027.0,73556.0,21.0,0.0377019748652824,-8236.0,-5389.0,-2847.0,2.1551063135569883,1.706809914259021,0.01921317474839901,0.02957486136783727,0.01364877161055511
2021-03-22,550.0,668058.0,129296.0,532.75,401128.0,52354.0,17.25,0.03136363636357934,-6178.0,6101.0,-12279.0,2.469648928448591,1.6654484354121337,-0.012567324955116699,0.0036496350364962904,0.011029411764705843
2021-03-23,551.5,657706.0,122094.0,533.75,406369.0,53516.0,17.75,0.032184950135934386,-10352.0,5241.0,-15593.0,2.2814485387547223,1.61849452098954,0.0027272727272726893,-0.002712477396021651,0.0018165304268846771
2021-03-24,552.5,650917.0,92011.0,535.25,408979.0,43878.0,17.25,0.031221719456957064,-6789.0,2610.0,-9399.0,2.096973426318381,1.5915658261182075,0.0018132366273799772,-0.006294964028776939,-0.0018066847335139746
2021-03-25,546.25,646977.0,142181.0,532.5,411915.0,64090.0,13.75,0.02517162471391273,-3940.0,2936.0,-6876.0,2.218458417849864,1.5706565674957174,-0.011312217194570096,-0.00045745654162854255,-0.024117909781152247
2021-03-26,551.75,643481.0,124031.0,534.75,414367.0,53091.0,17.0,0.03081105573170673,-3496.0,2452.0,-5948.0,2.336196342129507,1.5529253053452579,0.010068649885583536,-0.009425493716337496,-0.005855855855855907
2021-03-29,546.0,637172.0,119797.0,530.0,420273.0,46087.0,16.0,0.029304029303975635,-6309.0,5906.0,-12215.0,2.5993664156920047,1.5160907315007115,-0.0104213864975079,-0.0072727272727273196,-0.01621621621621616
2021-03-30,538.0,628760.0,136033.0,520.75,421513.0,63278.0,17.25,0.032063197025962706,-8412.0,1240.0,-9652.0,2.1497676917727784,1.4916740408955322,-0.0146520146520146,-0.024478694469628248,-0.02003642987249543
2021-03-31,564.25,622246.0,145896.0,547.5,422345.0,87684.0,16.75,0.02968542312799347,-6514.0,832.0,-7346.0,1.6638839469002136,1.4733121026648794,0.04879182156133832,0.02126696832579178,0.007589285714285632
2021-04-01,558.75,615378.0,249753.0,544.0,429258.0,108989.0,14.75,0.026398210290780495,-6868.0,6913.0,-13781.0,2.291543183257005,1.4335853961952918,-0.009747452370403198,0.022883295194507935,0.015909090909090873
2021-04-02,558.75,615169.0,,544.0,429257.0,,14.75,0.026398210290780495,-209.0,-1.0,-208.0,,1.4331018480770228,0.0,0.012686905301314111,0.025229357798165042
2021-04-05,553.0,602184.0,143679.0,538.25,437398.0,88758.0,14.75,0.02667269439416515,-12985.0,8141.0,-21126.0,1.6187723923477138,1.376741548886823,-0.01029082774049217,0.012820512820512775,0.012820512820512775
2021-04-06,554.5,583487.0,134848.0,541.0,446709.0,77425.0,13.5,0.024346257889947077,-18697.0,9311.0,-28008.0,1.7416596706489926,1.3061903834487298,0.002712477396021651,0.03066914498141271,-0.009821428571428537
2021-04-07,560.25,576150.0,158002.0,546.0,455309.0,107171.0,14.25,0.02543507362779931,-7337.0,8600.0,-15937.0,1.474298084369825,1.2654043737330005,0.010369702434625871,-0.007089056269384164,0.015405527865881341
2021-04-08,579.0,556250.0,258786.0,561.0,480754.0,187448.0,18.0,0.03108808290150071,-19900.0,25445.0,-45345.0,1.3805748794332222,1.1570366549212254,0.03346720214190091,0.03624161073825505,0.07024029574861368
2021-04-09,576.25,515588.0,249738.0,561.5,518324.0,172077.0,14.75,0.02559652928412044,-40662.0,37570.0,-78232.0,1.4513153995013777,0.994721448360483,-0.004749568221070866,0.031319910514541416,0.06515711645101674
2021-04-12,568.0,468245.0,198642.0,555.0,560004.0,149566.0,13.0,0.02288732394362168,-47343.0,41680.0,-89023.0,1.3281227016835289,0.8361458132441896,-0.014316702819956562,0.027124773960216952,0.049907578558225474
2021-04-13,580.0,424205.0,225715.0,566.25,606470.0,176626.0,13.75,0.023706896551683263,-44040.0,46466.0,-90506.0,1.277926239624963,0.6994657608785253,0.021126760563380254,0.04598737601442737,0.058394160583941535
2021-04-14,593.75,388909.0,242724.0,579.0,652174.0,186944.0,14.75,0.024842105263116056,-35296.0,45704.0,-81000.0,1.298378123930154,0.5963270538230585,0.0237068965517242,0.05979473449352968,0.07368896925858959
2021-04-15,589.75,354032.0,176855.0,577.0,678176.0,138034.0,12.75,0.021619330224634813,-34877.0,26002.0,-60879.0,1.2812423026210842,0.5220355777851169,-0.006736842105263152,0.01856649395509491,0.060701438848920874
2021-04-16,587.0,323909.0,165261.0,575.0,705249.0,138956.0,12.0,0.020442930153287152,-30123.0,27073.0,-57196.0,1.1893045280520367,0.459283175162247,-0.004662992793556642,0.018655097613882843,0.07410795974382434
2021-04-19,592.0,293449.0,105991.0,580.0,714917.0,81451.0,12.0,0.02027027027023603,-30460.0,9668.0,-40128.0,1.3012854354151415,0.410465830299181,0.008517887563884052,0.04225352112676051,0.06283662477558338
2021-04-20,607.25,268597.0,180193.0,592.0,721045.0,172258.0,15.25,0.025113215314903067,-24852.0,6128.0,-30980.0,1.0460646239942353,0.3725107309529913,0.025760135135135087,0.04698275862068968,0.10409090909090901
2021-04-21,626.0,248742.0,163261.0,605.25,735313.0,183005.0,20.75,0.03314696485617708,-19855.0,14268.0,-34123.0,0.8921122373705588,0.33828043295848115,0.030876904075751277,0.05431578947368432,0.13508612873980064
2021-04-22,650.5,231523.0,147251.0,631.5,739985.0,179247.0,19.0,0.029208301306642263,-17219.0,4672.0,-21891.0,0.8214977098640378,0.3128752609850195,0.039137380191693216,0.10300974989402278,0.17737556561085976
2021-04-23,657.5,168158.0,157732.0,635.0,750133.0,233004.0,22.5,0.03422053231933959,-63365.0,10148.0,-73513.0,0.6769497519355863,0.2241709136913051,0.010760953112989968,0.12010221465076665,0.20366132723112118
2021-04-26,680.5,127419.0,157505.0,657.5,757581.0,236175.0,23.0,0.03379867744300691,-40739.0,7448.0,-48187.0,0.6668995448290435,0.16819191611194026,0.03498098859315579,0.1494932432432432,0.23334843679202533
2021-04-27,695.75,67729.0,166136.0,654.25,741565.0,384490.0,41.5,0.05964786201931779,-59690.0,-16016.0,-43674.0,0.43209446279487,0.09133251973866068,0.022409992652461463,0.1457389872375463,0.2742673992673992
2021-04-28,687.0,26797.0,107987.0,640.0,745532.0,314724.0,47.0,0.06841339155739679,-40932.0,3967.0,-44899.0,0.34311650843278446,0.035943460508737334,-0.012576356449874204,0.09744408945686911,0.2769516728624535
2021-04-29,699.25,12543.0,30786.0,648.0,745500.0,181952.0,51.25,0.07329281372889054,-14254.0,-32.0,-14222.0,0.16919846992613344,0.01682494969818911,0.017831149927219903,0.07494235203689459,0.2392556490917146
2021-04-30,715.0,7296.0,9862.0,673.25,746663.0,148309.0,41.75,0.058391608391526725,-5247.0,1163.0,-6410.0,0.06649630164049339,0.009771476556358075,0.0225241329996424,0.0874524714828897,0.2796420581655481
2021-05-03,729.5,5275.0,3094.0,681.25,735575.0,232788.0,48.25,0.06614119259757897,-2021.0,-11088.0,9067.0,0.013291063113218838,0.007171260578459018,0.020279720279720248,0.07200587803085967,0.30559284116331087
2021-05-04,742.75,4005.0,1827.0,696.75,726355.0,204867.0,46.0,0.061932009424352834,-1270.0,-9220.0,7950.0,0.008917980933971753,0.005513832767723764,0.018163125428375615,0.06755300035932454,0.34312839059674505
2021-05-05,745.0,2715.0,1778.0,708.0,717577.0,199836.0,37.0,0.04966442953013468,-1290.0,-8778.0,7488.0,0.00889729578254164,0.0037835660841972303,0.0030292830696734274,0.08442503639010179,0.3435527502254283
2021-05-06,750.0,1663.0,2419.0,718.75,719805.0,194339.0,31.25,0.04166666666661111,-1052.0,2228.0,-3280.0,0.012447321433165693,0.0023103479414563633,0.006711409395973256,0.07257776188773679,0.3386880856760375
2021-05-07,755.5,1342.0,680.0,731.0,711629.0,192878.0,24.5,0.032428855062829345,-321.0,-8176.0,7855.0,0.003525544644801359,0.0018858140969522012,0.007333333333333414,0.056643356643356624,0.3048359240069085
2021-05-10,735.0,828.0,814.0,714.0,705248.0,190149.0,21.0,0.0285714285713897,-514.0,-6381.0,5867.0,0.004280853435989649,0.0011740550841689715,-0.027134348113831863,0.007539410555174708,0.2754880694143167
2021-05-11,759.5,479.0,404.0,723.0,702779.0,180975.0,36.5,0.0480579328504963,-349.0,-2469.0,2120.0,0.002232352534880496,0.0006815798423117356,0.03333333333333344,0.022551329518680552,0.33714788732394374
2021-05-12,751.0,210.0,328.0,714.5,695484.0,200830.0,36.5,0.04860186418102716,-269.0,-7295.0,7026.0,0.0016332221281680943,0.00030194799592801513,-0.011191573403554922,0.008053691275167862,0.29482758620689653
2021-05-13,579.0,21.0,307.0,674.75,683888.0,247856.0,-95.75,-0.16537132987881628,-189.0,-11596.0,11407.0,0.0012386224259247256,3.070678239711761e-05,-0.22902796271637815,-0.22799999999999998,-0.024842105263157888
2021-05-14,,,28.0,645.0,672567.0,313038.0,,,,-11321.0,,8.944600974961478e-05,,0.0,-0.23362011912640634,-0.01822806273844846
2021-05-17,652.0,659332.0,185347.0,565.0,274595.0,46183.0,87.0,0.13343558282188123,,-397972.0,,4.013316588354936,2.4011070849796887,0.12607944732297072,-0.11292517006802716,0.11073253833049401
2021-05-18,659.25,650578.0,161908.0,571.75,282330.0,43399.0,87.5,0.1327265832383273,-8754.0,7735.0,-16489.0,3.7306850388256936,2.3043176424751097,0.01111963190184051,-0.1319947333772219,0.11359797297297303
2021-05-19,661.0,645771.0,136686.0,569.0,286206.0,34463.0,92.0,0.1391830559755837,-4807.0,3876.0,-8683.0,3.966166613469403,2.256315381228897,0.0026545316647705874,-0.11984021304926762,0.08851379168382056
2021-05-20,664.25,637495.0,119730.0,575.0,290529.0,29772.0,89.25,0.13436206247627497,-8276.0,4323.0,-12599.0,4.021563885529893,2.1942559950985885,0.004916792738275388,0.14723661485319517,0.0611022364217253
2021-05-21,657.0,629918.0,109618.0,571.25,294457.0,27958.0,85.75,0.13051750380497637,-7577.0,3928.0,-11505.0,3.9208097861075926,2.1392529299693943,-0.010914565299209644,0.13471502590673579,0.009992313604919367
2021-05-24,658.0,624460.0,106865.0,569.0,301030.0,28062.0,89.0,0.13525835866240843,-5458.0,6573.0,-12031.0,3.8081747558975194,2.074411188253656,0.0015220700152207556,0.009202453987730008,0.0007604562737641984
2021-05-25,620.25,618761.0,211650.0,539.5,305925.0,49767.0,80.75,0.13018943974182962,-5699.0,4895.0,-10594.0,4.252818132497353,2.0225905042085413,-0.057370820668693034,-0.059158134243458504,-0.08853783982365904
2021-05-26,624.0,612617.0,182610.0,547.0,314717.0,53644.0,77.0,0.12339743589723814,-6144.0,8792.0,-14936.0,3.404108567593703,1.94656469145295,0.006045949214026569,-0.055975794251134636,-0.10312612288896872
2021-05-27,664.5,603409.0,160605.0,583.25,321303.0,61192.0,81.25,0.12227238525188522,-9208.0,6586.0,-15794.0,2.624607791868175,1.8780061188348636,0.06490384615384626,0.00037636432066245895,-0.03275109170305679
2021-05-28,657.0,592988.0,150329.0,570.5,325437.0,43448.0,86.5,0.13165905631639016,-10421.0,4134.0,-14555.0,3.4599751426992396,1.8221283996595292,-0.011286681715575675,0.0,-0.06042188058634246
2021-06-01,686.75,585352.0,163972.0,599.75,329650.0,58600.0,87.0,0.12668365489606598,-7636.0,4213.0,-11849.0,2.7981569965869832,1.7756772334293895,0.045281582952815924,0.043693009118541015,-0.03951048951048952
2021-06-02,675.0,570127.0,163861.0,593.0,331589.0,71299.0,82.0,0.12148148148130151,-15225.0,1939.0,-17164.0,2.298222976479301,1.719378507730951,-0.01710957408081548,0.08827085852478844,-0.07470870459218648
2021-06-03,662.0,553081.0,166363.0,580.75,334766.0,75031.0,81.25,0.12273413897262427,-17046.0,3177.0,-20223.0,2.2172568671615434,1.6521420932830644,-0.01925925925925931,0.0608974358974359,-0.10871760350050486
2021-06-04,680.75,539365.0,142300.0,603.5,335241.0,69245.0,77.25,0.11347778185807789,-13716.0,475.0,-14191.0,2.0550220232507463,1.6088873377659607,0.02832326283987907,0.024454477050413814,-0.08624161073825498
2021-06-07,680.0,508319.0,254039.0,621.75,357629.0,143058.0,58.25,0.08566176470575639,-31046.0,22388.0,-53434.0,1.7757762585804235,1.4213584468821001,-0.0011017260374587279,0.035007610350076046,-0.09333333333333338
2021-06-08,681.75,479251.0,224000.0,627.75,378383.0,134656.0,54.0,0.07920792079196302,-29068.0,20754.0,-49822.0,1.6634980988593033,1.2665764582446852,0.0025735294117648078,-0.007280669821623564,-0.0976174718729318
2021-06-09,694.25,441003.0,214261.0,630.5,408825.0,126313.0,63.75,0.0918257111990035,-38248.0,30442.0,-68690.0,1.6962703759707891,1.078708493854336,0.018335166850018236,0.02851851851851861,-0.05544217687074826
2021-06-10,699.0,405171.0,256320.0,635.0,445166.0,142203.0,64.0,0.09155937052919663,-35832.0,36341.0,-72173.0,1.8024936182780829,0.9101571099320234,0.0068419157364061345,0.0558912386706949,-0.07965766951942066
2021-06-11,685.25,370689.0,233946.0,628.75,474498.0,132241.0,56.5,0.08245165997798985,-34482.0,29332.0,-63814.0,1.7690882555334446,0.7812235246513141,-0.019670958512160275,0.006610356224752145,-0.08754993342210382
2021-06-14,662.5,353924.0,159570.0,597.0,475132.0,75697.0,65.5,0.09886792452815266,-16765.0,634.0,-17399.0,2.1080095644477046,0.7448961551737185,-0.03319956220357534,-0.02573529411764708,0.1442141623488773
2021-06-15,667.5,320374.0,176454.0,591.75,478516.0,74082.0,75.75,0.11348314606724572,-33550.0,3384.0,-36934.0,2.381874139467045,0.6695157528692862,0.007547169811320753,-0.020902090209020896,0.15284974093264259
2021-06-16,671.5,305775.0,169908.0,586.25,485533.0,91211.0,85.25,0.1269545792998854,-14599.0,7017.0,-21616.0,1.8628016357675952,0.6297718177755155,0.005992509363295984,-0.0327691753691034,0.029907975460122804
2021-06-17,633.0,277524.0,192026.0,547.75,485993.0,101671.0,85.25,0.1346761453394397,-28251.0,460.0,-28711.0,1.888699825909041,0.5710452619687926,-0.05733432613551748,-0.09442060085836912,-0.03981797497155859
2021-06-18,652.5,256431.0,184523.0,575.0,498963.0,105090.0,77.5,0.11877394635997122,-21093.0,12970.0,-34063.0,1.7558568845751092,0.5139278864364683,0.0308056872037914,-0.04779277635899304,-0.012859304084720136
2021-06-21,659.0,236093.0,127442.0,566.5,497420.0,64277.0,92.5,0.1403641881636717,-20338.0,-1543.0,-18795.0,1.9826998770944197,0.4746351172047757,0.009961685823754785,-0.005283018867924483,-0.007903650733910417
2021-06-22,660.0,192919.0,145930.0,551.5,497383.0,96067.0,108.5,0.16439393939369032,-43174.0,-37.0,-43137.0,1.519044000541273,0.3878681016440039,0.0015174506828528056,-0.011235955056179803,0.004566210045662045
2021-06-23,662.25,160881.0,127090.0,547.25,502191.0,83201.0,115.0,0.1736504341258231,-32038.0,4808.0,-36846.0,1.5275056790182626,0.3203581904096244,0.003409090909090917,-0.013775130305286654,0.006458966565349611
2021-06-24,653.0,135024.0,143749.0,548.75,504420.0,115512.0,104.25,0.1596477794790817,-25857.0,2229.0,-28086.0,1.2444507929911937,0.2676816938265726,-0.013967534918837288,0.03159557661927326,0.052801289802498985
2021-06-25,636.75,79278.0,123016.0,530.0,512255.0,90061.0,106.75,0.16764821358434606,-55746.0,7835.0,-63581.0,1.3659186551337275,0.15476276463870503,-0.02488514548238896,-0.024137931034482807,0.02043269230769229
2021-06-28,676.5,46210.0,83833.0,555.0,516932.0,93261.0,121.5,0.1796008869176946,-33068.0,4677.0,-37745.0,0.8989073674955136,0.08939280214805799,0.0624263839811543,0.02655538694992421,0.018058690744920947
2021-06-29,693.0,16957.0,58727.0,559.25,514343.0,105609.0,133.75,0.1930014430011645,-29253.0,-2589.0,-26664.0,0.5560795008001159,0.032968272145241534,0.024390243902439046,0.050000000000000044,0.0547945205479452
2021-06-30,719.0,7781.0,18226.0,599.25,512739.0,137250.0,119.75,0.16655076495108964,-9176.0,-1604.0,-7572.0,0.13279417122039977,0.01517536212380955,0.037518037518037506,0.0856927142317856,0.04696032034947217
2021-07-01,714.0,5174.0,4706.0,601.0,510189.0,121488.0,113.0,0.1582633053219072,-2607.0,-2550.0,-57.0,0.03873633609903827,0.010141339778003819,-0.006954102920723182,0.09341500765696775,0.057777777777777706
2021-07-02,690.0,2606.0,4751.0,591.5,509665.0,71037.0,98.5,0.1427536231881989,-2568.0,-524.0,-2044.0,0.06688063966665164,0.0051131625675688835,-0.03361344537815125,0.08362779740871606,0.04229607250755296
2021-07-06,655.0,1800.0,1707.0,552.0,504181.0,51430.0,103.0,0.1572519083967065,-806.0,-5484.0,4678.0,0.03319074470153543,0.003570146435506289,-0.050724637681159424,-0.031781226903178084,-0.03782592728608147
2021-07-07,653.0,1334.0,590.0,542.75,494764.0,99672.0,110.25,0.1688361408879497,-466.0,-9417.0,8951.0,0.005919415683441629,0.002696234972633412,-0.003053435114503844,-0.05772005772005773,-0.039705882352941146
2021-07-08,635.0,918.0,497.0,537.0,482243.0,82853.0,98.0,0.1543307086611743,-416.0,-12521.0,12105.0,0.005998575790858436,0.0019036046142712245,-0.027565084226646275,-0.11682892906815023,-0.06857352401906858
2021-07-09,615.0,529.0,530.0,527.0,481305.0,91100.0,88.0,0.14308943089407627,-389.0,-938.0,549.0,0.005817782656421451,0.0010990951683443947,-0.03149606299212604,-0.1386554621848739,-0.11415196254951387
2021-07-12,615.0,245.0,431.0,543.0,477145.0,83984.0,72.0,0.11707317073151696,-284.0,-4160.0,3876.0,0.0051319298914078255,0.0005134707478858618,0.0,-0.10869565217391308,-0.12017167381974247
2021-07-13,664.0,95.0,329.0,550.75,470114.0,97432.0,113.25,0.17055722891540578,-150.0,-7031.0,6881.0,0.0033767140159290236,0.00020207864475425068,0.0796747967479674,0.013740458015267132,-0.031010580080262695
2021-07-14,,77.0,26.0,569.25,461396.0,88996.0,,,-18.0,-8718.0,8700.0,0.0002921479617061408,0.00016688484512219402,0.0,0.016845329249617125,0.0022641509433962703
2021-07-15,563.0,456220.0,69356.0,554.5,617357.0,107842.0,8.5,0.015097690941358618,456143.0,155961.0,300182.0,0.6431260547838444,0.7389889480478867,-0.15210843373493976,-0.11338582677165354,-0.15655430711610485
2021-07-16,552.75,448567.0,83019.0,551.75,621197.0,130812.0,1.0,0.0018091361374910735,-7653.0,3840.0,-11493.0,0.6346436106779146,0.7221010404106898,-0.018206039076376523,-0.10121951219512193,-0.17684288905435597
2021-07-19,556.0,441594.0,67343.0,551.0,622746.0,132571.0,5.0,0.00899280575537951,-6973.0,1549.0,-8522.0,0.5079768576838034,0.7091077261034182,0.00587969244685671,-0.09593495934959351,-0.12164296998420221
2021-07-20,571.25,436530.0,77004.0,565.75,624313.0,146526.0,5.5,0.009628008752718376,-5064.0,1567.0,-6631.0,0.5255313050243607,0.6992165788634855,0.02742805755395694,-0.13968373493975905,-0.12452107279693492
2021-07-21,571.25,427615.0,78998.0,568.0,630956.0,143691.0,3.25,0.005689277899333585,-8915.0,6643.0,-15558.0,0.5497769519315716,0.6777255466308257,0.0,-0.13968373493975905,-0.13315629742033386
2021-07-22,565.25,422248.0,81023.0,560.25,630984.0,146619.0,5.0,0.008845643520550473,-5367.0,28.0,-5395.0,0.5526091434261552,0.6691897100401901,-0.010503282275711179,0.00399644760213147,-0.14356060606060606
2021-07-23,545.5,413264.0,81447.0,543.0,635524.0,127254.0,2.5,0.004582951420706539,-8984.0,4540.0,-13524.0,0.6400348908482197,0.6502728457147162,-0.034940291906236154,-0.013116236996834063,-0.1762929407323518
2021-07-26,548.75,406177.0,72948.0,546.5,636576.0,112739.0,2.25,0.00410022779042533,-7087.0,1052.0,-8139.0,0.6470520405538398,0.6380652113808867,0.005957836846929521,-0.013039568345323715,-0.15964777947932618
2021-07-27,549.0,399731.0,67236.0,547.0,639192.0,110873.0,2.0,0.003642987249537991,-6446.0,2616.0,-9062.0,0.6064235657012924,0.6253692161353699,0.0004555808656037108,-0.03894967177242892,-0.13780918727915192
2021-07-28,550.0,392832.0,62378.0,549.5,646689.0,91952.0,0.5,0.0009090909090892562,-6899.0,7497.0,-14396.0,0.6783756742648264,0.6074511859641951,0.0018214936247722413,-0.03719912472647702,-0.1869918699186992
2021-07-29,557.0,383903.0,71556.0,555.0,655111.0,106719.0,2.0,0.003590664272884038,-8929.0,8422.0,-17351.0,0.6705085317516031,0.5860121414538901,0.012727272727272698,-0.014595311808934142,-0.19624819624819623
2021-07-30,546.75,383263.0,65198.0,544.5,653066.0,97008.0,2.25,0.004115226337441033,-640.0,-2045.0,1405.0,0.6720888998845387,0.5868671772837651,-0.01840215439856374,0.0022914757103573713,-0.23956884561891512
2021-08-02,558.0,372245.0,83836.0,558.25,655011.0,131664.0,-0.25,-0.00044802867383432254,-11018.0,1945.0,-12963.0,0.6367420099647539,0.5683034330721154,0.020576131687242816,0.016856492027334857,-0.2184873949579832
2021-08-03,550.5,359615.0,95208.0,551.0,658298.0,155031.0,-0.5,-0.0009082652134406753,-12630.0,3287.0,-15917.0,0.614122336822954,0.5462799522404738,-0.013440860215053752,0.002732240437158362,-0.20217391304347831
2021-08-04,546.25,351887.0,70049.0,546.5,654936.0,126044.0,-0.25,-0.00045766590388932233,-7728.0,-3362.0,-4366.0,0.5557503728856545,0.5372845591019572,-0.007720254314259711,-0.006818181818181834,-0.166030534351145
2021-08-05,555.0,344056.0,92967.0,553.0,656185.0,142120.0,2.0,0.0036036036035971106,-7831.0,1249.0,-9080.0,0.6541443850267334,0.5243277429383474,0.016018306636155666,-0.0035906642728904536,-0.15007656967840732
2021-08-06,554.5,305769.0,142762.0,556.0,659814.0,182753.0,-1.5,-0.0027051397655496754,-38287.0,3629.0,-41916.0,0.7811745908411858,0.4634169629622886,-0.0009009009009008917,0.014174668495656073,-0.1267716535433071
2021-08-09,550.0,272616.0,144339.0,553.25,674694.0,175984.0,-3.25,-0.005909090909080166,-33153.0,14880.0,-48033.0,0.8201825165924129,0.4040587288459651,-0.008115419296663706,-0.014336917562724039,-0.10569105691056913
2021-08-10,549.0,239555.0,143634.0,552.0,693518.0,171584.0,-3.0,-0.005464480874306987,-33061.0,18824.0,-51885.0,0.8371060238716849,0.3454200179375296,-0.0018181818181818299,-0.0027247956403270157,-0.10731707317073169
2021-08-11,555.0,207242.0,184260.0,558.0,723846.0,232705.0,-3.0,-0.005405405405395666,-32313.0,30328.0,-62641.0,0.7918179669538653,0.2863067558569084,0.010928961748633892,0.016018306636155666,-0.16415662650602414
2021-08-12,565.75,186562.0,247372.0,573.0,758637.0,441563.0,-7.25,-0.012814847547480664,-20680.0,34791.0,-55471.0,0.5602190400916731,0.2459173491406295,0.019369369369369283,0.019369369369369283,-0.14796686746987953
2021-08-13,567.25,170705.0,97466.0,571.0,758996.0,184832.0,-3.75,-0.0066108417805083985,-15857.0,359.0,-16216.0,0.5273221087257589,0.22490895867698876,0.002651347768448886,0.022993688007213686,0.007548845470692678
2021-08-16,563.75,163845.0,60693.0,568.5,763859.0,116802.0,-4.75,-0.008425720620827627,-6860.0,4863.0,-11723.0,0.5196229516617822,0.21449639265885428,-0.006170118995152074,0.02499999999999991,0.01990049751243772
2021-08-17,558.25,153873.0,67739.0,563.75,766983.0,121559.0,-5.5,-0.009852216748750824,-9972.0,3124.0,-13096.0,0.5572520339917196,0.20062113501863768,-0.009756097560975618,0.016848816029143787,0.004046762589928088
2021-08-18,561.0,144742.0,64048.0,563.25,769198.0,97177.0,-2.25,-0.004010695187158626,-9131.0,2215.0,-11346.0,0.659085997715502,0.18817261615344788,0.0049261083743843415,0.0108108108108107,-0.01794310722100656
2021-08-19,550.0,138455.0,90493.0,552.0,775153.0,165318.0,-2.0,-0.003636363636357025,-6287.0,5955.0,-12242.0,0.5473874593208208,0.1786163505785307,-0.019607843137254943,-0.027839151568714082,-0.03719912472647702
2021-08-20,537.75,132981.0,83003.0,536.5,779388.0,173056.0,1.25,0.0023245002324457005,-5474.0,4235.0,-9709.0,0.4796308709319499,0.17062233444702743,-0.022272727272727222,-0.052005288673424466,-0.04865103936311366
2021-08-23,538.5,125606.0,50271.0,536.5,778467.0,121370.0,2.0,0.0037140204271054523,-7375.0,-921.0,-6454.0,0.4141962593721643,0.16135044902352935,0.001394700139470073,-0.044789356984478945,-0.012832263978001857
2021-08-24,544.0,114389.0,82653.0,544.5,781869.0,145673.0,-0.5,-0.000919117647057134,-11217.0,3402.0,-14619.0,0.5673872303034841,0.14630200199777693,0.01021355617455888,-0.025526197939991002,-0.008656036446469284
2021-08-25,550.75,99734.0,80083.0,551.0,785709.0,145502.0,-0.25,-0.0004539264639120219,-14655.0,3840.0,-18495.0,0.5503910599166985,0.12693503574478576,0.012408088235294157,-0.018270944741533013,0.0031876138433515333
2021-08-26,552.0,82468.0,73859.0,550.0,785215.0,111370.0,2.0,0.0036231884057905377,-17266.0,-494.0,-16772.0,0.6631857771392595,0.10502601198397878,0.002269632319564341,0.0036363636363636598,0.0036363636363636598
2021-08-27,560.0,42261.0,107357.0,553.25,785344.0,155137.0,6.75,0.012053571428549905,-40207.0,129.0,-40336.0,0.6920141552305338,0.0538120874419362,0.01449275362318847,0.04137610413761039,0.0053859964093356805
2021-08-30,540.0,9266.0,73569.0,542.5,797196.0,217903.0,-2.5,-0.004629629629621056,-32995.0,11852.0,-44847.0,0.3376227036800763,0.011623239454287261,-0.0357142857142857,0.0027855153203342198,-0.012345679012345734
2021-08-31,534.0,4875.0,8135.0,535.0,793811.0,209696.0,-1.0,-0.0018726591760264558,-4391.0,-3385.0,-1006.0,0.038794254539905204,0.006141260325190749,-0.011111111111111072,-0.018382352941176516,-0.043010752688172005
2021-09-01,515.5,2787.0,5192.0,522.75,791701.0,200771.0,-7.25,-0.014064015518886395,-2088.0,-2110.0,22.0,0.025860308510691158,0.003520268384150072,-0.034644194756554336,-0.06400363141171128,-0.06357856494096281
2021-09-02,505.0,1966.0,1319.0,524.75,787405.0,141425.0,-19.75,-0.039108910891011664,-821.0,-4296.0,3475.0,0.009326498143892458,0.0024968091388802424,-0.020368574199805978,-0.08514492753623193,-0.07551487414187641
2021-09-03,505.0,1457.0,967.0,524.0,779231.0,115800.0,-19.0,-0.03762376237616312,-509.0,-8174.0,7665.0,0.00835060449050079,0.0018697921412264118,0.0,-0.0982142857142857,-0.09009009009009006
2021-09-07,489.0,1037.0,734.0,510.75,775012.0,154946.0,-21.75,-0.04447852760727101,-420.0,-4219.0,3799.0,0.004737134227408228,0.0013380437980315125,-0.03168316831683171,-0.09444444444444444,-0.11812443642921555
2021-09-08,498.25,715.0,451.0,510.25,768138.0,156332.0,-12.0,-0.024084295032565813,-322.0,-6874.0,6552.0,0.002884886011820978,0.0009308223261965936,0.01891615541922298,-0.06694756554307113,-0.09409090909090911
2021-09-09,489.0,604.0,164.0,510.0,756401.0,173940.0,-21.0,-0.042944785275985796,-111.0,-11737.0,11626.0,0.0009428538576520585,0.0007985182462741313,-0.018564977420973405,-0.051406401551891356,-0.10928961748633881
2021-09-10,400.0,311.0,370.0,516.0,745929.0,264579.0,-116.0,-0.289999999999275,-293.0,-10472.0,10179.0,0.001398448100567311,0.0004169297614116083,-0.1820040899795501,-0.20792079207920788,-0.2792792792792793
2021-09-13,400.0,83.0,313.0,512.5,741803.0,123454.0,-112.5,-0.2812499999992969,-228.0,-4126.0,3898.0,0.0025353572990749387,0.00011188954479828187,0.0,-0.20792079207920788,-0.29297392841361025
2021-09-14,,17.0,81.0,520.75,738290.0,114271.0,,,-66.0,-3513.0,3447.0,0.0007088412633126453,2.302618212355575e-05,0.0,-0.1820040899795501,-0.29484354341119434
2021-09-15,534.25,737030.0,152827.0,540.0,250275.0,50418.0,-5.75,-0.01076275152080344,737013.0,-488015.0,1225028.0,3.031199174897794,2.944880631305552,0.33562500000000006,0.07225288509784256,-0.05232815964523285
2021-09-16,529.5,729646.0,118905.0,537.0,248754.0,36680.0,-7.5,-0.01416430594898175,-7384.0,-1521.0,-5863.0,3.2416848418755935,2.9332030841714993,-0.008890968647636832,0.08282208588957052,-0.051500223914016985
2021-09-17,527.25,729480.0,109533.0,533.75,249889.0,36312.0,-6.5,-0.012328117591252104,-166.0,1135.0,-1301.0,3.016440846001239,2.91921613196258,-0.004249291784702569,0.318125,-0.06016042780748665
2021-09-20,522.0,716956.0,125356.0,534.0,256821.0,45656.0,-12.0,-0.0229885057470824,-12524.0,6932.0,-19456.0,2.7456632206062133,2.791656445539879,-0.009957325746799417,0.30499999999999994,-0.050909090909090904
2021-09-21,516.75,710440.0,119145.0,524.25,256895.0,28616.0,-7.5,-0.014513788098665673,-6516.0,74.0,-6590.0,4.163579815487694,2.7654878452285847,-0.010057471264367845,0.2918750000000001,-0.03905160390516038
2021-09-22,524.25,709243.0,112326.0,531.5,257080.0,30109.0,-7.25,-0.013829279923674146,-1197.0,185.0,-1382.0,3.7306453219966214,2.7588416057258334,0.014513788098693858,-0.018717828731867114,-0.026462395543175532
2021-09-23,529.0,706502.0,95990.0,536.25,258628.0,18910.0,-7.25,-0.013705103969728346,-2741.0,1548.0,-4289.0,5.076150185086987,2.731730516417392,0.009060562708631315,-0.0009442870632672129,-0.02757352941176472
2021-09-24,526.0,708375.0,93098.0,532.75,259741.0,16835.0,-6.75,-0.012832699619747466,1873.0,1113.0,760.0,5.530026730026401,2.727235977377454,-0.005671077504725952,-0.0023707918444760834,-0.04493871992737175
2021-09-27,539.0,705820.0,144946.0,543.5,263727.0,30999.0,-4.5,-0.008348794063064288,-2555.0,3986.0,-6541.0,4.675828252524124,2.6763281726937227,0.024714828897338448,0.03256704980842917,-0.023550724637681153
2021-09-28,532.5,694638.0,125830.0,540.5,266758.0,31793.0,-8.0,-0.015023474178375544,-11182.0,3031.0,-14213.0,3.957789450507849,2.6040006297842893,-0.012059369202226389,0.030478955007256836,-0.049107142857142905
2021-09-29,539.25,690367.0,107220.0,546.75,269092.0,33968.0,-7.5,-0.013908205841420662,-4271.0,2334.0,-6605.0,3.156500235515687,2.565542639691992,0.012676056338028152,0.028612303290414864,-0.001388888888888884
2021-09-30,536.75,691389.0,222135.0,544.5,270622.0,56135.0,-7.75,-0.014438751746596295,1022.0,1530.0,-508.0,3.957156854012578,2.554814464455948,-0.004636068613815492,0.01465028355387532,0.005149812734082326
2021-10-01,541.5,683752.0,135599.0,549.75,275583.0,43726.0,-8.25,-0.015235457063683776,-7637.0,4961.0,-12598.0,3.1011068929240477,2.4811109538686984,0.008849557522123908,0.02946768060836491,0.05043646944713864
2021-10-04,540.0,679398.0,132923.0,549.0,281556.0,41834.0,-9.0,-0.016666666666635802,-4354.0,5973.0,-10327.0,3.1773915953529865,2.4130119763031073,-0.0027700831024930483,0.0018552875695732052,0.06930693069306937
2021-10-05,537.5,667364.0,119598.0,544.75,285481.0,47887.0,-7.25,-0.013488372092998161,-12034.0,3925.0,-15959.0,2.4975045419424378,2.3376827179391895,-0.00462962962962965,0.009389671361502261,0.06435643564356441
2021-10-06,532.0,658921.0,126943.0,540.5,289026.0,45914.0,-8.5,-0.015977443608992524,-8443.0,3545.0,-11988.0,2.7647994075880393,2.279798357241209,-0.01023255813953483,-0.013444598980064892,0.08793456032719837
2021-10-07,534.0,652185.0,104997.0,542.0,295148.0,38664.0,-8.0,-0.014981273408211647,-6736.0,6122.0,-12858.0,2.715626939788881,2.2096880209250878,0.003759398496240518,-0.005123428039124356,0.07175112895132973
2021-10-08,530.5,645330.0,95481.0,539.0,305309.0,38748.0,-8.5,-0.01602262016962107,-6855.0,10161.0,-17016.0,2.4641529885412807,2.1136946503378478,-0.006554307116104829,-0.02031394275161591,0.0848670756646217
2021-10-11,532.5,630724.0,104166.0,542.0,306951.0,40546.0,-9.5,-0.01784037558682096,-14606.0,1642.0,-16248.0,2.5690820302865247,2.0548035354176983,0.0037700282752120007,-0.01388888888888884,0.33125000000000004
2021-10-12,523.0,627140.0,196596.0,532.0,315611.0,56169.0,-9.0,-0.01720841300187914,-3584.0,8660.0,-12244.0,3.5000801153660652,1.9870663570027598,-0.017840375586854473,-0.026976744186046564,0.3075000000000001
2021-10-13,511.25,620226.0,203330.0,522.0,320049.0,69387.0,-10.75,-0.021026894865484546,-6914.0,4438.0,-11352.0,2.9303760070329754,1.9379095076066417,-0.02246653919694075,-0.03900375939849621,0.27812499999999996
2021-10-14,516.0,615150.0,140335.0,525.5,321633.0,68585.0,-9.5,-0.018410852713142616,-5076.0,1584.0,-6660.0,2.0461471167164533,1.9125835968324087,0.00929095354523235,-0.0337078651685393,-0.03416003743565743
2021-10-15,525.75,609932.0,130243.0,534.75,322687.0,45121.0,-9.0,-0.017118402282421077,-5218.0,1054.0,-6272.0,2.8865273376032694,1.8901660122657502,0.018895348837209225,-0.00895381715362864,-0.007082152974504208
2021-10-18,532.75,609096.0,119583.0,539.5,326056.0,33491.0,-6.75,-0.012670107930525256,-836.0,3369.0,-4205.0,3.5706010570002817,1.8680717422773945,0.013314312886352875,0.00046948356807519076,0.010431484115694722
2021-10-19,530.0,602920.0,119081.0,538.5,331887.0,49732.0,-8.5,-0.016037735849026343,-6176.0,5831.0,-12007.0,2.3944542749134885,1.8166424114231596,-0.005161895823556972,0.013384321223709472,0.015325670498084198
2021-10-20,539.0,602945.0,129884.0,547.5,341480.0,52009.0,-8.5,-0.015769944341343656,25.0,9593.0,-9568.0,2.4973369993654466,1.7656817383155625,0.016981132075471805,0.054278728606357074,0.04305757135945809
2021-10-21,532.25,599255.0,119388.0,541.5,351569.0,57980.0,-9.25,-0.01737905119771277,-3690.0,10089.0,-13779.0,2.0591238358054147,1.7045160409478604,-0.012523191094619635,0.03149224806201545,0.015259895088221231
2021-10-22,538.0,601139.0,109345.0,546.0,353226.0,37476.0,-8.0,-0.014869888475808793,1884.0,1657.0,227.0,2.917734016437109,1.7018537706737282,0.01080319398778773,0.023300047551117364,0.017013232514177634
2021-10-25,538.0,597064.0,107050.0,546.25,356358.0,37948.0,-8.25,-0.015334572490677817,-4075.0,3132.0,-7207.0,2.820965531780257,1.6754611935188723,0.0,0.009854528390426998,0.02281368821292773
2021-10-26,542.0,592909.0,146995.0,550.25,362038.0,54620.0,-8.25,-0.015221402213994057,-4155.0,5680.0,-9835.0,2.691230318564579,1.637698252669605,0.0074349442379182396,0.02264150943396226,0.005565862708719838
2021-10-27,557.0,595216.0,241141.0,565.75,371308.0,90522.0,-8.75,-0.015709156193867667,2307.0,9270.0,-6963.0,2.6638938600560893,1.6030249819556768,0.027675276752767486,0.033395176252319025,0.04600938967136159
2021-10-28,562.0,595361.0,164258.0,571.0,379644.0,62907.0,-9.0,-0.016014234875416346,145.0,8336.0,-8191.0,2.6111243581794934,1.5682086375657154,0.008976660682226134,0.05589478628464062,0.04218822438572101
2021-10-29,568.25,597061.0,135195.0,576.0,385588.0,56161.0,-7.75,-0.013638363396368432,1700.0,5944.0,-4244.0,2.4072755114758926,1.5484428976005438,0.011120996441281061,0.05622676579925656,0.05868653935724266
2021-11-01,579.0,596163.0,197409.0,586.0,394631.0,79099.0,-7.0,-0.012089810017250277,-898.0,9043.0,-9941.0,2.4957205527250346,1.5106846649148153,0.018917729872415245,0.07620817843866168,0.06925207756232687
2021-11-02,572.5,594939.0,174067.0,580.5,399921.0,73354.0,-8.0,-0.013973799126613146,-1224.0,5290.0,-6514.0,2.3729721623905666,1.4876413091585552,-0.011226252158894612,0.05627306273062738,0.06018518518518512
2021-11-03,563.75,594712.0,149892.0,570.5,404623.0,67298.0,-6.75,-0.0119733924611761,-227.0,4702.0,-4929.0,2.227287586555288,1.4697928689174826,-0.015283842794759805,0.012118491921005337,0.04883720930232549
2021-11-04,559.0,587231.0,149483.0,567.5,414023.0,62742.0,-8.5,-0.015205724508022888,-7481.0,9400.0,-16881.0,2.3825029485830482,1.4183535697292144,-0.00842572062084257,-0.005338078291814985,0.050751879699248104
2021-11-05,552.75,544899.0,192123.0,561.0,444923.0,126171.0,-8.25,-0.014925373134301357,-42332.0,30900.0,-73232.0,1.522719166844984,1.224704049914252,-0.011180679785330994,-0.02727672679278481,0.0351123595505618
2021-11-08,551.5,514422.0,166976.0,560.25,489618.0,106777.0,-8.75,-0.015865820489545122,-30477.0,44695.0,-75172.0,1.563782462515321,1.0506599022094754,-0.0022614201718679228,-0.0474956822107081,0.03958529688972656
2021-11-09,555.0,471804.0,246899.0,565.0,515945.0,155208.0,-10.0,-0.018018018017985554,-42618.0,26327.0,-68945.0,1.5907620741198807,0.9144463072614312,0.006346328195829587,-0.03056768558951961,0.04225352112676051
2021-11-10,568.0,448952.0,209267.0,577.25,540703.0,132801.0,-9.25,-0.01628521126757696,-22852.0,24758.0,-47610.0,1.575793856973957,0.8303116498336409,0.023423423423423406,0.007538802660753907,0.08604206500956013
2021-11-11,569.0,431856.0,264523.0,577.25,575553.0,196461.0,-8.25,-0.014499121265352374,-17096.0,34850.0,-51946.0,1.3464402604079113,0.7503322891202013,0.0017605633802817433,0.017889087656529412,0.11295843520782389
2021-11-12,577.0,416851.0,163539.0,584.5,597426.0,107374.0,-7.5,-0.01299826689772444,-15005.0,21873.0,-36878.0,1.5230782126026643,0.6977449926852853,0.014059753954305698,0.04387155133423781,0.11821705426356588
2021-11-15,576.0,394446.0,128056.0,583.25,606240.0,93300.0,-7.25,-0.012586805555533704,-22405.0,8814.0,-31219.0,1.3725187566988062,0.6506433095803631,-0.0017331022530329143,0.04442429737080689,0.09557774607703284
2021-11-16,570.5,376222.0,137344.0,578.0,629166.0,117168.0,-7.5,-0.01314636283959133,-18224.0,22926.0,-41150.0,1.172197186945231,0.5979693753317874,-0.00954861111111116,0.027927927927927865,0.07085875175973722
2021-11-17,575.0,350087.0,185381.0,580.75,661235.0,139075.0,-5.75,-0.00999999999998261,-26135.0,32069.0,-58204.0,1.3329570375696471,0.529444146181009,0.007887817703768674,0.012323943661971759,0.08490566037735858
2021-11-18,573.0,323838.0,171416.0,579.0,682362.0,140698.0,-6.0,-0.0104712041884634,-26249.0,21127.0,-47376.0,1.2183257757750559,0.47458387190376883,-0.003478260869565264,0.007029876977152849,0.06307977736549164
2021-11-19,571.0,305547.0,130524.0,575.0,692016.0,98961.0,-4.0,-0.007005253940443074,-18291.0,9654.0,-27945.0,1.3189438263558237,0.44153169868904696,-0.003490401396160525,-0.010398613518197597,0.07280413339596059
2021-11-22,577.0,279935.0,172298.0,584.0,708131.0,155160.0,-7.0,-0.012131715771209478,-25612.0,16115.0,-41727.0,1.1104537251868967,0.39531527358638385,0.01050788091068311,0.0017361111111111605,0.07249070631970267
2021-11-23,580.0,246746.0,179297.0,588.25,731557.0,159453.0,-8.25,-0.014224137931009958,-33189.0,23426.0,-56615.0,1.124450465027305,0.33728882370068175,0.005199306759098743,0.016652059596844904,0.07806691449814118
2021-11-24,579.0,187168.0,265928.0,584.0,748762.0,260129.0,-5.0,-0.008635578583750197,-59578.0,17205.0,-76783.0,1.0222927855025736,0.24996995039812347,-0.0017241379310344307,0.006956521739130528,0.06826568265682664
2021-11-26,585.75,105685.0,180220.0,591.5,744801.0,179960.0,-5.75,-0.00981647460519024,-81483.0,-3961.0,-77522.0,1.0014447655034397,0.1418969630814135,0.011658031088082943,0.022251308900523625,0.05161579892280077
2021-11-29,578.0,31466.0,158234.0,582.75,754281.0,247451.0,-4.75,-0.008217993079570557,-74219.0,9480.0,-83699.0,0.6394558922776605,0.041716548607216616,-0.013230900554844216,0.012259194395796813,0.028469750889679624
2021-11-30,567.0,16228.0,24986.0,568.0,732521.0,263183.0,-1.0,-0.0017636684303319865,-15238.0,-21760.0,6522.0,0.09493774293932324,0.022153631090439697,-0.01903114186851207,-0.017331022530329254,-0.002199736031676225
2021-12-01,570.0,12744.0,6270.0,570.5,731893.0,146467.0,-0.5,-0.0008771929824546015,-3484.0,-628.0,-2856.0,0.04280827763250396,0.01741238131803417,0.005291005291005346,-0.017241379310344862,-0.015544041450777257
2021-12-02,575.0,9750.0,6237.0,576.5,729324.0,168404.0,-1.5,-0.002608695652169376,-2994.0,-2569.0,-425.0,0.03703593738866039,0.013368544021587095,0.00877192982456143,-0.006908462867012077,0.004366812227074135
2021-12-03,581.75,7780.0,3442.0,584.0,732028.0,144119.0,-2.25,-0.0038676407391424706,-1970.0,2704.0,-4674.0,0.023883041097981367,0.010628008764692045,0.011739130434782696,-0.006828851899274402,0.03192904656319295
2021-12-06,583.5,6225.0,2208.0,583.5,733666.0,103539.0,0.0,0.0,-1555.0,1638.0,-3193.0,0.0213252977139047,0.008484787355554151,0.0030081650193380938,0.009515570934256035,0.043828264758497326
2021-12-07,581.5,4756.0,1887.0,586.0,734596.0,116946.0,-4.5,-0.007738607050717561,-1469.0,930.0,-2399.0,0.01613565235236762,0.006474306966005795,-0.003427592116538092,0.02557319223985899,0.05201266395296256
2021-12-08,581.5,2990.0,2372.0,587.0,739177.0,103323.0,-5.5,-0.009458297506432574,-1766.0,4581.0,-6347.0,0.02295713442311951,0.004045039280172402,0.0,0.02017543859649118,0.054397098821396206
2021-12-09,580.0,1654.0,2082.0,590.75,742109.0,146620.0,-10.75,-0.018534482758588735,-1336.0,2932.0,-4268.0,0.014199972718592184,0.0022287831032907534,-0.002579535683576939,0.008695652173912993,0.04504504504504503
2021-12-10,590.5,930.0,862.0,589.5,740960.0,82767.0,1.0,0.0016934801016059383,-724.0,-1149.0,425.0,0.010414778836975964,0.0012551284819693352,0.018103448275861966,0.015040825096690913,0.039612676056338
2021-12-13,580.0,103.0,927.0,584.5,737237.0,99598.0,-4.5,-0.007758620689641796,-827.0,-3723.0,2896.0,0.009307415811562388,0.00013971083925521895,-0.017781541066892448,-0.005998286203941716,0.019332161687170446
2021-12-14,,50.0,115.0,590.25,740131.0,117292.0,,,-53.0,2894.0,-2947.0,0.000980459025338463,6.755560839905359e-05,0.0,-0.002579535683576939,0.005199306759098743
2021-12-15,586.5,741896.0,138521.0,587.0,233647.0,31959.0,-0.5,-0.0008525149190096291,741846.0,-506484.0,1248330.0,4.334334616226905,3.17528579438211,0.011206896551724244,0.008598452278589797,0.01822916666666674
2021-12-16,590.25,741448.0,101262.0,592.25,235278.0,25812.0,-2.0,-0.0033883947479824003,-448.0,1631.0,-2079.0,3.923059042305752,3.151369868836002,0.006393861892583175,0.01767241379310347,0.03461875547765114
2021-12-17,592.25,746588.0,129569.0,593.0,236223.0,31590.0,-0.75,-0.0012663571127036449,5140.0,945.0,4195.0,4.101582779360427,3.160522049080728,0.0033883947479882437,0.002963590177815334,0.030000000000000027
2021-12-20,591.0,744481.0,106042.0,591.75,236470.0,32195.0,-0.75,-0.0012690355329927766,-2107.0,247.0,-2354.0,3.293741264171353,3.148310567936723,-0.0021105951878429563,0.018965517241379404,0.03141361256544495
2021-12-21,597.75,745243.0,119312.0,599.0,238089.0,28721.0,-1.25,-0.0020911752404816544,762.0,1619.0,-857.0,4.154172904843001,3.130102608688335,0.011421319796954377,0.030603448275862144,0.04684763572679507
2021-12-22,602.0,750652.0,154966.0,602.0,241521.0,41955.0,0.0,0.0,5409.0,3432.0,1977.0,3.693624121082024,3.1080195924991902,0.007109995817649484,0.026427962489343537,0.0433275563258233
2021-12-23,605.75,753414.0,108565.0,608.0,244771.0,27237.0,-2.25,-0.003714403631855197,2762.0,3250.0,-488.0,3.985938245768477,3.078036205269403,0.006229235880398587,0.026260059296908,0.044396551724138034
2021-12-27,614.5,759150.0,123211.0,615.75,253094.0,40635.0,-1.25,-0.002034174125301816,5736.0,8323.0,-2587.0,3.032139780976916,2.9994784546452977,0.014444903012793997,0.03756859434360482,0.06131260794473237
2021-12-28,604.25,754145.0,134208.0,606.5,251713.0,35374.0,-2.25,-0.0037236243276727787,-5005.0,-1381.0,-3624.0,3.793972974500939,2.9960510581495474,-0.016680227827502003,0.022419627749576954,0.03158344003414415
2021-12-29,605.25,753467.0,117570.0,606.25,250324.0,33784.0,-1.0,-0.0016522098306457626,-678.0,-1389.0,711.0,3.48004972768164,3.0099670826608595,0.001654944145635051,0.012547051442910906,0.04714532871972321
2021-12-30,595.5,743455.0,122776.0,596.0,253688.0,35793.0,-0.5,-0.000839630562551067,-10012.0,3364.0,-13376.0,3.4301679099264266,2.9305879663208234,-0.01610904584882278,-0.010797342192691017,0.050264550264550234
2021-12-31,592.75,737808.0,69868.0,595.0,255785.0,23451.0,-2.25,-0.0037958667228953254,-5647.0,2097.0,-7744.0,2.9793185791649406,2.8844850167132443,-0.0046179680940385825,-0.02146099876186547,0.039912280701754455
2022-01-03,589.75,726028.0,146023.0,591.75,256155.0,37391.0,-2.0,-0.0033912674862172257,-11780.0,370.0,-12150.0,3.905298066379506,2.8343307762877834,-0.005061155630535663,-0.040276647681041444,0.02565217391304353
2022-01-04,609.0,732630.0,210268.0,609.0,261535.0,65241.0,0.0,0.0,6602.0,5380.0,1222.0,3.222942628101911,2.8012694285659556,0.03264094955489605,0.007860984691766548,0.046841426729694824
2022-01-05,602.0,715414.0,148499.0,603.0,266536.0,48417.0,-1.0,-0.001661129568103553,-17216.0,5001.0,-22217.0,3.0670838754982124,2.684117717681654,-0.011494252873563204,-0.00536968194960763,0.03170522707797763
2022-01-06,603.75,708032.0,151442.0,604.75,268160.0,42837.0,-1.0,-0.0016563146997902174,-7382.0,1624.0,-9006.0,3.535308261549513,2.640334128878272,0.0029069767441860517,0.01385390428211597,0.03826311263972482
2022-01-07,606.0,700186.0,140371.0,602.75,272777.0,47115.0,3.25,0.005363036303621513,-7846.0,4617.0,-12463.0,2.9793271781809834,2.566880638763523,0.003726708074534235,0.02235343736819906,0.042132416165090225
2022-01-10,600.0,684517.0,135265.0,600.0,276503.0,52339.0,0.0,0.0,-15669.0,3726.0,-19395.0,2.584401688989041,2.475622325978371,-0.00990099009900991,0.017380245866892796,0.034482758620689724
2022-01-11,601.0,672373.0,128305.0,602.25,279344.0,51271.0,-1.25,-0.0020798668885156743,-12144.0,2841.0,-14985.0,2.502486785902313,2.4069713328369238,0.0016666666666667052,-0.013136288998357948,0.017781541066892448
2022-01-12,598.75,668416.0,181633.0,599.5,284907.0,58854.0,-0.75,-0.0012526096033382002,-3957.0,5563.0,-9520.0,3.0861623678933787,2.3460848627797763,-0.0037437603993344393,-0.005398671096345509,0.032327586206896575
2022-01-13,587.0,645791.0,186546.0,589.0,289741.0,66449.0,-2.0,-0.0034071550255478584,-22625.0,4834.0,-27459.0,2.807356017396758,2.228856116324572,-0.019624217118997866,-0.027743271221532084,0.012068965517241459
2022-01-14,597.0,640133.0,140634.0,597.0,290496.0,47417.0,0.0,0.0,-5658.0,755.0,-6413.0,2.965898306514479,2.2035862800176176,0.017035775127768327,-0.014851485148514865,0.01790281329923271
2022-01-18,599.75,627596.0,141742.0,599.0,289393.0,49037.0,0.75,0.0012505210504355974,-12537.0,-1103.0,-11434.0,2.8905112466096443,2.1686633747188004,0.004606365159129044,-0.0004166666666666208,0.016094875052943713
2022-01-19,610.0,634241.0,179943.0,610.0,291177.0,62649.0,0.0,0.0,6645.0,1784.0,4861.0,2.8722405784609033,2.1781974537824,0.017090454355981555,0.014975041597337757,0.029970451667370224
2022-01-20,610.0,630610.0,127683.0,608.5,299176.0,46079.0,1.5,0.0024590163934385917,-3631.0,7999.0,-11630.0,2.7709585711494875,2.1078228200122933,0.0,0.018789144050104456,0.0321489001692048
2022-01-21,616.0,640734.0,187471.0,614.0,302425.0,69124.0,2.0,0.003246753246747976,10124.0,3249.0,6875.0,2.712097100862179,2.11865421178804,0.009836065573770592,0.049403747870528036,0.030531158511083234
2022-01-24,620.5,628781.0,194809.0,617.0,303156.0,81167.0,3.5,0.005640612409338211,-11953.0,731.0,-12684.0,2.400101026279123,2.0741169562865256,0.007305194805194759,0.03936348408710222,0.030730897009966673
2022-01-25,619.0,630115.0,298396.0,617.5,317368.0,141754.0,1.5,0.002423263327944389,1334.0,14212.0,-12878.0,2.1050270186379074,1.98543961584028,-0.00241740531829171,0.0320967069612339,0.021873710276516745
2022-01-26,626.0,618300.0,172723.0,624.0,322341.0,82038.0,2.0,0.0031948881789086343,-11815.0,4973.0,-16788.0,2.1054023745093478,1.9181549973475236,0.011308562197092087,0.026229508196721207,0.018714401952807158
2022-01-27,623.75,614101.0,151696.0,621.25,324239.0,60402.0,2.5,0.0040080160320577025,-4199.0,1898.0,-6097.0,2.511440018542391,1.8939763569465675,-0.0035942492012779326,0.02254098360655732,0.03227141083988405
2022-01-28,635.5,614625.0,188658.0,632.75,330405.0,84350.0,2.75,0.004327301337522695,524.0,6166.0,-5642.0,2.2366093657379698,1.8602170064012293,0.018837675350701355,0.031655844155844104,0.049979347377116845
2022-01-31,625.75,588695.0,243891.0,623.25,349928.0,114959.0,2.5,0.0039952057530899,-25930.0,19523.0,-45453.0,2.1215476822171198,1.6823317939690403,-0.01534225019669555,0.008460918614020985,0.05079764903442485
2022-02-01,634.0,582122.0,196298.0,633.0,357838.0,89933.0,1.0,0.001577287066243569,-6573.0,7910.0,-14483.0,2.182713798049635,1.626775244663782,0.013184178985217843,0.024232633279483107,0.06959088991986495
2022-02-02,622.5,557025.0,275662.0,622.5,368880.0,143508.0,0.0,0.0,-25097.0,11042.0,-36139.0,1.920882459514439,1.5100439167208808,-0.01813880126182965,-0.005591054313099031,0.05553200508690126
2022-02-03,617.25,537889.0,215871.0,617.25,376558.0,128988.0,0.0,0.0,-19136.0,7678.0,-26814.0,1.6735742859800782,1.4284359912682736,-0.008433734939759074,-0.010420841683366766,0.013546798029556717
2022-02-04,621.5,521967.0,181430.0,621.5,398095.0,122318.0,0.0,0.0,-15922.0,21537.0,-37459.0,1.4832649323893337,1.311161908589655,0.0068853786958282814,-0.02202989771833197,0.03239202657807305
2022-02-07,636.0,483970.0,232607.0,636.75,431419.0,142660.0,-0.75,-0.0011792452830170137,-37997.0,33324.0,-71321.0,1.6304990887424533,1.1218096560420354,0.023330651649235756,0.0163803435876948,0.05341614906832293
2022-02-08,632.0,448544.0,200583.0,633.5,462733.0,136546.0,-1.5,-0.002373417721515232,-35426.0,31314.0,-66740.0,1.4689774874401194,0.9693365288406036,-0.0062893081761006275,-0.003154574132492094,0.04290429042904287
2022-02-09,646.0,407843.0,320406.0,644.0,485851.0,246424.0,2.0,0.00309597523219335,-40701.0,23118.0,-63819.0,1.3002223809369164,0.8394404868982449,0.02215189873417711,0.03775100401606424,0.07666666666666666
2022-02-10,641.75,386513.0,372991.0,640.5,517438.0,221805.0,1.25,0.0019477989871414915,-21330.0,31587.0,-52917.0,1.681616735420745,0.7469745167536966,-0.006578947368421018,0.03969218307006894,0.06780366056572373
2022-02-11,648.25,355622.0,243969.0,650.0,552406.0,182799.0,-1.75,-0.002699575780944544,-30891.0,34968.0,-65859.0,1.3346298393317177,0.6437692566699118,0.010128554733151551,0.04304102976669344,0.0826722338204593
2022-02-14,655.25,337004.0,144923.0,653.0,557953.0,111519.0,2.25,0.00343380389163917,-18618.0,5547.0,-24165.0,1.299536401868728,0.6040006953990738,0.010798303123794817,0.03026729559748431,0.11626916524701869
2022-02-15,637.0,310312.0,177958.0,637.25,570082.0,130659.0,-0.25,-0.00039246467817834776,-26692.0,12129.0,-38821.0,1.3620033828515343,0.5443287106065433,-0.027851964898893522,0.007911392405063333,0.06700167504187604
2022-02-16,645.0,293180.0,126554.0,644.25,584032.0,98207.0,0.75,0.0011627906976726158,-17132.0,13950.0,-31082.0,1.2886454122414768,0.5019930414771784,0.012558869701726927,-0.001547987616099089,0.07544810337640673
2022-02-17,647.0,271475.0,121279.0,647.25,597393.0,98121.0,-0.25,-0.00038639876352335954,-21705.0,13361.0,-35066.0,1.2360147165234634,0.45443284404068934,0.0031007751937983663,0.008180755746006962,0.060655737704917945
2022-02-18,654.0,226682.0,154047.0,652.0,624621.0,138413.0,2.0,0.0030581039755304923,-44793.0,27228.0,-72021.0,1.1129518181095628,0.3629112693937598,0.010819165378670892,0.00887003470883152,0.0721311475409836
2022-02-22,674.0,163890.0,168824.0,671.0,649962.0,192520.0,3.0,0.004451038575661052,-62792.0,25341.0,-88133.0,0.8769166839808806,0.252153202802625,0.030581039755351647,0.028615032430370002,0.0941558441558441
2022-02-23,685.0,116325.0,154730.0,679.75,669239.0,204307.0,5.25,0.007664233576631147,-47565.0,19277.0,-66842.0,0.7573406686995514,0.173816827770049,0.016320474777448135,0.07535321821036112,0.10394842868654308
2022-02-24,693.25,60422.0,161611.0,688.5,688727.0,346312.0,4.75,0.006851785070311069,-55903.0,19488.0,-75391.0,0.46666300907851743,0.08772997138198431,0.012043795620438003,0.07480620155038764,0.119951534733441
2022-02-25,655.0,18641.0,94802.0,655.75,678503.0,268508.0,-0.75,-0.0011450381679371832,-41781.0,-10224.0,-31557.0,0.35306955472462515,0.02747371787597103,-0.055174900829426665,0.012364760432766575,0.0463258785942493
2022-02-28,696.5,11260.0,15651.0,690.75,674588.0,169348.0,5.75,0.008255563531933588,-7381.0,-3915.0,-3466.0,0.09241916054514909,0.016691669582026336,0.06335877862595418,0.06498470948012236,0.11663326653306605
2022-03-01,730.0,7430.0,7258.0,725.75,677410.0,181422.0,4.25,0.005821917808211203,-3830.0,2822.0,-6652.0,0.040006173451951586,0.010968246704359233,0.04809763101220388,0.08308605341246289,0.14870180959874113
2022-03-02,730.0,5062.0,3350.0,725.0,670439.0,245276.0,5.0,0.006849315068483768,-2368.0,-6971.0,4603.0,0.013658083138994383,0.007550276758959416,0.0,0.06569343065693434,0.16660007990411496
2022-03-03,750.0,2950.0,3447.0,747.0,674126.0,216512.0,3.0,0.003999999999994667,-2112.0,3687.0,-5799.0,0.015920595625184674,0.004376036527296077,0.027397260273972712,0.08186080057699252,0.18296529968454256
2022-03-04,710.0,1632.0,2186.0,747.0,651032.0,236077.0,-37.0,-0.05211267605626463,-1318.0,-23094.0,21776.0,0.00925969069413789,0.0025067892208063465,-0.053333333333333344,0.08396946564885499,0.1405622489959839
2022-03-07,727.5,818.0,1309.0,750.5,627394.0,161720.0,-23.0,-0.03161512027487063,-814.0,-23638.0,22824.0,0.008094236952757804,0.0013038059018734617,0.02464788732394374,0.044508255563531884,0.1786148238153098
2022-03-08,635.0,407.0,547.0,755.0,616982.0,151946.0,-120.0,-0.1889763779524583,-411.0,-10412.0,10001.0,0.003599963144801419,0.0006596626805968396,-0.12714776632302405,-0.13013698630136983,0.021721641190667773
2022-03-09,735.0,331.0,188.0,732.75,600023.0,136059.0,2.25,0.0030612244897917536,-76.0,-16959.0,16883.0,0.0013817535039945805,0.000551645520255056,0.15748031496062986,0.006849315068493178,0.1556603773584906
2022-03-10,635.0,177.0,74.0,750.25,598987.0,147566.0,-115.25,-0.18149606299184018,-154.0,-1036.0,882.0,0.0005014705284415075,0.00029549890064391995,-0.13605442176870752,-0.15333333333333332,0.004746835443038
2022-03-11,635.0,28.0,233.0,762.0,594192.0,102372.0,-127.0,-0.19999999999968504,-149.0,-4795.0,4646.0,0.00227601297229709,4.712281552090898e-05,0.0,-0.10563380281690138,-0.017027863777089758
2022-03-14,,17.0,66.0,746.25,583656.0,104100.0,,,-11.0,-10536.0,10525.0,0.0006340057636887547,2.9126745891415437e-05,0.0,-0.12714776632302405,-0.010518114530580491
2022-03-15,757.0,579659.0,89348.0,719.0,368674.0,54240.0,38.0,0.050198150594385475,579642.0,-214982.0,794624.0,1.6472713864306483,1.5722806598783707,0.19212598425196847,0.19212598425196847,0.1677593521018126
2022-03-16,728.5,574191.0,106537.0,696.75,369987.0,50655.0,31.75,0.043582704186625146,-5468.0,1313.0,-6781.0,2.1031882341328183,1.551922094560075,-0.03764861294583888,-0.008843537414966018,0.11178939336131255
2022-03-17,753.0,571190.0,90267.0,716.0,372648.0,42040.0,37.0,0.04913678618851376,-3001.0,2661.0,-5662.0,2.1471693625118426,1.5327869732294241,0.03363074811255995,0.18582677165354333,0.18210361067503933
2022-03-18,742.0,561876.0,84411.0,709.0,376375.0,45033.0,33.0,0.044474393530937364,-9314.0,3727.0,-13041.0,1.8744254213576295,1.4928621720358646,-0.014608233731739695,0.16850393700787403,0.15038759689922476
2022-03-21,755.25,559282.0,93775.0,725.0,383773.0,55670.0,30.25,0.04005296259511413,-2594.0,7398.0,-9992.0,1.6844799712591758,1.4573250332879035,0.017857142857142794,0.18937007874015754,0.1673106646058733
2022-03-22,754.5,548077.0,104191.0,729.0,391374.0,69234.0,25.5,0.0337972166997564,-11205.0,7601.0,-18806.0,1.5049108819365988,1.4003919524546817,-0.0009930486593843213,-0.0033025099075296716,0.15366972477064222
2022-03-23,757.75,547626.0,112399.0,734.0,396260.0,66388.0,23.75,0.03134279115799229,-451.0,4886.0,-5337.0,1.6930619991564484,1.3819865744713034,0.004307488402915949,0.040150995195607386,0.12425816023738867
2022-03-24,747.5,533256.0,100951.0,728.0,399558.0,61585.0,19.5,0.026086956521704233,-14370.0,3298.0,-17668.0,1.639214094341128,1.334614749297971,-0.013526888815572402,-0.007304116865869847,0.09124087591240881
2022-03-25,754.0,515280.0,73846.0,730.0,400362.0,41204.0,24.0,0.031830238726748235,-17976.0,804.0,-18780.0,1.7922046403261385,1.2870352331140287,0.008695652173912993,0.016172506738544534,0.08763072484673629
2022-03-28,747.5,502740.0,89177.0,729.0,402102.0,55980.0,18.5,0.024749163879565553,-12540.0,1740.0,-14280.0,1.593015362629482,1.250279779757372,-0.008620689655172376,-0.010261502813637913,0.14122137404580148
2022-03-29,728.0,485384.0,180171.0,708.0,407011.0,102763.0,20.0,0.027472527472489735,-17356.0,4909.0,-22265.0,1.7532672265309328,1.192557449307264,-0.02608695652173909,-0.035122597746852224,0.045226130653266416
2022-03-30,738.5,476330.0,109719.0,719.0,409993.0,62579.0,19.5,0.02640487474607122,-9054.0,2982.0,-12036.0,1.7532878441649475,1.161800323420153,0.014423076923076872,-0.025404157043879882,0.011643835616438336
2022-03-31,748.0,472303.0,173737.0,732.0,418502.0,142791.0,16.0,0.021390374331522206,-4027.0,8509.0,-12536.0,1.2167223424445435,1.128556135932442,0.012863913337846977,0.0006688963210701449,0.024657534246575352
2022-04-01,736.0,450864.0,155927.0,721.75,429229.0,127304.0,14.25,0.019361413043451955,-21439.0,10727.0,-32166.0,1.2248397536605196,1.0504043296235785,-0.016042780748663055,-0.023872679045092826,-0.01866666666666672
2022-04-04,750.0,439180.0,112649.0,739.0,435399.0,92320.0,11.0,0.01466666666664711,-11684.0,6170.0,-17854.0,1.2202014731369017,1.0086839887092047,0.01902173913043481,0.0033444816053511683,0.05633802816901401
2022-04-05,759.75,428094.0,123890.0,747.75,446453.0,111969.0,12.0,0.01579466929909076,-11086.0,11054.0,-22140.0,1.106466968535924,0.9588780901909026,0.0129999999999999,0.04361263736263732,0.04432989690721656
2022-04-06,756.0,415469.0,110915.0,745.75,457258.0,92467.0,10.25,0.013558201058183124,-12625.0,10805.0,-23430.0,1.1995090140266127,0.9086095814616674,-0.0049358341559723184,0.023696682464454888,0.19055118110236213
2022-04-07,758.0,380135.0,149456.0,749.5,483642.0,144673.0,8.5,0.011213720316607898,-35334.0,26384.0,-61718.0,1.0330607646208967,0.7859842610856774,0.002645502645502562,0.013368983957219305,0.0312925170068028
2022-04-08,767.5,354950.0,170872.0,759.0,512337.0,155533.0,8.5,0.011074918566760815,-25185.0,28695.0,-53880.0,1.0986221573556667,0.6928057118654309,0.01253298153034299,0.04279891304347827,0.20866141732283472
2022-04-11,765.0,310142.0,170234.0,757.25,539324.0,158908.0,7.75,0.010130718954235124,-44808.0,26987.0,-71795.0,1.0712739446723825,0.5750569231111529,-0.0032573289902280145,0.020000000000000018,0.20472440944881898
2022-04-12,775.0,282839.0,154266.0,770.0,569529.0,153025.0,5.0,0.0064516129032174815,-27303.0,30205.0,-57508.0,1.008109785982676,0.49661913616339026,0.013071895424836555,0.020072392234287584,0.22047244094488194
2022-04-13,783.25,257206.0,182922.0,777.75,598735.0,184615.0,5.5,0.007022023619525028,-25633.0,29206.0,-54839.0,0.9908295642282535,0.429582369495686,0.010645161290322669,0.03604497354497349,0.034676354029061995
2022-04-14,789.75,243835.0,108878.0,782.75,616230.0,114603.0,7.0,0.008863564419108752,-13371.0,17495.0,-30866.0,0.9500449377415866,0.3956882982003466,0.008298755186721962,0.04188654353562016,0.0840768702814001
2022-04-18,814.0,239919.0,114979.0,807.0,621833.0,132713.0,7.0,0.008599508599498035,-3916.0,5603.0,-9519.0,0.8663733017865555,0.38582545474427954,0.030705919594808506,0.06058631921824098,0.08100929614873831
2022-04-19,803.0,223670.0,133531.0,799.0,627617.0,145333.0,4.0,0.004981320049806997,-16249.0,5784.0,-22033.0,0.9187933917279564,0.3563797666411197,-0.013513513513513487,0.04967320261437913,0.08221024258760101
2022-04-20,815.0,208947.0,128911.0,808.75,635563.0,130848.0,6.25,0.007668711656432309,-14723.0,7946.0,-22669.0,0.985196563952059,0.32875891139037305,0.014943960149439661,0.05161290322580636,0.07911287653095012
2022-04-21,800.0,186646.0,111004.0,795.0,645480.0,126241.0,5.0,0.006249999999992187,-22301.0,9917.0,-32218.0,0.8793022868956925,0.2891584557228724,-0.018404907975460127,0.021385253750398903,0.06030483764082173
2022-04-22,793.0,137647.0,140795.0,789.0,652284.0,166689.0,4.0,0.005044136191670815,-48999.0,6804.0,-55803.0,0.8446568159866528,0.21102311263192072,-0.008750000000000036,0.004115226337448652,0.04651930056087106
2022-04-25,798.0,95927.0,114116.0,796.5,659856.0,152795.0,1.5,0.0018796992481179453,-41720.0,7572.0,-49292.0,0.7468568997676577,0.14537565771925973,0.006305170239596425,-0.019656019656019708,0.06755852842809373
2022-04-26,802.0,61279.0,85308.0,802.0,665389.0,140110.0,0.0,0.0,-34648.0,5533.0,-40181.0,0.6088644636357105,0.09209500006762947,0.005012531328320913,-0.001245330012453305,0.06366047745358094
2022-04-27,815.5,37900.0,70673.0,812.0,679979.0,150904.0,3.5,0.004291845493556969,-23379.0,14590.0,-37969.0,0.4683308593542884,0.05573701540782869,0.016832917705735584,0.0006134969325153339,0.09096989966555191
2022-04-28,817.0,13761.0,47633.0,813.0,675509.0,121715.0,4.0,0.004895960832307349,-24139.0,-4470.0,-19669.0,0.39134864232017097,0.020371305193565118,0.0018393623543837556,0.02124999999999999,0.12225274725274726
2022-04-29,813.0,6202.0,11143.0,812.25,678061.0,104780.0,0.75,0.0009225092250911163,-7559.0,2552.0,-10111.0,0.10634663103645632,0.00914666969490944,-0.004895960832313362,0.02522068095838592,0.10088016249153697
2022-05-02,812.5,5305.0,2848.0,803.5,670172.0,117450.0,9.0,0.011076923076909445,-897.0,-7889.0,6992.0,0.02424861643252427,0.007915878311836351,-0.0006150061500614923,0.018170426065162948,0.08622994652406413
2022-05-03,799.5,4275.0,2214.0,793.0,664936.0,130993.0,6.5,0.00813008130080284,-1030.0,-5236.0,4206.0,0.016901666501263297,0.006429190177701303,-0.016000000000000014,-0.0031172069825435855,0.08627717391304346
2022-05-04,795.5,3673.0,1267.0,793.25,655557.0,102960.0,2.25,0.0028284098051504355,-602.0,-9379.0,8777.0,0.012305749805749685,0.005602869010627595,-0.00500312695434646,-0.024524831391784185,0.06066666666666665
2022-05-05,800.0,3361.0,410.0,796.25,649679.0,92039.0,3.75,0.004687499999994141,-312.0,-5878.0,5566.0,0.004454633361944345,0.00517332405695735,0.0056568196103079504,-0.020807833537331732,0.05297795327410326
2022-05-06,786.0,2472.0,1248.0,784.5,642956.0,132008.0,1.5,0.0019083969465624575,-889.0,-6723.0,5834.0,0.009453972486515898,0.0038447420974374543,-0.01749999999999996,-0.03321033210332103,0.039682539682539764
2022-05-09,780.0,1811.0,745.0,772.0,632841.0,135176.0,8.0,0.010256410256397107,-661.0,-10115.0,9454.0,0.005511333372788029,0.0028616982780824834,-0.007633587786259555,-0.040000000000000036,0.029023746701847042
2022-05-10,780.0,1326.0,597.0,775.25,625196.0,98595.0,4.75,0.006089743589735783,-485.0,-7645.0,7160.0,0.006055073786703118,0.0021209348748232517,0.0,-0.024390243902439046,0.016286644951140072
2022-05-11,795.0,829.0,653.0,788.25,617696.0,110381.0,6.75,0.00849056603772517,-497.0,-7500.0,7003.0,0.005915873202815648,0.001342084132000205,0.019230769230769162,-0.0006285355122563896,0.03921568627450989
2022-05-12,803.0,85.0,911.0,791.5,612017.0,154543.0,11.5,0.014321295143195117,-744.0,-5679.0,4935.0,0.0058947995056391695,0.00013888503097136167,0.010062893081761004,0.00374999999999992,0.03612903225806452
2022-05-13,,62.0,25.0,781.0,611997.0,113807.0,,,-23.0,-20.0,-3.0,0.00021967014331279955,0.00010130768614878813,0.0,0.021628498727735312,0.025215448451962885
2022-05-16,807.75,606046.0,138859.0,775.0,238177.0,43952.0,32.75,0.040544722995926284,605984.0,-373820.0,979804.0,3.159332908627522,2.544519412033897,0.005915317559153088,0.03557692307692317,0.02279202279202286
2022-05-17,800.5,600384.0,98317.0,772.0,243006.0,35297.0,28.5,0.03560274828227907,-5662.0,4829.0,-10491.0,2.7854208572965753,2.4706550455544205,-0.008975549365521474,0.02628205128205119,-0.016584766584766597
2022-05-18,782.0,593268.0,120123.0,753.0,246150.0,32382.0,29.0,0.03708439897693468,-7116.0,3144.0,-10260.0,3.7095608671483014,2.4101889092016964,-0.023110555902560947,-0.01635220125786163,-0.026151930261519296
2022-05-19,783.0,585434.0,106424.0,749.5,245323.0,33345.0,33.5,0.04278416347376401,-7834.0,-827.0,-7007.0,3.191602938971265,2.3863804046094237,0.0012787723785165905,-0.02490660024906599,-0.03926380368098159
2022-05-20,778.75,579286.0,88004.0,744.0,248323.0,29193.0,34.75,0.04462279293734238,-6148.0,3000.0,-9148.0,3.0145582845201586,2.332792371226176,-0.005427841634738195,-0.030199252801992538,-0.026562500000000044
2022-05-23,786.25,580195.0,88355.0,755.0,256084.0,33454.0,31.25,0.03974562798087155,909.0,7761.0,-6852.0,2.641089256889979,2.265643304540689,0.009630818619582593,-0.026617146394305125,-0.008511979823455196
2022-05-24,770.0,573563.0,147022.0,739.5,264168.0,48298.0,30.5,0.03961038961033817,-6632.0,8084.0,-14716.0,3.0440597954366013,2.1712054450198277,-0.020667726550079535,-0.03810118675827612,-0.03508771929824561
2022-05-25,770.75,565978.0,127425.0,737.25,272522.0,44339.0,33.5,0.04346415828732603,-7585.0,8354.0,-15939.0,2.8738807821555996,2.076815816704699,0.0009740259740260715,-0.014386189258312032,-0.038965087281795485
2022-05-26,764.25,562610.0,104920.0,733.5,276062.0,36557.0,30.75,0.04023552502448121,-3368.0,3540.0,-6908.0,2.8700385699044544,2.0379842209358694,-0.008433344145313049,-0.023946360153256685,-0.06284488044144698
2022-05-27,775.5,555058.0,101090.0,742.0,281346.0,34028.0,33.5,0.04319793681490239,-7552.0,5284.0,-12836.0,2.9707887621957516,1.972866150576152,0.014720314033366044,-0.004173354735152457,-0.05079559363525088
2022-05-31,752.25,552619.0,175461.0,721.5,291914.0,52454.0,30.75,0.040877367896256726,-2439.0,10568.0,-13007.0,3.345045182445508,1.8930883753434167,-0.029980657640232056,-0.043243243243243246,-0.07472324723247237
2022-06-01,731.0,541178.0,210389.0,703.0,303933.0,77839.0,28.0,0.03830369357039904,-11441.0,12019.0,-23460.0,2.7028738807024406,1.7805832206440178,-0.02824858757062143,-0.05064935064935061,-0.10030769230769232
2022-06-02,730.5,528973.0,127143.0,702.75,314401.0,51071.0,27.75,0.037987679671405906,-12205.0,10468.0,-22673.0,2.4895341779091367,1.6824787452966063,-0.0006839945280437965,-0.052221861822899784,-0.08630393996247654
2022-06-03,727.0,516752.0,105542.0,701.25,321848.0,45569.0,25.75,0.03541953232457301,-12221.0,7447.0,-19668.0,2.3160920801421514,1.60557778827272,-0.00479123887748123,-0.048740595354923144,-0.08610936517913259
2022-06-06,742.5,503004.0,131922.0,714.5,331330.0,57687.0,28.0,0.03771043771038692,-13748.0,9482.0,-23230.0,2.28685839097193,1.5181359973440332,0.021320495185694677,-0.04255319148936165,-0.07187500000000002
2022-06-07,757.0,464163.0,227575.0,722.75,351122.0,122842.0,34.25,0.045244385733097435,-38841.0,19792.0,-58633.0,1.852582992787468,1.3219422309054936,0.019528619528619506,0.006314390162844852,-0.03689567430025442
2022-06-08,764.5,425870.0,223848.0,724.0,374060.0,142684.0,40.5,0.05297580117717073,-38293.0,22938.0,-61231.0,1.5688374309663202,1.1385071913596718,0.009907529722589237,0.04582763337893292,-0.019871794871794912
2022-06-09,771.25,395029.0,226325.0,727.0,395353.0,154631.0,44.25,0.057374392220347,-30841.0,21293.0,-52134.0,1.4636457114032668,0.9991804792173046,0.008829300196206757,0.05578370978781666,-0.011217948717948678
2022-06-10,772.75,367570.0,156100.0,729.0,411401.0,104443.0,43.75,0.056615981882812534,-27459.0,16048.0,-43507.0,1.494595138017852,0.8934591797297505,0.0019448946515396859,0.0629298486932599,-0.027987421383647848
2022-06-13,766.0,345140.0,170044.0,727.75,428136.0,109937.0,38.25,0.04993472584849878,-22430.0,16735.0,-39165.0,1.5467404058688017,0.8061457107087449,-0.008735037204788076,0.031649831649831706,-0.04607721046077207
2022-06-14,766.75,322033.0,125798.0,727.25,432226.0,73516.0,39.5,0.05151613954998172,-23107.0,4090.0,-27197.0,1.7111649164807428,0.7450569840777724,0.000979112271540572,0.012879788639365897,-0.04514321295143209
2022-06-15,773.75,314939.0,105906.0,728.5,436160.0,60407.0,45.25,0.05848142164774348,-7094.0,3934.0,-11028.0,1.7532074097372532,0.7220721753484943,0.009129442451907499,0.012099411379986824,-0.04209223150727326
2022-06-16,787.25,305521.0,121542.0,741.0,439023.0,64632.0,46.25,0.058748809145685935,-9418.0,2863.0,-12281.0,1.8805235796509179,0.6959111481630788,0.017447495961227855,0.020745542949756945,-0.016552154903185512
2022-06-17,784.25,296940.0,116061.0,736.0,439608.0,65586.0,48.25,0.061523748804511925,-8581.0,585.0,-9166.0,1.7696002195590252,0.6754654146421342,-0.0038107335662115327,0.014881915237787036,0.002877237851662384
2022-06-21,763.75,268352.0,192144.0,710.0,443402.0,104356.0,53.75,0.0703764320784676,-28588.0,3794.0,-32382.0,1.8412357698646762,0.6052115236286697,-0.026139623844437354,-0.002937336814621383,-0.0245849297573435
2022-06-22,766.0,228635.0,167778.0,702.0,449775.0,109476.0,64.0,0.08355091383801103,-39717.0,6373.0,-46090.0,1.5325550805655894,0.5083319437496515,0.0029459901800328314,-0.0009781545484186527,-0.01637239165329052
2022-06-23,746.5,197096.0,215839.0,665.0,456463.0,163822.0,81.5,0.10917615539168228,-31539.0,6688.0,-38227.0,1.317521456214664,0.4317896521733406,-0.025456919060052208,-0.03521809369951534,-0.05055643879173288
2022-06-24,749.25,123864.0,155989.0,683.0,457137.0,120661.0,66.25,0.08842175508830374,-73232.0,674.0,-73906.0,1.2927872303395356,0.27095597162338586,0.003683858004018825,-0.048269291838678896,-0.026948051948051943
2022-06-27,744.0,90566.0,121830.0,661.0,459238.0,123113.0,83.0,0.1115591397847963,-33298.0,2101.0,-35399.0,0.9895786797494903,0.1972092901719801,-0.00700700700700696,-0.051322919987248916,-0.03470645475186507
2022-06-28,756.25,51917.0,86035.0,668.0,461341.0,108109.0,88.25,0.11669421487587875,-38649.0,2103.0,-40752.0,0.7958171845082204,0.11253497954875004,0.016465053763440762,-0.009819967266775809,-0.010467778868171407
2022-06-29,770.25,19485.0,63702.0,664.0,454390.0,103707.0,106.25,0.1379422265496424,-32432.0,-6951.0,-25481.0,0.6142497613468655,0.042881665529611035,0.018512396694214894,0.005548302872062649,-0.0067698259187620735
2022-06-30,744.0,10467.0,14477.0,634.0,450277.0,131734.0,110.0,0.14784946236539268,-9018.0,-4113.0,-4905.0,0.1098956989084055,0.02324569098577093,-0.03407984420642651,-0.0033489618218351946,-0.010967098703888345
2022-07-01,740.0,7395.0,5489.0,618.75,449319.0,95069.0,121.25,0.16385135135112994,-3072.0,-958.0,-2114.0,0.057737012064920656,0.01645824013674023,-0.005376344086021501,-0.012345679012345734,0.012311901504787892
2022-07-05,730.0,5164.0,3775.0,592.0,445158.0,101843.0,138.0,0.189041095890152,-2231.0,-4161.0,1930.0,0.03706685781055117,0.011600375596979025,-0.013513513513513487,-0.018817204301075252,-0.000684462696783017
2022-07-06,725.0,3880.0,2703.0,599.5,439018.0,91685.0,125.5,0.1731034482756233,-1284.0,-6140.0,4856.0,0.029481376451982007,0.008837906418415626,-0.006849315068493178,-0.04132231404958675,-0.0027510316368638543
2022-07-07,725.0,3434.0,784.0,608.75,431938.0,89854.0,116.25,0.16034482758598573,-446.0,-7080.0,6634.0,0.0087252654305873,0.007950215077163834,0.0,-0.058747160012982746,-0.023569023569023573
2022-07-08,744.0,2479.0,1438.0,633.25,425207.0,83231.0,110.75,0.14885752688152035,-955.0,-6731.0,5776.0,0.01727721642176572,0.0058301015740568575,0.026206896551724146,0.0,-0.017173051519154603
2022-07-11,765.0,1493.0,1344.0,634.25,419729.0,99865.0,130.75,0.17091503267951513,-986.0,-5478.0,4492.0,0.013458168527512006,0.003557057053479737,0.02822580645161299,0.03378378378378377,0.0006540222367561466
2022-07-12,725.0,420.0,1320.0,594.0,414419.0,137528.0,131.0,0.18068965517216456,-1073.0,-5310.0,4237.0,0.009598045488918551,0.0010134670466363728,-0.05228758169934644,-0.006849315068493178,-0.05996758508914102
2022-07-13,724.5,42.0,485.0,600.0,406728.0,103687.0,124.5,0.17184265010328248,-378.0,-7691.0,7313.0,0.00467753913219589,0.00010326311441553052,-0.0006896551724138167,-0.0006896551724138167,-0.062439340019411205
2022-07-14,,28.0,34.0,604.0,392505.0,102346.0,,,-14.0,-14223.0,14209.0,0.00033220643698825226,7.133667087043459e-05,0.0,-0.0006896551724138167,-0.054177545691906026
2022-07-15,604.25,387069.0,81572.0,603.75,575323.0,137877.0,0.5,0.000827472072816173,387041.0,182818.0,204223.0,0.5916287705708669,0.6727855482920017,-0.16597653554175296,-0.18783602150537637,-0.21193348549070756
2022-07-18,611.5,377535.0,75978.0,610.0,577162.0,124007.0,1.5,0.002452984464427714,-9534.0,1839.0,-11373.0,0.6126912190440813,0.6541231058177761,0.011998345055854287,-0.20065359477124178,-0.20969305331179322
2022-07-19,597.0,378992.0,94156.0,594.5,584497.0,144918.0,2.5,0.004187604690110238,1457.0,7335.0,-5878.0,0.6497191515201656,0.6484070919097947,-0.023712183156173294,-0.17655172413793108,-0.24166402032391232
2022-07-20,591.0,376298.0,76176.0,590.0,587820.0,105103.0,1.0,0.0016920473773237021,-2694.0,3323.0,-6017.0,0.724774744774167,0.6401585519376668,-0.01005025125628145,-0.18426501035196685,-0.2464137711189034
2022-07-21,574.0,377064.0,76755.0,575.0,591163.0,132230.0,-1.0,-0.0017421602787426095,766.0,3343.0,-2577.0,0.5804658549497045,0.6378342352278463,-0.02876480541455162,-0.20772946859903385,-0.24844517184942716
2022-07-22,564.25,362849.0,95957.0,562.75,604665.0,153330.0,1.5,0.0026583961010143405,-14215.0,13502.0,-27717.0,0.6258201265244856,0.6000826904153529,-0.016986062717770034,-0.06619776582540338,-0.26338120104438645
2022-07-25,578.0,356115.0,103447.0,583.75,606689.0,146016.0,-5.75,-0.009948096885795938,-6734.0,2024.0,-8758.0,0.7084634560596051,0.5869811386064349,0.02436863092600805,-0.054783319705641875,-0.22572002679169456
2022-07-26,595.0,346375.0,95701.0,600.75,615267.0,140778.0,-5.75,-0.009663865546202246,-9740.0,8578.0,-18318.0,0.6798008211510274,0.5629669720625345,0.02941176470588225,-0.00335008375209378,-0.20587253920587256
2022-07-27,598.25,342235.0,80955.0,605.0,615748.0,107222.0,-6.75,-0.011282908483056778,-4140.0,481.0,-4621.0,0.7550222902016307,0.5558036729311332,0.00546218487394956,0.012267343485617532,-0.19590053763440862
2022-07-28,614.75,339446.0,72681.0,618.0,618363.0,110362.0,-3.25,-0.005286701911337476,-2789.0,2615.0,-5404.0,0.658569072688057,0.5489429348133692,0.02758044295862927,0.07099303135888513,-0.18710743801652896
2022-07-29,616.0,336488.0,99164.0,620.0,621720.0,166129.0,-4.0,-0.006493506493495952,-2958.0,3357.0,-6315.0,0.5969096304678858,0.5412211284822741,0.0020333468889792705,0.09171466548515728,-0.20025965595585848
2022-08-01,607.0,331112.0,91871.0,610.0,628536.0,134365.0,-3.0,-0.004942339373962204,-5376.0,6816.0,-12192.0,0.6837420459196913,0.5267987832041433,-0.01461038961038963,0.05017301038062283,-0.1841397849462365
2022-08-02,591.25,325984.0,107008.0,590.0,632637.0,132700.0,1.25,0.0021141649048590037,-5128.0,4101.0,-9229.0,0.8063903541823603,0.5152781136734012,-0.02594728171334426,-0.006302521008403339,-0.2010135135135135
2022-08-03,590.75,319106.0,101905.0,596.0,637083.0,132066.0,-5.25,-0.008887008040611278,-6878.0,4446.0,-11324.0,0.7716217648751325,0.5008860697899638,-0.0008456659619450191,-0.012536564981195153,-0.1907534246575342
2022-08-04,601.0,306926.0,83780.0,606.0,644339.0,116030.0,-5.0,-0.008319467554062697,-12180.0,7256.0,-19436.0,0.7220546410411038,0.4763424222342579,0.017350825222175237,-0.022366815778771865,-0.17103448275862065
2022-08-05,608.75,287757.0,125020.0,608.75,646973.0,153143.0,0.0,0.0,-19169.0,2634.0,-21803.0,0.8163611787675519,0.44477435688969946,0.012895174708818624,-0.011769480519480569,-0.16034482758620694
2022-08-08,607.5,252690.0,155070.0,608.5,646072.0,188122.0,-1.0,-0.0016460905349767142,-35067.0,-901.0,-34166.0,0.8243055038751406,0.39111739868002265,-0.002053388090349051,0.0008237232289951546,-0.18346774193548387
2022-08-09,616.0,232509.0,142242.0,612.75,656333.0,183267.0,3.25,0.005275974025965461,-20181.0,10261.0,-30442.0,0.776146278380719,0.3542546237961517,0.013991769547325061,0.041860465116279055,-0.19477124183006533
2022-08-10,621.0,209946.0,134330.0,619.0,669371.0,182513.0,2.0,0.003220611916258904,-22563.0,13038.0,-35601.0,0.7360023669546787,0.31364669219311814,0.008116883116883189,0.05120609394837072,-0.14344827586206899
2022-08-11,628.5,186157.0,112043.0,629.0,686678.0,145493.0,-0.5,-0.0007955449482883126,-23789.0,17307.0,-41096.0,0.7700920319190562,0.2710979527522357,0.012077294685990392,0.045757071547420924,-0.1325051759834368
2022-08-12,639.0,175049.0,98631.0,639.0,691753.0,188062.0,0.0,0.0,-11108.0,5075.0,-16183.0,0.5244600185045329,0.25305130588519276,0.01670644391408116,0.049691991786447565,-0.11801242236024845
2022-08-15,624.75,168211.0,56712.0,624.25,693685.0,120189.0,0.5,0.0008003201280499394,-6838.0,1932.0,-8770.0,0.4718568254998338,0.24248902599883196,-0.02230046948356812,0.02839506172839501,0.033926354985519325
2022-08-16,611.0,161709.0,67190.0,610.0,695262.0,116066.0,1.0,0.0016366612111266177,-6502.0,1577.0,-8079.0,0.5788947667706255,0.23258713981204174,-0.02200880352140855,-0.008116883116883078,-0.0008176614881438837
2022-08-17,615.0,154523.0,49240.0,612.5,696508.0,94383.0,2.5,0.004065040650399894,-7186.0,1246.0,-8432.0,0.5217041204454137,0.2218538767681057,0.00654664484451728,-0.009661835748792313,0.03015075376884413
2022-08-18,616.0,146458.0,52153.0,615.75,696284.0,121799.0,0.25,0.000405844155843497,-8065.0,-224.0,-7841.0,0.42818906559166797,0.21034233157734455,0.001626016260162677,-0.019888623707239428,0.04230118443316422
2022-08-19,625.5,141894.0,51219.0,620.75,700115.0,84155.0,4.75,0.00759392486009977,-4564.0,3831.0,-8395.0,0.608626938387492,0.20267241810273995,0.015422077922077948,-0.021126760563380254,0.08972125435540068
2022-08-22,633.0,134529.0,67378.0,628.25,706905.0,125041.0,4.75,0.007503949447065555,-7365.0,6790.0,-14155.0,0.5388472580993391,0.19030704267192877,0.011990407673860837,0.013205282112845218,0.12184315463003981
2022-08-23,657.0,123266.0,95345.0,654.25,710927.0,250781.0,2.75,0.004185692541850554,-11263.0,4022.0,-15285.0,0.3801922793194047,0.1733877036601505,0.03791469194312791,0.07528641571194772,0.1366782006920415
2022-08-24,664.25,113628.0,76015.0,655.75,715110.0,207890.0,8.5,0.012796386902502377,-9638.0,4183.0,-13821.0,0.3656501034200762,0.1588958342073245,0.011035007610350034,0.08008130081300813,0.11638655462184877
2022-08-25,657.5,103507.0,78316.0,649.5,718891.0,183571.0,8.0,0.012167300380209632,-10121.0,3781.0,-13902.0,0.4266251205255709,0.14398149371740618,-0.010161836657884837,0.06737012987012991,0.09903886335144163
2022-08-26,669.75,69763.0,75544.0,661.0,725795.0,147031.0,8.75,0.013064576334433647,-33744.0,6904.0,-40648.0,0.5137964102808217,0.09611942766208076,0.018631178707224416,0.07074340527577938,0.08946726311508746
2022-08-29,680.5,40541.0,86635.0,681.0,746500.0,211204.0,-0.5,-0.000734753857456672,-29222.0,20705.0,-49927.0,0.410195829624437,0.05430810448760876,0.016050765210899653,0.07503949447077418,0.10470779220779214
2022-08-30,678.0,17063.0,48457.0,677.75,753420.0,167467.0,0.25,0.00036873156342128507,-23478.0,6920.0,-30398.0,0.289352529154996,0.022647394547529898,-0.0036737692872887973,0.03196347031963476,0.11696869851729819
2022-08-31,662.0,12048.0,7831.0,670.0,755694.0,140086.0,-8.0,-0.012084592144996851,-5015.0,2274.0,-7289.0,0.05590137486972249,0.015942961039785923,-0.02359882005899705,-0.0033872788859615754,0.11966173361522192
2022-09-01,655.0,6130.0,9013.0,658.0,751321.0,138118.0,-3.0,-0.004580152671748733,-5918.0,-4373.0,-1545.0,0.06525579576883488,0.008158962680398913,-0.010574018126888185,-0.0038022813688213253,0.10876005078290318
2022-09-02,655.0,4908.0,2137.0,665.5,747399.0,82312.0,-10.5,-0.016030534351120566,-1222.0,-3922.0,2700.0,0.025962192632908616,0.006566773570743329,0.0,-0.022023142963792486,0.08985024958402654
2022-09-06,675.0,4127.0,1289.0,675.75,752625.0,116558.0,-0.75,-0.001111111111109465,-781.0,5226.0,-6007.0,0.01105887197789932,0.005483474505896023,0.03053435114503822,-0.008082292432035287,0.10882956878850103
2022-09-07,675.0,3225.0,1269.0,671.0,755519.0,146597.0,4.0,0.005925925925917147,-902.0,2894.0,-3796.0,0.008656384509914879,0.004268588877314794,0.0,-0.004424778761061954,0.11111111111111116
2022-09-08,630.75,2582.0,1219.0,668.0,743721.0,111176.0,-37.25,-0.05905667855717946,-643.0,-11798.0,11155.0,0.010964596675541385,0.0034717320070295128,-0.06555555555555559,-0.047205438066465266,0.02394480519480524
2022-09-09,630.75,1683.0,1439.0,685.0,743320.0,107791.0,-54.25,-0.08600871977790565,-899.0,-401.0,-498.0,0.0133499086194579,0.002264166173384273,0.0,-0.03702290076335879,0.01570048309178751
2022-09-12,700.0,651.0,1332.0,695.75,741296.0,192828.0,4.25,0.006071428571419898,-1032.0,-2024.0,992.0,0.00690771049847529,0.0008781917074960597,0.109789932619897,0.06870229007633588,0.11376292760540974
2022-09-13,661.0,88.0,607.0,691.0,740297.0,141872.0,-30.0,-0.04538577912247294,-563.0,-999.0,436.0,0.0042785045674974325,0.00011887120979822946,-0.055714285714285716,-0.020740740740740726,0.03442879499217533
2022-09-14,,,145.0,682.0,735796.0,117138.0,,,,-4501.0,,0.0012378562037938053,,0.0,-0.020740740740740726,0.058023209283713406
2022-09-15,677.0,731877.0,111789.0,680.0,211120.0,34459.0,-3.0,-0.004431314623331711,,-524676.0,,3.244116196058991,3.4666398256915336,0.024205748865355536,0.07332540626238604,0.10801963993453345
2022-09-16,675.25,727996.0,121327.0,680.0,215108.0,31076.0,-4.75,-0.007034431691955521,-3881.0,3988.0,-7869.0,3.904202600077104,3.3843278725105375,-0.002584933530280664,0.07055093143083635,0.09796747967479669
2022-09-19,677.5,726063.0,96685.0,683.0,216730.0,31149.0,-5.5,-0.008118081180799826,-1933.0,1622.0,-3555.0,3.103951972775912,3.3500807456281856,0.0033320992225100987,-0.03214285714285714,0.09983766233766245
2022-09-20,691.0,727926.0,123234.0,693.0,219251.0,28898.0,-2.0,-0.0028943560057845233,1863.0,2521.0,-658.0,4.264447366599617,3.3200578332595825,0.019926199261992572,0.0453857791225416,0.10471622701838523
2022-09-21,685.0,724283.0,127215.0,690.0,220022.0,41065.0,-5.0,-0.007299270072982045,-3643.0,771.0,-4414.0,3.0978935833434047,3.291866267918648,-0.00868306801736618,0.036308623298033194,0.08214849921011069
2022-09-22,688.0,720874.0,97065.0,689.0,222579.0,29292.0,-1.0,-0.0014534883720909106,-3409.0,2557.0,-5966.0,3.3137034002456875,3.2387332138251894,0.004379562043795637,0.01624815361890697,0.04718417047184165
2022-09-23,676.5,715001.0,154393.0,680.0,226894.0,44822.0,-3.5,-0.005173688100509721,-5873.0,4315.0,-10188.0,3.4445807862209756,3.1512556524191777,-0.01671511627906974,0.001851166234727808,0.018441851712457602
2022-09-26,665.75,714401.0,140725.0,670.0,230865.0,37179.0,-4.25,-0.006383777694320115,-600.0,3971.0,-4571.0,3.7850668388067517,3.0944534684772353,-0.015890613451589042,-0.017343173431734304,0.012547528517110162
2022-09-27,668.0,708132.0,163167.0,672.0,234589.0,39933.0,-4.0,-0.0059880239520868446,-6269.0,3724.0,-9993.0,4.086019081962185,3.01860701055888,0.003379647014645215,-0.03328509406657021,-0.0026129152668906697
2022-09-28,670.5,705977.0,137430.0,670.5,246554.0,50152.0,0.0,0.0,-2155.0,11965.0,-14120.0,2.7402695804753003,2.8633767856128767,0.0037425149700598404,-0.02116788321167884,-0.014695077149155078
2022-09-29,668.5,695483.0,139450.0,675.0,251499.0,72091.0,-6.5,-0.009723261032147011,-10494.0,4945.0,-15439.0,1.9343607385110215,2.765350955669793,-0.002982848620432521,-0.02834302325581395,-0.014011799410029502
2022-09-30,676.0,691225.0,253847.0,676.75,257373.0,80428.0,-0.75,-0.0011094674556196605,-4258.0,5874.0,-10132.0,3.156201820261561,2.6856935265159803,0.011219147344801783,-0.0007390983000739038,0.02114803625377637
2022-10-03,680.0,682622.0,132393.0,685.25,261549.0,40113.0,-5.25,-0.007720588235282764,-8603.0,4176.0,-12779.0,3.300501084436385,2.609920129688882,0.00591715976331364,0.021404431092752585,0.03816793893129766
2022-10-04,683.0,680674.0,119212.0,690.0,270191.0,44879.0,-7.0,-0.010248901903352491,-1948.0,8642.0,-10590.0,2.6562980458565777,2.519232690948246,0.004411764705882337,0.022455089820359264,0.04274809160305337
2022-10-05,684.0,674648.0,114315.0,690.5,276867.0,43633.0,-6.5,-0.009502923976594295,-6026.0,6676.0,-12702.0,2.6199207022207363,2.436722325159725,0.0014641288433381305,0.020134228187919545,0.01333333333333342
2022-10-06,675.0,668523.0,128778.0,682.75,286590.0,55692.0,-7.75,-0.011481481481464472,-6125.0,9723.0,-15848.0,2.3123249299719473,2.3326808332460924,-0.013157894736842146,0.00972326103216159,0.0
2022-10-07,682.5,669076.0,113581.0,689.75,293666.0,45727.0,-7.25,-0.01062271062269506,553.0,7076.0,-6523.0,2.483893542108547,2.278357045078415,0.011111111111111072,0.009615384615384581,0.08204518430439944
2022-10-10,696.0,672693.0,201817.0,701.0,297858.0,81392.0,-5.0,-0.00718390804596669,3617.0,4192.0,-575.0,2.4795680165126486,2.2584352275245174,0.01978021978021971,0.0235294117647058,0.10344827586206895
2022-10-11,693.25,664579.0,140432.0,698.25,306467.0,59572.0,-5.0,-0.007212405337169546,-8114.0,8609.0,-16723.0,2.3573490901765535,2.1685173281299384,-0.0039511494252874035,0.015007320644216726,-0.009642857142857175
2022-10-12,693.0,656518.0,180209.0,697.0,309814.0,76792.0,-4.0,-0.005772005771997443,-8061.0,3347.0,-11408.0,2.3467158037295244,2.1190714428657125,-0.00036062026685901305,0.013157894736842035,0.04841149773071107
2022-10-13,697.75,650738.0,167244.0,700.25,319159.0,70742.0,-2.5,-0.003582945180933597,-5780.0,9345.0,-15125.0,2.3641401147832637,2.038914772887489,0.0068542568542568905,0.03370370370370379,0.055597579425113564
2022-10-14,690.0,644829.0,108816.0,695.0,322919.0,39142.0,-5.0,-0.007246376811583701,-5909.0,3760.0,-9669.0,2.780031679525758,1.9968753774166217,-0.01110713006091002,0.01098901098901095,0.019202363367799125
2022-10-17,683.0,641939.0,106164.0,689.75,325426.0,35483.0,-6.75,-0.009882869692518474,-2890.0,2507.0,-5397.0,2.9919679846686305,1.9726112849004014,-0.010144927536231862,-0.01867816091954022,0.011477230655312809
2022-10-18,681.0,628792.0,147455.0,690.0,328273.0,62906.0,-9.0,-0.013215859030817598,-13147.0,2847.0,-15994.0,2.344053031507291,1.9154545149920892,-0.002928257686676372,-0.017670393076090862,0.005166051660516535
2022-10-19,678.0,622840.0,112233.0,684.5,330244.0,46260.0,-6.5,-0.009587020648953412,-5952.0,1971.0,-7923.0,2.4261348897535147,1.8859994428362004,-0.004405286343612369,-0.02164502164502169,-0.01881331403762665
2022-10-20,685.0,619898.0,134819.0,690.0,335745.0,62854.0,-5.0,-0.007299270072982045,-2942.0,5501.0,-8443.0,2.1449549750214443,1.8463357607708177,0.010324483775811188,-0.018273020422787556,0.0
2022-10-21,684.0,621455.0,109021.0,688.0,339483.0,41986.0,-4.0,-0.005847953216365719,1557.0,3738.0,-2181.0,2.596603629781294,1.8305924007976782,-0.0014598540145985828,-0.008695652173912993,-0.005813953488372103
2022-10-24,681.0,618936.0,119463.0,685.75,347266.0,45014.0,-4.75,-0.006975036710709288,-2519.0,7783.0,-10302.0,2.653907673168289,1.7823109662333723,-0.004385964912280715,-0.002928257686676372,0.006651884700665134
2022-10-25,686.0,618865.0,116661.0,689.0,353485.0,47305.0,-3.0,-0.004373177842559223,-71.0,6219.0,-6290.0,2.4661452277771385,1.7507532144221063,0.007342143906020615,0.007342143906020615,0.03041682313180627
2022-10-26,684.5,622279.0,106226.0,689.75,361992.0,53658.0,-5.25,-0.007669831994145114,3414.0,8507.0,-5093.0,1.979686160497932,1.7190407522818136,-0.0021865889212827616,0.009587020648967659,0.02470059880239517
2022-10-27,681.25,619467.0,112300.0,687.0,366263.0,44545.0,-5.75,-0.008440366972464674,-2812.0,4271.0,-7083.0,2.521046133123751,1.6913174412921816,-0.0047479912344776665,-0.005474452554744547,0.016032811334824704
2022-10-28,680.0,614003.0,115074.0,685.0,370581.0,43376.0,-5.0,-0.007352941176459776,-5464.0,4318.0,-9782.0,2.652941718922846,1.6568658403965622,-0.0018348623853210455,-0.005847953216374324,0.01720269259536278
2022-10-31,688.5,603945.0,226696.0,690.5,374060.0,110458.0,-2.0,-0.00290486564995947,-10058.0,3479.0,-13537.0,2.0523275815241804,1.6145671817355463,0.012499999999999956,0.011013215859030812,0.01849112426035493
2022-11-01,697.0,594496.0,146466.0,699.0,376655.0,75693.0,-2.0,-0.0028694404591063567,-9449.0,2595.0,-12044.0,1.935000594506732,1.578356851760891,0.012345679012345734,0.016034985422740622,0.02499999999999991
2022-11-02,687.0,582132.0,168334.0,688.75,380266.0,85352.0,-1.75,-0.002547307132456263,-12364.0,3611.0,-15975.0,1.9722326366107181,1.5308547174872287,-0.01434720229555242,0.0036523009495983416,0.005856515373352744
2022-11-03,679.25,576342.0,123352.0,684.0,386054.0,67941.0,-4.75,-0.006993006992996698,-5790.0,5788.0,-11578.0,1.8155752785504802,1.4929051376232303,-0.011280931586608478,-0.0029357798165137172,-0.00694444444444442
2022-11-04,680.25,570859.0,112564.0,686.0,389681.0,68372.0,-5.75,-0.008452774715165817,-5483.0,3627.0,-9110.0,1.646346457614204,1.4649392708394777,0.0014722119985277615,0.00036764705882363913,0.007777777777777883
2022-11-07,675.25,550552.0,162563.0,681.25,404244.0,96096.0,-6.0,-0.008885597926680658,-20307.0,14563.0,-34870.0,1.6916729104228927,1.3619299235115392,-0.007350238882763649,-0.019244734931009422,-0.010622710622710585
2022-11-08,667.0,505175.0,227158.0,672.0,425190.0,142801.0,-5.0,-0.00749625187405173,-45377.0,20946.0,-66323.0,1.5907311573448255,1.1881159011265525,-0.012217697149203954,-0.04304160688665715,-0.04166666666666663
2022-11-09,664.0,477202.0,246968.0,670.5,444247.0,158321.0,-6.5,-0.009789156626491281,-27973.0,19057.0,-47030.0,1.559919404248321,1.0741817052225426,-0.004497751124437732,-0.033478893740902516,-0.04219257122250275
2022-11-10,653.5,444298.0,229081.0,659.0,460595.0,138874.0,-5.5,-0.008416220351938154,-32904.0,16348.0,-49252.0,1.6495600328355082,0.9646175056177315,-0.015813253012048167,-0.037909458962090525,-0.05699855699855705
2022-11-11,657.0,416611.0,233358.0,662.75,479269.0,161055.0,-5.75,-0.008751902587505704,-27687.0,18674.0,-46361.0,1.448933594113803,0.8692633990514703,0.00535577658760511,-0.034178610804851184,-0.05840200644930138
2022-11-14,657.0,373146.0,181567.0,660.0,483392.0,138971.0,-3.0,-0.00456621004565515,-43465.0,4123.0,-47588.0,1.3065099912931382,0.7719325102608219,0.0,-0.027027027027026973,-0.047826086956521685
2022-11-15,667.0,342967.0,234097.0,668.5,500637.0,185920.0,-1.5,-0.002248875562215519,-30179.0,17245.0,-47424.0,1.2591275817555871,0.6850612319904428,0.015220700152207112,0.0,-0.02342606149341142
2022-11-16,665.0,327834.0,121435.0,667.0,509768.0,103805.0,-2.0,-0.0030075187969879585,-15133.0,9131.0,-24264.0,1.169837676412493,0.6431043141193629,-0.0029985007496251548,0.001506024096385561,-0.023494860499265746
2022-11-17,665.0,308766.0,138561.0,668.0,511817.0,104283.0,-3.0,-0.004511278195481938,-19068.0,2049.0,-21117.0,1.3287017059347992,0.6032742171518324,0.0,0.01759755164498844,-0.019174041297935096
2022-11-18,666.0,290161.0,131275.0,669.0,526687.0,103477.0,-3.0,-0.004504504504497741,-18605.0,14870.0,-33475.0,1.268639407791091,0.5509173380015064,0.0015037593984963404,0.013698630136986356,-0.027737226277372296
2022-11-21,659.5,246295.0,143717.0,662.0,535954.0,115019.0,-2.5,-0.0037907505686068372,-43866.0,9267.0,-53133.0,1.2495066032568423,0.45954503558141097,-0.009759759759759734,0.003805175038051667,-0.035818713450292416
2022-11-22,657.5,225667.0,107549.0,660.0,545324.0,119012.0,-2.5,-0.00380228136881551,-20628.0,9370.0,-29998.0,0.9036819816489017,0.4138218747020112,-0.0030326004548900665,-0.014242878560719596,-0.03450807635829667
2022-11-23,662.0,198388.0,104569.0,664.5,552019.0,119313.0,-2.5,-0.003776435045311516,-27279.0,6695.0,-33974.0,0.8764258714473622,0.35938618054813265,0.00684410646387823,-0.004511278195488688,-0.03498542274052474
2022-11-25,667.25,132945.0,71244.0,670.25,566142.0,92752.0,-3.0,-0.004496065942293749,-65443.0,14123.0,-79566.0,0.7681128169742887,0.2348262450056695,0.007930513595166166,0.0033834586466165995,-0.025200876552227913
2022-11-28,668.0,69502.0,149233.0,671.0,586995.0,184890.0,-3.0,-0.004491017964065133,-63443.0,20853.0,-84296.0,0.8071447887933323,0.1184030528369064,0.00112401648557503,0.0030030030030030463,-0.019449541284403682
2022-11-29,665.0,18490.0,110381.0,669.0,604643.0,174783.0,-4.0,-0.006015037593975917,-51012.0,17648.0,-68660.0,0.6315316707002362,0.030580028214996235,-0.004491017964071808,0.00833965125094771,-0.022058823529411797
2022-11-30,662.0,8855.0,18198.0,667.0,605064.0,120474.0,-5.0,-0.007552870090623032,-9635.0,421.0,-10056.0,0.1510533393097253,0.014634815490592706,-0.004511278195488688,0.00684410646387823,-0.038489469862018844
2022-12-01,650.5,5113.0,8565.0,659.5,599875.0,116810.0,-9.0,-0.013835511145251599,-3742.0,-5189.0,1447.0,0.07332420169505972,0.00852344238382995,-0.017371601208459264,-0.017371601208459264,-0.06671449067431856
2022-12-02,625.25,3105.0,5678.0,646.25,606152.0,205697.0,-21.0,-0.03358656537379674,-2008.0,6277.0,-8285.0,0.027603708367161275,0.005122477530388409,-0.038816295157571123,-0.06294492319220679,-0.08988355167394468
2022-12-05,625.0,2647.0,762.0,640.0,592080.0,144282.0,-15.0,-0.0239999999999616,-458.0,-14072.0,13614.0,0.005281324073688989,0.004470679637886764,-0.0003998400639744215,-0.06437125748502992,-0.0798675009201325
2022-12-06,629.0,1635.0,512.0,637.0,587608.0,145618.0,-8.0,-0.01271860095387485,-1012.0,-4472.0,3460.0,0.003516048840115896,0.002782467223046652,0.006399999999999961,-0.0541353383458647,-0.07533994854832782
2022-12-07,625.0,1077.0,662.0,641.0,583861.0,128635.0,-16.0,-0.02559999999995904,-558.0,-3747.0,3189.0,0.005146344307536789,0.0018446171263365734,-0.006359300476947549,-0.0558912386706949,-0.07441688263606072
2022-12-08,630.5,667.0,425.0,642.0,581058.0,92963.0,-11.5,-0.018239492466267663,-410.0,-2803.0,2393.0,0.004571711326011374,0.00114790606101284,0.008799999999999919,-0.030745580322828592,-0.05472263868065963
2022-12-09,630.5,302.0,453.0,644.0,575976.0,104526.0,-13.5,-0.021411578112575082,-365.0,-5082.0,4717.0,0.00433384995120827,0.0005243274025306601,0.0,0.00839664134346263,-0.050451807228915624
2022-12-12,630.5,219.0,263.0,654.0,569287.0,128466.0,-23.5,-0.03727200634411218,-83.0,-6689.0,6606.0,0.0020472342876714303,0.00038469172842520486,0.0,0.008799999999999919,-0.03519510328997699
2022-12-13,630.5,164.0,184.0,653.0,561541.0,123617.0,-22.5,-0.03568596352095847,-55.0,-7746.0,7691.0,0.0014884684145384413,0.0002920534742788144,0.0,0.0023847376788552754,-0.04033485540334858
2022-12-14,,154.0,36.0,650.0,555777.0,92295.0,,,-10.0,-5764.0,5754.0,0.00039005363237444725,0.0002770895521045306,0.0,0.008799999999999919,-0.04033485540334858
2022-12-15,653.0,551733.0,93735.0,649.5,185962.0,19406.0,3.5,0.00535987748850634,551579.0,-369815.0,921394.0,4.830207152426835,2.966912595046284,0.03568596352101516,0.03568596352101516,-0.020989505247376306
2022-12-16,653.0,551224.0,66395.0,652.0,185102.0,18006.0,1.0,0.0015313935681446687,-509.0,-860.0,351.0,3.6873819837829784,2.977947293924415,0.0,0.03568596352101516,-0.018045112781954864
2022-12-19,647.0,547759.0,83168.0,646.0,185826.0,21961.0,1.0,0.0015455950540934381,-3465.0,724.0,-4189.0,3.7870770912069673,2.947698384510225,-0.009188361408882129,0.026169706582077623,-0.02706766917293235
2022-12-20,652.0,547278.0,91464.0,650.5,184193.0,19928.0,1.5,0.0023006134969289866,-481.0,-1633.0,1152.0,4.589723002809886,2.971220404684201,0.007727975270479082,0.03409992069785894,-0.02102102102102099
2022-12-21,662.0,549790.0,125592.0,660.0,182449.0,26722.0,2.0,0.003021148036249213,2512.0,-1744.0,4256.0,4.699947608711747,3.013390043244945,0.015337423312883347,0.04996034892942114,0.0037907505686125553
2022-12-22,659.25,547696.0,79924.0,656.0,181985.0,14745.0,3.25,0.004929844520280728,-2094.0,-464.0,-1630.0,5.420413699558805,3.0095667225320604,-0.00415407854984895,0.009571209800918856,0.0026615969581749166
2022-12-23,665.75,546663.0,94496.0,662.0,180766.0,29067.0,3.75,0.0056327450244001015,-1033.0,-1219.0,186.0,3.2509718925240563,3.024147240078317,0.009859689040576436,0.01952526799387444,0.00566465256797577
2022-12-27,674.0,549718.0,123172.0,672.0,181271.0,22094.0,2.0,0.0029673590504407012,3055.0,505.0,2550.0,5.574907214628153,3.0325755360758038,0.0123920390536989,0.04173106646058722,0.010116148370176159
2022-12-28,682.25,558195.0,122193.0,681.5,182706.0,24436.0,0.75,0.0010993037742746804,8477.0,1435.0,7042.0,5.00053200196411,3.055154182128649,0.012240356083086157,0.04639570552147232,0.021332335329341312
2022-12-29,678.0,557481.0,104937.0,673.0,188864.0,26887.0,5.0,0.007374631268425701,-714.0,6158.0,-6872.0,3.9028898724289096,2.9517589376482394,-0.006229388054232343,0.024169184290030232,0.019548872180451093
2022-12-30,675.0,559710.0,90321.0,675.5,189921.0,20468.0,-0.5,-0.0007407407407396434,2229.0,1057.0,1172.0,4.412790697674203,2.947067464893282,-0.004424778761061954,0.023890784982935065,0.01963746223564944
2023-01-03,670.0,548581.0,155538.0,665.75,195498.0,41369.0,4.25,0.0063432835820800846,-11129.0,5577.0,-16706.0,3.759771809809187,2.8060696273107513,-0.007407407407407418,0.006383777694329629,0.02997694081475788
2023-01-04,654.0,534711.0,175762.0,654.0,194271.0,49067.0,0.0,0.0,-13870.0,-1227.0,-12643.0,3.5820816434670233,2.752397424216673,-0.023880597014925398,-0.029673590504451064,0.04598160735705714
2023-01-05,654.5,522405.0,138833.0,650.75,198221.0,48054.0,3.75,0.005729564553085211,-12306.0,3950.0,-16256.0,2.8891039247512613,2.635467483263617,0.000764525993883769,-0.04067423964822281,0.04719999999999991
2023-01-06,654.0,513470.0,114158.0,653.25,198210.0,36585.0,0.75,0.0011467889908239345,-8935.0,-11.0,-8924.0,3.1203498701652834,2.5905352908531225,-0.0007639419404125158,-0.03539823008849563,0.03974562798092207
2023-01-09,652.0,504863.0,112236.0,652.75,200853.0,38453.0,-0.75,-0.0011503067484644933,-8607.0,2643.0,-11250.0,2.9187839700412734,2.5135945193748537,-0.003058103975535187,-0.034074074074074034,0.043199999999999905
2023-01-10,654.25,504361.0,181158.0,654.5,204584.0,52282.0,-0.25,-0.0003821169277793166,-502.0,3731.0,-4233.0,3.46501664052631,2.4653003167403003,0.0034509202453987253,-0.023507462686567115,0.03766851704996044
2023-01-11,655.5,494585.0,110880.0,655.0,209962.0,37887.0,0.5,0.0007627765064824367,-9776.0,5378.0,-15154.0,2.9265975136589617,2.3555929168135075,0.0019105846388995928,0.002293577981651307,0.03965107057890571
2023-01-12,670.75,498373.0,242526.0,668.0,214532.0,73325.0,2.75,0.004099888184861573,3788.0,4570.0,-782.0,3.3075485850664395,2.3230706840937376,0.0232646834477499,0.024828113063407153,0.06383822363203806
2023-01-13,674.0,497357.0,158823.0,670.25,222875.0,58930.0,3.75,0.005563798219576315,-1016.0,8343.0,-9359.0,2.6951128457491484,2.2315513180033553,0.004845322400298224,0.030581039755351647,0.06899286280729577
2023-01-17,685.0,503207.0,179918.0,679.0,229705.0,60119.0,6.0,0.008759124087578453,5850.0,6830.0,-980.0,2.9926978159982203,2.1906662893711406,0.016320474777448135,0.05061349693251538,0.08643933386201419
2023-01-18,680.0,508135.0,175374.0,676.5,234035.0,56949.0,3.5,0.005147058823521842,4928.0,4330.0,598.0,3.079492177211135,2.1711923430256066,-0.007299270072992692,0.03935804356132966,0.04134762633996947
2023-01-19,677.25,511762.0,149959.0,675.25,235466.0,61274.0,2.0,0.0029531192321846393,3627.0,1431.0,2196.0,2.447351241962293,2.1734008306931694,-0.004044117647058809,0.03318077803203656,0.03713629402756502
2023-01-20,675.25,500919.0,134978.0,672.75,244631.0,55569.0,2.5,0.0037023324694502742,-10843.0,9165.0,-20008.0,2.42901617808486,2.047651360620682,-0.0029531192321889943,0.006708907938874464,0.0436630602782071
2023-01-23,666.5,490095.0,184766.0,664.0,248640.0,58029.0,2.5,0.0037509377344279804,-10824.0,4009.0,-14833.0,3.184028675317459,1.9711027992277914,-0.0129581636430951,-0.011127596439169163,0.02223926380368102
2023-01-24,676.75,486758.0,165294.0,675.25,257666.0,67121.0,1.5,0.002216475803469204,-3337.0,9026.0,-12363.0,2.4626271956615295,1.8891044996235364,0.015378844711177786,-0.012043795620438003,0.02228096676737157
2023-01-25,674.0,479260.0,126030.0,673.0,259836.0,52400.0,1.0,0.0014836795252203506,-7498.0,2170.0,-9668.0,2.4051526717556793,1.8444711279422334,-0.00406353897303291,-0.008823529411764675,0.02237390974592346
2023-01-26,681.0,483153.0,146553.0,677.25,265611.0,61859.0,3.75,0.005506607929507332,3893.0,5775.0,-1882.0,2.3691459609757293,1.819024814484333,0.010385756676557945,0.005537098560354448,0.022906496432594903
2023-01-27,681.0,479989.0,141239.0,671.25,269941.0,86479.0,9.75,0.014317180616719065,-3164.0,4330.0,-7494.0,1.6332173128736267,1.778125590406786,0.0,0.008515364679748227,0.010385756676557945
2023-01-30,683.0,471123.0,127942.0,678.0,277012.0,60953.0,5.0,0.00732064421668035,-8866.0,7071.0,-15937.0,2.0990271192557857,1.7007313762580623,0.002936857562408246,0.024756189047261845,0.0010993037742763612
2023-01-31,677.75,461974.0,161229.0,675.25,282846.0,68127.0,2.5,0.003688675765394779,-9149.0,5834.0,-14983.0,2.366594742172672,1.6333057564893914,-0.007686676427525629,0.0014776505356484115,-0.00036873156342187574
2023-02-01,681.0,450691.0,144367.0,678.5,287638.0,81852.0,2.5,0.0036710719530048883,-11283.0,4792.0,-16075.0,1.7637565361872432,1.566868772554386,0.004795278495020261,0.010385756676557945,0.008888888888888946
2023-02-02,674.5,443288.0,149905.0,672.5,296414.0,85767.0,2.0,0.002965159377312135,-7403.0,8776.0,-16179.0,1.74781675935964,1.4955029114684142,-0.009544787077826689,-0.009544787077826689,0.006716417910447747
2023-02-03,676.5,436303.0,124847.0,670.5,298106.0,62679.0,6.0,0.008869179600873807,-6985.0,1692.0,-8677.0,1.9918473491918827,1.4635834233460532,0.002965159377316562,-0.0066079295154185536,0.034403669724770714
2023-02-06,677.5,423594.0,123611.0,675.25,305783.0,65212.0,2.25,0.0033210332103272015,-12709.0,7677.0,-20386.0,1.8955253634300147,1.3852764869204588,0.0014781966001478075,-0.008052708638360162,0.035141329258976395
2023-02-07,674.0,408218.0,149454.0,673.0,318673.0,100541.0,1.0,0.0014836795252203506,-15376.0,12890.0,-28266.0,1.486498045573433,1.2809933693786382,-0.005166051660516646,-0.005533013648100327,0.030581039755351647
2023-02-08,678.0,403295.0,223791.0,676.0,319423.0,152699.0,2.0,0.0029498525073702805,-4923.0,750.0,-5673.0,1.4655695191193037,1.2625734527569985,0.005934718100890191,-0.004405286343612369,0.039877300613496924
2023-02-09,670.75,372678.0,214275.0,669.25,350969.0,153515.0,1.5,0.002236302646288131,-30617.0,31546.0,-62163.0,1.3957919421554807,1.0618544657790259,-0.010693215339233064,-0.00555967383246847,0.025219717233473382
2023-02-10,680.0,358958.0,226648.0,675.0,377040.0,154271.0,5.0,0.007352941176459776,-13720.0,26071.0,-39791.0,1.4691549286644836,0.952042223636747,0.013790532985463955,0.005173688100517326,0.037376048817696406
2023-02-13,684.0,346403.0,193009.0,680.0,405974.0,155850.0,4.0,0.005847953216365719,-12555.0,28934.0,-41489.0,1.2384279756175731,0.8532640021282131,0.00588235294117645,0.009594095940959502,0.019754006708907923
2023-02-14,682.0,327862.0,137226.0,679.0,416061.0,101942.0,3.0,0.004398826979465691,-18541.0,10087.0,-28628.0,1.346118381040186,0.7880142575247361,-0.0029239766081871066,0.011869436201780381,0.011869436201780381
2023-02-15,676.0,305797.0,116550.0,673.75,427505.0,77269.0,2.25,0.003328402366858982,-22065.0,11444.0,-33509.0,1.508366874166852,0.7153062537280249,-0.008797653958944274,-0.002949852507374673,-0.013138686131386912
2023-02-16,675.0,277433.0,134971.0,675.0,454578.0,108632.0,0.0,0.0,-28364.0,27073.0,-55437.0,1.2424607850357055,0.6103089018826239,-0.0014792899408283544,0.006336190831159216,-0.007352941176470562
2023-02-17,677.75,241448.0,144084.0,675.0,473492.0,121915.0,2.75,0.004057543341934256,-35985.0,18914.0,-54899.0,1.1818398064224978,0.5099304740101195,0.004074074074074119,-0.003308823529411753,0.0007382798080473041
2023-02-21,679.75,194392.0,156078.0,680.0,493354.0,163338.0,-0.25,-0.0003677822728939054,-47056.0,19862.0,-66918.0,0.9555522903427192,0.39402133153881314,0.002950940612320263,-0.006213450292397615,0.0066641984450204195
2023-02-22,674.0,157723.0,114787.0,674.0,501057.0,125715.0,0.0,0.0,-36669.0,7703.0,-44372.0,0.9130732211748724,0.3147805539090357,-0.008458992276572319,-0.011730205278592365,0.011252813203300738
2023-02-23,660.25,115709.0,173384.0,660.0,515962.0,267746.0,0.25,0.00037864445285819216,-42014.0,14905.0,-56919.0,0.6475689646157154,0.22425876324225386,-0.020400593471810113,-0.02329881656804733,-0.024381233838197236
2023-02-24,650.0,64642.0,146407.0,650.0,505854.0,275007.0,0.0,0.0,-51067.0,-10108.0,-40959.0,0.5323755395317191,0.12778785973818507,-0.015524422567209428,-0.03703703703703709,-0.035608308605341255
2023-02-27,643.5,16999.0,105656.0,643.5,522700.0,222500.0,0.0,0.0,-47643.0,16846.0,-64489.0,0.47485842696629005,0.03252152286206231,-0.010000000000000009,-0.050534857985983006,-0.05506607929515417
2023-02-28,630.0,7897.0,15545.0,630.0,525676.0,215887.0,0.0,0.0,-9102.0,2976.0,-12078.0,0.0720052620120708,0.015022561425669014,-0.020979020979020935,-0.0731886723059949,-0.07488986784140972
2023-03-01,641.0,4542.0,5431.0,637.0,527219.0,251453.0,4.0,0.006240249609974664,-3355.0,1543.0,-4898.0,0.021598469694137586,0.008615015771434625,0.0174603174603174,-0.04896142433234418,-0.061493411420204924
2023-03-02,629.5,3422.0,1871.0,633.5,528974.0,176883.0,-4.0,-0.0063542494042790245,-1120.0,1755.0,-2875.0,0.01057761345069899,0.0064691270270372326,-0.017940717628705194,-0.046573267701628174,-0.07119144227222429
2023-03-03,645.25,2579.0,1043.0,640.0,524464.0,124389.0,5.25,0.008136381247565848,-843.0,-4510.0,3667.0,0.008384985810642353,0.0049174013850330905,0.02501985702938847,-0.007307692307692348,-0.05249632892804701
2023-03-06,641.0,2347.0,369.0,637.0,518003.0,110482.0,4.0,0.006240249609974664,-232.0,-6461.0,6229.0,0.0033399105736680785,0.004530861790375723,-0.006586594343277796,-0.0038850038850039015,-0.04966641957005191
2023-03-07,640.0,1800.0,702.0,635.0,516969.0,101173.0,5.0,0.007812499999987793,-547.0,-1034.0,487.0,0.006938610103486039,0.003481833533538755,-0.0015600624024960652,0.015873015873015817,-0.05395417590539542
2023-03-08,623.0,1278.0,808.0,625.5,516552.0,161081.0,-2.5,-0.0040128410914863355,-522.0,-417.0,-105.0,0.005016109907437842,0.0024740974771174976,-0.026562500000000044,-0.02808112324492984,-0.0804428044280443
2023-03-09,620.0,824.0,597.0,613.0,523246.0,223647.0,7.0,0.011290322580626951,-454.0,6694.0,-7148.0,0.0026693852365558103,0.0015747850915248248,-0.0048154093097912964,-0.015091342335186608,-0.0801186943620178
2023-03-10,615.0,442.0,540.0,617.0,519612.0,142248.0,-2.0,-0.0032520325203199154,-382.0,-3634.0,3252.0,0.0037961869411168962,0.0008506347043563258,-0.008064516129032251,-0.04688105385509489,-0.09292035398230092
2023-03-13,624.0,159.0,542.0,610.0,510901.0,141049.0,14.0,0.022435897435861482,-283.0,-8711.0,8428.0,0.0038426362469779736,0.00031121489290488705,0.014634146341463428,-0.026521060842433664,-0.0696980991427506
2023-03-14,,55.0,120.0,621.0,508014.0,153530.0,,,-104.0,-2887.0,2783.0,0.0007816062007425208,0.00010826473286169257,0.0,-0.025000000000000022,-0.08235294117647063
2023-03-15,627.0,503287.0,156411.0,612.0,341459.0,80308.0,15.0,0.0239234449760384,503232.0,-166555.0,669787.0,1.94763908950538,1.4739309843934367,0.004807692307692291,0.006420545746388395,-0.08333333333333337
2023-03-16,632.0,502447.0,167311.0,614.25,344735.0,101739.0,17.75,0.028085443037930244,-840.0,3276.0,-4116.0,1.6445119374084505,1.4574876354301087,0.00797448165869219,0.019354838709677358,-0.07331378299120239
2023-03-17,634.0,500488.0,141477.0,617.0,349792.0,79435.0,17.0,0.026813880126140673,-1959.0,5057.0,-7016.0,1.7810411027884208,1.4308160278108093,0.0031645569620253333,0.030894308943089532,-0.062130177514792884
2023-03-20,632.0,493243.0,115794.0,613.0,352937.0,52271.0,19.0,0.030063291139192937,-7245.0,3145.0,-10390.0,2.2152627652043733,1.397538370870718,-0.003154574132492094,0.012820512820512775,-0.0637037037037037
2023-03-21,630.0,490922.0,133312.0,611.25,358250.0,82328.0,18.75,0.02976190476185752,-2321.0,5313.0,-7634.0,1.6192789816344182,1.3703335659455649,-0.0031645569620253333,0.009615384615384581,-0.07045370711914423
2023-03-22,633.0,489754.0,154747.0,611.0,363256.0,100209.0,22.0,0.034755134281145725,-1168.0,5006.0,-6174.0,1.5442425331057934,1.3482337525051167,0.004761904761904745,0.009569377990430672,-0.06877528503126151
2023-03-23,630.0,489628.0,186439.0,610.5,367624.0,105503.0,19.5,0.030952380952331823,-126.0,4368.0,-4494.0,1.767144062254137,1.3318716949927063,-0.004739336492891044,-0.0031645569620253333,-0.06528189910979232
2023-03-24,642.5,477432.0,191256.0,620.0,367148.0,107005.0,22.5,0.03501945525286378,-12196.0,-476.0,-11720.0,1.7873557310405888,1.3003802281368786,0.01984126984126977,0.0134069400630914,-0.026883756152972338
2023-03-27,646.25,472122.0,145573.0,625.0,370751.0,93582.0,21.25,0.03288201160536498,-5310.0,3603.0,-8913.0,1.5555662413711873,1.2734207055409121,0.005836575875486361,0.022547468354430444,-0.005769230769230749
2023-03-28,645.0,460883.0,135236.0,629.0,373460.0,89081.0,16.0,0.024806201550349138,-11239.0,2709.0,-13948.0,1.518123954603097,1.2340893268355346,-0.0019342359767892114,0.023809523809523725,0.002331002331002363
2023-03-29,649.75,449550.0,156693.0,630.0,373548.0,104472.0,19.75,0.03039630627159616,-11333.0,88.0,-11421.0,1.4998564208591632,1.203459796331392,0.0073643410852712865,0.026461295418641395,0.03134920634920646
2023-03-30,649.0,440957.0,119486.0,627.25,379360.0,77526.0,21.75,0.03351309707236747,-8593.0,5812.0,-14405.0,1.5412377782937137,1.162370835090676,-0.001154290111581413,0.03015873015873005,0.012480499219968744
2023-03-31,658.5,428034.0,201892.0,637.0,381379.0,147976.0,21.5,0.032649962034878285,-12923.0,2019.0,-14942.0,1.3643563821160096,1.1223323780281529,0.014637904468412843,0.024902723735408472,0.046068308181096196
2023-04-03,656.75,422481.0,153870.0,635.25,384674.0,108786.0,21.5,0.032736962314377255,-5553.0,3295.0,-8848.0,1.4144283271744396,1.0982832216370197,-0.0026575550493546096,0.016247582205028976,0.017822549399457488
2023-04-04,653.75,412455.0,140103.0,628.0,381475.0,102240.0,25.75,0.03938814531542732,-10026.0,-3199.0,-6827.0,1.3703345070422401,1.0812110885379091,-0.004567948229920016,0.013565891472868241,0.019890795631825275
2023-04-05,652.25,403101.0,143556.0,626.5,379811.0,101162.0,25.75,0.03947872748173326,-9354.0,-1664.0,-7690.0,1.4190704019295641,1.0613199723020106,-0.002294455066921608,0.0038476337052713028,0.01914062499999991
2023-04-06,643.5,396753.0,132983.0,619.0,391988.0,92395.0,24.5,0.03807303807297891,-6348.0,12177.0,-18525.0,1.4392878402510803,1.0121559843668657,-0.01341510157148329,-0.008474576271186418,0.0329052969502408
2023-04-07,643.5,396306.0,,619.0,391982.0,,24.5,0.03807303807297891,-447.0,-6.0,-441.0,,1.0110311187758596,0.0,-0.02277904328018221,0.03790322580645156
2023-04-10,653.0,373931.0,150098.0,627.25,400313.0,119716.0,25.75,0.03943338437972522,-22375.0,8331.0,-30706.0,1.2537839553610106,0.9340965694344152,0.01476301476301467,-0.0057099352874000475,0.06178861788617884
2023-04-11,651.0,342892.0,200256.0,627.5,432150.0,175051.0,23.5,0.03609831029180323,-31039.0,31837.0,-62876.0,1.1439866096166196,0.7934559759342803,-0.003062787136294043,-0.004206500956022929,0.04326923076923084
2023-04-12,655.5,318692.0,150111.0,628.0,446102.0,129867.0,27.5,0.041952707856534016,-24200.0,13952.0,-38152.0,1.1558825567696092,0.7143926725278059,0.00691244239631339,0.004982752012265168,0.05048076923076916
2023-04-13,651.5,292437.0,147150.0,625.0,471329.0,133764.0,26.5,0.04067536454329904,-26255.0,25227.0,-51482.0,1.1000717681887422,0.6204519560646584,-0.006102212051868783,0.01243201243201253,0.03907496012759171
2023-04-14,665.25,268362.0,154000.0,634.75,497883.0,140985.0,30.5,0.04584742577971312,-24075.0,26554.0,-50629.0,1.0923147852608357,0.5390061520477691,0.021105141980046094,0.03379953379953382,0.05261075949367089
2023-04-17,676.0,244287.0,146895.0,641.5,495337.0,134404.0,34.5,0.05103550295850438,-24075.0,-2546.0,-21529.0,1.092936222136238,0.4931733345177112,0.01615933859451335,0.03522205206738138,0.06624605678233442
2023-04-18,676.0,230387.0,130891.0,641.0,501202.0,141155.0,35.0,0.05177514792891749,-13900.0,5865.0,-19765.0,0.9272856080195465,0.45966895583018336,0.0,0.03840245775729656,0.06962025316455689
2023-04-19,672.0,209140.0,114514.0,635.5,509436.0,133596.0,36.5,0.05431547619039537,-21247.0,8234.0,-29481.0,0.8571663822270065,0.4105324319443455,-0.00591715976331364,0.02517162471395884,0.06666666666666665
2023-04-20,663.75,188846.0,120915.0,625.0,517630.0,165632.0,38.75,0.05838041431252975,-20294.0,8194.0,-28488.0,0.730021976429671,0.36482815910978816,-0.012276785714285698,0.018802762854950084,0.04857819905213279
2023-04-21,661.0,146101.0,127468.0,616.0,535854.0,195001.0,45.0,0.06807866868370942,-42745.0,18224.0,-60969.0,0.6536786990835911,0.27265075934862804,-0.004143126177024503,-0.0063885757234122265,0.049206349206349254
2023-04-24,652.0,102694.0,134977.0,607.5,531453.0,223860.0,44.5,0.0682515337422266,-43407.0,-4401.0,-39006.0,0.6029527383185893,0.19323251538706113,-0.013615733736762503,-0.035502958579881616,0.01478599221789878
2023-04-25,648.0,77812.0,100633.0,607.75,530493.0,186483.0,40.25,0.06211419753076834,-24882.0,-960.0,-23922.0,0.5396363207370081,0.1466786555147756,-0.006134969325153339,-0.041420118343195256,0.0027079303675048294
2023-04-26,642.0,49429.0,65293.0,601.0,525554.0,145390.0,41.0,0.06386292834881019,-28383.0,-4939.0,-23444.0,0.4490886580920253,0.09405122974993987,-0.0092592592592593,-0.044642857142857095,-0.0046511627906976605
2023-04-27,628.25,19964.0,59707.0,582.25,530952.0,262135.0,46.0,0.07321925984866977,-29465.0,5398.0,-34863.0,0.22777194956796984,0.037600385722249774,-0.02141744548286606,-0.05348399246704327,-0.033089649865332804
2023-04-28,630.0,11302.0,13722.0,585.0,535918.0,239363.0,45.0,0.07142857142845806,-8662.0,4966.0,-13628.0,0.057327155826088175,0.02108904720498281,0.0027855153203342198,-0.04689863842662634,-0.02927580893682591
2023-05-01,639.5,9675.0,2753.0,584.5,540125.0,159586.0,55.0,0.08600469116483815,-1627.0,4207.0,-5834.0,0.017250886669256595,0.01791252024994211,0.015079365079365026,-0.01917177914110424,-0.028853454821564206
2023-05-02,631.0,6620.0,5508.0,578.75,544056.0,153683.0,52.25,0.0828050713152412,-3055.0,3931.0,-6986.0,0.035840008328832496,0.01216786507271308,-0.013291634089132143,-0.026234567901234573,-0.03920822230681387
2023-05-03,635.0,5041.0,2081.0,588.0,540419.0,170044.0,47.0,0.0740157480313795,-1579.0,-3637.0,2058.0,0.012238008985909458,0.009327947388970392,0.006339144215530945,-0.010903426791277204,-0.028680688336520044
2023-05-04,643.25,3759.0,2272.0,588.0,543544.0,140182.0,55.25,0.08589195491630643,-1282.0,3125.0,-4407.0,0.016207501676392004,0.006915723474088561,0.012992125984252034,0.023875845602865153,-0.013798390187811371
2023-05-05,652.75,2894.0,1223.0,596.5,540720.0,117948.0,56.25,0.08617387973943137,-865.0,-2824.0,1959.0,0.010368976158985228,0.005352123095132406,0.014768752429071164,0.036111111111111205,0.014374514374514424
2023-05-08,657.0,2361.0,677.0,594.75,540474.0,117348.0,62.25,0.09474885844734438,-533.0,-246.0,-287.0,0.005769165217984066,0.004368387748531836,0.006510915358100444,0.027365129007036693,0.020979020979021046
2023-05-09,642.0,1390.0,1588.0,585.0,542381.0,163762.0,57.0,0.08878504672883367,-971.0,1907.0,-2878.0,0.00969699930386775,0.0025627741384746097,-0.022831050228310557,0.017432646592709933,-0.016845329249617125
2023-05-10,640.0,875.0,1067.0,591.0,533680.0,172509.0,49.0,0.07656249999988038,-515.0,-8701.0,8186.0,0.006185184541096371,0.0016395592864637952,-0.0031152647975077885,0.007874015748031482,-0.016897081413210446
2023-05-11,620.0,240.0,987.0,580.75,531343.0,140276.0,39.25,0.06330645161280112,-635.0,-2337.0,1702.0,0.007036128774701254,0.0004516856343266017,-0.03125,-0.03614457831325302,-0.05415713196033567
2023-05-12,,45.0,237.0,583.0,532654.0,169418.0,,,-195.0,1311.0,-1506.0,0.0013989068457896953,8.448260972413595e-05,0.0,-0.0501723477594791,-0.04834996162701455
2023-05-15,592.0,520472.0,164174.0,517.0,257212.0,73918.0,75.0,0.12668918918897518,520427.0,-275442.0,795869.0,2.2210287074866444,2.0235136774333933,-0.04516129032258065,-0.09893455098934556,-0.11010898158587001
2023-05-16,581.5,522405.0,133849.0,502.75,258532.0,59683.0,78.75,0.13542562338755731,1933.0,1320.0,613.0,2.2426654156124486,2.0206589513096946,-0.017736486486486513,-0.09423676012461057,-0.139792899408284
2023-05-17,561.0,516282.0,265000.0,494.0,261034.0,109339.0,67.0,0.11942959001761243,-6123.0,2502.0,-8625.0,2.4236548715462694,1.9778343051096716,-0.03525365434221839,-0.12343749999999998,-0.1701183431952663
2023-05-18,554.75,502981.0,181018.0,494.0,266808.0,84092.0,60.75,0.10950878774202882,-13301.0,5774.0,-19075.0,2.152618560624053,1.885179604809444,-0.011140819964349347,-0.10524193548387095,-0.17447916666666663
2023-05-19,555.0,501144.0,183019.0,491.0,266619.0,107316.0,64.0,0.11531531531510754,-1837.0,-189.0,-1648.0,1.7054213723955263,1.8796259831444802,0.00045065344749883884,-0.10483870967741937,-0.16384180790960456
2023-05-22,570.0,501555.0,148542.0,504.0,270175.0,63151.0,66.0,0.11578947368400738,411.0,3556.0,-3145.0,2.3521717787524765,1.8564078837790252,0.027027027027026973,-0.03716216216216217,-0.13767019667170954
2023-05-23,577.5,496433.0,133375.0,510.0,276633.0,58076.0,67.5,0.11688311688291449,-5122.0,6458.0,-11580.0,2.296559680418722,1.7945545180799045,0.013157894736842035,-0.006878761822871837,-0.11426380368098155
2023-05-24,587.25,495187.0,152816.0,510.0,286408.0,75077.0,77.25,0.13154533844166616,-1246.0,9775.0,-11021.0,2.0354569308842647,1.72895659339124,0.016883116883116944,0.046791443850267456,-0.09375
2023-05-25,590.0,494567.0,145545.0,510.0,293713.0,66933.0,80.0,0.13559322033875323,-620.0,7305.0,-7925.0,2.174487920756545,1.6838444331711513,0.004682843763303524,0.06354213609734116,-0.0809968847352025
2023-05-26,604.0,481348.0,178644.0,522.0,301258.0,81011.0,82.0,0.13576158940374874,-13219.0,7545.0,-20764.0,2.205182012319287,1.597793253623135,0.023728813559322104,0.08828828828828827,-0.03859928372463195
2023-05-30,595.0,478674.0,176207.0,519.0,306577.0,82798.0,76.0,0.12773109243676012,-2674.0,5319.0,-7993.0,2.128155269450927,1.5613500034249095,-0.01490066225165565,0.04385964912280693,-0.05555555555555558
2023-05-31,594.0,477075.0,170159.0,516.0,316085.0,78627.0,78.0,0.13131313131291025,-1599.0,9508.0,-11107.0,2.1641293703180566,1.5093250233323268,-0.001680672268907557,0.02857142857142847,-0.07114933541829549
2023-06-01,591.75,461380.0,153589.0,523.0,321144.0,73162.0,68.75,0.1161808196026765,-15695.0,5059.0,-20754.0,2.099300183155161,1.4366763819345794,-0.0037878787878787845,0.00766283524904221,-0.062202852614897
2023-06-02,605.0,455755.0,199864.0,533.5,326137.0,87286.0,71.5,0.11818181818162284,-5625.0,4993.0,-10618.0,2.2897600989849196,1.3974342070970134,0.022391212505280977,0.025423728813559254,-0.047244094488189003
2023-06-05,600.0,436455.0,168376.0,530.0,330745.0,64878.0,70.0,0.11666666666647223,-19300.0,4608.0,-23908.0,2.5952711242639634,1.3196117855145164,-0.008264462809917328,-0.0066225165562914245,-0.0672366886902449
2023-06-06,605.0,422317.0,185929.0,530.25,337967.0,91378.0,74.75,0.12355371900806024,-14138.0,7222.0,-21360.0,2.0347238941539314,1.249580580352516,0.008333333333333304,0.01680672268907557,-0.0731520490233627
2023-06-07,602.5,395424.0,174301.0,525.0,346120.0,101533.0,77.5,0.1286307053939774,-26893.0,8153.0,-35046.0,1.7166930948558428,1.1424477059979166,-0.004132231404958664,0.014309764309764272,-0.08295281582952818
2023-06-08,608.75,374973.0,178765.0,526.0,352474.0,116618.0,82.75,0.13593429158088552,-20451.0,6354.0,-26805.0,1.5329108713920532,1.0638316585053051,0.010373443983402453,0.02872834811998315,-0.051791277258567026
2023-06-09,604.0,350762.0,174688.0,524.0,361873.0,100227.0,80.0,0.13245033112560853,-24211.0,9399.0,-33610.0,1.742923563510813,0.9692958579391086,-0.007802874743326527,-0.0016528925619834212,-0.05625000000000002
2023-06-12,617.0,324757.0,208159.0,540.0,369733.0,124355.0,77.0,0.12479740680692902,-26005.0,7860.0,-33865.0,1.6739093723613712,0.8783554619144062,0.021523178807947074,0.02833333333333332,-0.004838709677419395
2023-06-13,611.0,292224.0,202991.0,545.0,386489.0,153731.0,66.0,0.10801963993435676,-32533.0,16756.0,-49289.0,1.3204298417365312,0.7560991386559495,-0.00972447325769854,0.009917355371900749,-0.014516129032258074
2023-06-14,610.0,266227.0,187535.0,543.0,381347.0,142040.0,67.0,0.10983606557359044,-25997.0,-5142.0,-20855.0,1.320297099408608,0.6981227071407388,-0.0016366612111292644,0.012448132780082943,0.030405405405405483
2023-06-15,620.0,241605.0,194030.0,567.0,384176.0,159383.0,53.0,0.08548387096760406,-24622.0,2829.0,-27451.0,1.217382029451063,0.6288914455874375,0.016393442622950838,0.01848049281314168,0.06620808254514188
2023-06-16,638.75,220592.0,223694.0,584.5,391687.0,189708.0,54.25,0.0849315068491821,-21013.0,7511.0,-28524.0,1.1791490079490523,0.5631843793641337,0.030241935483870996,0.057533112582781376,0.1385918003565063
2023-06-20,643.0,197590.0,151986.0,592.0,392781.0,132596.0,51.0,0.07931570762040542,-23002.0,1094.0,-24096.0,1.1462336722072979,0.5030538646217599,0.006653620352250478,0.04213938411669371,0.15908066696710232
2023-06-21,667.25,180382.0,150762.0,621.25,401022.0,148071.0,46.0,0.06893967778183749,-17208.0,8241.0,-25449.0,1.0181737139615388,0.449805746318156,0.03771384136858469,0.09206219312602282,0.2022522522522523
2023-06-22,660.0,167124.0,117760.0,615.0,409858.0,119695.0,45.0,0.06818181818171487,-13258.0,8836.0,-22094.0,0.9838339111909354,0.40776073664537377,-0.010865492693892809,0.08196721311475419,0.1578947368421053
2023-06-23,630.75,118769.0,142972.0,583.75,419761.0,156537.0,47.0,0.07451446690436066,-48355.0,9903.0,-58258.0,0.9133431712630183,0.28294434213754904,-0.04431818181818181,0.01733870967741935,0.09220779220779218
2023-06-26,637.0,95709.0,117529.0,585.25,436432.0,144640.0,51.75,0.081240188382918,-23060.0,16671.0,-39731.0,0.8125622234513219,0.2192987681929826,0.009908838684106192,-0.002739726027397249,0.08471690080885486
2023-06-27,623.0,67870.0,93042.0,556.0,435528.0,164190.0,67.0,0.1075441412518338,-27839.0,-904.0,-26935.0,0.5666727571715661,0.15583383846733126,-0.02197802197802201,-0.031104199066874005,0.055932203389830404
2023-06-28,591.0,27220.0,89617.0,534.75,444044.0,199310.0,56.25,0.09517766497445825,-40650.0,8516.0,-49166.0,0.44963624504540445,0.061300231508589105,-0.051364365971107495,-0.11427500936680401,-0.021523178807947074
2023-06-29,578.25,9069.0,42588.0,523.0,449670.0,131752.0,55.25,0.09554690877631553,-18151.0,5626.0,-23777.0,0.3232436699253118,0.020168123290412926,-0.021573604060913687,-0.1238636363636364,-0.02815126050420169
2023-06-30,560.0,5233.0,6458.0,488.5,457829.0,199016.0,71.5,0.12767857142834343,-3836.0,8159.0,-11995.0,0.03244965228926301,0.011430031736740112,-0.03156074362300043,-0.11216805390408247,-0.0572390572390572
2023-07-03,552.0,4241.0,1610.0,488.0,460252.0,113417.0,64.0,0.11594202898529721,-992.0,2423.0,-3415.0,0.014195402805575758,0.009214517264455106,-0.014285714285714235,-0.1334379905808477,-0.06717363751584282
2023-07-05,540.25,2882.0,1921.0,485.0,452155.0,130702.0,55.25,0.1022674687642716,-1359.0,-8097.0,6738.0,0.014697556273048501,0.006373920447634094,-0.021286231884057982,-0.1328250401284109,-0.10702479338842974
2023-07-06,566.5,2181.0,1410.0,500.0,447126.0,101908.0,66.5,0.11738746690182279,-701.0,-5029.0,4328.0,0.013836008949248205,0.0048778196749909315,0.04858861638130496,-0.04145516074450084,-0.05583333333333329
2023-07-07,555.0,1241.0,1322.0,488.5,431820.0,75169.0,66.5,0.11981981981960393,-940.0,-15306.0,14366.0,0.01758703720948772,0.0028738826362836303,-0.02030008826125329,-0.04020752269779504,-0.0826446280991735
2023-07-10,555.25,1007.0,518.0,492.0,425046.0,76776.0,63.25,0.11391265195837207,-234.0,-6774.0,6540.0,0.006746900072939372,0.0023691553384810058,0.00045045045045055687,-0.008482142857142883,-0.07842323651452288
2023-07-11,540.0,565.0,789.0,494.25,416607.0,85646.0,45.75,0.08472222222206532,-442.0,-8439.0,7997.0,0.009212339163533508,0.0013561942070104407,-0.0274651058081945,-0.021739130434782594,-0.11293634496919913
2023-07-12,547.5,143.0,713.0,476.0,419614.0,144147.0,71.5,0.13059360730569755,-422.0,3007.0,-3429.0,0.0049463395006486095,0.000340789392155647,0.01388888888888884,0.013419713095788932,-0.0935430463576159
2023-07-13,540.0,56.0,129.0,493.25,416582.0,94238.0,46.75,0.08657407407391375,-87.0,-3032.0,2945.0,0.0013688745516670412,0.0001344273156305358,-0.013698630136986356,-0.04677846425419241,-0.12479740680713125
2023-07-14,,39.0,83.0,507.0,415066.0,107632.0,,,-17.0,-1516.0,1499.0,0.0007711461275457041,9.396096042557064e-05,0.0,-0.027027027027026973,-0.11620294599018
2023-07-17,497.0,413015.0,87969.0,506.5,567007.0,158671.0,-9.5,-0.019114688128734177,412976.0,151941.0,261035.0,0.554411329102353,0.7284125240076388,-0.0796296296296296,-0.10490769923457899,-0.1852459016393443
2023-07-18,525.0,409424.0,132495.0,532.0,570757.0,239502.0,-7.0,-0.013333333333307936,-3591.0,3750.0,-7341.0,0.5532104116040761,0.7173350480151786,0.05633802816901401,-0.02777777777777779,-0.15322580645161288
2023-07-19,540.75,402527.0,193393.0,550.0,569849.0,352033.0,-9.25,-0.01710587147477188,-6897.0,-908.0,-5989.0,0.5493604292779355,0.706374846669906,0.030000000000000027,-0.012328767123287676,-0.1534246575342466
2023-07-20,537.0,398589.0,123962.0,546.0,576124.0,196636.0,-9.0,-0.01675977653628164,-3938.0,6275.0,-10213.0,0.6304135560121208,0.6918458526289467,-0.006934812760055475,-0.005555555555555536,-0.16485225505443235
2023-07-21,526.5,390162.0,121026.0,536.25,582772.0,168336.0,-9.75,-0.018518518518483348,-8427.0,6648.0,-15075.0,0.7189549472483562,0.6694933867790479,-0.019553072625698276,-0.025000000000000022,-0.21094042712626448
2023-07-24,556.0,384009.0,115440.0,568.5,585055.0,219717.0,-12.5,-0.022482014388448775,-6153.0,2283.0,-8436.0,0.5254031322109781,0.6563639315961736,0.05603038936372262,0.11871227364185111,-0.1575757575757576
2023-07-25,557.0,378385.0,104803.0,564.5,582660.0,158025.0,-7.5,-0.013464991023315144,-5624.0,-2395.0,-3229.0,0.663205189052361,0.6494096042288802,0.0017985611510791255,0.06095238095238087,-0.11692429647245339
2023-07-26,540.0,379972.0,106980.0,549.0,589581.0,141413.0,-9.0,-0.016666666666635802,1587.0,6921.0,-5334.0,0.7565075346679531,0.6444780276162212,-0.030520646319569078,-0.001386962552011095,-0.152276295133438
2023-07-27,532.75,381658.0,95908.0,542.25,602300.0,133794.0,-9.5,-0.01783200375407258,1686.0,12719.0,-11033.0,0.7168333408075047,0.6336676075045647,-0.013425925925925952,-0.007914338919925545,-0.1448635634028892
2023-07-28,521.0,375478.0,90547.0,530.5,607036.0,152886.0,-9.5,-0.018234165067143506,-6180.0,4736.0,-10916.0,0.5922517431288634,0.6185432165472877,-0.022055373064289063,-0.010446343779677125,-0.11844331641285955
2023-07-31,504.0,375770.0,111158.0,513.25,603870.0,165409.0,-9.25,-0.01835317460313819,292.0,-3166.0,3458.0,0.6720190557950253,0.6222696938082689,-0.03262955854126681,-0.09352517985611508,-0.12840466926070038
2023-08-01,497.0,377090.0,116230.0,507.5,610425.0,161799.0,-10.5,-0.021126760563337774,1320.0,6555.0,-5235.0,0.7183604348605325,0.6177499283286224,-0.01388888888888884,-0.1077199281867145,-0.11250000000000004
2023-08-02,488.5,368394.0,158406.0,500.0,595118.0,239214.0,-11.5,-0.023541453428815678,-8696.0,-15307.0,6611.0,0.6621936843161326,0.6190268148501631,-0.017102615694164935,-0.09537037037037033,-0.11503623188405798
2023-08-03,480.75,362535.0,101378.0,495.0,590256.0,153402.0,-14.25,-0.029641185647364243,-5859.0,-4862.0,-997.0,0.6608649170154193,0.6141996015288271,-0.01586489252814738,-0.0976067573908963,-0.11013419713095784
2023-08-04,484.0,357545.0,96911.0,498.0,591547.0,147093.0,-14.0,-0.02892561983465098,-4990.0,1291.0,-6281.0,0.6588416851923569,0.6044236552632325,0.006760270410816505,-0.07101727447216888,-0.1456310679611651
2023-08-07,482.0,323834.0,164880.0,497.0,596526.0,197391.0,-15.0,-0.031120331950142903,-33711.0,4979.0,-38690.0,0.835296442087021,0.5428665305451891,-0.004132231404958664,-0.04365079365079361,-0.13153153153153152
2023-08-08,485.0,304574.0,124554.0,498.5,601357.0,148414.0,-13.5,-0.027835051546334363,-19260.0,4831.0,-24091.0,0.8392334954923334,0.5064778492642464,0.006224066390041472,-0.024144869215291798,-0.1265195857721747
2023-08-09,480.5,285520.0,120224.0,495.0,599257.0,150704.0,-14.5,-0.030176899063412744,-19054.0,-2100.0,-16954.0,0.7977492302792176,0.47645667885398,-0.009278350515463885,-0.016376663254861867,-0.11018518518518516
2023-08-10,483.0,269016.0,93318.0,496.0,602653.0,116399.0,-13.0,-0.026915113871579886,-16504.0,3396.0,-19900.0,0.8017079184529008,0.44638622889125174,0.00520291363163361,0.004680187207488196,-0.11780821917808215
2023-08-11,475.5,241506.0,174425.0,487.0,616390.0,258751.0,-11.5,-0.02418506834905534,-27510.0,13737.0,-41247.0,0.67410367496164,0.3918071350930411,-0.01552795031055898,-0.017561983471074405,-0.11944444444444446
2023-08-14,475.0,239969.0,73606.0,486.5,621677.0,117460.0,-11.5,-0.024210526315738504,-1537.0,5287.0,-6824.0,0.626647369317209,0.38600269915084456,-0.001051524710830698,-0.014522821576763434,-0.12037037037037035
2023-08-15,462.0,229833.0,89967.0,475.0,636717.0,147687.0,-13.0,-0.028138528138467234,-10136.0,15040.0,-25176.0,0.6091734546710231,0.36096570375849807,-0.027368421052631597,-0.04742268041237119,-0.07042253521126762
2023-08-16,469.75,231858.0,70843.0,482.0,650755.0,126939.0,-12.25,-0.026077700904681048,2025.0,14038.0,-12013.0,0.5580869551516826,0.3562907699518246,0.016774891774891776,-0.02237252861602501,-0.10523809523809524
2023-08-17,472.25,222480.0,69172.0,486.25,657573.0,109612.0,-14.0,-0.029645314981408905,-9378.0,6818.0,-16196.0,0.631062292449726,0.3383350593774374,0.0053219797764767485,-0.02225672877846796,-0.1266759130836801
2023-08-18,478.0,214865.0,66477.0,492.5,661511.0,112802.0,-14.5,-0.030334728033409343,-7615.0,3938.0,-11553.0,0.5893246573642259,0.32480941360007565,0.012175754367390157,0.00525762355415349,-0.1098696461824954
2023-08-21,470.0,203659.0,74711.0,481.5,660695.0,148221.0,-11.5,-0.02446808510633092,-11206.0,-816.0,-10390.0,0.5040513827325379,0.30824964620588874,-0.01673640167364021,-0.010526315789473717,-0.10731244064577394
2023-08-22,467.75,195844.0,72976.0,480.0,660982.0,130499.0,-12.25,-0.026189203634364108,-7815.0,287.0,-8102.0,0.5592073502478904,0.2962924860283634,-0.004787234042553212,0.012445887445887482,-0.15872302158273377
2023-08-23,476.0,179898.0,84523.0,489.0,665541.0,137734.0,-13.0,-0.027310924369690525,-15946.0,4559.0,-20505.0,0.6136683752740746,0.2703034073032311,0.01763762693746651,0.013304949441192093,-0.1454219030520646
2023-08-24,471.0,160426.0,85162.0,487.25,673960.0,159873.0,-16.25,-0.03450106157105202,-19472.0,8419.0,-27891.0,0.5326853189719307,0.23803489821354346,-0.010504201680672232,-0.0026469031233457008,-0.12777777777777777
2023-08-25,469.5,109984.0,84408.0,487.5,679533.0,134901.0,-18.0,-0.0383386581468832,-50442.0,5573.0,-56015.0,0.6257032935263592,0.16185233093904172,-0.0031847133757961776,-0.01778242677824271,-0.11872360394181136
2023-08-28,478.0,81835.0,87576.0,496.25,686177.0,139743.0,-18.25,-0.03817991631791176,-28149.0,6644.0,-34793.0,0.626693286962491,0.11926223117358914,0.018104366347177825,0.017021276595744705,-0.0825335892514395
2023-08-29,469.5,47015.0,98795.0,487.0,682661.0,177417.0,-17.5,-0.037273695420580885,-34820.0,-3516.0,-31304.0,0.5568519363984255,0.06887020058271957,-0.01778242677824271,0.0037413148049172396,-0.06845238095238093
2023-08-30,460.0,10395.0,74605.0,481.0,691876.0,192731.0,-21.0,-0.04565217391294424,-36620.0,9215.0,-45835.0,0.387093928843827,0.015024368528464616,-0.020234291799786974,-0.03361344537815125,-0.07444668008048294
2023-08-31,461.0,4839.0,12073.0,478.0,699873.0,147281.0,-17.0,-0.03687635574829311,-5556.0,7997.0,-13553.0,0.08197255586260223,0.006914111560240205,0.0021739130434783593,-0.02123142250530785,-0.05629477993858756
2023-09-01,461.25,3161.0,3311.0,481.5,705496.0,100839.0,-20.25,-0.04390243902429506,-1678.0,5623.0,-7301.0,0.032834518390701686,0.004480535679862105,0.0005422993492407713,-0.01757188498402551,-0.040561622464898583
2023-09-05,463.25,1971.0,1553.0,486.0,704007.0,125749.0,-22.75,-0.04910955207760581,-1190.0,-1489.0,299.0,0.012349998807147473,0.002799688071283378,0.0043360433604335835,-0.030857740585774063,-0.04287190082644632
2023-09-06,472.0,1306.0,841.0,485.0,714070.0,113919.0,-13.0,-0.02754237288129758,-665.0,10063.0,-10728.0,0.007382438399213411,0.0018289523436077668,0.01888828926065833,0.005324813631522929,-0.020746887966805017
2023-09-07,,915.0,741.0,486.0,713945.0,109792.0,,,-391.0,-125.0,-266.0,0.006749125619352897,0.001281611328603742,0.0,0.026086956521739202,-0.026804123711340222
2023-09-08,,705.0,233.0,482.25,709844.0,106651.0,,,-210.0,-4101.0,3891.0,0.002184695877206944,0.0009931759654233873,0.0,0.02386117136659438,-0.01768990634755463
2023-09-11,,319.0,430.0,485.0,709805.0,133254.0,,,-386.0,-39.0,-347.0,0.003226920017410335,0.0004494192066835251,0.0,0.023306233062330595,-0.022774327122153215
2023-09-12,460.5,169.0,174.0,476.25,714371.0,198455.0,-15.75,-0.034201954397319864,-150.0,4566.0,-4716.0,0.0008767730719810492,0.00023657175333265172,-0.024364406779661008,-0.005936319481921193,-0.03154574132492116
2023-09-13,,83.0,120.0,482.0,710648.0,152906.0,,,-86.0,-3723.0,3637.0,0.0007847958876695436,0.00011679481262171972,0.0,-0.024364406779661008,-0.030526315789473735
2023-09-14,,4.0,94.0,479.75,704469.0,113552.0,,,-79.0,-6179.0,6100.0,0.0008278145695364165,5.678035513273109e-06,0.0,-0.024364406779661008,-0.0032467532467532756
2023-09-15,475.25,702175.0,110377.0,490.0,234248.0,39853.0,-14.75,-0.031036296685889458,702171.0,-470221.0,1172392.0,2.7696032920983926,2.997570950445669,0.03203040173724214,0.0068855932203388814,0.011708355508249113
2023-09-18,472.0,712080.0,143316.0,485.5,234466.0,43454.0,-13.5,-0.02860169491519364,9905.0,218.0,9687.0,3.2981083444561308,3.037028822942333,-0.00683850604944769,0.0,-0.000529380624669118
2023-09-19,475.25,718227.0,139647.0,489.75,237016.0,45570.0,-14.5,-0.030510257759009975,6147.0,2550.0,3597.0,3.0644502962474642,3.030289094407116,0.0068855932203388814,0.03203040173724214,-0.005753138075313857
2023-09-20,481.0,726529.0,162298.0,495.5,242233.0,69683.0,-14.5,-0.030145530145467475,8302.0,5217.0,3085.0,2.3290903089705908,2.999298196364645,0.012098895318253478,0.0445168295331162,0.023404255319148914
2023-09-21,475.0,730978.0,115196.0,491.0,244141.0,42863.0,-16.0,-0.03368421052624487,4449.0,1908.0,2541.0,2.6875393696194227,2.994081289091128,-0.012474012474012475,0.03148751357220414,0.015499732763228247
2023-09-22,477.0,732497.0,88610.0,492.25,247291.0,31711.0,-15.25,-0.031970649895111176,1519.0,3150.0,-1631.0,2.794298508403936,2.9620851547367155,0.004210526315789442,0.0036822724881642177,0.0021008403361344463
2023-09-25,481.0,735512.0,101591.0,495.75,250168.0,29903.0,-14.75,-0.030665280665216912,3015.0,2877.0,138.0,3.3973514363106245,2.940072271433585,0.008385744234800763,0.019067796610169552,0.02123142250530785
2023-09-26,479.75,736270.0,117585.0,495.0,250316.0,36869.0,-15.25,-0.031787389265176054,758.0,148.0,610.0,3.189264693916212,2.941362118282479,-0.0025987525987526405,0.009468700683850528,0.02183173588924392
2023-09-27,483.5,737302.0,125713.0,499.0,251342.0,41309.0,-15.5,-0.03205791106508365,1032.0,1026.0,6.0,3.0432351303589282,2.9334611803836887,0.007816571130797367,0.005197505197505281,0.011506276150627714
2023-09-28,487.75,735785.0,114318.0,502.0,252971.0,27833.0,-14.25,-0.029215786775952404,-1517.0,1629.0,-3146.0,4.107282721948618,2.908574500634449,0.00879007238883145,0.026842105263158,0.038871139510117114
2023-09-29,477.0,737107.0,209423.0,491.5,255047.0,60350.0,-14.5,-0.030398322851089312,1322.0,2076.0,-754.0,3.470140845070365,2.8900830043089987,-0.02203997949769354,0.0,0.03695652173913033
2023-10-02,487.5,743517.0,159224.0,502.0,258136.0,37663.0,-14.5,-0.029743589743528732,6410.0,3089.0,3321.0,4.227597376735677,2.8803305234449947,0.022012578616352307,0.013513513513513598,0.057483731019522866
2023-10-03,487.5,736568.0,138101.0,503.0,259742.0,50523.0,-15.5,-0.03179487179480658,-6949.0,1606.0,-8555.0,2.7334283395680634,2.8357678003557267,0.0,0.01615424700364776,0.05691056910569103
2023-10-04,485.5,731143.0,129880.0,500.75,262065.0,50374.0,-15.25,-0.03141091658077979,-5425.0,2323.0,-7748.0,2.578314209711308,2.789929979203622,-0.004102564102564155,0.004136504653567741,0.048030221262816974
2023-10-05,496.0,719175.0,186342.0,510.75,263961.0,61886.0,-14.75,-0.029737903225746497,-11968.0,1896.0,-13864.0,3.0110525805512878,2.7245502176457785,0.02162718846549949,0.016914402870322975,0.05084745762711873
2023-10-06,492.0,711413.0,125225.0,508.0,265222.0,35685.0,-16.0,-0.032520325203185936,-7762.0,1261.0,-9023.0,3.50917752557087,2.682330274260798,-0.008064516129032251,0.03144654088050314,0.04237288135593231
2023-10-09,488.0,701982.0,115532.0,503.5,271952.0,43565.0,-15.5,-0.03176229508190213,-9431.0,6730.0,-16161.0,2.6519453689888066,2.5812716950049914,-0.008130081300813052,0.0010256410256410664,0.03389830508474567
2023-10-10,485.25,696227.0,110081.0,501.0,281200.0,43946.0,-15.75,-0.03245749613594548,-5755.0,9248.0,-15003.0,2.504915123105573,2.475913940256037,-0.00563524590163933,-0.004615384615384577,0.02807203389830515
2023-10-11,487.75,692075.0,102590.0,503.0,288040.0,36444.0,-15.25,-0.03126601742689643,-4152.0,6840.0,-10992.0,2.8150038415101855,2.4027044854881185,0.005151983513652647,0.004634397528321399,0.05917480998914226
2023-10-12,495.0,671450.0,208365.0,510.0,296025.0,65287.0,-15.0,-0.030303030302969085,-20625.0,7985.0,-28610.0,3.191523580498366,2.2682205894772327,0.01486417221937475,-0.0020161290322581182,0.07491856677524433
2023-10-13,493.5,665444.0,138232.0,508.5,300827.0,47743.0,-15.0,-0.030395136778053913,-6006.0,4802.0,-10808.0,2.8953354418448174,2.212048785514591,-0.00303030303030305,0.0030487804878047697,0.07166123778501632
2023-10-16,489.75,655706.0,113486.0,504.0,304727.0,43577.0,-14.25,-0.02909647779473385,-9738.0,3900.0,-13638.0,2.60426371709841,2.1517817587545505,-0.0075987841945288626,0.0035860655737705027,0.030510257759074122
2023-10-17,488.5,652884.0,102031.0,507.0,309277.0,35585.0,-18.5,-0.037871033776790436,-2822.0,4550.0,-7372.0,2.8672474357172164,2.111000818036899,-0.002552322613578406,0.006697578567748552,0.03495762711864403
2023-10-18,492.0,645649.0,119274.0,507.0,314837.0,36878.0,-15.0,-0.030487804877986815,-7235.0,5560.0,-12795.0,3.2342860241877753,2.0507405419312152,0.007164790174001956,0.008713480266530071,0.035244608100999386
2023-10-19,503.5,660223.0,279440.0,515.25,341123.0,157505.0,-11.75,-0.02333664349548493,14574.0,26286.0,-11712.0,1.774165899495243,1.935439709430317,0.023373983739837456,0.01717171717171717,0.04677754677754686
2023-10-20,492.5,639801.0,264540.0,509.0,351905.0,131190.0,-16.5,-0.03350253807099796,-20422.0,10782.0,-31204.0,2.016464669563214,1.8181071596027285,-0.021847070506454846,-0.0020263424518743856,0.03684210526315779
2023-10-23,490.0,631771.0,126442.0,504.75,356104.0,44155.0,-14.75,-0.030102040816265097,-8030.0,4199.0,-12229.0,2.8635941569470535,1.774119358389679,-0.005076142131979711,0.0005104645227156368,0.027253668763102645
2023-10-24,483.75,627459.0,161081.0,498.5,360594.0,57107.0,-14.75,-0.03049095607228839,-4312.0,4490.0,-8802.0,2.820687481394526,1.740070550258735,-0.012755102040816313,-0.009723643807574178,0.005717255717255787
2023-10-25,480.0,627519.0,177281.0,494.5,363163.0,67368.0,-14.5,-0.0302083333332704,60.0,2569.0,-2509.0,2.6315312908205284,1.727926578423458,-0.007751937984496138,-0.024390243902439046,0.0005211047420532466
2023-10-26,479.25,613603.0,190730.0,493.0,365797.0,91469.0,-13.75,-0.02869066249341953,-13916.0,2634.0,-16550.0,2.08518733122695,1.6774413130780141,-0.0015625000000000222,-0.04816285998013903,-0.00879007238883145
2023-10-27,479.25,617030.0,126300.0,495.25,364956.0,49663.0,-16.0,-0.03338549817416091,3427.0,-841.0,4268.0,2.543140768781537,1.690696960729508,0.0,-0.026903553299492344,-0.01742696053305992
2023-10-30,478.25,610452.0,136565.0,492.5,370184.0,58288.0,-14.25,-0.029796131730204296,-6578.0,5228.0,-11806.0,2.3429350809771767,1.649050202061673,-0.0020865936358893666,-0.023979591836734704,0.002620545073375169
2023-10-31,478.75,604103.0,136045.0,493.0,376486.0,67164.0,-14.25,-0.029765013054768117,-6349.0,6302.0,-12651.0,2.025564290393633,1.6045829061372758,0.001045478306325176,-0.01033591731266148,-0.017948717948717996
2023-11-01,475.0,604646.0,180119.0,490.0,381297.0,76750.0,-15.0,-0.03157894736835457,543.0,4811.0,-4268.0,2.3468273615634874,1.5857612307466318,-0.007832898172323799,-0.01041666666666663,-0.02564102564102566
2023-11-02,470.0,592749.0,202193.0,485.0,381984.0,104993.0,-15.0,-0.03191489361695337,-11897.0,687.0,-12584.0,1.9257760041145415,1.551763948228194,-0.010526315789473717,-0.01930099113197703,-0.03192584963954681
2023-11-03,477.0,588922.0,200217.0,492.25,382523.0,87032.0,-15.25,-0.031970649895111176,-3827.0,539.0,-4366.0,2.3004986671568814,1.5395727838587443,0.014893617021276562,-0.0046948356807511304,-0.03830645161290325
2023-11-06,477.0,579149.0,131646.0,492.0,388154.0,68103.0,-15.0,-0.03144654088043722,-9773.0,5631.0,-15404.0,1.9330425972423837,1.4920598525327537,0.0,-0.002613695765812829,-0.030487804878048808
2023-11-07,469.0,555808.0,215810.0,484.0,410301.0,138203.0,-15.0,-0.03198294243063543,-23341.0,22147.0,-45488.0,1.561543526551511,1.3546347681336353,-0.016771488469601636,-0.020365535248041744,-0.03893442622950816
2023-11-08,475.0,525297.0,322782.0,490.0,427127.0,228214.0,-15.0,-0.03157894736835457,-30511.0,16826.0,-47337.0,1.4143829914028,1.2298379638842751,0.01279317697228155,0.0,-0.021123132405976297
2023-11-09,468.0,509630.0,257163.0,482.75,441040.0,197547.0,-14.75,-0.031517094017026674,-15667.0,13913.0,-29580.0,1.3017813482361094,1.1555187738073618,-0.01473684210526316,-0.004255319148936176,-0.040492055356227574
2023-11-10,463.25,494163.0,230543.0,479.5,451579.0,167474.0,-16.25,-0.03507825148400415,-15467.0,10539.0,-26006.0,1.37658979901357,1.0943002221095288,-0.010149572649572614,-0.028825995807127858,-0.06414141414141417
2023-11-13,477.0,466121.0,249727.0,490.75,478663.0,167509.0,-13.75,-0.02882599580706745,-28042.0,27084.0,-55126.0,1.4908273585299807,0.9737978494264212,0.029681597409606075,0.0,-0.033434650455927084
2023-11-14,477.5,448042.0,183143.0,494.0,489279.0,132800.0,-16.5,-0.03455497382191716,-18079.0,10616.0,-28695.0,1.3790888554216765,0.9157188434410615,0.0010482180293500676,0.01812366737739879,-0.02501276161306787
2023-11-15,471.0,419785.0,245509.0,488.5,520627.0,188610.0,-17.5,-0.037154989384209865,-28257.0,31348.0,-59605.0,1.3016754148772531,0.8063066264331262,-0.013612565445026203,-0.008421052631578996,-0.035823950870010224
2023-11-16,473.0,389947.0,182325.0,492.25,541247.0,139095.0,-19.25,-0.04069767441851861,-29838.0,20620.0,-50458.0,1.310794780545661,0.7204603443529465,0.00424628450106157,0.010683760683760646,-0.03861788617886175
2023-11-17,467.0,368084.0,132235.0,485.25,555964.0,106976.0,-18.25,-0.039079229121971995,-21863.0,14717.0,-36580.0,1.2361183816930785,0.6620644502161998,-0.012684989429175508,0.008094981111710808,-0.07249255213505457
2023-11-20,469.0,347630.0,139825.0,488.0,564366.0,111050.0,-19.0,-0.04051172707880488,-20454.0,8402.0,-28856.0,1.259117514633037,0.6159655259175771,0.004282655246252709,-0.016771488469601636,-0.04771573604060919
2023-11-21,469.5,316296.0,173228.0,487.0,584025.0,142275.0,-17.5,-0.037273695420580885,-31334.0,19659.0,-50993.0,1.217557547004033,0.541579555669705,0.0010660980810235365,-0.01675392670157072,-0.0418367346938775
2023-11-22,468.0,286657.0,126935.0,487.5,599416.0,131956.0,-19.5,-0.04166666666657764,-29639.0,15391.0,-45030.0,0.9619494376913444,0.47822714108398756,-0.0031948881789137795,-0.006369426751592355,-0.032558139534883734
2023-11-24,463.75,214856.0,113555.0,482.5,613078.0,109596.0,-18.75,-0.040431266846274,-71801.0,13662.0,-85463.0,1.0361235811525873,0.350454591422298,-0.009081196581196549,-0.019556025369978913,-0.03385416666666663
2023-11-27,455.5,155173.0,180939.0,475.5,631422.0,211127.0,-20.0,-0.04390779363327353,-59683.0,18344.0,-78027.0,0.8570149720310484,0.24575165261900875,-0.017789757412398965,-0.024625267665952855,-0.04955659885237351
2023-11-28,450.5,81497.0,181371.0,473.75,645229.0,263235.0,-23.25,-0.051609322974358246,-73676.0,13807.0,-87483.0,0.6890079206792384,0.1263070940704771,-0.010976948408342513,-0.039445628997867854,-0.05998956703182057
2023-11-29,447.0,10547.0,139560.0,475.75,672269.0,257318.0,-28.75,-0.06431767337793218,-70950.0,27040.0,-97990.0,0.5423639232389473,0.015688660342809177,-0.007769145394006638,-0.04792332268370603,-0.0653423941453215
2023-11-30,458.0,4098.0,14188.0,481.75,670523.0,189360.0,-23.75,-0.05185589519639333,-6449.0,-1746.0,-4703.0,0.07492606675116141,0.006111647176905183,0.02460850111856816,-0.021367521367521403,-0.043342036553524754
2023-12-01,456.75,2573.0,3312.0,484.5,668131.0,144247.0,-27.75,-0.060755336617272566,-1525.0,-2392.0,867.0,0.02296061616532737,0.0038510411880304848,-0.0027292576419214454,-0.015094339622641506,-0.03842105263157891
2023-12-04,470.0,1691.0,1925.0,485.0,667527.0,121319.0,-15.0,-0.03191489361695337,-882.0,-604.0,-278.0,0.015867259044337525,0.0025332308655679806,0.029009304871373764,0.0318331503841931,0.0
2023-12-05,456.0,938.0,639.0,489.75,665869.0,136197.0,-33.75,-0.07401315789457454,-753.0,-1658.0,905.0,0.004691733298090232,0.0014086854921914048,-0.029787234042553234,0.01220865704772467,-0.04402515723270439
2023-12-06,461.5,711.0,347.0,484.0,658416.0,143848.0,-22.5,-0.048754062838464236,-227.0,-7453.0,7226.0,0.0024122685056448307,0.0010798644018371348,0.012061403508771829,0.032438478747203625,-0.032494758909853205
2023-12-07,455.0,690.0,322.0,487.0,654529.0,104157.0,-32.0,-0.07032967032951576,-21.0,-3887.0,3866.0,0.0030914868899833605,0.0010541931679115806,-0.014084507042253502,-0.0065502183406113135,-0.02985074626865669
2023-12-08,455.0,670.0,319.0,485.25,649305.0,122550.0,-30.25,-0.06648351648337036,-20.0,-5224.0,5204.0,0.002603019175846572,0.0010318725406396052,0.0,-0.003831417624521105,-0.04210526315789476
2023-12-11,455.0,591.0,379.0,481.5,645377.0,116266.0,-26.5,-0.05824175824163024,-79.0,-3928.0,3849.0,0.0032597663977430784,0.0009157438210534294,0.0,-0.03191489361702127,-0.02777777777777779
2023-12-12,462.5,290.0,265.0,484.5,643832.0,100301.0,-22.0,-0.04756756756746472,-301.0,-1545.0,1244.0,0.0026420474372139593,0.0004504280619789006,0.016483516483516425,0.014254385964912242,-0.0016189962223421839
2023-12-13,453.25,322.0,256.0,480.5,637088.0,130775.0,-27.25,-0.060121345835498906,32.0,-6744.0,6776.0,0.0019575606958516386,0.0005054246823044846,-0.020000000000000018,-0.017876489707475574,-0.049790356394129986
2023-12-14,,8.0,10.0,479.25,634529.0,106424.0,,,-314.0,-2559.0,2245.0,9.396376757122364e-05,1.2607776791919655e-05,0.0,-0.0038461538461538325,-0.050785340314136174
2023-12-15,482.0,636711.0,108554.0,494.5,165590.0,29297.0,-12.5,-0.02593360995845242,636703.0,-468939.0,1105642.0,3.705294057411895,3.845105380759685,0.06343077771649197,0.05934065934065935,0.023354564755838636
2023-12-18,477.0,632060.0,129446.0,490.0,164614.0,39914.0,-13.0,-0.02725366876304559,-4651.0,-976.0,-3675.0,3.243122713834664,3.8396491185439645,-0.010373443983402453,0.0483516483516484,0.008456659619450413
2023-12-19,472.5,636285.0,130033.0,485.0,164957.0,28898.0,-12.5,-0.026455026454970467,4225.0,343.0,3882.0,4.499723164232663,3.857277957285815,-0.009433962264150941,0.021621621621621623,0.01177730192719495
2023-12-20,469.75,635146.0,131027.0,482.5,164743.0,32895.0,-12.75,-0.027142096859974152,-1139.0,-214.0,-925.0,3.9831889344884033,3.8553747351935814,-0.0058201058201058364,0.036403750689465,0.0015991471215350828
2023-12-21,472.0,633390.0,108597.0,484.5,166409.0,30332.0,-12.5,-0.026483050847401518,-1756.0,1666.0,-3422.0,3.5802782539890683,3.8062244229578703,0.0047897817988291624,0.04136789851075573,0.005324813631522929
2023-12-22,472.0,630668.0,80484.0,484.5,169368.0,28256.0,-12.5,-0.026483050847401518,-2722.0,2959.0,-5681.0,2.8483861834653577,3.723654999763806,0.0,-0.020746887966805017,0.008547008547008517
2023-12-26,479.5,627507.0,114198.0,493.0,170905.0,25122.0,-13.5,-0.0281543274243417,-3161.0,1537.0,-4698.0,4.545736804394373,3.671671396389786,0.01588983050847448,0.00524109014675056,0.03396226415094339
2023-12-27,476.25,629538.0,107950.0,488.5,173760.0,25718.0,-12.25,-0.025721784776848878,2031.0,2855.0,-824.0,4.197449257329334,3.6230317679557804,-0.006777893639207555,0.007936507936507908,0.04555433589462132
2023-12-28,474.0,627543.0,99398.0,486.0,174940.0,20156.0,-12.0,-0.025316455696149123,-1995.0,1180.0,-3175.0,4.931434808493504,3.587189893677812,-0.0047244094488189115,0.009047365620010739,0.052164261931187506
2023-12-29,471.0,632023.0,109649.0,483.5,177231.0,24648.0,-12.5,-0.026539278131578473,4480.0,2291.0,2189.0,4.448596234988459,3.566097353171829,-0.006329113924050667,-0.0021186440677966045,0.05369127516778516
2024-01-02,464.25,636886.0,187193.0,477.5,183774.0,48784.0,-13.25,-0.02854065697355188,4863.0,6543.0,-1680.0,3.837180223023864,3.4655936095421365,-0.014331210191082855,-0.01641949152542377,0.013646288209606894
2024-01-03,465.0,641667.0,147913.0,477.5,184799.0,40707.0,-12.5,-0.026881720430049716,4781.0,1025.0,3756.0,3.6336011005477284,3.47224281516673,0.001615508885298933,-0.030239833159541152,0.01806239737274229
2024-01-04,466.5,648146.0,127034.0,479.0,184538.0,31593.0,-12.5,-0.02679528402995328,6479.0,-261.0,6740.0,4.02095400879929,3.512263056931345,0.003225806451612856,-0.020472440944881876,-0.007446808510638281
2024-01-05,461.5,651949.0,151589.0,473.75,188886.0,43857.0,-12.25,-0.026543878656497197,3803.0,4348.0,-545.0,3.45643796885324,3.4515474942557764,-0.010718113612004254,-0.026371308016877593,0.012061403508771829
2024-01-08,455.0,657079.0,214324.0,467.0,194662.0,53251.0,-12.0,-0.02637362637356841,5130.0,5776.0,-646.0,4.024788266886931,3.375486741120489,-0.014084507042253502,-0.03397027600849256,-0.014084507042253502
2024-01-09,459.0,653038.0,215153.0,471.5,203481.0,79952.0,-12.5,-0.027233115468350257,-4041.0,8819.0,-12860.0,2.691027116269728,3.20933158378422,0.00879120879120876,-0.011308562197092087,0.00879120879120876
2024-01-10,459.0,651044.0,193507.0,470.75,211752.0,66817.0,-11.75,-0.02559912854024924,-1994.0,8271.0,-10265.0,2.89607435233544,3.074558917979509,0.0,-0.012903225806451646,0.00879120879120876
2024-01-11,457.0,647650.0,165189.0,468.5,221153.0,55534.0,-11.5,-0.025164113785502925,-3394.0,9401.0,-12795.0,2.9745561277775243,2.9285155525812314,-0.004357298474945481,-0.020364415862808127,0.00439560439560438
2024-01-12,447.0,651194.0,314095.0,460.25,232077.0,96235.0,-13.25,-0.029642058165481787,3544.0,10924.0,-7380.0,3.263833324673941,2.8059394080412847,-0.021881838074398252,-0.031419284940411685,-0.033513513513513504
2024-01-16,443.0,654605.0,175650.0,455.0,240623.0,51735.0,-12.0,-0.027088036117320344,3411.0,8546.0,-5135.0,3.395187010727682,2.7204589752434196,-0.008948545861297563,-0.02637362637362639,-0.02261445118587979
2024-01-17,442.0,658109.0,205711.0,453.75,251085.0,70045.0,-11.75,-0.026583710407179675,3504.0,10462.0,-6958.0,2.9368406024697986,2.6210605970089706,-0.0022573363431150906,-0.03703703703703709,-0.024820739106453438
2024-01-18,444.0,652459.0,180948.0,454.25,263903.0,75538.0,-10.25,-0.023085585585533593,-5650.0,12818.0,-18468.0,2.395456591384437,2.4723440051837136,0.004524886877828038,-0.0326797385620915,-0.07883817427385897
2024-01-19,444.25,658556.0,148101.0,456.0,275799.0,64616.0,-11.75,-0.02644907146870805,6097.0,11896.0,-5799.0,2.292017456976565,2.3878114133843766,0.0005630630630630851,-0.02789934354485779,-0.06865828092243187
2024-01-22,445.75,659790.0,112771.0,455.75,278478.0,40277.0,-10.0,-0.022434099831693925,1234.0,2679.0,-1445.0,2.799885790897962,2.3692715403012,0.003376477208778761,-0.002796420581655523,-0.05661375661375656
2024-01-23,446.0,662400.0,152301.0,457.0,284013.0,68953.0,-11.0,-0.024663677129989545,2610.0,5535.0,-2925.0,2.2087653909184195,2.332287606553213,0.000560852495793629,0.006772009029345272,-0.05055880787653011
2024-01-24,451.0,665707.0,156004.0,462.0,284451.0,71520.0,-11.0,-0.024390243902384943,3307.0,438.0,2869.0,2.1812639821028776,2.3403222347609876,0.011210762331838486,0.020361990950226172,-0.044491525423728806
2024-01-25,451.0,662702.0,169289.0,460.0,283627.0,81817.0,-9.0,-0.01995565410195132,-3005.0,-824.0,-2181.0,2.069117665032914,2.3365264943041306,0.0,0.015765765765765716,-0.044491525423728806
2024-01-26,446.5,655972.0,135726.0,455.0,286555.0,51684.0,-8.5,-0.01903695408730339,-6730.0,2928.0,-9658.0,2.626073833294586,2.289166128666391,-0.009977827050997812,0.005064715813168252,-0.06882168925964549
2024-01-29,439.5,653937.0,203565.0,450.0,289649.0,90722.0,-10.5,-0.023890784982880796,-2035.0,3094.0,-5129.0,2.243832807918672,2.2576877531080646,-0.015677491601343796,-0.014021312394840169,-0.0771653543307087
2024-01-30,447.0,647869.0,194898.0,458.0,291050.0,69395.0,-11.0,-0.02460850111851318,-6068.0,1401.0,-7469.0,2.8085308739822348,2.225971482563126,0.017064846416382284,0.0022421524663676085,-0.05696202531645567
2024-01-31,448.0,652302.0,135485.0,457.75,294132.0,55424.0,-9.75,-0.021763392857094277,4433.0,3082.0,1351.0,2.444518620092335,2.2177185753335165,0.0022371364653244186,-0.006651884700665134,-0.04883227176220806
2024-02-01,446.0,639995.0,153724.0,457.25,295245.0,88273.0,-11.25,-0.025224215246580216,-12307.0,1113.0,-13420.0,1.7414611489356684,2.167674304391261,-0.004464285714285698,-0.011086474501108667,-0.03931071620893911
2024-02-02,442.5,628058.0,129450.0,453.25,302062.0,58992.0,-10.75,-0.024293785310679564,-11937.0,6817.0,-18754.0,2.194365337672868,2.0792353887612407,-0.007847533632286963,-0.00895856662933936,-0.048387096774193505
2024-02-05,442.75,621685.0,137664.0,454.0,309664.0,59867.0,-11.25,-0.025409373235402804,-6373.0,7602.0,-13975.0,2.299497218835046,2.007611475663939,0.0005649717514124575,0.0073947667804323824,-0.050911039657020374
2024-02-06,438.5,594080.0,193360.0,449.5,318445.0,114462.0,-11.0,-0.025085518814081904,-27605.0,8781.0,-36386.0,1.6892942635983847,1.8655654822653776,-0.009599096555618303,-0.019015659955257225,-0.04983748645720476
2024-02-07,434.25,557750.0,245418.0,446.25,338498.0,150030.0,-12.0,-0.027633851467984725,-36330.0,20053.0,-56383.0,1.635792841431703,1.6477202228668955,-0.009692132269099152,-0.0306919642857143,-0.04560439560439555
2024-02-08,433.0,525360.0,222878.0,445.0,359000.0,141632.0,-12.0,-0.027713625865986805,-32390.0,20502.0,-52892.0,1.5736415499322076,1.4633983286908037,-0.0028785261945883933,-0.029147982062780242,-0.05664488017429192
2024-02-09,430.0,494428.0,206271.0,443.0,380934.0,136375.0,-13.0,-0.030232558139464575,-30932.0,21934.0,-52866.0,1.5125279560036553,1.2979361254180481,-0.006928406466512715,-0.02824858757062143,-0.0631808278867102
2024-02-12,430.0,451019.0,198795.0,442.0,415392.0,133709.0,-12.0,-0.027906976744121147,-43409.0,34458.0,-77867.0,1.4867735156197304,1.085767178953853,0.0,-0.02879728966685491,-0.05908096280087527
2024-02-13,431.25,429166.0,182682.0,443.0,441139.0,133841.0,-11.75,-0.027246376811531022,-21853.0,25747.0,-47600.0,1.3649180744315916,0.9728588948154642,0.0029069767441860517,-0.016533637400228063,-0.03523489932885904
2024-02-14,423.75,390325.0,230224.0,437.0,462102.0,150646.0,-13.25,-0.0312684365780973,-38841.0,20963.0,-59804.0,1.5282450247600234,0.8446728211520382,-0.017391304347826098,-0.024179620034542326,-0.043453724604966104
2024-02-15,417.5,358997.0,217729.0,429.75,480632.0,176163.0,-12.25,-0.029341317365199182,-31328.0,18530.0,-49858.0,1.2359519308821874,0.7469269628322693,-0.014749262536873142,-0.035796766743648956,-0.05542986425339369
2024-02-16,416.5,331070.0,176972.0,429.0,502781.0,141725.0,-12.5,-0.03001200480184871,-27927.0,22149.0,-50076.0,1.248699947080605,0.6584775478786974,-0.0023952095808382756,-0.03139534883720929,-0.061936936936936915
2024-02-20,418.5,300044.0,217838.0,431.75,526936.0,154802.0,-13.25,-0.03166069295093988,-31026.0,24155.0,-55181.0,1.4072040412914473,0.5694126041872246,0.004801920768307433,-0.02674418604651163,-0.057962858750703394
2024-02-21,410.0,274027.0,180048.0,423.5,556434.0,162908.0,-13.5,-0.032926829268212374,-26017.0,29498.0,-55515.0,1.1052127581211415,0.4924699065837089,-0.020310633213859064,-0.049275362318840554,-0.08020190689848572
2024-02-22,406.25,235652.0,199941.0,418.5,584284.0,228789.0,-12.25,-0.03015384615377193,-38375.0,27850.0,-66225.0,0.8739100218979021,0.4033175647459105,-0.009146341463414642,-0.041297935103244865,-0.0891255605381166
2024-02-23,399.75,180751.0,218218.0,413.0,603165.0,223022.0,-13.25,-0.033145716072462424,-54901.0,18881.0,-73782.0,0.9784595241724988,0.29967090265516017,-0.016000000000000014,-0.04251497005988025,-0.11363636363636365
2024-02-26,407.0,115990.0,227175.0,421.5,607049.0,317455.0,-14.5,-0.035626535626448096,-64761.0,3884.0,-68645.0,0.7156132365217095,0.19107189040752856,0.01813633520950586,-0.02280912364945975,-0.09756097560975607
2024-02-27,406.5,61735.0,139596.0,423.5,624882.0,223742.0,-17.0,-0.04182041820407916,-54255.0,17833.0,-72088.0,0.6239150450071931,0.09879465243037869,-0.0012285012285012664,-0.028673835125448077,-0.08958566629339304
2024-02-28,414.0,10073.0,118959.0,429.75,646890.0,227188.0,-15.75,-0.038043478260777676,-51662.0,22008.0,-73670.0,0.5236148035987793,0.015571426363060154,0.01845018450184499,0.009756097560975618,-0.058020477815699634
2024-02-29,415.0,6564.0,8781.0,429.75,644197.0,145905.0,-14.75,-0.03554216867461315,-3509.0,-2693.0,-816.0,0.06018299578492814,0.010189429630997955,0.0024154589371980784,0.021538461538461506,-0.07158836689038028
2024-03-01,405.5,5292.0,3475.0,424.5,646743.0,152580.0,-19.0,-0.04685573366202995,-1272.0,2546.0,-3818.0,0.022774937737580138,0.008182539277580107,-0.02289156626506028,0.014383989993746127,-0.0948660714285714
2024-03-04,410.0,4063.0,2214.0,430.0,646812.0,146093.0,-20.0,-0.048780487804759076,-1229.0,69.0,-1298.0,0.01515473020610149,0.006281577954645234,0.011097410604192337,0.0073710073710073765,-0.08071748878923768
2024-03-05,410.0,3174.0,1544.0,425.75,643051.0,132187.0,-15.75,-0.03841463414624777,-889.0,-3761.0,2872.0,0.011680422431857811,0.004935844901881802,0.0,0.008610086100861114,-0.07344632768361581
2024-03-06,410.0,2459.0,2542.0,428.75,644339.0,132542.0,-18.75,-0.045731707316961634,-715.0,1288.0,-2003.0,0.01917882633429389,0.0038163140831146275,0.0,-0.009661835748792313,-0.0739695087521175
2024-03-07,422.0,1406.0,1645.0,437.5,640083.0,197196.0,-15.5,-0.036729857819818176,-1053.0,-4256.0,3203.0,0.00834195419785387,0.0021965901297175488,0.029268292682926855,0.01686746987951815,-0.03762827822120862
2024-03-08,405.0,905.0,755.0,439.75,630493.0,194454.0,-34.75,-0.08580246913559061,-501.0,-9590.0,9089.0,0.003882666337539964,0.001435384691027495,-0.04028436018957349,-0.0012330456226880004,-0.06735751295336789
2024-03-11,405.0,444.0,615.0,441.25,627055.0,151654.0,-36.25,-0.08950617283928518,-461.0,-3438.0,2977.0,0.0040552837379824866,0.0007080718597252223,0.0,-0.012195121951219523,-0.0646651270207852
2024-03-12,405.0,77.0,527.0,441.5,623191.0,136537.0,-36.5,-0.09012345678990093,-367.0,-3864.0,3497.0,0.0038597596255959643,0.00012355762519035074,0.0,-0.012195121951219523,-0.05813953488372092
2024-03-13,405.0,58.0,75.0,441.0,625709.0,126196.0,-36.0,-0.08888888888866942,-19.0,2518.0,-2537.0,0.0005943136074043504,9.269484696560207e-05,0.0,-0.012195121951219523,-0.05813953488372092
2024-03-14,,30.0,50.0,434.25,621296.0,153348.0,,,-28.0,-4413.0,4385.0,0.0003260557685786556,4.8286163117097085e-05,0.0,-0.04028436018957349,-0.060869565217391286
2024-03-15,437.75,612241.0,140242.0,449.75,355918.0,69638.0,-12.0,-0.02741290691027433,612211.0,-265378.0,877589.0,2.0138717366954535,1.7201743098129296,0.08086419753086416,0.08086419753086416,0.03303834808259598
2024-03-18,436.25,616651.0,121822.0,449.25,364738.0,59454.0,-13.0,-0.029799426934029115,4410.0,8820.0,-4410.0,2.0490126820735015,1.6906683701725576,-0.0034266133637921303,0.07716049382716039,0.04491017964071853
2024-03-19,439.0,617656.0,115115.0,452.0,366790.0,57764.0,-13.0,-0.029612756264169447,1005.0,2052.0,-1047.0,1.992850218128904,1.6839499441097041,0.006303724928366838,0.08395061728395059,0.054021608643457286
2024-03-20,439.25,618267.0,131971.0,452.5,372745.0,68933.0,-13.25,-0.030165054069367866,611.0,5955.0,-5344.0,1.9144821783470627,1.6586862332157328,0.0005694760820045275,0.08456790123456792,0.049581839904420555
2024-03-21,441.0,615881.0,158789.0,454.5,374192.0,67959.0,-13.5,-0.03061224489788977,-2386.0,1447.0,-3833.0,2.336541149810881,1.6458956899131953,0.003984063745019917,0.0888888888888888,0.07560975609756104
2024-03-22,439.0,610133.0,132898.0,451.5,375830.0,61303.0,-12.5,-0.028473804100162932,-5748.0,1638.0,-7386.0,2.1678873790841857,1.6234281457041704,-0.0045351473922902175,0.002855511136493405,0.08061538461538453
2024-03-25,437.0,609148.0,118606.0,450.25,383499.0,60164.0,-13.25,-0.03032036613265373,-985.0,7669.0,-8654.0,1.9713782328302314,1.5883952761284865,-0.004555808656036442,0.0017191977077364307,0.09318323952470298
2024-03-26,432.0,606384.0,155311.0,445.0,384974.0,81267.0,-13.0,-0.030092592592522935,-2764.0,1475.0,-4239.0,1.9111201348640663,1.5751297490220078,-0.011441647597253968,-0.015945330296127547,0.06142506142506132
2024-03-27,426.5,599541.0,165189.0,438.75,387405.0,88530.0,-12.25,-0.028722157092546958,-6843.0,2431.0,-9274.0,1.865909861064025,1.5475819878421768,-0.01273148148148151,-0.02902675014228795,0.04920049200492005
2024-03-28,442.0,606556.0,360086.0,454.0,404349.0,183709.0,-12.0,-0.027149321266906903,7015.0,16944.0,-9929.0,1.9600890538841214,1.5000803761107324,0.036342321219226204,0.0022675736961450532,0.06763285024154597
2024-04-01,435.75,593347.0,200474.0,449.25,408750.0,105532.0,-13.5,-0.03098106712557434,-13209.0,4401.0,-17610.0,1.89965129060378,1.451613455657489,-0.01414027149321262,-0.00740318906605919,0.050000000000000044
2024-04-02,427.75,579428.0,235504.0,442.75,413187.0,147589.0,-15.0,-0.03506721215655157,-13919.0,4437.0,-18356.0,1.5956744743849367,1.4023384085172055,-0.018359150889271425,-0.021167048054919868,0.05487053020961774
2024-04-03,432.25,557257.0,187684.0,445.5,419012.0,109702.0,-13.25,-0.030653556969275526,-22171.0,5825.0,-27996.0,1.7108530382308278,1.3299308850343157,0.010520163646990044,0.0005787037037037202,0.054268292682926766
2024-04-04,435.5,546430.0,153811.0,447.5,413429.0,97859.0,-12.0,-0.027554535017158314,-10827.0,-5583.0,-5244.0,1.5717614118272047,1.3217021544207075,0.007518796992481258,0.021101992966002348,0.06219512195121957
2024-04-05,433.5,515692.0,192940.0,446.0,427711.0,141718.0,-12.5,-0.028835063437073045,-30738.0,14282.0,-45020.0,1.3614360913927563,1.2057019810105394,-0.004592422502870286,-0.019230769230769273,0.05731707317073176
2024-04-08,435.25,473882.0,215991.0,447.25,445981.0,177641.0,-12.0,-0.02757036186093608,-41810.0,18270.0,-60080.0,1.215884846403695,1.0625609611171754,0.0040369088811995635,-0.0011474469305794432,0.03139810426540279
2024-04-09,431.25,448890.0,219304.0,442.0,470248.0,172979.0,-10.75,-0.024927536231826256,-24992.0,24267.0,-49259.0,1.2678070748472285,0.9545814123611351,-0.009190120620333087,0.008182349503214503,0.06481481481481488
2024-04-10,433.75,420453.0,210255.0,445.0,490306.0,176851.0,-11.25,-0.02593659942357133,-28437.0,20058.0,-48495.0,1.1888821663434124,0.8575318270630976,0.005797101449275255,0.003470213996529692,0.07098765432098775
2024-04-11,428.5,374891.0,250695.0,440.75,535975.0,189338.0,-12.25,-0.02858809801626934,-45562.0,45669.0,-91231.0,1.3240606745608314,0.6994561313494085,-0.012103746397694515,-0.016073478760045945,0.05802469135802468
2024-04-12,434.75,352924.0,202052.0,446.25,537361.0,121697.0,-11.5,-0.026451983898731567,-21967.0,1386.0,-23353.0,1.660287435187378,0.6567726351558809,0.014585764294049008,0.0028835063437140374,0.07345679012345685
2024-04-15,431.0,332425.0,152252.0,444.0,548008.0,103077.0,-13.0,-0.030162412992969463,-20499.0,10647.0,-31146.0,1.477070539499583,0.6066061079400289,-0.008625646923519303,-0.009764503159103932,0.06419753086419755
2024-04-16,430.75,304759.0,148116.0,442.75,561942.0,122877.0,-12.0,-0.0278583865350485,-27666.0,13934.0,-41600.0,1.2054005224736835,0.5423317708945041,-0.0005800464037123421,-0.001159420289855051,-0.0159908623643632
2024-04-17,430.0,288539.0,139235.0,440.5,572647.0,122102.0,-10.5,-0.024418604651106002,-16220.0,10705.0,-26925.0,1.1403171119228093,0.5038688755900222,-0.0017411491584445882,-0.008645533141210415,-0.014326647564469885
2024-04-18,426.75,272580.0,180777.0,436.5,590146.0,168928.0,-9.75,-0.02284710017569339,-15959.0,17499.0,-33458.0,1.070142309149454,0.46188570285996944,-0.007558139534883712,-0.0040840140023337135,-0.02790432801822329
2024-04-19,432.75,259237.0,163574.0,442.5,601214.0,152758.0,-9.75,-0.022530329289376014,-13343.0,11068.0,-24411.0,1.070804802367136,0.43118922713043867,0.014059753954305698,-0.004600345025876917,-0.014797951052931135
2024-04-22,439.0,229395.0,192556.0,449.75,625351.0,202243.0,-10.75,-0.02448747152614012,-29842.0,24137.0,-53979.0,0.95210217411727,0.3668259905237213,0.01444251877527436,0.018561484918793614,-0.0045351473922902175
2024-04-23,443.0,197308.0,144096.0,452.5,638992.0,173811.0,-9.5,-0.02144469525954527,-32087.0,13641.0,-45728.0,0.82903843830367,0.30878007862383205,0.009111617312072884,0.028438769587928014,0.009111617312072884
2024-04-24,438.0,165819.0,161654.0,448.25,651825.0,228268.0,-10.25,-0.023401826483964838,-31489.0,12833.0,-44322.0,0.7081763541100781,0.2543918996663211,-0.011286681715575675,0.018604651162790642,0.0022883295194509046
2024-04-25,440.25,140606.0,168023.0,451.75,671105.0,235154.0,-11.5,-0.02612152186251875,-25213.0,19280.0,-44493.0,0.7145232485945351,0.20951415948324,0.005136986301369939,0.03163444639718804,0.01909722222222232
2024-04-26,439.0,74450.0,165048.0,450.0,686631.0,225497.0,-11.0,-0.02505694760814338,-66156.0,15526.0,-81682.0,0.7319299148103934,0.10842796203492107,-0.0028392958546280544,0.01444251877527436,0.029308323563892236
2024-04-29,441.5,17713.0,117196.0,449.0,697341.0,211471.0,-7.5,-0.016987542468817694,-56737.0,10710.0,-67447.0,0.5541941921114453,0.02540077236244531,0.005694760820045497,0.005694760820045497,-0.0011312217194570096
2024-04-30,438.25,8257.0,14833.0,447.0,700144.0,149008.0,-8.75,-0.019965772960593348,-9456.0,2803.0,-12259.0,0.0995449908729726,0.011793288237848197,-0.007361268403170973,-0.010722347629796847,0.005737234652897216
2024-05-01,437.0,6064.0,4184.0,450.0,705795.0,151383.0,-13.0,-0.02974828375279234,-2193.0,5651.0,-7844.0,0.027638506305199213,0.008591729893240942,-0.0028522532800913103,-0.0022831050228310223,0.021624780829923917
2024-05-02,446.0,5072.0,2944.0,459.75,717704.0,240171.0,-13.75,-0.03082959641248693,-992.0,11909.0,-12901.0,0.01225793288948286,0.007066980259271221,0.020594965675057253,0.01306076093128894,0.03181029496818977
2024-05-03,446.0,3520.0,2540.0,460.0,695547.0,303314.0,-14.0,-0.0313901345290776,-1552.0,-22157.0,20605.0,0.00837416011130377,0.005060765124427242,0.0,0.015945330296127658,0.024110218140068973
2024-05-06,445.0,2361.0,1907.0,468.75,690098.0,248355.0,-23.75,-0.053370786516734,-1159.0,-5449.0,4290.0,0.007678524692476465,0.003421253213311727,-0.0022421524663677195,0.007927519818799578,0.026528258362168433
2024-05-07,451.0,1544.0,1021.0,467.25,675805.0,208392.0,-16.25,-0.03603104212852321,-817.0,-14293.0,13476.0,0.0048994203232369535,0.0022846827117289715,0.01348314606741563,0.0290929834569309,0.036186099942561833
2024-05-08,430.0,1222.0,634.0,458.75,670427.0,221307.0,-28.75,-0.06686046511612358,-322.0,-5378.0,5056.0,0.002864798673336122,0.0018227189537414186,-0.04656319290465627,-0.016018306636155555,-0.0028985507246376274
2024-05-09,430.0,539.0,573.0,456.75,673757.0,184154.0,-26.75,-0.06220930232543673,-683.0,3330.0,-4013.0,0.0031115262226180094,0.0007999916883980414,0.0,-0.0358744394618834,-0.008645533141210415
2024-05-10,436.5,384.0,316.0,468.5,679724.0,245388.0,-32.0,-0.0733104238257198,-155.0,5967.0,-6122.0,0.001287756532511772,0.0005649351795728846,0.015116279069767424,-0.02130044843049328,0.018669778296382722
2024-05-13,430.0,152.0,317.0,471.5,670323.0,269735.0,-41.5,-0.0965116279067523,-232.0,-9401.0,9169.0,0.0011752275381392806,0.00022675635477225123,-0.014891179839633395,-0.0337078651685393,-0.010925819436457762
2024-05-14,,56.0,27.0,467.75,662401.0,246243.0,,,-96.0,-7922.0,7826.0,0.00010964778694216645,8.454093517370884e-05,0.0,-0.04656319290465627,-0.002320185614849146
2024-05-15,462.75,656302.0,222335.0,473.25,285374.0,53692.0,-10.5,-0.022690437601247563,656246.0,-377027.0,1033273.0,4.1409334723980455,2.299796057104003,0.07616279069767451,0.07616279069767451,0.07428903076030169
2024-05-16,457.25,666229.0,200532.0,467.5,287427.0,55014.0,-10.25,-0.022416621104379624,9927.0,2053.0,7874.0,3.6451085178317584,2.3179068076415845,-0.01188546731496487,0.06337209302325575,0.06337209302325575
2024-05-17,452.75,663442.0,217848.0,463.25,286816.0,81817.0,-10.5,-0.023191606846994606,-2787.0,-611.0,-2176.0,2.6626251268073546,2.3131275800513142,-0.009841443411700346,0.03722794959908371,0.06092560046865847
2024-05-20,460.0,664185.0,185086.0,470.5,284853.0,49868.0,-10.5,-0.02282608695647212,743.0,-1963.0,2706.0,3.7115184085986264,2.3316763383218633,0.016013252346769757,0.06976744186046502,0.0629693818601964
2024-05-21,458.0,658600.0,168069.0,468.5,290738.0,51251.0,-10.5,-0.022925764192089682,-5585.0,5885.0,-11470.0,3.27933113500218,2.2652697617786384,-0.004347826086956497,0.06511627906976747,0.04328018223234631
2024-05-22,461.0,649055.0,175899.0,470.0,290724.0,61301.0,-9.0,-0.019522776572625765,-9545.0,-14.0,-9531.0,2.8694311675176123,2.232547020541812,0.0065502183406114245,-0.0037817396002161052,0.040632054176072296
2024-05-23,464.5,644173.0,166864.0,473.5,293916.0,45834.0,-9.0,-0.019375672766373787,-4882.0,3192.0,-8074.0,3.640616136492481,2.191690823228398,0.00759219088937102,0.01585565882996165,0.060502283105022814
2024-05-24,464.75,636180.0,169182.0,474.0,300945.0,59086.0,-9.25,-0.01990317374928477,-7993.0,7029.0,-15022.0,2.863317875638851,2.113941085580415,0.0005382131324003225,0.02650469353948104,0.05565019875070987
2024-05-28,463.0,637874.0,166128.0,472.0,308558.0,46479.0,-9.0,-0.019438444924364064,1694.0,7613.0,-5919.0,3.574259342928988,2.0672742239708515,-0.0037654653039268515,0.006521739130434856,0.0546697038724373
2024-05-29,455.5,639809.0,166319.0,465.25,321334.0,58607.0,-9.75,-0.021405049396220847,1935.0,12776.0,-10841.0,2.837869196512314,1.991102715554526,-0.016198704103671746,-0.00545851528384278,0.03171007927519809
2024-05-30,448.75,644302.0,225176.0,457.25,332476.0,77150.0,-8.5,-0.018941504178230772,4493.0,11142.0,-6649.0,2.9186779001943886,1.9378902537325944,-0.014818880351262331,-0.026572668112798237,0.02395892755276674
2024-05-31,446.0,645643.0,174860.0,454.0,343241.0,70748.0,-8.0,-0.017937219730901486,1341.0,10765.0,-9424.0,2.471589302877785,1.8810194586311022,-0.006128133704735417,-0.03982777179763186,0.020594965675057253
2024-06-03,443.0,656873.0,262804.0,449.25,358321.0,114865.0,-6.25,-0.014108352144437678,11230.0,15080.0,-3850.0,2.2879380141905514,1.833197049572864,-0.006726457399103158,-0.04679935449166217,-0.006726457399103158
2024-06-04,442.0,644932.0,221274.0,448.0,371781.0,89333.0,-6.0,-0.013574660633453452,-11941.0,13460.0,-25401.0,2.476957003570881,1.734709412261515,-0.0022573363431150906,-0.04535637149028082,-0.008968609865470878
2024-06-05,439.0,645323.0,183305.0,445.5,381431.0,80968.0,-6.5,-0.014806378132084724,391.0,9650.0,-9259.0,2.263919079142349,1.6918472803731168,-0.006787330316742057,-0.03622392974753019,-0.013483146067415741
2024-06-06,453.0,630884.0,261537.0,458.5,388318.0,96372.0,-5.5,-0.012141280353174081,-14439.0,6887.0,-21326.0,2.713827667787296,1.6246581410081387,0.03189066059225509,0.009470752089136392,0.0044345898004434225
2024-06-07,448.75,596354.0,238072.0,454.75,393814.0,114924.0,-6.0,-0.013370473537574663,-34530.0,5496.0,-40026.0,2.0715603355260686,1.5143037068260612,-0.00938189845474613,0.006165919282511201,0.043604651162790775
2024-06-10,451.0,543756.0,230930.0,455.25,412634.0,126902.0,-4.25,-0.009423503325921456,-52598.0,18820.0,-71418.0,1.8197506737482323,1.317768288604426,0.005013927576601684,0.018058690744920947,0.04883720930232549
2024-06-11,449.0,492869.0,271960.0,454.0,431786.0,155757.0,-5.0,-0.011135857460999697,-50887.0,19152.0,-70039.0,1.7460531468890532,1.1414659113542331,-0.0044345898004434225,0.015837104072398134,0.028636884306987298
2024-06-12,453.0,442671.0,276468.0,455.0,456340.0,144560.0,-2.0,-0.004415011037517848,-50198.0,24554.0,-74752.0,1.9124792473713206,0.970046456589383,0.008908685968819663,0.03189066059225509,0.05348837209302326
2024-06-13,458.0,396211.0,296248.0,463.0,487211.0,172683.0,-5.0,-0.010917030567661754,-46460.0,30871.0,-77331.0,1.7155597250453045,0.8132226078639423,0.011037527593819041,0.011037527593819041,0.06511627906976747
2024-06-14,448.75,365424.0,228388.0,455.0,497703.0,135417.0,-6.25,-0.013927576601640273,-30787.0,10492.0,-41279.0,1.6865533869454967,0.7342210113260303,-0.02019650655021832,0.0,-0.030253916801728842
2024-06-17,444.0,340196.0,172134.0,450.0,503238.0,87762.0,-6.0,-0.013513513513483079,-25228.0,5535.0,-30763.0,1.9613728037191271,0.6760141324780706,-0.010584958217270235,-0.01552106430155209,-0.028977583378895555
2024-06-18,448.0,302203.0,191652.0,453.75,509573.0,106453.0,-5.75,-0.012834821428542779,-37993.0,6335.0,-44328.0,1.8003438137018044,0.5930514371836801,0.009009009009008917,-0.00222717149220486,-0.01049144119271117
2024-06-20,439.75,276679.0,229750.0,444.75,516995.0,147816.0,-5.0,-0.011370096645795634,-25524.0,7422.0,-32946.0,1.5542972343995134,0.5351676515246753,-0.018415178571428603,-0.029249448123620292,-0.044021739130434834
2024-06-21,434.75,230150.0,217553.0,440.5,526545.0,163094.0,-5.75,-0.013225991949365783,-46529.0,9550.0,-56079.0,1.3339117318846718,0.43709464528197883,-0.011370096645821448,-0.05076419213973804,-0.05076419213973804
2024-06-24,433.0,177061.0,203582.0,439.5,538743.0,162494.0,-6.5,-0.015011547344076186,-53089.0,12198.0,-65287.0,1.2528585670855463,0.3286557783581404,-0.004025301897642275,-0.03509749303621168,-0.06073752711496749
2024-06-25,424.25,119349.0,172164.0,431.25,563969.0,177837.0,-7.0,-0.016499705362365353,-57712.0,25226.0,-82938.0,0.9681000016869327,0.2116233339066505,-0.020207852193995346,-0.044481981981981944,-0.08665231431646936
2024-06-26,420.0,68198.0,161453.0,425.25,590609.0,234606.0,-5.25,-0.012499999999970238,-51151.0,26640.0,-77791.0,0.6881878553830649,0.11547064132107686,-0.0100176782557454,-0.0625,-0.09628832705755785
2024-06-27,414.5,11636.0,142693.0,422.25,619566.0,257427.0,-7.75,-0.018697225572934385,-56562.0,28957.0,-85519.0,0.5543047155115798,0.01878088855747407,-0.013095238095238049,-0.05741898806139856,-0.10475161987041037
2024-06-28,397.25,3944.0,15899.0,408.5,616113.0,314602.0,-11.25,-0.028319697923150863,-7692.0,-3453.0,-4239.0,0.050536868805665415,0.006401423115564828,-0.04161640530759947,-0.08625646923519259,-0.1278814489571899
2024-07-01,392.25,2404.0,1731.0,407.5,615475.0,158704.0,-15.25,-0.0388782664116281,-1540.0,-638.0,-902.0,0.010907097489666229,0.0039059263170721733,-0.012586532410320928,-0.09411085450346424,-0.12590529247910864
2024-07-02,388.75,1755.0,764.0,407.75,615160.0,121577.0,-19.0,-0.048874598070613826,-649.0,-315.0,-334.0,0.006284083338131338,0.0028529163144547713,-0.008922880815806278,-0.08367707719505013,-0.12836322869955152
2024-07-03,398.0,1474.0,584.0,404.75,610631.0,110943.0,-6.75,-0.016959798994932263,-281.0,-4529.0,4248.0,0.005263964378104024,0.002413896444825103,0.023794212218649413,-0.05238095238095242,-0.10158013544018063
2024-07-05,407.0,1235.0,398.0,410.25,609976.0,90317.0,-3.25,-0.007985257985238366,-239.0,-655.0,416.0,0.004406700842587725,0.002024669823075003,0.022613065326633208,-0.018094089264173663,-0.079185520361991
2024-07-08,,732.0,666.0,393.5,619921.0,183880.0,,,-503.0,9945.0,-10448.0,0.003621927343919928,0.0011807956175060995,0.0,0.024543738200125897,-0.07289293849658318
2024-07-09,399.75,438.0,585.0,394.0,624539.0,158713.0,5.75,0.014383989993710109,-294.0,4618.0,-4912.0,0.0036858984456219486,0.0007013172916343083,-0.017813267813267863,0.019120458891013437,-0.11754966887417218
2024-07-10,399.75,168.0,214.0,395.5,626075.0,221922.0,4.25,0.010631644777959645,-270.0,1536.0,-1806.0,0.0009643027730463814,0.00026833845785249324,0.0,0.028295819935691302,-0.1091922005571031
2024-07-11,,78.0,65.0,400.0,616899.0,197071.0,,,-90.0,-9176.0,9086.0,0.0003298303657057592,0.00012643884979550925,0.0,0.0043969849246230375,-0.11363636363636365
2024-07-12,,111.0,125.0,402.25,606796.0,211323.0,,,33.0,-10103.0,10136.0,0.0005915115723323983,0.00018292803512218243,0.0,-0.017813267813267863,-0.10968819599109136
2024-07-15,390.5,601725.0,140155.0,403.0,662564.0,168499.0,-12.5,-0.03201024327776694,601614.0,55768.0,545846.0,0.8317853518418458,0.9081764176743666,-0.02313946216385243,-0.04054054054054057,-0.13796909492273735
2024-07-16,395.25,600450.0,133849.0,409.5,667345.0,146694.0,-14.25,-0.036053130929700056,-1275.0,4781.0,-6056.0,0.9124367731468165,0.899759494714127,0.012163892445582691,-0.011257035647279534,-0.1370087336244541
2024-07-17,398.0,596891.0,115086.0,412.25,675209.0,136923.0,-14.25,-0.03580402010041255,-3559.0,7864.0,-11423.0,0.8405162025371864,0.8840092475070668,0.006957621758380661,-0.004377736085053208,-0.11309192200557106
2024-07-18,391.0,591826.0,114790.0,405.75,676716.0,123126.0,-14.75,-0.03772378516614393,-5065.0,1507.0,-6572.0,0.9322969965726091,0.8745559437045956,-0.017587939698492483,-0.021888680425265816,-0.11936936936936937
2024-07-19,391.0,591097.0,111883.0,405.25,677470.0,113812.0,-14.25,-0.03644501278763058,-729.0,754.0,-1483.0,0.9830509963799864,0.8725065316545368,0.0,-0.021888680425265816,-0.1272321428571429
2024-07-22,399.75,588706.0,150907.0,414.75,679609.0,170637.0,-15.0,-0.03752345215750463,-2391.0,2139.0,-4530.0,0.8843744322743551,0.8662422069160343,0.02237851662404089,0.023687580025608224,-0.09096077316657192
2024-07-23,401.75,585918.0,143835.0,417.0,691420.0,175647.0,-15.25,-0.037958929682543975,-2788.0,11811.0,-14599.0,0.8188867444362795,0.8474125712302206,0.00500312695434646,0.01644528779253629,-0.07590569292696947
2024-07-24,402.5,582594.0,149625.0,418.0,698378.0,166658.0,-15.5,-0.03850931677009066,-3324.0,6958.0,-10282.0,0.8977966854276369,0.8342101268940304,0.0018668326073427721,0.011306532663316604,-0.07043879907621242
2024-07-25,405.75,577434.0,119013.0,420.75,687955.0,155681.0,-15.0,-0.03696857670970556,-5160.0,-10423.0,5263.0,0.764467083330652,0.8393485038992363,0.008074534161490732,0.03772378516624042,-0.04360636417206831
2024-07-26,394.5,570595.0,154397.0,410.25,687322.0,161574.0,-15.75,-0.03992395437252237,-6839.0,-633.0,-6206.0,0.9555807246215298,0.8301713025336002,-0.027726432532347522,0.008951406649616356,-0.06071428571428572
2024-07-29,396.0,563259.0,142225.0,412.5,687433.0,169459.0,-16.5,-0.04166666666656145,-7336.0,111.0,-7447.0,0.8392885594745583,0.8193656690906592,0.0038022813688212143,-0.009380863039399667,-0.04463208685162845
2024-07-30,387.75,560382.0,123321.0,404.75,692237.0,136869.0,-17.0,-0.04384268214044141,-2877.0,4804.0,-7681.0,0.9010148390066349,0.8095233279931572,-0.02083333333333337,-0.034847542003733634,-0.02391441157960983
2024-07-31,382.0,545904.0,156261.0,400.0,692422.0,207179.0,-18.0,-0.04712041884804419,-14478.0,185.0,-14663.0,0.7542318478224108,0.7883978267588251,-0.014829142488716918,-0.05093167701863355,-0.026131293817718282
2024-08-01,382.0,539069.0,116742.0,399.5,691211.0,152322.0,-17.5,-0.045811518324487405,-6835.0,-1211.0,-5624.0,0.7664158821443996,0.779890655675328,0.0,-0.058533579790511436,-0.017363344051446905
2024-08-02,386.0,535497.0,113751.0,403.5,693136.0,150808.0,-17.5,-0.045336787564649386,-3572.0,1925.0,-5497.0,0.7542769614344017,0.7725713279933508,0.010471204188481575,-0.021546261089987362,-0.03015075376884424
2024-08-05,390.0,517731.0,157029.0,407.0,687361.0,172739.0,-17.0,-0.04358974358963182,-17766.0,-5775.0,-11991.0,0.9090535432067981,0.7532155592185172,0.010362694300518172,-0.015151515151515138,-0.041769041769041726
2024-08-06,387.75,510290.0,107227.0,404.0,685866.0,135712.0,-16.25,-0.041908446163657236,-7441.0,-1495.0,-5946.0,0.7901069912756368,0.7440083048292221,-0.005769230769230749,0.0,-0.04729729729729726
2024-08-07,383.25,481320.0,199142.0,401.25,694427.0,207130.0,-18.0,-0.0469667318981162,-28970.0,8561.0,-37531.0,0.9614348476801963,0.6931182111294625,-0.011605415860735047,0.00327225130890052,-0.0412757973733584
2024-08-08,379.0,462358.0,157714.0,396.5,698564.0,184321.0,-17.5,-0.046174142480089254,-18962.0,4137.0,-23099.0,0.8556485696149606,0.6618692059711054,-0.01108936725375087,-0.007853403141361293,-0.051907442151344574
2024-08-09,376.5,440799.0,157231.0,395.0,706215.0,182297.0,-18.5,-0.04913678618844851,-21559.0,7651.0,-29210.0,0.8624991085975038,0.624171109364711,-0.006596306068601621,-0.024611398963730546,-0.05816135084427765
2024-08-12,383.0,408939.0,203695.0,401.5,729367.0,295709.0,-18.5,-0.04830287206253707,-31860.0,23152.0,-55012.0,0.6888359840248329,0.5606765866840691,0.01726427622841964,-0.017948717948717996,-0.041901188242651655
2024-08-13,377.25,389937.0,172577.0,397.0,745087.0,212080.0,-19.75,-0.0523525513583768,-19002.0,15720.0,-34722.0,0.8137353828743832,0.5233442537582852,-0.015013054830287254,-0.027079303675048405,-0.03393085787451988
2024-08-14,380.25,368456.0,125031.0,400.75,755455.0,175723.0,-20.5,-0.053911900065604444,-21481.0,10368.0,-31849.0,0.7115232496599722,0.4877272637020067,0.007952286282306265,-0.007827788649706457,-0.0379506641366224
2024-08-15,375.0,344356.0,151990.0,397.0,758203.0,217108.0,-22.0,-0.05866666666651022,-24100.0,2748.0,-26848.0,0.700066326436609,0.45417388219249927,-0.013806706114398382,-0.01055408970976257,-0.05778894472361806
2024-08-16,369.75,330222.0,137465.0,392.0,766487.0,215487.0,-22.25,-0.060175794455550574,-14134.0,8284.0,-22418.0,0.6379271139326241,0.4308253108010958,-0.014000000000000012,-0.017928286852589626,-0.05434782608695654
2024-08-19,378.0,303880.0,151084.0,400.25,766469.0,201011.0,-22.25,-0.05886243386227814,-26342.0,-18.0,-26324.0,0.7516205580789074,0.3964674370392013,0.022312373225152227,-0.01305483028720622,-0.03324808184143224
2024-08-20,375.0,288016.0,122507.0,398.0,773682.0,156422.0,-23.0,-0.06133333333316978,-15864.0,7213.0,-23077.0,0.7831826725140916,0.37226664185026875,-0.007936507936507908,-0.005964214711729587,-0.06191369606003749
2024-08-21,374.75,277239.0,96191.0,398.25,775235.0,148027.0,-23.5,-0.06270847231470925,-10777.0,1553.0,-12330.0,0.6498206408290336,0.3576193025340698,-0.0006666666666667043,-0.014464168310322156,-0.06720597386434346
2024-08-22,370.5,250684.0,131932.0,393.25,783351.0,189304.0,-22.75,-0.06140350877176409,-26555.0,8116.0,-34671.0,0.6969319190297052,0.32001491030202256,-0.011340893929286167,-0.01200000000000001,-0.07950310559006213
2024-08-23,367.25,198825.0,138358.0,391.0,799221.0,190430.0,-23.75,-0.06466984343072929,-51859.0,15870.0,-67729.0,0.7265556897547617,0.24877349318899245,-0.00877192982456143,-0.006761325219743042,-0.09488601355514481
2024-08-26,361.0,162944.0,143588.0,386.0,807238.0,251693.0,-25.0,-0.06925207756213504,-35881.0,8017.0,-43898.0,0.5704886508563982,0.20185372839236976,-0.01701837985023824,-0.044973544973545,-0.08491761723700886
2024-08-27,366.0,114395.0,161618.0,392.25,810594.0,283622.0,-26.25,-0.07172131147521388,-48549.0,3356.0,-51905.0,0.5698359083568956,0.14112490346585324,0.013850415512465464,-0.02400000000000002,-0.0757575757575758
2024-08-28,363.25,53327.0,160784.0,390.25,799755.0,270537.0,-27.0,-0.07432897453523929,-61068.0,-10839.0,-50229.0,0.5943142712457055,0.06667917049596431,-0.007513661202185773,-0.03068712474983326,-0.0631850419084462
2024-08-29,371.0,7178.0,100531.0,395.5,807931.0,236853.0,-24.5,-0.0660377358488786,-46149.0,8176.0,-54325.0,0.4244446977661232,0.008884422060794784,0.021335168616655187,0.0013495276653170407,-0.028795811518324554
2024-08-30,378.0,3702.0,6393.0,401.25,802870.0,187444.0,-23.25,-0.06150793650777379,-3476.0,-5061.0,1585.0,0.034106186380998944,0.00461095818750233,0.018867924528301883,0.029271613342409797,-0.010471204188481686
2024-09-03,376.25,1901.0,3017.0,408.75,797215.0,238850.0,-32.5,-0.08637873754129867,-1801.0,-5655.0,3854.0,0.012631358593259315,0.0023845512189309003,-0.00462962962962965,0.042243767313019376,-0.025259067357512932
2024-09-04,386.25,1231.0,1519.0,413.0,793671.0,205919.0,-26.75,-0.06925566343024141,-670.0,-3544.0,2874.0,0.0073766869497229135,0.0015510205110177875,0.02657807308970095,0.055327868852458995,-0.009615384615384581
2024-09-05,386.25,737.0,485.0,410.5,784991.0,162780.0,-24.25,-0.06278317152087305,-494.0,-8680.0,8186.0,0.002979481508784845,0.0009388642672336358,0.0,0.06331727460426695,-0.003868471953578312
2024-09-06,376.0,475.0,504.0,406.0,784244.0,174629.0,-30.0,-0.07978723404234099,-262.0,-747.0,485.0,0.002886118571371291,0.0006056788448493063,-0.026537216828478982,0.013477088948786964,-0.018917155903457328
2024-09-09,378.0,310.0,381.0,407.0,782268.0,139745.0,-29.0,-0.07671957671937377,-165.0,-1976.0,1811.0,0.0027263945042756256,0.00039628362658321645,0.005319148936170137,0.0,-0.0026385224274406704
2024-09-10,378.0,197.0,296.0,404.0,779858.0,132473.0,-26.0,-0.06878306878288681,-113.0,-2410.0,2297.0,0.0022344175794312636,0.00025261009055494685,0.0,0.0046511627906977715,0.003984063745019917
2024-09-11,381.0,168.0,117.0,405.0,778588.0,156927.0,-24.0,-0.06299212598408664,-29.0,-1270.0,1241.0,0.0007455695960542116,0.00021577522386679446,0.007936507936507908,-0.013592233009708687,-0.005221932114882533
2024-09-12,360.0,65.0,123.0,406.5,775734.0,271824.0,-46.5,-0.12916666666630788,-103.0,-2854.0,2751.0,0.0004524986756136307,8.379160897936653e-05,-0.055118110236220486,-0.06796116504854366,-0.045725646123260466
2024-09-13,,9.0,40.0,413.25,790357.0,229028.0,,,-56.0,14623.0,-14679.0,0.0001746511343591169,1.1387259175284066e-05,0.0,-0.04255319148936165,-0.053254437869822535
2024-09-16,410.0,790622.0,150818.0,429.0,268726.0,53577.0,-19.0,-0.04634146341452112,790613.0,-521631.0,1312244.0,2.8149765757694007,2.942112039772843,0.13888888888888884,0.08465608465608465,0.09333333333333327
2024-09-17,412.0,788859.0,123973.0,430.0,269616.0,46857.0,-18.0,-0.043689320388243476,-1763.0,890.0,-2653.0,2.6457733102844263,2.9258612248531137,0.004878048780487809,0.08994708994709,0.11426639621365786
2024-09-18,412.0,794764.0,134644.0,430.25,275113.0,43227.0,-18.25,-0.04429611650474685,5905.0,5497.0,408.0,3.1148125014457837,2.8888638486730804,0.0,0.08136482939632539,0.08994708994709
2024-09-19,405.75,791138.0,166204.0,424.25,278598.0,60412.0,-18.5,-0.045594577941970194,-3626.0,3485.0,-7111.0,2.751175263192698,2.8397116992943134,-0.015169902912621325,0.12708333333333344,0.08200000000000007
2024-09-20,401.75,789437.0,178231.0,419.75,288562.0,68392.0,-18.0,-0.04480398257611748,-1701.0,9964.0,-11665.0,2.6060211720668702,2.7357621585655676,-0.009858287122612497,0.11597222222222214,0.07204803202134746
2024-09-23,413.0,783858.0,228072.0,431.0,287451.0,59689.0,-18.0,-0.04358353510885331,-5579.0,-1111.0,-4468.0,3.8210055454103133,2.726927371969474,0.028002489110143136,0.007317073170731714,0.1147098515519569
2024-09-24,411.75,787020.0,210496.0,430.25,293058.0,69004.0,-18.5,-0.04493017607760794,3162.0,5607.0,-2445.0,3.05048982667667,2.6855434760354515,-0.003026634382566562,-0.0006067961165048263,0.12117086453369641
2024-09-25,415.0,774105.0,158957.0,432.75,295114.0,60585.0,-17.75,-0.042771084337246336,-12915.0,2056.0,-14971.0,2.62370223652715,2.623071084394496,0.007893139040680008,0.00728155339805836,0.14958448753462594
2024-09-26,413.25,780378.0,204872.0,431.0,296194.0,75196.0,-17.75,-0.04295220810636914,6273.0,1080.0,5193.0,2.72450662269266,2.6346853751257533,-0.004216867469879482,0.01848428835489835,0.12909836065573765
2024-09-27,417.25,769606.0,218578.0,434.0,302984.0,80136.0,-16.75,-0.04014379868174921,-10772.0,6790.0,-17562.0,2.7275881002295757,2.540087925434998,0.009679370840895318,0.03858120721841951,0.14865794907088792
2024-09-30,424.0,770713.0,272926.0,440.0,304578.0,91078.0,-16.0,-0.037735849056514774,1107.0,1594.0,-487.0,2.996618283229726,2.5304289869918297,0.016177351707609366,0.026634382566586012,0.1428571428571428
2024-10-01,428.25,763499.0,262757.0,445.0,314175.0,108872.0,-16.75,-0.03911266783411766,-7214.0,9597.0,-16811.0,2.413448820633382,2.4301710829951384,0.010023584905660465,0.04007285974499086,0.1329365079365079
2024-10-02,431.5,768074.0,239747.0,449.0,321898.0,99767.0,-17.5,-0.040556199304656884,4575.0,7723.0,-3148.0,2.4030691511220903,2.3860788199988745,0.007589025102159974,0.03975903614457832,0.14684385382059806
2024-10-03,427.5,766116.0,181331.0,445.0,326876.0,56802.0,-17.5,-0.04093567251452413,-1958.0,4978.0,-6936.0,3.192334776944418,2.3437511472240167,-0.009269988412514474,0.034482758620689724,0.10679611650485432
2024-10-04,425.0,745402.0,165354.0,442.0,326688.0,51141.0,-17.0,-0.03999999999990588,-20714.0,-188.0,-20526.0,3.2332961811461796,2.2816938485649847,-0.005847953216374324,0.018573996405032878,0.10032362459546929
2024-10-07,426.25,735558.0,161439.0,443.0,331988.0,61891.0,-16.75,-0.03929618768319227,-9844.0,5300.0,-15144.0,2.6084406456511835,2.215616227092539,0.002941176470588225,0.005306603773584939,0.1336436170212767
2024-10-08,420.25,731486.0,229659.0,437.75,344084.0,108529.0,-17.5,-0.041641879833333395,-4072.0,12096.0,-16168.0,2.1161072155829124,2.125893677125347,-0.014076246334310816,-0.018680677174547577,0.11177248677248675
2024-10-09,421.0,729095.0,148815.0,438.25,343664.0,73814.0,-17.25,-0.04097387173386942,-2391.0,-420.0,-1971.0,2.0160809602514154,2.121534405698583,0.0017846519928614857,-0.024333719582850466,0.11375661375661372
2024-10-10,418.25,731988.0,171360.0,436.0,355464.0,75221.0,-17.75,-0.042438732815200386,2893.0,11800.0,-8907.0,2.278087236277073,2.059246505975283,-0.0065320665083135054,-0.02163742690058479,0.09776902887139105
2024-10-11,416.25,731177.0,224069.0,433.0,359323.0,90250.0,-16.75,-0.04024024024014357,-811.0,3859.0,-4670.0,2.4827590027700555,2.0348739156691833,-0.004781829049611441,-0.020588235294117685,0.15625
2024-10-14,408.0,741732.0,257782.0,424.25,368176.0,127701.0,-16.25,-0.0398284313724514,10555.0,8853.0,1702.0,2.0186372855341617,2.0146125765937977,-0.01981981981981984,-0.0428152492668622,0.1333333333333333
2024-10-15,401.25,754065.0,305403.0,418.0,372497.0,156923.0,-16.75,-0.04174454828650032,12333.0,4321.0,8012.0,1.9461965422531946,2.0243518739748185,-0.016544117647058876,-0.04521118381915523,-0.021341463414634165
2024-10-16,404.5,756853.0,214285.0,420.0,386686.0,97243.0,-15.5,-0.038318912237235304,2788.0,14189.0,-11401.0,2.2036033441995597,1.9572805842466448,0.008099688473520272,-0.039192399049881255,-0.01820388349514568
2024-10-17,406.75,755132.0,255482.0,421.0,391954.0,123123.0,-14.25,-0.03503380454816218,-1721.0,5268.0,-6989.0,2.0750144164778144,1.9265832215004772,0.005562422744128659,-0.02749551703526598,-0.012742718446601908
2024-10-18,404.0,749701.0,193538.0,418.75,391958.0,90708.0,-14.75,-0.03650990099000864,-5431.0,4.0,-5435.0,2.133637606385301,1.912707483965114,-0.006760909649661917,-0.029429429429429388,-0.004313000616142926
2024-10-21,409.0,750384.0,241760.0,422.75,405513.0,100157.0,-13.75,-0.03361858190700827,683.0,13555.0,-12872.0,2.413810317801028,1.8504560889539872,0.012376237623762387,0.002450980392156854,0.018046048537647685
2024-10-22,416.5,747736.0,267224.0,429.0,424231.0,124172.0,-12.5,-0.03001200480184871,-2648.0,18718.0,-21366.0,2.152047160390409,1.762568034867792,0.01833740831295838,0.03800623052959495,0.008474576271186418
2024-10-23,418.75,747184.0,246005.0,431.75,437875.0,121702.0,-13.0,-0.03104477611932885,-552.0,13644.0,-14196.0,2.021371875564888,1.7063865258349946,0.005402160864345751,0.035228677379480766,0.01700060716454166
2024-10-24,421.0,736366.0,287987.0,435.0,445989.0,145630.0,-14.0,-0.033254156769517214,-10818.0,8114.0,-18932.0,1.9775252351850445,1.6510855648906102,0.005373134328358287,0.03503380454824834,0.014457831325301207
2024-10-25,415.5,729535.0,247609.0,429.5,445421.0,135638.0,-14.0,-0.03369434416357715,-6831.0,-568.0,-6263.0,1.8255134991668869,1.63785497316022,-0.013064133016627122,0.02846534653465338,0.005444646098003547
2024-10-28,410.25,724007.0,251359.0,424.75,455798.0,151513.0,-14.5,-0.03534430225463658,-5528.0,10377.0,-15905.0,1.6589929576999884,1.588438299422109,-0.012635379061371799,0.003056234718826323,-0.016776512881965244
2024-10-29,413.5,712894.0,197431.0,426.75,460994.0,101919.0,-13.25,-0.0320435308342635,-11113.0,5196.0,-16309.0,1.9371363533786443,1.546427936155348,0.007921998781230899,-0.007202881152461038,-0.024764150943396235
2024-10-30,411.25,706835.0,170092.0,425.75,465717.0,85342.0,-14.5,-0.03525835866252825,-6059.0,4723.0,-10782.0,1.9930632045182677,1.5177350193357737,-0.0054413542926239344,-0.017910447761193993,-0.039696438995913574
2024-10-31,411.0,690634.0,238814.0,426.0,459267.0,151615.0,-15.0,-0.036496350364874704,-16201.0,-6450.0,-9751.0,1.5751343864393261,1.5037744928331418,-0.0006079027355623268,-0.02375296912114011,-0.04750869061413676
2024-11-01,414.25,687117.0,197406.0,428.75,471903.0,105048.0,-14.5,-0.035003017501424254,-3517.0,12636.0,-16153.0,1.8791980808772952,1.4560555876949257,0.007907542579075333,-0.0030084235860409203,-0.030994152046783574
2024-11-04,416.25,671250.0,219138.0,430.0,473988.0,112143.0,-13.75,-0.03303303303295368,-15867.0,2085.0,-17952.0,1.9540943259944716,1.4161750930403272,0.004828002414001276,0.014625228519195677,-0.020588235294117685
2024-11-05,418.25,654158.0,167928.0,431.5,477309.0,80448.0,-13.25,-0.03167961745360029,-17092.0,3321.0,-20413.0,2.0874105011932915,1.370512602946935,0.00480480480480483,0.011487303506650504,-0.01876832844574783
2024-11-06,426.0,644100.0,283193.0,438.75,480468.0,124895.0,-12.75,-0.029929577464718474,-10058.0,3159.0,-13217.0,2.2674486568717542,1.3405679462524012,0.018529587567244432,0.03586626139817639,0.013682331945270576
2024-11-07,428.0,611209.0,310584.0,440.25,493200.0,186635.0,-12.25,-0.028621495327035933,-32891.0,12732.0,-45623.0,1.6641251640903278,1.2392721005677185,0.0046948356807512415,0.041362530413625365,0.016627078384798155
2024-11-08,431.0,590371.0,347310.0,443.5,510713.0,222605.0,-12.5,-0.029002320185547558,-20838.0,17513.0,-38351.0,1.560207542508023,1.1559740989557714,0.007009345794392496,0.04043452021726002,0.03048416019127309
2024-11-11,429.5,543747.0,250205.0,442.75,531025.0,168405.0,-13.25,-0.03084982537827509,-46624.0,20312.0,-66936.0,1.4857337965024704,1.0239574407984537,-0.0034802784222738303,0.0318318318318318,0.0318318318318318
2024-11-12,429.0,518244.0,250503.0,440.0,546859.0,170400.0,-11.0,-0.025641025640965872,-25503.0,15834.0,-41337.0,1.4700880281690056,0.9476738976591754,-0.0011641443538998875,0.02570233114166176,0.05147058823529416
2024-11-13,426.0,478864.0,235165.0,437.0,579340.0,172933.0,-11.0,-0.025821596244070842,-39380.0,32481.0,-71861.0,1.3598619118386812,0.8265681637725673,-0.006993006993006978,0.0,0.06168224299065428
2024-11-14,418.75,455774.0,292267.0,430.0,592033.0,190127.0,-11.25,-0.026865671641726888,-23090.0,12693.0,-35783.0,1.5372198583052301,0.7698455998229815,-0.017018779342723,-0.02161214953271029,0.035228677379480766
2024-11-15,423.75,438710.0,218570.0,435.0,608802.0,149876.0,-11.25,-0.02654867256630903,-17064.0,16769.0,-33833.0,1.4583388934852715,0.7206119559396967,0.011940298507462588,-0.016821345707656588,0.041794714197910254
2024-11-18,428.75,413176.0,190964.0,439.0,620186.0,149251.0,-10.25,-0.023906705539302842,-25534.0,11384.0,-36918.0,1.2794822145245173,0.6662130393140111,0.01179941002949847,-0.0017462165308498312,0.06126237623762387
2024-11-19,427.25,385585.0,215160.0,437.0,638444.0,165885.0,-9.75,-0.022820362785201123,-27591.0,18258.0,-45849.0,1.2970431322904343,0.603944903546747,-0.0034985422740524408,-0.004079254079254024,0.04462102689486547
2024-11-20,430.25,361594.0,224875.0,440.0,658108.0,184194.0,-9.75,-0.02266124346305018,-23991.0,19664.0,-43655.0,1.220859528540554,0.5494447719827132,0.00702165008777067,0.00997652582159625,0.03301320528211282
2024-11-21,427.0,326876.0,187445.0,436.0,672414.0,184039.0,-9.0,-0.02107728337231598,-34718.0,14306.0,-49024.0,1.0185069468971195,0.48612313247493283,-0.00755374782103424,0.019701492537313348,0.019701492537313348
2024-11-22,426.0,267939.0,159873.0,435.25,695076.0,175792.0,-9.25,-0.021713615023423206,-58937.0,22662.0,-81599.0,0.9094441157731814,0.3854815876249498,-0.0023419203747072626,0.005309734513274433,0.01187648456057011
2024-11-25,424.75,174062.0,226269.0,433.0,717989.0,271395.0,-8.25,-0.019423190111784762,-93877.0,22913.0,-116790.0,0.8337257502901644,0.24242989795108247,-0.002934272300469498,-0.00932944606413999,0.022262334536702788
2024-11-26,419.5,89422.0,210241.0,427.5,752049.0,323713.0,-8.0,-0.019070321811635114,-84640.0,34060.0,-118700.0,0.6494672750244795,0.11890448627682489,-0.012360211889346662,-0.018139262726740824,0.022547227300426576
2024-11-27,414.5,17675.0,145009.0,427.75,789048.0,264979.0,-13.25,-0.031966224366629756,-71747.0,36999.0,-108746.0,0.5472471403394211,0.02240041163528705,-0.011918951132300348,-0.03660662405578152,0.002418379685610539
2024-11-29,420.0,12409.0,7903.0,433.0,788186.0,124100.0,-13.0,-0.030952380952307255,-5266.0,-862.0,-4404.0,0.0636825141015305,0.01574374576559338,0.013268998793727338,-0.016393442622950838,0.02127659574468077
2024-12-02,424.0,9402.0,3895.0,433.0,785925.0,173212.0,-9.0,-0.02122641509428956,-3007.0,-2261.0,-746.0,0.022486894672424415,0.011962973566179962,0.00952380952380949,-0.0046948356807511304,0.031630170316301776
2024-12-03,421.0,6416.0,4091.0,432.25,795460.0,150614.0,-11.25,-0.02672209026121919,-2986.0,9535.0,-12521.0,0.02716214960096653,0.008065773263269042,-0.007075471698113178,-0.008828722778104758,0.016294508147254083
2024-12-04,420.0,4913.0,1723.0,429.75,791507.0,138433.0,-9.75,-0.023214285714230443,-1503.0,-3953.0,2450.0,0.012446454241401889,0.006207146620307835,-0.002375296912114022,0.0011918951132301459,0.009009009009008917
2024-12-05,426.5,3579.0,2566.0,435.75,785976.0,164265.0,-9.25,-0.021688159437229338,-1334.0,-5531.0,4197.0,0.015621100051745562,0.004553574154936023,0.015476190476190421,0.02895054282267795,0.01972504482964732
2024-12-06,425.0,2669.0,1372.0,439.75,800470.0,216789.0,-14.75,-0.03470588235285952,-910.0,14494.0,-15404.0,0.006328734391505075,0.0033342911039764096,-0.003516998827667095,0.011904761904761862,-0.0023474178403756207
2024-12-09,431.0,1603.0,1586.0,441.0,798843.0,228237.0,-10.0,-0.023201856148438046,-1066.0,-1627.0,561.0,0.006948917134382213,0.0020066521206294576,0.014117647058823568,0.01650943396226423,0.007009345794392496
2024-12-10,438.0,657.0,1685.0,448.5,804784.0,296082.0,-10.5,-0.023972602739671296,-946.0,5941.0,-6887.0,0.005690991009247419,0.0008163681186504692,0.016241299303944245,0.040380047505938155,0.016241299303944245
2024-12-11,435.25,319.0,570.0,447.75,807644.0,265284.0,-12.5,-0.028719126938475087,-338.0,2860.0,-3198.0,0.0021486407020400696,0.00039497600427911255,-0.006278538812785395,0.0363095238095239,0.013387660069848595
2024-12-12,421.5,189.0,334.0,443.5,801600.0,224320.0,-22.0,-0.05219454329762232,-130.0,-6044.0,5914.0,0.0014889443651925755,0.00023577844311377215,-0.03159103963239518,-0.011723329425556872,-0.0174825174825175
2024-12-13,,43.0,17.0,442.25,793751.0,170867.0,,,-146.0,-7849.0,7703.0,9.949258780220815e-05,5.4173160096806104e-05,0.0,-0.008235294117647007,-0.010563380281690127
2024-12-16,445.0,789079.0,157167.0,451.5,273269.0,42915.0,-6.5,-0.014606741573000884,789036.0,-520482.0,1309518.0,3.6622859140159933,2.8875540218612326,0.05575326215895604,0.03248259860788871,0.0626865671641792
2024-12-17,443.5,778582.0,164416.0,449.75,274326.0,51033.0,-6.25,-0.01409244644867172,-10497.0,1057.0,-11554.0,3.2217584700095387,2.8381633530908377,-0.003370786516853963,0.01255707762557079,0.04660766961651919
2024-12-18,437.5,773388.0,176178.0,443.75,275616.0,44396.0,-6.25,-0.014285714285681633,-5194.0,1290.0,-6484.0,3.9683304802233543,2.806034482758611,-0.013528748590755368,0.0051694428489375,0.020408163265306145
2024-12-19,440.25,775208.0,182519.0,446.0,276478.0,54082.0,-5.75,-0.013060760931259375,1820.0,862.0,958.0,3.37485669908651,2.803868662244364,0.006285714285714228,0.04448398576512447,0.030427150380339274
2024-12-20,446.0,773714.0,191422.0,451.25,274442.0,47534.0,-5.25,-0.0117713004484041,-1494.0,-2036.0,542.0,4.027054319013674,2.8192259202308585,0.01306076093128894,0.058125741399762676,0.03660662405578141
2024-12-23,447.5,773308.0,132878.0,453.0,276236.0,38337.0,-5.5,-0.012290502793268624,-406.0,1794.0,-2200.0,3.4660510733755,2.7994468497950926,0.0033632286995515237,0.00561797752808979,0.04800936768149877
2024-12-24,448.25,765553.0,88153.0,453.0,275634.0,42256.0,-4.75,-0.010596765197968552,-7755.0,-602.0,-7153.0,2.0861652783036235,2.777425861831259,0.0016759776536312554,0.010710259301014657,0.052230046948356756
2024-12-26,453.5,765265.0,176165.0,457.5,280183.0,48769.0,-4.0,-0.008820286659296978,-288.0,4549.0,-4837.0,3.6122331809140316,2.731304183337309,0.011712214166201829,0.03657142857142848,0.06768687463213663
2024-12-27,453.5,749899.0,162024.0,460.75,290183.0,53865.0,-7.25,-0.015986769569975773,-15366.0,10000.0,-25366.0,3.007964355332721,2.5842278837836727,0.0,0.030096536059057266,0.08104886769964237
2024-12-30,452.5,743912.0,217069.0,460.0,294749.0,71065.0,-7.5,-0.01657458563532249,-5987.0,4566.0,-10553.0,3.0545134735804815,2.5238830326820363,-0.0022050716648290836,0.014573991031390232,0.09167671893848017
2024-12-31,458.25,746247.0,172882.0,465.75,300407.0,53677.0,-7.5,-0.016366612111257246,2335.0,5658.0,-3323.0,3.2207835758331647,2.4841198773663646,0.012707182320441879,0.02402234636871503,0.09107142857142847
2025-01-02,459.5,743840.0,163449.0,467.0,304171.0,55292.0,-7.5,-0.016322089227385587,-2407.0,3764.0,-6171.0,2.9561057657526777,2.445466530339834,0.0027277686852154037,0.025097601784718426,0.08372641509433953
2025-01-03,450.75,726805.0,199340.0,458.25,303542.0,45256.0,-7.5,-0.016638935108116166,-17035.0,-629.0,-16406.0,4.404719816156876,2.3944132937122298,-0.0190424374319913,-0.006063947078280063,0.07066508313539188
2025-01-06,456.5,720713.0,227403.0,464.25,316130.0,74520.0,-7.75,-0.01697699890467256,-6092.0,12588.0,-18680.0,3.0515700483091375,2.2797994495935145,0.012756516916250682,0.006615214994487362,0.08690476190476182
2025-01-07,458.0,718953.0,211629.0,465.0,319031.0,67746.0,-7.0,-0.015283842794726455,-1760.0,2901.0,-4661.0,3.12385971127442,2.253552162642495,0.0032858707557503752,0.012154696132596676,0.0738569753810081
2025-01-08,453.75,706036.0,192588.0,462.0,332705.0,87037.0,-8.25,-0.018181818181778112,-12917.0,13674.0,-26591.0,2.2127141330698183,2.12210817390781,-0.009279475982532759,-0.009819967266775809,0.0676470588235294
2025-01-09,456.25,696482.0,157712.0,465.0,333996.0,66201.0,-8.75,-0.019178082191738787,-9554.0,1291.0,-10845.0,2.382320508753608,2.085300422759548,0.005509641873278293,-0.007072905331882429,0.058584686774941996
2025-01-10,470.5,725603.0,467086.0,479.0,356926.0,209013.0,-8.5,-0.018065887353840456,29121.0,22930.0,6191.0,2.2347222421571757,2.032922790718519,0.03123287671232866,0.043815862451469734,0.07420091324200917
2025-01-13,475.75,724076.0,376883.0,485.75,380066.0,183530.0,-10.0,-0.021019442984716724,-1527.0,23140.0,-24667.0,2.053522584863499,1.9051322665010764,0.011158342189160564,0.04216867469879526,0.093049971280873
2025-01-14,474.25,717966.0,278017.0,484.25,394637.0,131176.0,-10.0,-0.021085925144921275,-6110.0,14571.0,-20681.0,2.1194197109227138,1.8193073634757972,-0.0031529164477140936,0.035480349344978235,0.1251482799525505
2025-01-15,478.75,722959.0,218140.0,488.0,401241.0,99883.0,-9.25,-0.019321148825024916,4993.0,6604.0,-1611.0,2.183955227616289,1.801807392564564,0.009488666315234484,0.05509641873278226,0.13582443653618026
2025-01-16,474.5,723691.0,209824.0,482.5,404511.0,86161.0,-8.0,-0.0168598524762553,732.0,3270.0,-2538.0,2.435254929724557,1.789051472024242,-0.008877284595300239,0.040000000000000036,0.06629213483146068
2025-01-17,484.25,734986.0,305007.0,493.0,425406.0,157985.0,-8.75,-0.018069179142967334,11295.0,20895.0,-9600.0,1.9306073361394949,1.7277283348142676,0.020547945205479534,0.02922422954303938,0.09188275084554687
2025-01-21,489.5,731108.0,295105.0,499.0,441569.0,124155.0,-9.5,-0.019407558733361783,-3878.0,16163.0,-20041.0,2.3769078973863125,1.65570499740697,0.010841507485802815,0.028901734104046284,0.11885714285714277
2025-01-22,484.25,730560.0,264538.0,493.5,445933.0,116651.0,-9.25,-0.01910170366542261,-548.0,4364.0,-4912.0,2.267773100959252,1.6382730141074968,-0.010725229826353377,0.021085925144965767,0.09994321408290752
2025-01-23,489.0,739097.0,250550.0,498.5,463172.0,118837.0,-9.5,-0.019427402862945958,8537.0,17239.0,-8702.0,2.1083500929844905,1.5957290164344962,0.009808982963345425,0.021409921671018184,0.0964125560538116
2025-01-24,485.75,704672.0,208959.0,495.75,469160.0,97323.0,-10.0,-0.02058672156454846,-34425.0,5988.0,-40413.0,2.1470669831385987,1.5019865291158634,-0.006646216768916191,0.023709167544784027,0.08547486033519558
2025-01-27,482.25,693686.0,216234.0,492.5,478214.0,83981.0,-10.25,-0.021254536028986512,-10986.0,9054.0,-20040.0,2.5747966802014433,1.450576520135334,-0.0072053525476067914,-0.00413009808982967,0.0758505298382599
2025-01-28,485.0,688017.0,225855.0,495.5,491257.0,98934.0,-10.5,-0.021649484536037836,-5669.0,13043.0,-18712.0,2.282885560070327,1.40052355488064,0.005702436495593544,-0.009193054136874323,0.06945975744211697
2025-01-29,495.75,699507.0,277207.0,506.0,503185.0,129134.0,-10.25,-0.02067574382244947,11490.0,11928.0,-438.0,2.1466616073226095,1.390158689150111,0.02216494845360817,0.02374806401652041,0.09316427783902981
2025-01-30,490.0,696397.0,218110.0,501.75,519219.0,102614.0,-11.75,-0.023979591836685757,-3110.0,16034.0,-19144.0,2.125538425555946,1.3412394384643063,-0.011598587997982857,0.002044989775051187,0.08287292817679548
2025-01-31,482.5,680248.0,318483.0,492.0,516787.0,151879.0,-9.5,-0.01968911917094365,-16149.0,-2432.0,-13717.0,2.0969521790372463,1.3163024611687189,-0.015306122448979553,-0.006690684508491973,0.052918712493180475
2025-02-03,488.0,666145.0,322166.0,499.0,518311.0,158846.0,-11.0,-0.022540983606511186,-14103.0,1524.0,-15627.0,2.0281656447124763,1.285222578722039,0.011398963730570033,0.011923276308968278,0.06202393906420012
2025-02-04,493.75,654135.0,279780.0,504.0,526984.0,167842.0,-10.25,-0.020759493670844033,-12010.0,8673.0,-20683.0,1.6669248459860961,1.2412805701880867,0.01178278688524581,0.018041237113401998,0.09539656128674423
2025-02-05,493.0,640625.0,226004.0,504.25,533339.0,126818.0,-11.25,-0.022819472616586574,-13510.0,6355.0,-19865.0,1.782112949265863,1.2011591126844254,-0.0015189873417721378,-0.005547150781644028,0.07995618838992335
2025-02-06,495.5,607712.0,299134.0,507.5,545245.0,203499.0,-12.0,-0.02421796165484517,-32913.0,11906.0,-44819.0,1.469953169303036,1.1145668460967066,0.005070993914807254,0.011224489795918391,0.08187772925764203
2025-02-07,487.5,553885.0,287303.0,501.0,574798.0,197726.0,-13.5,-0.027692307692250888,-53827.0,29553.0,-83380.0,1.4530360195421874,0.9636167836352927,-0.016145307769929396,0.010362694300518172,0.07438016528925617
2025-02-10,491.75,519665.0,250904.0,504.25,605648.0,173332.0,-12.5,-0.02541942043716234,-34220.0,30850.0,-65070.0,1.447534211801621,0.8580313977756041,0.008717948717948731,0.007684426229508157,0.07780821917808223
2025-02-11,483.75,467202.0,311257.0,498.0,635605.0,222792.0,-14.25,-0.02945736434102438,-52463.0,29957.0,-82420.0,1.3970744012352267,0.735050857057448,-0.01626842907981696,-0.020253164556962022,0.028161530286928693
2025-02-12,490.5,420862.0,271391.0,504.0,674346.0,190528.0,-13.5,-0.027522935779760404,-46340.0,38741.0,-85081.0,1.4244153090359348,0.6241039466386682,0.013953488372093092,-0.005070993914807254,0.031003678402522272
2025-02-13,493.0,384127.0,269316.0,505.25,707836.0,211061.0,-12.25,-0.02484787018250538,-36735.0,33490.0,-70225.0,1.2760102529600388,0.5426779649523328,0.0050968399592252744,-0.005045408678102881,0.03953610964681076
2025-02-14,496.5,369697.0,195600.0,508.25,726295.0,160764.0,-11.75,-0.023665659617273585,-14430.0,18459.0,-32889.0,1.2166903037993506,0.5090176856511466,0.007099391480730244,0.01846153846153853,0.03707571801566578
2025-02-18,501.75,345971.0,238775.0,515.0,752766.0,173575.0,-13.25,-0.026407573492722655,-23726.0,26471.0,-50197.0,1.375630131067254,0.4595996631091196,0.010574018126888296,0.020335536349771255,0.057428872497365724
2025-02-19,497.5,297547.0,210080.0,512.0,787861.0,185421.0,-14.5,-0.029145728643157495,-48424.0,35095.0,-83519.0,1.1329892514871502,0.3776643341909291,-0.008470353761833582,0.028423772609819098,0.027361899845121274
2025-02-20,497.75,265543.0,163804.0,511.5,803214.0,167194.0,-13.75,-0.027624309392209695,-32004.0,15353.0,-47357.0,0.9797241527805963,0.33060056224119555,0.0005025125628139726,0.014780835881753385,0.016853932584269593
2025-02-21,490.5,166183.0,168137.0,505.0,805571.0,225966.0,-14.5,-0.02956167176344636,-99360.0,2357.0,-101717.0,0.7440809679332256,0.20629218281194306,-0.014565544952285236,-0.005070993914807254,0.012906556530717594
2025-02-24,483.0,119591.0,189315.0,497.25,818765.0,280980.0,-14.25,-0.02950310559000103,-46592.0,13194.0,-59786.0,0.6737668161434954,0.146062667554182,-0.015290519877675823,-0.027190332326283984,-0.012269938650306789
2025-02-25,480.25,77419.0,116438.0,494.75,814449.0,233372.0,-14.5,-0.030192608016595124,-42172.0,-4316.0,-37856.0,0.49893731895857046,0.09505690350163104,-0.005693581780538248,-0.04285002491280521,-0.011322696860525006
2025-02-26,478.25,46457.0,101750.0,493.5,823658.0,221417.0,-15.25,-0.03188708834285021,-30962.0,9209.0,-40171.0,0.4595401437107338,0.05640326446170612,-0.004164497657470068,-0.03869346733668344,-0.00829445308449972
2025-02-27,464.75,8313.0,86413.0,481.0,833922.0,323813.0,-16.25,-0.03496503496495973,-38144.0,10264.0,-48408.0,0.266860811641286,0.009968558210480104,-0.028227914270778864,-0.06629834254143652,-0.04175257731958759
2025-02-28,453.0,4482.0,7600.0,469.5,834087.0,268768.0,-16.5,-0.03642384105952225,-3831.0,165.0,-3996.0,0.028277175854268262,0.005373540170270001,-0.02528240989779451,-0.07645259938837923,-0.086232980332829
2025-03-03,437.75,2787.0,3364.0,456.5,807222.0,353207.0,-18.75,-0.04283266704730364,-1695.0,-26865.0,25170.0,0.009524160053453048,0.003452581817641239,-0.03366445916114791,-0.09368530020703936,-0.10663265306122449
2025-03-04,435.0,1901.0,2273.0,452.25,792062.0,391274.0,-17.25,-0.03965517241370194,-886.0,-15160.0,14274.0,0.005809228315707137,0.0024000646414043315,-0.006282124500285535,-0.09422175950026024,-0.0984455958549223
2025-03-05,431.0,1460.0,1169.0,456.5,773488.0,277827.0,-25.5,-0.05916473317851702,-441.0,-18574.0,18133.0,0.00420765440363966,0.0018875535237780005,-0.00919540229885063,-0.09879769994772614,-0.11680327868852458
2025-03-06,444.0,885.0,668.0,464.0,756635.0,313858.0,-20.0,-0.045045045044943596,-575.0,-16853.0,16278.0,0.0021283510377304317,0.0011696524744427613,0.030162412993039345,-0.04464766003227538,-0.1007594936708861
2025-03-07,445.0,682.0,311.0,469.5,748076.0,170217.0,-24.5,-0.05505617977515718,-203.0,-8559.0,8356.0,0.0018270795513961485,0.0009116720760992186,0.0022522522522523403,-0.017660044150110354,-0.0973630831643002
2025-03-10,449.5,335.0,479.0,472.0,729182.0,158427.0,-22.5,-0.050055617352502656,-347.0,-18894.0,18547.0,0.0030234745340124917,0.00045941891050519556,0.010112359550561889,0.026841804683038317,-0.0928355196770938
2025-03-11,451.0,297.0,76.0,469.0,723465.0,189880.0,-18.0,-0.03991130820390264,-38.0,-5717.0,5679.0,0.0004002527912365684,0.00041052435155812593,0.0033370411568409697,0.0367816091954023,-0.07487179487179485
2025-03-12,446.0,132.0,233.0,461.5,721958.0,231919.0,-15.5,-0.03475336322862163,-165.0,-1507.0,1342.0,0.0010046611101289632,0.0001828361206607584,-0.011086474501108667,0.03480278422273786,-0.09303507880020334
2025-03-13,425.0,70.0,101.0,464.0,718058.0,189221.0,-39.0,-0.09176470588213703,-62.0,-3900.0,3838.0,0.0005337673936825166,9.748516136579482e-05,-0.047085201793722,-0.0427927927927928,-0.12144702842377264
2025-03-14,,68.0,32.0,458.5,698506.0,242039.0,,,-2.0,-19552.0,19550.0,0.00013221009837257577,9.735063120431306e-05,0.0,-0.0449438202247191,-0.13353720693170235
2025-03-17,460.75,684690.0,180875.0,469.5,454484.0,98696.0,-8.75,-0.01899077590880306,684622.0,-244022.0,928644.0,1.8326477263516066,1.5065216817313667,0.08411764705882363,0.02502780867630694,-0.06541582150101422
2025-03-18,458.25,673772.0,177170.0,466.75,460139.0,94661.0,-8.5,-0.01854882705942488,-10918.0,5655.0,-16573.0,1.8716261184648177,1.4642792721329827,-0.005425935973955465,0.016075388026607573,-0.07703927492447127
2025-03-19,462.25,663462.0,185225.0,469.25,459452.0,98580.0,-7.0,-0.015143320713866645,-10310.0,-687.0,-9623.0,1.8789308176100437,1.4440289736468632,0.008728859792689558,0.03643497757847536,-0.07872446437468861
2025-03-20,467.5,658785.0,219751.0,474.0,465624.0,133221.0,-6.5,-0.01390374331547828,-4677.0,6172.0,-10849.0,1.6495222224724209,1.4148433070460256,0.011357490535424564,0.10000000000000009,-0.06030150753768848
2025-03-21,463.0,656332.0,182427.0,470.5,480310.0,108350.0,-7.5,-0.01619870410363672,-2453.0,14686.0,-17139.0,1.6836825103830024,1.3664758177010652,-0.009625668449197877,0.0894117647058823,-0.0698141637368157
2025-03-24,464.0,650835.0,125182.0,471.5,484235.0,67046.0,-7.5,-0.01616379310341344,-5497.0,3925.0,-9422.0,1.8671061659159103,1.3440478280173855,0.002159827213822796,0.007053716766142193,-0.05402650356778793
2025-03-25,458.75,652322.0,148189.0,466.0,490780.0,96901.0,-7.25,-0.015803814713862007,1487.0,6545.0,-5058.0,1.529282463545252,1.32915359224092,-0.011314655172413812,0.0010911074740862503,-0.05020703933747417
2025-03-26,451.5,645623.0,154487.0,459.0,497311.0,84966.0,-7.5,-0.01661129568102633,-6699.0,6531.0,-13230.0,1.8182214062095212,1.298227869482072,-0.01580381471389647,-0.023255813953488413,-0.059864653826132264
2025-03-27,450.0,646262.0,170192.0,458.0,505044.0,126025.0,-8.0,-0.01777777777773827,639.0,7733.0,-7094.0,1.3504622098789816,1.2796152414443074,-0.0033222591362126463,-0.03743315508021394,-0.05906952430737067
2025-03-28,453.0,623072.0,206960.0,460.0,523746.0,163002.0,-7.0,-0.015452538631312468,-23190.0,18702.0,-41892.0,1.2696776726665853,1.1896453624466798,0.006666666666666599,-0.021598272138228958,-0.02528240989779451
2025-03-31,457.5,619538.0,282804.0,464.0,551585.0,216324.0,-6.5,-0.01420765027319299,-3534.0,27839.0,-31373.0,1.307316802573911,1.1231958809612277,0.009933774834437026,-0.014008620689655138,0.009933774834437026
2025-04-01,460.25,607630.0,179571.0,467.0,557388.0,126856.0,-6.75,-0.01466594242256455,-11908.0,5803.0,-17711.0,1.4155499148640867,1.0901382878712833,0.006010928961748707,0.003269754768392419,0.05139920045688173
2025-04-02,457.25,601505.0,159591.0,464.5,569169.0,107473.0,-7.25,-0.015855658829927052,-6125.0,11781.0,-17906.0,1.4849404036362484,1.056812651426903,-0.00651819663226505,0.012735326688815052,0.05114942528735633
2025-04-03,458.0,579860.0,203152.0,465.5,577802.0,139283.0,-7.5,-0.01637554585149263,-21645.0,8633.0,-30278.0,1.4585556026219895,1.003561773756406,0.0016402405686166688,0.01777777777777767,0.06264501160092806
2025-04-04,460.25,562971.0,212888.0,466.25,580622.0,126896.0,-6.0,-0.013036393264501822,-16889.0,2820.0,-19709.0,1.6776572941621353,0.9695998429270661,0.004912663755458624,0.016004415011037443,0.0365990990990992
2025-04-07,464.75,515571.0,216782.0,468.0,587793.0,140908.0,-3.25,-0.006993006992991946,-47400.0,7171.0,-54571.0,1.5384648139211292,0.8771302142080615,0.00977729494839763,0.015846994535519077,0.04438202247191003
2025-04-08,468.5,475642.0,255177.0,474.25,608680.0,206915.0,-5.75,-0.012273212379909769,-39929.0,20887.0,-60816.0,1.2332455356064025,0.7814319511073129,0.008068854222700317,0.017925040738729026,0.04226918798665191
2025-04-09,473.25,446751.0,257173.0,479.5,618144.0,200946.0,-6.25,-0.01320655044899481,-28891.0,9464.0,-38355.0,1.2798114916445151,0.7227296552259656,0.010138740661686185,0.03499179879715686,0.049334811529933464
2025-04-10,482.0,405090.0,326270.0,487.0,578804.0,333680.0,-5.0,-0.010373443983380968,-41661.0,-39340.0,-2321.0,0.9777930951810089,0.6998742233985931,0.018489170628631868,0.05240174672489073,0.08071748878923768
2025-04-11,489.0,355026.0,284335.0,496.0,612526.0,275411.0,-7.0,-0.0143149284253286,-50064.0,33722.0,-83786.0,1.032402482108554,0.5796096818747276,0.014522821576763434,0.062466051059206995,0.1505882352941177
2025-04-14,485.0,338513.0,201393.0,492.0,635751.0,188941.0,-7.0,-0.014432989690691891,-16513.0,23225.0,-39738.0,1.0659041711433672,0.5324616083969973,-0.008179959100204526,0.04357181280258193,0.14117647058823524
2025-04-15,480.75,313243.0,178411.0,488.75,647520.0,189549.0,-8.0,-0.016640665626590452,-25270.0,11769.0,-37039.0,0.9412394684224082,0.48375803063997946,-0.008762886597938113,0.02614727854855925,0.04340748779164416
2025-04-16,483.75,293755.0,136221.0,491.0,651145.0,142357.0,-7.25,-0.014987080103328193,-19488.0,3625.0,-23113.0,0.9568970967356649,0.45113607568206704,0.006240249609984483,0.022187004754358197,0.0556464811783961
2025-04-17,483.0,279832.0,117566.0,490.0,660700.0,115218.0,-7.0,-0.0144927536231584,-13923.0,9555.0,-23478.0,1.0203787602631444,0.42353867110640164,-0.0015503875968991832,0.0020746887966804906,0.04488912925905897
2025-04-21,482.0,261497.0,128840.0,490.0,666016.0,132427.0,-8.0,-0.01659751037340955,-18335.0,5316.0,-23651.0,0.9729133786916493,0.3926287056166813,-0.0020703933747412417,-0.014314928425357865,0.031016042780748654
2025-04-22,475.25,240636.0,152079.0,483.0,667834.0,162010.0,-7.75,-0.01630720673326395,-20861.0,1818.0,-22679.0,0.9387013147336527,0.3603230742969056,-0.014004149377593311,-0.020103092783505194,0.026457883369330526
2025-04-23,472.0,213016.0,147853.0,479.5,674953.0,165328.0,-7.5,-0.01588983050844091,-27620.0,7119.0,-34739.0,0.8943010258395379,0.3156012344563246,-0.00683850604944769,-0.018200728029121205,0.01724137931034475
2025-04-24,477.0,176861.0,146915.0,483.25,672170.0,183145.0,-6.25,-0.013102725366848842,-36155.0,-2783.0,-33372.0,0.8021786016544225,0.2631194489489262,0.010593220338983134,-0.013953488372092981,0.039782016348773874
2025-04-25,477.0,120641.0,129454.0,484.25,671411.0,172391.0,-7.25,-0.015199161425544656,-56220.0,-759.0,-55461.0,0.7509324732729624,0.17968278744316046,0.0,-0.012422360248447228,0.056478405315614655
2025-04-28,475.0,55681.0,176588.0,482.5,689553.0,281192.0,-7.5,-0.015789473684177286,-64960.0,18142.0,-83102.0,0.6279979515775675,0.0807494130255396,-0.004192872117400381,-0.014522821576763434,0.05555555555555558
2025-04-29,462.0,10534.0,100359.0,470.5,677764.0,318620.0,-8.5,-0.018398268398228574,-45147.0,-11789.0,-33358.0,0.3149802272299281,0.015542283154608365,-0.027368421052631597,-0.027880063124671173,0.019867549668874274
2025-04-30,462.5,5076.0,10991.0,475.25,665212.0,196430.0,-12.75,-0.027567567567507962,-5458.0,-12552.0,7094.0,0.05595377488163694,0.007630650078471212,0.0010822510822510178,-0.0201271186440678,0.010928961748633892
2025-05-01,464.25,3513.0,3008.0,472.25,666763.0,163168.0,-8.0,-0.017232094776484155,-1563.0,1551.0,-3114.0,0.01843498725240232,0.005268738667262573,0.003783783783783745,-0.026729559748427723,0.00869092884302014
2025-05-02,459.0,1966.0,2624.0,469.0,665836.0,163656.0,-10.0,-0.021786492374680205,-1547.0,-927.0,-620.0,0.016033631519773085,0.002952679038081445,-0.011308562197092087,-0.037735849056603765,0.003827227993439042
2025-05-05,442.5,1201.0,1098.0,454.5,676223.0,270570.0,-12.0,-0.027118644067735325,-765.0,10387.0,-11152.0,0.00405809956757954,0.0017760413354766078,-0.03594771241830064,-0.06842105263157894,-0.03384279475982532
2025-05-06,442.5,957.0,466.0,456.0,668587.0,218024.0,-13.5,-0.030508474576202243,-244.0,-7636.0,7392.0,0.0021373793710784037,0.0014313769187854362,0.0,-0.04220779220779225,-0.038565996740901665
2025-05-07,439.5,725.0,617.0,449.75,674660.0,248109.0,-10.25,-0.023321956769002682,-232.0,6073.0,-6305.0,0.002486810232599372,0.001074615361811874,-0.006779661016949157,-0.04972972972972978,-0.054330285099515874
2025-05-08,425.0,500.0,438.0,448.75,678978.0,256171.0,-23.75,-0.05588235294104498,-225.0,4318.0,-4543.0,0.001709795410097155,0.0007364008848593022,-0.0329920364050057,-0.08454496499730746,-0.09284951974386335
2025-05-09,425.0,324.0,240.0,449.5,674777.0,179566.0,-24.5,-0.05764705882339377,-176.0,-4201.0,4025.0,0.0013365559181582186,0.00048015863018448983,0.0,-0.07407407407407407,-0.10195456946645531
2025-05-12,422.0,228.0,205.0,447.5,670475.0,249867.0,-25.5,-0.060426540284217,-96.0,-4302.0,4206.0,0.0008204364722032088,0.0003400574219769561,-0.007058823529411784,-0.04632768361581918,-0.12448132780082988
2025-05-13,422.0,110.0,66.0,443.0,674385.0,241737.0,-21.0,-0.04976303317523753,-118.0,3910.0,-4028.0,0.0002730239888804764,0.00016311157573196294,0.0,-0.04632768361581918,-0.1370143149284253
2025-05-14,,76.0,44.0,445.0,675892.0,177064.0,,,-34.0,1507.0,-1541.0,0.00024849771833913023,0.00011244399992898256,0.0,-0.03981797497155859,-0.12989690721649483
2025-05-15,448.0,679315.0,191182.0,425.0,310899.0,78515.0,23.0,0.051339285714171116,679239.0,-364993.0,1044232.0,2.4349742087498893,2.1850022032878775,0.06161137440758302,0.054117647058823604,-0.0681227249089964
2025-05-16,443.25,682405.0,173410.0,420.75,317870.0,87124.0,22.5,0.050761421319682434,3090.0,6971.0,-3881.0,1.9903815251824755,2.1468052977632297,-0.010602678571428603,0.04294117647058826,-0.08372093023255811
2025-05-19,447.25,687629.0,179623.0,426.75,324632.0,71629.0,20.5,0.045835662381116075,5224.0,6762.0,-1538.0,2.50768543467028,2.1181799699351815,0.009024252679074918,0.059834123222748836,-0.0740165631469979
2025-05-20,454.5,679970.0,194894.0,435.25,326447.0,89154.0,19.25,0.04235423542344917,-7659.0,1815.0,-9474.0,2.1860376427305317,2.082941488204817,0.016210173281162588,0.07701421800947861,-0.05705394190871371
2025-05-21,459.75,676564.0,201425.0,441.75,328023.0,79331.0,18.0,0.03915171288735367,-3406.0,1576.0,-4982.0,2.539045266037204,2.0625504918862334,0.011551155115511635,0.08945497630331745,-0.03261441346659655
2025-05-22,462.75,669733.0,192800.0,441.0,328983.0,71803.0,21.75,0.04700162074544138,-6831.0,960.0,-7791.0,2.6851245769674987,2.035767805631288,0.006525285481239873,0.032924107142857206,-0.01959745762711862
2025-05-23,459.25,669855.0,167356.0,437.25,331551.0,70787.0,22.0,0.04790419161666216,122.0,2568.0,-2446.0,2.3642194188198062,2.020367907199791,-0.0075634792004322104,0.036097010716300115,-0.03721174004192873
2025-05-27,458.25,663164.0,153148.0,432.75,335785.0,53721.0,25.5,0.05564648117827464,-6691.0,4234.0,-10925.0,2.8508032240650243,1.9749661241568208,-0.0021774632553075435,0.02459474566797093,-0.03930817610062898
2025-05-28,450.75,663834.0,196402.0,430.0,342895.0,91024.0,20.75,0.046034387132454724,670.0,7110.0,-6440.0,2.157694673932126,1.9359687367853078,-0.016366612111292977,-0.008250825082508295,-0.05105263157894735
2025-05-29,447.0,651774.0,157586.0,427.25,348687.0,52939.0,19.75,0.044183445190057756,-12060.0,5792.0,-17852.0,2.97674682181373,1.8692236877199269,-0.008319467554076532,-0.027732463295269127,-0.03246753246753242
2025-05-30,444.0,644804.0,140113.0,423.75,351813.0,78834.0,20.25,0.04560810810800539,-6970.0,3126.0,-10096.0,1.7773168937260346,1.8328032221663162,-0.006711409395973145,-0.04051863857374394,-0.040000000000000036
2025-06-02,438.25,633846.0,211154.0,420.0,352455.0,87669.0,18.25,0.04164289788923755,-10958.0,642.0,-11600.0,2.4085366549179024,1.7983742605438942,-0.012950450450450401,-0.04572672836145886,-0.05600430802369416
2025-06-03,438.5,631008.0,209493.0,423.75,365885.0,91583.0,14.75,0.033637400227973464,-2838.0,13430.0,-16268.0,2.287466014434968,1.7246074586277063,0.0005704506560182399,-0.04309874522640478,-0.04466230936819171
2025-06-04,438.25,618917.0,220751.0,427.5,370737.0,108753.0,10.75,0.02452937820872897,-12091.0,4852.0,-16943.0,2.029838257335411,1.6694233378378698,-0.0005701254275940482,-0.02773155851358844,-0.009604519774011333
2025-06-05,438.0,602011.0,199450.0,430.75,378433.0,127453.0,7.25,0.016552511415487324,-16906.0,7696.0,-24602.0,1.5648905871183765,1.590799428168258,-0.0005704506560182399,-0.020134228187919434,-0.01016949152542368
2025-06-06,442.0,568794.0,229798.0,433.0,387154.0,154725.0,9.0,0.020361990950180178,-33217.0,8721.0,-41938.0,1.4852027791242433,1.4691673080996155,0.009132420091324311,-0.0045045045045044585,0.005688282138794021
2025-06-09,433.5,531803.0,228598.0,422.75,402508.0,158917.0,10.75,0.02479815455588282,-36991.0,15354.0,-52345.0,1.4384741720520686,1.3212234290995426,-0.019230769230769273,-0.01083856246434678,0.020000000000000018
2025-06-10,438.75,488572.0,245097.0,424.75,413379.0,165595.0,14.0,0.031908831908759185,-43231.0,10871.0,-54102.0,1.480099036806658,1.1818984515420445,0.01211072664359869,0.0005701254275940482,0.032352941176470695
2025-06-11,436.25,456412.0,201677.0,425.0,432306.0,126178.0,11.25,0.025787965615986733,-32160.0,18927.0,-51087.0,1.598353120195267,1.0557614282475816,-0.005698005698005715,-0.00456360524814603,0.03376777251184837
2025-06-12,438.25,420160.0,190442.0,426.0,458177.0,130969.0,12.25,0.027952082144830685,-36252.0,25871.0,-62123.0,1.4540998251494517,0.9170255163397532,0.004584527220630408,0.0005707762557076723,0.038507109004739304
2025-06-13,444.25,391830.0,179124.0,428.5,469594.0,104075.0,15.75,0.035453010692098025,-28330.0,11417.0,-39747.0,1.721104972375674,0.8344016320481079,0.0136908157444382,0.005090497737556543,0.052725118483412325
2025-06-16,435.0,361355.0,177619.0,420.0,480762.0,106249.0,15.0,0.034482758620610385,-30475.0,11168.0,-41643.0,1.671723969166753,0.7516297045107543,-0.020821609454136136,0.0034602076124568004,-0.029017857142857095
2025-06-17,431.75,322271.0,231168.0,424.25,501578.0,151154.0,7.5,0.01737116386793892,-39084.0,20816.0,-59900.0,1.529354168596256,0.6425142251055656,-0.007471264367816088,-0.015954415954415935,-0.025944726452340694
2025-06-18,432.5,287534.0,225878.0,428.5,520033.0,154947.0,4.0,0.009248554913273414,-34737.0,18455.0,-53192.0,1.4577758846573252,0.5529149111690979,0.0017371163867978545,-0.008595988538681931,-0.03297931805477916
2025-06-20,428.75,245013.0,189743.0,425.5,526403.0,125508.0,3.25,0.0075801749270960235,-42521.0,6370.0,-48891.0,1.5118000446186577,0.4654475753367658,-0.00867052023121384,-0.02167712492869367,-0.05665566556655666
2025-06-23,419.0,199288.0,197265.0,417.5,542587.0,165835.0,1.5,0.003579952267294559,-45725.0,16184.0,-61909.0,1.1895257334097074,0.3672922499064659,-0.022740524781341143,-0.05683736634777714,-0.08863512778684068
2025-06-24,415.0,158136.0,192057.0,412.0,566978.0,185361.0,3.0,0.007228915662633183,-41152.0,24391.0,-65543.0,1.0361241037758697,0.27891029281559376,-0.009546539379474916,-0.04597701149425293,-0.10318746623446784
2025-06-25,410.0,110852.0,144137.0,405.25,583352.0,192101.0,4.75,0.01158536585363028,-47284.0,16374.0,-63658.0,0.7503188426921217,0.1900259191705862,-0.012048192771084376,-0.05037637521713956,-0.10724006532389763
2025-06-26,408.0,61017.0,159014.0,404.0,600733.0,205559.0,4.0,0.009803921568603421,-49835.0,17381.0,-67216.0,0.7735686591197624,0.10157091419981905,-0.004878048780487809,-0.05664739884393066,-0.10965630114566283
2025-06-27,414.75,11135.0,106238.0,411.5,620155.0,189078.0,3.25,0.007836045810710462,-49882.0,19422.0,-69304.0,0.5618739356244483,0.017955188622199258,0.016544117647058876,-0.03265306122448974,-0.07986688851913482
2025-06-30,422.0,4795.0,12555.0,409.0,620261.0,161235.0,13.0,0.03080568720371847,-6340.0,106.0,-6446.0,0.07786770862405758,0.007730616627516468,0.01748040988547328,0.007159904534606243,-0.055928411633109576
2025-07-01,415.0,3641.0,4103.0,406.0,621498.0,147773.0,9.0,0.02168674698789955,-1154.0,1237.0,-2391.0,0.027765559337632535,0.005858425932183199,-0.016587677725118488,0.0,-0.06531531531531531
2025-07-02,430.0,2173.0,3639.0,417.5,617613.0,165858.0,12.5,0.029069767441792863,-1468.0,-3885.0,2417.0,0.021940455088087268,0.003518384489963774,0.03614457831325302,0.04878048780487809,-0.01882487164860236
2025-07-03,427.0,1362.0,1493.0,420.5,611705.0,153367.0,6.5,0.01522248243556154,-811.0,-5908.0,5097.0,0.009734819094068413,0.0022265634578759333,-0.006976744186046546,0.04656862745098045,-0.026225769669327215
2025-07-07,415.0,997.0,709.0,403.75,601656.0,163226.0,11.25,0.027108433734874437,-365.0,-10049.0,9684.0,0.004343670738730323,0.0016570930897389841,-0.02810304449648715,0.0006027727546715766,-0.05305191100969764
2025-07-08,407.0,718.0,573.0,398.25,598367.0,199608.0,8.75,0.021498771498718677,-279.0,-3289.0,3010.0,0.002870626427798471,0.0011999324829076448,-0.01927710843373498,-0.03554502369668244,-0.07077625570776258
2025-07-09,412.5,486.0,349.0,399.25,587265.0,177946.0,13.25,0.03212121212113425,-232.0,-11102.0,10870.0,0.001961269149067684,0.0008275650685806222,0.013513513513513598,-0.0060240963855421326,-0.06674208144796379
2025-07-10,407.25,186.0,571.0,399.0,576999.0,132798.0,8.25,0.0202578268876114,-300.0,-10266.0,9966.0,0.0042997635506558515,0.00032235757774276845,-0.012727272727272698,-0.052906976744186096,-0.06055363321799312
2025-07-11,411.75,98.0,315.0,396.0,566189.0,145838.0,15.75,0.03825136612012568,-88.0,-10810.0,10722.0,0.0021599308822117546,0.00017308707869633606,0.011049723756906049,-0.0357142857142857,-0.06153846153846154
2025-07-14,,29.0,76.0,400.25,563411.0,185262.0,,,-69.0,-2778.0,2709.0,0.0004102298366637497,5.1472193478650484e-05,0.0,-0.007831325301204783,-0.056160458452722106
2025-07-15,400.25,551764.0,182568.0,419.0,607106.0,210298.0,-18.75,-0.04684572142399289,551735.0,43695.0,508040.0,0.8681394972848013,0.9088429368182805,-0.02792956891317544,-0.016584766584766597,-0.08670849971477468
2025-07-16,405.0,550700.0,163241.0,424.25,606235.0,186715.0,-19.25,-0.04753086419741351,-1064.0,-871.0,-193.0,0.8742789813351853,0.9083936097387961,0.011867582760774598,-0.018181818181818188,-0.08835115362971302
2025-07-17,401.25,547121.0,103691.0,420.75,602096.0,122209.0,-19.5,-0.04859813084100038,-3579.0,-4139.0,560.0,0.8484726984100938,0.9086939624245952,-0.0092592592592593,-0.014732965009208066,-0.07758620689655171
2025-07-18,408.25,549256.0,127464.0,427.75,605616.0,156897.0,-19.5,-0.04776484996926451,2135.0,3520.0,-1385.0,0.8124055909290757,0.9069377295183731,0.017445482866043527,-0.00850030358227083,-0.05442964678633466
2025-07-21,404.25,550384.0,112066.0,422.25,602025.0,137079.0,-18.0,-0.044526901669648664,1128.0,-3591.0,4719.0,0.8175285784109834,0.9142211702171821,-0.009797917942437229,-0.01821493624772308,-0.0653179190751445
2025-07-22,399.25,553582.0,114958.0,417.5,611485.0,121714.0,-18.25,-0.04571070757659183,3198.0,9460.0,-6262.0,0.9444928274479439,0.9053075709134305,-0.01236858379715522,-0.002498438475952547,-0.06880466472303204
2025-07-23,398.75,560074.0,92982.0,417.25,617561.0,95249.0,-18.5,-0.04639498432590246,6492.0,6076.0,416.0,0.9761992251887056,0.9069128393794282,-0.00125234815278652,-0.015432098765432056,-0.04832935560859186
2025-07-24,401.5,561416.0,111447.0,420.25,624247.0,119505.0,-18.75,-0.046699875466882444,1342.0,6686.0,-5344.0,0.9325718589180291,0.8993491358388571,0.006896551724137945,0.0006230529595014911,-0.032530120481927716
2025-07-25,399.5,572810.0,97166.0,418.75,626580.0,92307.0,-19.25,-0.048185231539303666,11394.0,2333.0,9061.0,1.0526395614633661,0.914184940470489,-0.00498132004981322,-0.02143294549908148,-0.025609756097561
2025-07-28,393.0,561180.0,141670.0,413.25,635882.0,160905.0,-20.25,-0.0515267175571208,-11630.0,9302.0,-20932.0,0.8804574127590761,0.8825222289670082,-0.016270337922402955,-0.0278293135435993,-0.03676470588235292
2025-07-29,389.0,561408.0,169994.0,410.75,652976.0,209242.0,-21.75,-0.05591259640088454,228.0,17094.0,-16866.0,0.8124277152770438,0.859768199750066,-0.010178117048346036,-0.025673137132122714,-0.0620855937311634
2025-07-30,391.5,550024.0,132091.0,412.0,659207.0,148306.0,-20.5,-0.05236270753498758,-11384.0,6231.0,-17615.0,0.890665246180189,0.8343722078193938,0.006426735218509005,-0.018181818181818188,-0.07227488151658767
2025-07-31,394.0,544779.0,124175.0,413.5,669939.0,167472.0,-19.5,-0.04949238578667642,-5245.0,10732.0,-15977.0,0.7414672303429783,0.8131770205944111,0.0063856960408683605,-0.018679950186799466,-0.050602409638554224
2025-08-01,389.25,547532.0,111475.0,410.75,671118.0,137743.0,-21.5,-0.055234425176479814,2753.0,1179.0,1574.0,0.8092970241681915,0.8158505657723368,-0.012055837563451743,-0.025657071339173942,-0.09476744186046515
2025-08-04,387.0,532079.0,133486.0,407.25,677416.0,165950.0,-20.25,-0.05232558139521363,-15453.0,6298.0,-21751.0,0.8043748116902634,0.7854538422475985,-0.005780346820809301,-0.01526717557251911,-0.09367681498829039
2025-08-05,380.5,541509.0,166267.0,402.0,682821.0,205896.0,-21.5,-0.056504599211415235,9430.0,5405.0,4025.0,0.8075290437890935,0.7930467867859939,-0.01679586563307489,-0.02185089974293064,-0.08313253012048194
2025-08-06,380.0,527913.0,151730.0,401.25,681657.0,188249.0,-21.25,-0.05592105263143179,-13596.0,-1164.0,-12432.0,0.8060069376198503,0.7744554812757724,-0.0013140604467805073,-0.02937420178799488,-0.06633906633906639
2025-08-07,384.0,496158.0,154983.0,407.0,691777.0,209898.0,-23.0,-0.059895833333177356,-31755.0,10120.0,-41875.0,0.7383729239916496,0.7172224575260514,0.010526315789473717,-0.025380710659898442,-0.06909090909090909
2025-08-08,382.75,453518.0,174531.0,405.5,714292.0,218129.0,-22.75,-0.05943827563668338,-42640.0,22515.0,-65155.0,0.8001274475195834,0.6349196127074073,-0.0032552083333333703,-0.01669877970456002,-0.060159607120933045
2025-08-11,384.75,408077.0,180486.0,407.5,719646.0,222153.0,-22.75,-0.05912930474318615,-45441.0,5354.0,-50795.0,0.8124400750833849,0.5670524118802848,0.0052253429131285944,-0.005813953488372103,-0.06557377049180324
2025-08-12,371.5,358517.0,252732.0,394.0,757435.0,418565.0,-22.5,-0.06056527590831611,-49560.0,37789.0,-87349.0,0.6038058604995625,0.4733303847854925,-0.03443794671864853,-0.023653088042049908,-0.0977534911961141
2025-08-13,372.75,325989.0,167774.0,396.75,788739.0,249115.0,-24.0,-0.06438631790727194,-32528.0,31304.0,-63832.0,0.6734801196234644,0.41330402072168304,0.003364737550471064,-0.019078947368421084,-0.0687070580886946
2025-08-14,376.0,303212.0,112000.0,398.25,797139.0,186631.0,-22.25,-0.059175531914736235,-22777.0,8400.0,-31177.0,0.6001146647663004,0.380375317228237,0.00871898054996656,-0.02083333333333337,-0.07160493827160497
2025-08-15,383.5,293035.0,129521.0,405.25,797828.0,202741.0,-21.75,-0.05671447196856137,-10177.0,689.0,-10866.0,0.6388495666885305,0.36729094491544495,0.019946808510638236,0.0019595035924233617,-0.04423676012461064
2025-08-18,382.75,281768.0,104730.0,406.25,815847.0,167859.0,-23.5,-0.06139777922910151,-11267.0,18019.0,-29286.0,0.6239165013493431,0.3453686781957887,-0.001955671447196883,-0.005198180636777128,-0.062461726883037305
2025-08-19,379.0,264679.0,79845.0,402.75,819067.0,141707.0,-23.75,-0.0626649076515497,-17089.0,3220.0,-20309.0,0.5634513467930268,0.3231469464646966,-0.009797517962116253,0.020188425302826385,-0.06246134817563387
2025-08-20,380.0,241826.0,109776.0,404.0,819974.0,143806.0,-24.0,-0.0631578947366759,-22853.0,907.0,-23760.0,0.7633617512482042,0.29491910719120323,0.0026385224274405594,0.019450033534540667,-0.048215403882279295
2025-08-21,387.5,224194.0,116898.0,412.0,833839.0,256769.0,-24.5,-0.06322580645144975,-17632.0,13865.0,-31497.0,0.45526523840494587,0.2688696498964425,0.019736842105263053,0.030585106382978733,-0.028213166144200663
2025-08-22,388.25,166237.0,108358.0,411.25,832390.0,180162.0,-23.0,-0.05924018029604832,-57957.0,-1449.0,-56508.0,0.6014475860614303,0.19971047225459196,0.001935483870967758,0.012385919165580184,-0.033001245330012474
2025-08-25,389.25,128240.0,123992.0,412.0,834884.0,195064.0,-22.75,-0.05844572896581003,-37997.0,2494.0,-40491.0,0.6356477873928524,0.15360217706890997,0.0025756600128783447,0.0169823644676681,-0.025657071339173942
2025-08-26,387.0,80835.0,170218.0,409.25,838348.0,266957.0,-22.25,-0.057493540051531025,-47405.0,3464.0,-50869.0,0.6376232876455735,0.09642177234275015,-0.005780346820809301,0.02110817941952514,-0.01526717557251911
2025-08-27,381.75,45810.0,108482.0,406.0,854543.0,204078.0,-24.25,-0.06352324819891678,-35025.0,16195.0,-51220.0,0.5315712619684605,0.05360760078778943,-0.013565891472868241,0.004605263157894779,-0.018637532133676138
2025-08-28,385.0,6606.0,81216.0,410.5,874978.0,208709.0,-25.5,-0.0662337662335942,-39204.0,20435.0,-59639.0,0.38913511156682085,0.007549904111874804,0.008513425016371867,-0.006451612903225823,-0.016602809706257937
2025-08-29,399.0,3227.0,7520.0,419.5,871220.0,277558.0,-20.5,-0.05137844611515945,-3379.0,-3758.0,379.0,0.027093436326821686,0.003704001285553587,0.036363636363636376,0.02768834513844176,0.012690355329949332
2025-09-02,382.5,2207.0,1546.0,422.75,870263.0,246406.0,-40.25,-0.10522875816965954,-1020.0,-957.0,-63.0,0.006274197868558371,0.002536014974783482,-0.041353383458646586,-0.017341040462427793,-0.017341040462427793
2025-09-03,397.75,1484.0,1025.0,417.75,861943.0,187053.0,-20.0,-0.05028284098038898,-723.0,-8320.0,7597.0,0.005479730343806272,0.0017216915735727284,0.039869281045751714,0.02777777777777768,0.02777777777777768
2025-09-04,399.0,759.0,863.0,420.0,859314.0,153762.0,-21.0,-0.05263157894723652,-725.0,-2629.0,1904.0,0.0056125700758314434,0.0008832626955920642,0.00314267756128217,0.04518664047151266,0.04862023653088032
2025-09-05,380.0,618.0,417.0,417.5,852452.0,166147.0,-37.5,-0.0986842105260561,-141.0,-6862.0,6721.0,0.0025098256363340747,0.0007249675055017752,-0.04761904761904767,-0.012987012987012991,0.0
2025-09-08,380.0,327.0,549.0,421.25,848697.0,133439.0,-41.25,-0.10855263157866171,-291.0,-3755.0,3464.0,0.004114239465223779,0.00038529651925245357,0.0,-0.04761904761904767,-0.01041666666666663
2025-09-09,401.0,265.0,146.0,419.5,849058.0,116928.0,-18.5,-0.04613466334153084,-62.0,361.0,-423.0,0.0012486316365626603,0.000312110597862572,0.0552631578947369,0.048366013071895475,0.04768125408229906
2025-09-10,380.0,227.0,57.0,417.0,847269.0,98507.0,-37.0,-0.09736842105237535,-38.0,-1789.0,1751.0,0.000578639081486589,0.0002679196335520357,-0.052369077306733125,-0.044626021370207436,-0.012345679012345734
2025-09-11,376.0,52.0,120.0,419.75,851601.0,138704.0,-43.75,-0.11635638297841396,-175.0,4332.0,-4507.0,0.0008651516899296282,6.106145953327901e-05,-0.010526315789473717,-0.057644110275689275,0.01211305518169592
2025-09-12,,36.0,37.0,427.25,849543.0,363844.0,,,-16.0,-2058.0,2042.0,0.00010169193390573955,4.2375724360038226e-05,0.0,-0.010526315789473717,0.00871898054996656
2025-09-15,423.25,832723.0,192792.0,441.0,292165.0,47758.0,-17.75,-0.04193738924975325,832687.0,-557378.0,1390065.0,4.036852464508479,2.850180548662561,0.12566489361702127,0.1138157894736842,0.12566489361702127
2025-09-16,428.5,840309.0,178779.0,446.25,298059.0,48310.0,-17.75,-0.04142357059500251,7586.0,5894.0,1692.0,3.700662388739315,2.819270681308054,0.012404016538688722,0.06857855361595999,0.1173402868318123
2025-09-17,426.75,842604.0,146851.0,444.5,297580.0,54777.0,-17.75,-0.041593438781390525,2295.0,-479.0,2774.0,2.6808879639264167,2.831520935546734,-0.0040840140023337135,0.12302631578947376,0.11495754408883085
2025-09-18,424.0,835078.0,113263.0,441.75,300309.0,34380.0,-17.75,-0.041863207547071075,-7526.0,2729.0,-10255.0,3.294444444444349,2.7807291822755804,-0.006444053895723445,0.12765957446808507,0.1187335092348285
2025-09-19,424.0,834005.0,162409.0,441.25,305612.0,50971.0,-17.25,-0.04068396226405499,-1073.0,5303.0,-6376.0,3.186302014871139,2.7289667944975893,0.0,0.12765957446808507,0.11578947368421044
2025-09-22,421.75,823431.0,189769.0,438.75,302836.0,57003.0,-17.0,-0.040308239478268386,-10574.0,-2776.0,-7798.0,3.329105485676134,2.719065764968489,-0.005306603773584939,-0.0035440047253396667,0.08838709677419354
2025-09-23,425.5,825997.0,145931.0,442.25,301454.0,45199.0,-16.75,-0.03936545240883815,2566.0,-1382.0,3948.0,3.228633376844549,2.740043257014328,0.00889152341434496,-0.007001166861143493,0.09594333547971678
2025-09-24,424.0,819886.0,134256.0,440.75,302416.0,36114.0,-16.75,-0.039504716981038905,-6111.0,962.0,-7073.0,3.7175610566538264,2.7111197820221062,-0.003525264394829586,-0.006444053895723445,0.0892742453436095
2025-09-25,425.0,823224.0,146851.0,441.75,305728.0,49216.0,-16.75,-0.03941176470578962,3338.0,3312.0,26.0,2.983806079323737,2.6926679924638806,0.002358490566037652,0.002358490566037652,0.09819121447028434
2025-09-26,421.75,807029.0,131813.0,438.75,309694.0,39744.0,-17.0,-0.040308239478268386,-16195.0,3966.0,-20161.0,3.3165509259258426,2.6058916220527277,-0.007647058823529451,-0.005306603773584939,0.10478061558611662
2025-09-29,421.25,802928.0,146154.0,438.5,314597.0,38562.0,-17.25,-0.04094955489604522,-4101.0,4903.0,-9004.0,3.7901042477048965,2.552243028382335,-0.0011855364552459946,-0.0011855364552459946,0.0941558441558441
2025-09-30,415.75,796993.0,279177.0,431.75,323250.0,93763.0,-16.0,-0.03848466626569216,-5935.0,8653.0,-14588.0,2.9774751234495165,2.465562258313991,-0.013056379821958508,-0.02291421856639253,0.04197994987468667
2025-10-01,418.25,800920.0,285170.0,434.25,334085.0,98996.0,-16.0,-0.038254632396800346,3927.0,10835.0,-6908.0,2.8806214392500413,2.397353966804848,0.006013229104028905,-0.013561320754716943,0.09346405228758159
2025-10-02,421.0,806589.0,192896.0,437.25,338405.0,64088.0,-16.25,-0.03859857482176105,5669.0,4320.0,1349.0,3.009861440519239,2.383502016814165,0.006575014943215773,-0.009411764705882342,0.05845380263984912
2025-10-03,419.25,797271.0,179524.0,436.75,338053.0,71210.0,-17.5,-0.04174120453180265,-9318.0,-352.0,-8966.0,2.5210504142676236,2.3584201293879885,-0.004156769596199483,-0.005927682276229973,0.050751879699248104
2025-10-06,421.75,796524.0,141859.0,438.5,342502.0,42733.0,-16.75,-0.03971547125064679,-747.0,4449.0,-5196.0,3.319659279713493,2.325603938079187,0.005963029218843063,0.001186943620178127,0.1098684210526315
2025-10-07,419.0,793763.0,219828.0,435.75,358443.0,112486.0,-16.75,-0.03997613365145591,-2761.0,15941.0,-18702.0,1.9542698646942556,2.2144748258439915,-0.00652045050385297,0.007817197835237488,0.10263157894736841
2025-10-08,422.0,800496.0,167360.0,437.5,358612.0,78418.0,-15.5,-0.036729857819818176,6733.0,169.0,6564.0,2.134203881761813,2.232206395770353,0.007159904534606243,0.00896592946802155,0.052369077306733125
2025-10-09,418.25,795860.0,207206.0,434.25,364859.0,111236.0,-16.0,-0.038254632396800346,-4636.0,6247.0,-10883.0,1.8627602574705862,2.1812809879980977,-0.008886255924170583,-0.0065320665083135054,0.10065789473684217
2025-10-10,414.25,810959.0,233653.0,430.0,381786.0,83936.0,-15.75,-0.03802051901016772,15099.0,16927.0,-1828.0,2.783704250857763,2.1241192710052172,-0.009563658099222994,-0.011926058437686349,0.10172872340425543
2025-10-13,411.0,811077.0,181175.0,427.25,381785.0,73056.0,-16.25,-0.03953771289528093,118.0,-1.0,119.0,2.4799468900569086,2.1244339091373363,-0.007845503922751962,-0.025489033787788995,0.09308510638297873
2025-10-14,413.0,801281.0,192433.0,429.25,386430.0,84369.0,-16.25,-0.03934624697327035,-9796.0,4645.0,-14441.0,2.280849601156796,2.0735476024118156,0.0048661800486617945,-0.014319809069212375,-0.02421736562315413
2025-10-15,416.75,789452.0,195171.0,432.75,388722.0,77812.0,-16.0,-0.03839232153560074,-11829.0,2292.0,-14121.0,2.508237803937664,2.030890970925232,0.009079903147699797,-0.012440758293838838,-0.02742123687281217
2025-10-16,421.5,784881.0,304262.0,435.75,400742.0,150002.0,-14.25,-0.03380782918141446,-4571.0,12020.0,-16591.0,2.0283862881828107,1.958569353848606,0.01139772045590881,0.0077704722056186615,-0.012302284710017597
2025-10-17,422.5,777668.0,185452.0,436.5,401025.0,84956.0,-14.0,-0.033136094674477784,-7213.0,283.0,-7496.0,2.1829182164885093,1.9392007979552348,0.0023724792408066353,0.01991550995775504,-0.003537735849056589
2025-10-20,423.5,767650.0,179465.0,437.25,404995.0,69823.0,-13.75,-0.032467532467455804,-10018.0,3970.0,-13988.0,2.570284863153938,1.8954554994506059,0.002366863905325367,0.03041362530413627,-0.001179245283018826
2025-10-21,419.5,760197.0,181051.0,434.75,413917.0,71473.0,-15.25,-0.03635280095342944,-7453.0,8922.0,-16375.0,2.5331383879226763,1.8365928434927732,-0.009445100354191216,0.0157384987893463,-0.005334914048606976
2025-10-22,423.0,757156.0,186819.0,436.25,420528.0,80548.0,-13.25,-0.03132387706848387,-3041.0,6611.0,-9652.0,2.3193499528231323,1.8004889091808352,0.008343265792610355,0.014997000599880073,-0.005875440658049347
2025-10-23,427.5,761344.0,206571.0,440.0,429374.0,101270.0,-12.5,-0.02923976608180295,4188.0,8846.0,-4658.0,2.0398044830650535,1.7731488166493505,0.010638297872340496,0.014234875444839812,0.008254716981132004
2025-10-24,423.25,754980.0,211852.0,437.75,435038.0,104489.0,-14.5,-0.03425871234486885,-6364.0,5664.0,-12028.0,2.0275052876379136,1.7354346057126004,-0.009941520467836251,0.0017751479289940253,-0.004117647058823559
2025-10-27,428.0,733586.0,295622.0,443.25,437982.0,145056.0,-15.25,-0.03563084112141208,-21394.0,2944.0,-24338.0,2.0379853298036483,1.674922713718825,0.011222681630242093,0.010625737898465104,0.014819205690574933
2025-10-28,431.25,715271.0,378016.0,445.5,437468.0,215857.0,-14.25,-0.033043478260792944,-18315.0,-514.0,-17801.0,1.7512334554820936,1.6350247332376273,0.007593457943925186,0.028009535160905763,0.023738872403560762
2025-10-29,434.25,689660.0,239879.0,447.0,438246.0,157844.0,-12.75,-0.029360967184733768,-25611.0,778.0,-26389.0,1.5197220040039436,1.5736823610483575,0.006956521739130528,0.02659574468085113,0.044497895369813634
2025-10-30,429.25,670246.0,301183.0,443.0,443530.0,158864.0,-13.75,-0.03203261502613388,-19414.0,5284.0,-24698.0,1.8958543156410397,1.5111627172908224,-0.011514104778353462,0.004093567251461927,0.026300059772863094
2025-10-31,430.5,661306.0,214312.0,443.25,441115.0,127060.0,-12.75,-0.029616724738607162,-8940.0,-2415.0,-6525.0,1.686699197229642,1.499169150901689,0.0029120559114734768,0.017129356172474797,0.0225653206650831
2025-11-03,434.5,653871.0,207957.0,446.5,447211.0,109257.0,-12.0,-0.027617951668521018,-7435.0,6096.0,-13531.0,1.9033746121529795,1.462108490175775,0.009291521486643362,0.015186915887850372,0.03637447823494333
2025-11-04,430.75,642443.0,183033.0,444.75,451453.0,114456.0,-14.0,-0.032501450957556584,-11428.0,4242.0,-15670.0,1.5991560075487383,1.4230562206918518,-0.008630609896432717,-0.001159420289855051,0.021339656194427903
2025-11-05,434.75,628029.0,201307.0,449.0,462888.0,115841.0,-14.25,-0.03277745830929781,-14414.0,11435.0,-25849.0,1.737787139268465,1.3567623269559779,0.009286128845037656,0.0011514104778354017,0.0375894988066825
2025-11-06,428.75,609681.0,228266.0,443.0,468140.0,122797.0,-14.25,-0.03323615160342103,-18348.0,5252.0,-23600.0,1.8588890608076594,1.3023475883282751,-0.013801035077630863,-0.0011648223645893685,0.015995260663507205
2025-11-07,426.75,582623.0,186066.0,442.0,477537.0,114033.0,-15.25,-0.03573520796711017,-27058.0,9397.0,-36455.0,1.6316855647049395,1.2200583410290695,-0.004664723032069995,-0.008710801393728262,0.020322773460848875
2025-11-10,429.25,549705.0,220392.0,444.0,502897.0,149131.0,-14.75,-0.03436225975530725,-32918.0,25360.0,-58278.0,1.477841629171658,1.0930767135218522,0.005858230814294041,-0.012082853855005737,0.03621001810500912
2025-11-11,431.5,505590.0,221848.0,446.25,506392.0,165446.0,-14.75,-0.03418308227106794,-44115.0,3495.0,-47610.0,1.3409088161696183,0.9984162467021577,0.005241700640652214,0.0017411491584444772,0.04987834549878345
2025-11-12,435.0,483348.0,271699.0,449.0,512494.0,215669.0,-14.0,-0.03218390804590303,-22242.0,6102.0,-28344.0,1.25979626186424,0.9431290902917869,0.008111239860950192,0.0005750431282345314,0.0532687651331718
2025-11-13,442.0,450169.0,400924.0,455.0,563744.0,304493.0,-13.0,-0.029411764705815812,-33179.0,51250.0,-84429.0,1.3166936514139855,0.7985344411647826,0.016091954022988464,0.03090379008746358,0.060587882423515316
2025-11-14,430.0,414388.0,411585.0,443.5,576329.0,314292.0,-13.5,-0.03139534883713629,-35781.0,12585.0,-48366.0,1.3095624451147299,0.7190129249092085,-0.02714932126696834,0.007615700058582364,0.02016607354685651
2025-11-17,434.75,393282.0,219642.0,447.75,579528.0,173671.0,-13.0,-0.029902242668131334,-21106.0,3199.0,-24305.0,1.2647016485193197,0.6786246738725296,0.01104651162790704,0.012813046010483387,0.028994082840236635
2025-11-18,435.5,376028.0,162294.0,448.75,585736.0,140864.0,-13.25,-0.030424799081445637,-17254.0,6208.0,-23462.0,1.152132553384817,0.6419752243331456,0.0017251293847038163,0.009269988412514474,0.02833530106257376
2025-11-19,429.75,345372.0,198902.0,442.0,598157.0,178328.0,-12.25,-0.0285049447352449,-30656.0,12421.0,-43077.0,1.1153716746668998,0.5773935605534991,-0.01320321469575203,-0.012068965517241348,0.02443384982121577
2025-11-20,426.25,308966.0,195292.0,437.75,619695.0,227070.0,-11.5,-0.02697947214069917,-36406.0,21538.0,-57944.0,0.860051966353984,0.49857752604103545,-0.00814426992437467,-0.03563348416289591,0.0076832151300236795
2025-11-21,425.75,223441.0,194578.0,437.5,646444.0,195235.0,-11.75,-0.02759835584256583,-85525.0,26749.0,-112274.0,0.9966348246984353,0.345646335954854,-0.001173020527859281,-0.009883720930232598,-0.004093567251462038
2025-11-24,424.0,154559.0,227312.0,437.0,682949.0,259740.0,-13.0,-0.030660377358418256,-68882.0,36505.0,-105387.0,0.8751520751520718,0.2263111886831956,-0.004110393423370495,-0.024726854514088514,0.0017720023626697223
2025-11-25,423.5,77870.0,227795.0,437.75,716267.0,281855.0,-14.25,-0.03364817001172692,-76689.0,33318.0,-110007.0,0.8081992513881222,0.10871644233225862,-0.001179245283018826,-0.027554535017221604,-0.010514018691588745
2025-11-26,428.0,13468.0,158325.0,445.5,745324.0,310045.0,-17.5,-0.04088785046719419,-64402.0,29057.0,-93459.0,0.5106516795948959,0.018069993720851576,0.010625737898465104,-0.004072134962187279,-0.007536231884057942
2025-11-28,426.5,8066.0,8642.0,447.5,739987.0,87644.0,-21.0,-0.04923798358722336,-5402.0,-5337.0,-65.0,0.09860344119391973,0.010900191489850481,-0.003504672897196248,0.0005865102639295294,-0.01784686240644795
2025-12-01,433.5,5861.0,3265.0,445.0,727008.0,168991.0,-11.5,-0.0265282583621072,-2205.0,-12979.0,10774.0,0.01932055553254304,0.0080618094986575,0.016412661195779554,0.018203170874926622,0.00990099009900991
2025-12-02,436.5,4358.0,2267.0,449.5,738669.0,211525.0,-13.0,-0.029782359679198667,-1503.0,11661.0,-13164.0,0.01071740928968202,0.005899800858029772,0.006920415224913601,0.02948113207547176,0.013937282229965264
2025-12-03,431.0,3888.0,1340.0,443.0,730114.0,187591.0,-12.0,-0.027842227378125656,-470.0,-8555.0,8085.0,0.007143199833680683,0.005325195791342167,-0.012600229095074411,0.017709563164108655,-0.008055235903337121
2025-12-04,435.0,3395.0,1242.0,446.25,730678.0,151430.0,-11.25,-0.02586206896545779,-493.0,564.0,-1057.0,0.00820180941689224,0.004646369536238939,0.009280742459396807,0.016355140186915973,0.009866511897852481
2025-12-05,435.5,2517.0,1038.0,444.5,727826.0,112552.0,-9.0,-0.020665901262868734,-878.0,-2852.0,1974.0,0.009222403866657108,0.0034582441407699045,0.0011494252873562871,0.021101992966002348,0.0017251293847038163
2025-12-08,434.0,1423.0,1738.0,443.5,724884.0,114701.0,-9.5,-0.02188940092160855,-1094.0,-2942.0,1848.0,0.01515243982179741,0.0019630727123236243,-0.003444316877152742,0.0011534025374855261,0.012244897959183598
2025-12-09,435.0,,873.0,447.75,,168071.0,-12.75,-0.029310344827518826,,,,0.005194233389460376,,0.0023041474654377225,-0.0034364261168384758,0.019332161687170446
