date,s1_bid,s1_oi,s1_vol,s2_bid,s2_oi,s2_vol,spread_c1_c2,spread_pct,d_c1_oi,d_c2_oi,roll_pressure,vol_ratio,oi_ratio,ret_1d,ret_5d,ret_21d
2020-12-09,1158.25,208104.0,121502.0,1163.5,300525.0,90650.0,-5.25,-0.004532700194254667,,,,1.3403419746276741,0.6924681806838011,,,
2020-12-10,1154.0,193333.0,202110.0,1157.0,311111.0,121428.0,-3.0,-0.0025996533795471406,-14771.0,10586.0,-25357.0,1.6644431267911712,0.6214277219384702,-0.003669328728685528,,
2020-12-11,1156.0,179304.0,129424.0,1160.0,326259.0,82893.0,-4.0,-0.0034602076124537542,-14029.0,15148.0,-29177.0,1.5613381105762663,0.5495756438902818,0.0017331022530329143,,
2020-12-14,1168.5,171289.0,101997.0,1173.5,326249.0,58809.0,-5.0,-0.004278990158318974,-8015.0,-10.0,-8005.0,1.7343773912156009,0.525025364062417,0.010813148788927363,,
2020-12-15,1182.5,163535.0,128713.0,1189.0,334272.0,71589.0,-6.5,-0.005496828752638057,-7754.0,8023.0,-15777.0,1.7979438181843328,0.48922733582232286,0.011981172443303434,,
2020-12-16,1181.75,148691.0,122886.0,1185.0,350634.0,95554.0,-3.25,-0.002750158662997461,-14844.0,16362.0,-31206.0,1.2860372145592933,0.4240632682512237,-0.0006342494714587366,0.020289229440966894,
2020-12-17,1204.5,141343.0,125030.0,1205.5,363880.0,102177.0,-1.0,-0.0008302200083015108,-7348.0,13246.0,-20594.0,1.2236609021599654,0.38843299989007257,0.019251110640998492,0.04376083188908142,
2020-12-18,1217.0,129368.0,110919.0,1220.5,376005.0,102066.0,-3.5,-0.002875924404270439,-11975.0,12125.0,-24100.0,1.0867379930633012,0.34405925453118885,0.010377750103777394,0.052768166089965485,
2020-12-21,1241.5,118882.0,129147.0,1247.0,389479.0,154422.0,-5.5,-0.004430124848969448,-10486.0,13474.0,-23960.0,0.8363251350196163,0.30523340154411327,0.020131470829909626,0.06247325631151046,
2020-12-22,1247.75,102115.0,102551.0,1251.0,391121.0,127913.0,-3.25,-0.0026046884391884555,-16767.0,1642.0,-18409.0,0.8017246096956462,0.2610828873929033,0.005034232782923809,0.0551797040169133,
2020-12-23,1256.0,86074.0,93382.0,1262.0,394312.0,121837.0,-6.0,-0.004777070063690464,-16041.0,3191.0,-19232.0,0.7664502573109911,0.21828907058369967,0.006611901422560518,0.06283054791622589,
2020-12-24,1261.0,61607.0,41312.0,1261.25,399338.0,69536.0,-0.25,-0.00019825535289437094,-24467.0,5026.0,-29493.0,0.5941095260009118,0.15427282151961458,0.00398089171974525,0.046907430469074196,
2020-12-28,1249.0,33750.0,56756.0,1256.75,400329.0,147552.0,-7.75,-0.0062049639711719735,-27857.0,991.0,-28848.0,0.38465083495987595,0.08430565859580474,-0.009516256938937317,0.02629416598192269,
2020-12-29,1295.0,15691.0,43283.0,1296.0,409271.0,162644.0,-1.0,-0.0007722007722001759,-18059.0,8942.0,-27001.0,0.26612109884164026,0.038338900141959634,0.03682946357085659,0.0430930326218284,
2020-12-30,1295.5,6001.0,24625.0,1298.0,411939.0,150666.0,-2.5,-0.00192975685063533,-9690.0,2668.0,-12358.0,0.16344098867693999,0.01456769084743126,0.0003861003861003187,0.03826888399118422,
2020-12-31,1312.0,4198.0,3634.0,1307.0,410499.0,115566.0,5.0,0.0038109756097531927,-1803.0,-1440.0,-363.0,0.0314452347576274,0.010226577896657459,0.012736395214203,0.04458598726114649,
2021-01-04,1307.0,3071.0,2421.0,1311.0,412568.0,200649.0,-4.0,-0.0030604437643434886,-1127.0,2069.0,-3196.0,0.012065846328663428,0.007443621415136396,-0.003810975609756073,0.03647898493259327,
2021-01-05,1342.0,2499.0,1194.0,1356.75,407859.0,204605.0,-14.75,-0.010991058122197472,-572.0,-4709.0,4137.0,0.005835634515285522,0.006127117459710326,0.026778882938025994,0.07445956765412332,
2021-01-06,1345.0,1962.0,880.0,1368.0,408541.0,161320.0,-23.0,-0.01710037174719918,-537.0,682.0,-1219.0,0.0054549962806843206,0.00480245556749505,0.0022354694485842153,0.03861003861003853,
2021-01-07,1350.0,1133.0,1097.0,1355.0,406514.0,150334.0,-5.0,-0.0037037037037009604,-829.0,-2027.0,1198.0,0.007297085157050253,0.002787111882985573,0.0037174721189590088,0.042068699343882576,
2021-01-08,1351.75,689.0,810.0,1375.0,405929.0,140360.0,-23.25,-0.01719992602181084,-444.0,-585.0,141.0,0.005770874893131906,0.0016973411606463157,0.001296296296296351,0.030297256097560954,
2021-01-11,1374.5,462.0,365.0,1372.5,392369.0,143484.0,2.0,0.0014550745725707857,-227.0,-13560.0,13333.0,0.002543837640433759,0.0011774630513623626,0.01683003513963377,0.05164498852333588,0.18670407943017486
2021-01-12,1351.75,199.0,331.0,1418.0,389247.0,167397.0,-66.25,-0.04901054189010615,-263.0,-3122.0,2859.0,0.001977335316642461,0.0005112435034823633,-0.016551473263004768,0.0072652757078985886,0.1713604852686308
2021-01-13,1271.5,52.0,242.0,1405.0,382289.0,137450.0,-133.5,-0.10499410145489187,-147.0,-6958.0,6811.0,0.001760640232811919,0.00013602274718864488,-0.05936748659145552,-0.054646840148698916,0.09991349480968847
2021-01-14,,11.0,12.0,1432.25,378606.0,109224.0,,,-41.0,-3683.0,3642.0,0.0001098659635244991,2.905395054489356e-05,0.0,-0.05814814814814817,0.08814719726144626
2021-01-15,1421.75,375156.0,102084.0,1414.75,172516.0,36396.0,7.0,0.0049235097590962385,375145.0,-206090.0,581235.0,2.8048137157928674,2.1746156878202476,0.11816751867872588,0.0517847235065656,0.20232558139534884
2021-01-19,1385.0,366235.0,129335.0,1383.0,172091.0,48297.0,2.0,0.0014440433212985963,-8921.0,-425.0,-8496.0,2.6779096010103594,2.128147317407638,-0.025848426235273392,0.0076391415060022005,0.17199069177067905
2021-01-20,1368.75,358270.0,182300.0,1362.25,173185.0,53327.0,6.5,0.004748858447485115,-7965.0,1094.0,-9059.0,3.418530950550314,2.0687126483240346,-0.011732851985559511,0.012576289994451706,0.13636363636363646
2021-01-21,1367.5,352896.0,118977.0,1365.0,174200.0,34117.0,2.5,0.0018281535648981147,-5374.0,1015.0,-6389.0,3.487323035436777,2.0258094144661194,-0.0009132420091324533,0.07550137632717258,0.1236647493837304
2021-01-22,1307.75,338462.0,203991.0,1311.5,176526.0,70399.0,-3.75,-0.002867520550561753,-14434.0,2326.0,-16760.0,2.8976405914856334,1.9173492856576262,-0.04369287020109691,0.028509634290208474,0.053362867498993216
2021-01-25,1345.75,332410.0,150390.0,1343.0,177441.0,47324.0,2.75,0.002043470183910798,-6052.0,915.0,-6967.0,3.1778801453807124,1.8733550870430067,0.02905754157904794,-0.0534552488130825,0.0785413744740533
2021-01-26,1368.75,328931.0,116570.0,1369.0,182148.0,46000.0,-0.25,-0.00018264840182635059,-3479.0,4707.0,-8186.0,2.5341304347825537,1.8058446977183291,0.01709084153817564,-0.011732851985559511,0.08976910828025475
2021-01-27,1370.75,312837.0,176959.0,1370.0,185524.0,78654.0,0.75,0.000547145723143865,-16094.0,3376.0,-19470.0,2.249841076105446,1.686234665056803,0.0014611872146119698,0.0014611872146119698,0.08703409992069777
2021-01-28,1350.0,307001.0,147312.0,1347.75,184991.0,71449.0,2.25,0.001666666666665432,-5836.0,-533.0,-5303.0,2.0617783313971914,1.6595455995156432,-0.015137698340324635,-0.012797074954296161,0.08086469175340283
2021-01-29,1363.75,305373.0,140139.0,1361.0,186293.0,64239.0,2.75,0.002016498625113095,-1628.0,1302.0,-2930.0,2.1815252416755837,1.6392081291299103,0.010185185185185075,0.04282164022175494,0.05308880308880304
2021-02-01,1365.0,300123.0,122610.0,1363.0,189703.0,56122.0,2.0,0.0014652014652003918,-5250.0,3410.0,-8660.0,2.184704750365237,1.5820677585488814,0.0009165902841430373,0.014304291287386306,0.053647240447703526
2021-02-02,1351.0,299187.0,101229.0,1344.0,188845.0,43557.0,7.0,0.005181347150255232,-936.0,-858.0,-78.0,2.3240581307252035,1.584299293071029,-0.01025641025641022,-0.012968036529680371,0.029725609756097615
2021-02-03,1368.0,295750.0,104412.0,1362.75,192480.0,48151.0,5.25,0.0038377192982428088,-3437.0,3635.0,-7072.0,2.1684284853896667,1.5365232751454618,0.012583271650629113,-0.002006200984862261,0.04667176740627399
2021-02-04,1370.0,291246.0,105595.0,1363.0,191770.0,66828.0,7.0,0.005109489051091161,-4504.0,-710.0,-3794.0,1.5801011552043815,1.5187255566564035,0.0014619883040936088,0.014814814814814836,0.02086438152011927
2021-02-05,1366.75,270906.0,125252.0,1365.0,206118.0,86959.0,1.75,0.0012804097311130197,-20340.0,14348.0,-34688.0,1.4403569498269133,1.3143248042383426,-0.0023722627737226,0.002199816681943245,0.016171003717472043
2021-02-08,1389.0,255638.0,132805.0,1389.0,213979.0,89280.0,0.0,0.0,-15268.0,7861.0,-23129.0,1.4875112007168292,1.1946873291304232,0.016279495152734524,0.01758241758241752,0.028888888888888964
2021-02-09,1404.25,236722.0,183992.0,1402.0,234957.0,114104.0,2.25,0.0016022787965094519,-18916.0,20978.0,-39894.0,1.6124938652457266,1.007512012836387,0.010979121670266379,0.03941524796447071,0.038838542629924255
2021-02-10,1352.5,222032.0,171264.0,1352.5,254701.0,104938.0,0.0,0.0,-14690.0,19744.0,-34434.0,1.632049400598433,0.8717358785399316,-0.03685241231974368,-0.011330409356725135,-0.01600582029829034
2021-02-11,1368.0,205732.0,133481.0,1361.5,269773.0,92718.0,6.5,0.00475146198830062,-16300.0,15072.0,-31372.0,1.43964494488663,0.7626115289521163,0.01146025878003698,-0.0014598540145985828,0.012021453671166915
2021-02-12,1371.0,195952.0,89711.0,1362.5,274257.0,58887.0,8.5,0.006199854121074982,-9780.0,4484.0,-14264.0,1.5234432047820143,0.7144831307860849,0.002192982456140413,0.00310956648984817,0.0782540306724342
2021-02-16,1385.0,174951.0,115890.0,1382.5,275168.0,95224.0,2.5,0.0018050541516232454,-21001.0,911.0,-21912.0,1.2170251197177053,0.6357970403535272,0.010211524434719177,-0.0028797696184305055,0.08926464805348022
2021-02-17,1384.0,166991.0,75855.0,1384.75,281494.0,68554.0,-0.75,-0.0005419075144504755,-7960.0,6326.0,-14286.0,1.106499985412943,0.5932311168266443,-0.0007220216606498298,-0.014420509168595386,-0.0265517847722877
2021-02-18,1377.0,150525.0,114634.0,1379.75,296114.0,85745.0,-2.75,-0.001997095134348586,-16466.0,14620.0,-31086.0,1.3369176045250295,0.5083346278798013,-0.005057803468208055,0.018114602587800288,-0.005776173285198527
2021-02-19,1374.75,99633.0,140822.0,1379.0,322754.0,118332.0,-4.25,-0.003091471176575311,-50892.0,26640.0,-77532.0,1.1900584795321536,0.30869640655111846,-0.0016339869281045694,0.004934210526315708,0.004383561643835687
2021-02-22,1380.0,70941.0,124120.0,1388.5,339586.0,131827.0,-8.5,-0.006159420289850609,-28692.0,16832.0,-45524.0,0.9415370144204076,0.2089043717938896,0.003818876159301654,0.006564551422319376,0.009140767824497242
2021-02-23,1405.5,48129.0,88637.0,1408.0,360520.0,169884.0,-2.5,-0.0017787264318735122,-22812.0,20934.0,-43746.0,0.521750135386496,0.1334988350160875,0.018478260869565277,0.014801444043321288,0.07474670235136682
2021-02-24,1420.0,21712.0,66143.0,1420.25,361949.0,140127.0,-0.25,-0.00017605633802804504,-26417.0,1429.0,-27846.0,0.4720218087877392,0.0599863516683288,0.010316613304873767,0.026011560693641522,0.055173694965632514
2021-02-25,1407.0,5150.0,44673.0,1405.0,360501.0,184671.0,2.0,0.001421464108030262,-16562.0,-1448.0,-15114.0,0.24190587585489742,0.014285674658322685,-0.009154929577464777,0.02178649237472774,0.027945205479452007
2021-02-26,1380.0,2734.0,5701.0,1406.25,356633.0,117310.0,-26.25,-0.019021739130421,-2416.0,-3868.0,1452.0,0.04859773250362246,0.0076661441874419705,-0.019189765458422214,0.003818876159301654,0.006748130585445988
2021-03-01,1391.0,1943.0,1258.0,1392.5,356975.0,106588.0,-1.5,-0.0010783608914442283,-791.0,342.0,-1133.0,0.011802454310053553,0.005442958190349449,0.007971014492753614,0.007971014492753614,0.03037037037037038
2021-03-02,1385.0,1489.0,680.0,1412.5,353265.0,110167.0,-27.5,-0.0198555956678557,-454.0,-3710.0,3256.0,0.006172447284576995,0.004214966101934796,-0.004313443565780006,-0.014585556741373185,0.015582034830430747
2021-03-03,1405.0,1028.0,619.0,1407.5,351828.0,83314.0,-2.5,-0.0017793594306037158,-461.0,-1437.0,976.0,0.007429723695897359,0.0029218822833884657,0.014440433212996373,-0.010563380281690127,0.0293040293040292
2021-03-04,1405.0,777.0,385.0,1410.0,353933.0,140366.0,-5.0,-0.0035587188612074315,-251.0,2105.0,-2356.0,0.002742829460125652,0.0021953307546908533,0.0,-0.001421464108031234,0.0399703923019985
2021-03-05,1420.0,704.0,171.0,1430.0,356513.0,94022.0,-10.0,-0.007042253521121801,-73.0,2580.0,-2653.0,0.0018187232775307713,0.001974682550145431,0.01067615658362997,0.02898550724637672,0.03801169590643272
2021-03-08,1430.0,581.0,149.0,1433.0,358690.0,103932.0,-3.0,-0.0020979020979006308,-123.0,2177.0,-2300.0,0.0014336296809452195,0.0016197830996124744,0.007042253521126751,0.028037383177569986,0.04379562043795615
2021-03-09,1405.0,451.0,186.0,1439.75,352602.0,115316.0,-34.75,-0.024733096085391648,-130.0,-6088.0,5958.0,0.001612959173054896,0.0012790625124077537,-0.0174825174825175,0.014440433212996373,0.02798609840863353
2021-03-10,1405.0,166.0,340.0,1410.0,347640.0,124169.0,-5.0,-0.0035587188612074315,-285.0,-4962.0,4677.0,0.0027382035773824164,0.0004775054654240005,0.0,0.0,0.011519078473722022
2021-03-11,1336.5,26.0,180.0,1413.5,342592.0,95557.0,-77.0,-0.057613168724236725,-140.0,-5048.0,4908.0,0.0018836924558116948,7.589202316458039e-05,-0.048754448398576566,-0.048754448398576566,-0.048246394872707876
2021-03-12,,3.0,25.0,1410.0,337704.0,100480.0,,,-23.0,-4888.0,4865.0,0.00024880573248407394,8.883519295003882e-06,0.0,-0.05880281690140843,-0.01182994454713493
2021-03-15,1419.0,332208.0,82218.0,1407.5,180822.0,39929.0,11.5,0.008104298801967509,332205.0,-156882.0,489087.0,2.0591049112173594,1.837210073995411,0.06172839506172845,-0.007692307692307665,0.037280701754385914
2021-03-16,1423.0,325805.0,71215.0,1407.75,185881.0,37661.0,15.25,0.010716795502452062,-6403.0,5059.0,-11462.0,1.8909481957462126,1.7527611751604428,0.0028188865398168783,0.012811387900355964,0.03792851932895691
2021-03-17,1413.75,320119.0,69409.0,1400.75,187967.0,41004.0,13.0,0.009195402298844071,-5686.0,2086.0,-7772.0,1.692737293922503,1.7030595796070498,-0.006500351370344326,0.006227758007117501,0.020758122743682383
2021-03-18,1391.75,319039.0,93486.0,1378.25,188804.0,44260.0,13.5,0.009700017962989258,-1080.0,837.0,-1917.0,2.1122006326253477,1.6897894112412783,-0.015561450044208613,0.041339319117096984,0.005599710982658879
2021-03-19,1415.0,318508.0,86775.0,1400.0,189840.0,36302.0,15.0,0.010600706713773427,-531.0,1036.0,-1567.0,2.390364167263446,1.6777707543194182,0.01670558649182685,0.05873550317994769,0.027596223674654974
2021-03-22,1416.0,315149.0,77293.0,1402.0,190122.0,30152.0,14.0,0.009887005649710533,-3359.0,282.0,-3641.0,2.5634452109311963,1.6576145843195336,0.0007067137809186885,-0.0021141649048626032,0.03000545553737033
2021-03-23,1422.25,314610.0,108200.0,1409.0,189836.0,60235.0,13.25,0.009316224292487737,-539.0,-286.0,-253.0,1.7962978334854853,1.6572725931856884,0.004413841807909602,-0.0005270555165144408,0.030615942028985543
2021-03-24,1431.5,312064.0,78103.0,1415.0,189194.0,49085.0,16.5,0.011526370939565822,-2546.0,-642.0,-1904.0,1.591178567790535,1.6494391999746205,0.006503779223062001,0.012555260831122794,0.01849875489149766
2021-03-25,1414.25,307757.0,104662.0,1400.25,189525.0,56548.0,14.0,0.009899239879787945,-4307.0,331.0,-4638.0,1.8508523732050322,1.6238332673789653,-0.012050296891372714,0.016166696604993813,-0.004049295774647854
2021-03-26,1400.0,308841.0,100389.0,1390.0,193487.0,61670.0,10.0,0.007142857142852041,1084.0,3962.0,-2878.0,1.6278417382843908,1.5961847565986265,-0.010076012020505565,-0.010600706713780883,-0.00497512437810943
2021-03-29,1390.0,305045.0,98533.0,1385.5,195315.0,47810.0,4.5,0.003237410071940117,-3796.0,1828.0,-5624.0,2.0609286760091603,1.561810408826759,-0.0071428571428571175,-0.01836158192090398,0.007246376811594235
2021-03-30,1366.5,301827.0,96925.0,1357.75,197178.0,44744.0,8.75,0.006403219904861761,-3218.0,1863.0,-5081.0,2.166212229572632,1.5307336518272754,-0.016906474820143846,-0.039198453155211865,-0.017613227893601757
2021-03-31,1436.75,296006.0,128593.0,1427.75,205455.0,101574.0,9.0,0.0062641378110274825,-5821.0,8277.0,-14098.0,1.2660031110323382,1.440733980677027,0.05140870837907063,0.003667481662591676,0.037364620938628246
2021-04-01,1401.25,286273.0,169783.0,1394.0,206949.0,117768.0,7.25,0.005173951828720661,-9733.0,1494.0,-11227.0,1.441673459683433,1.3833021662341864,-0.02470854358795893,-0.009192151316952502,-0.002669039145907437
2021-04-02,1401.25,286234.0,,1394.0,206977.0,,7.25,0.005173951828720661,-39.0,28.0,-67.0,,1.3829266053716047,0.0,0.0008928571428572507,-0.002669039145907437
2021-04-05,1411.0,284632.0,63975.0,1404.0,205605.0,39408.0,7.0,0.004961020552795917,-1602.0,-1372.0,-230.0,1.6234013398294351,1.3843632207387886,0.006958073148974231,0.015107913669064832,-0.006338028169014076
2021-04-06,1416.75,284668.0,81203.0,1409.0,203207.0,47331.0,7.75,0.005470266454910556,36.0,-2398.0,2434.0,1.7156409118759015,1.4008769382944417,0.00407512402551391,0.03677277716794736,-0.009265734265734293
2021-04-07,1407.5,279848.0,84843.0,1402.0,208462.0,57559.0,5.5,0.003907637655414631,-4820.0,5255.0,-10075.0,1.4740179641758635,1.3424413082480195,-0.006529027704252677,-0.020358447885853503,0.001779359430605032
2021-04-08,1415.0,264595.0,98187.0,1406.0,224341.0,77897.0,9.0,0.006360424028264056,-15253.0,15879.0,-31132.0,1.2604721619574404,1.1794322036542533,0.005328596802841812,0.009812667261373864,0.007117437722419906
2021-04-09,1403.0,246716.0,113734.0,1400.0,242798.0,92190.0,3.0,0.0021382751247311918,-17879.0,18457.0,-36336.0,1.2336912897277228,1.0161368709791638,-0.008480565371024706,0.0012488849241747424,0.04975682753460542
2021-04-12,1382.25,222019.0,134732.0,1376.0,266527.0,102693.0,6.25,0.004521613311626318,-24697.0,23729.0,-48426.0,1.3119881588813131,0.8330075376978662,-0.014789736279401278,-0.020375620127569105,0.034231200897867575
2021-04-13,1389.5,210160.0,119433.0,1383.0,285142.0,96049.0,6.5,0.004677941705646148,-11859.0,18615.0,-30474.0,1.2434590677674806,0.7370362836762009,0.005245071441490223,-0.01923416269631195,-0.020789288231148673
2021-04-14,1406.0,203858.0,113554.0,1400.5,298628.0,93320.0,5.5,0.003911806543382709,-6302.0,13486.0,-19788.0,1.2168238319759834,0.6826486464765505,0.011874775098956514,-0.001065719360568429,-0.011946591707659882
2021-04-15,1412.75,193639.0,85081.0,1409.5,305807.0,76933.0,3.25,0.002300477791539692,-10219.0,7179.0,-17398.0,1.1059103375664394,0.6332065649249342,0.004800853485064094,-0.0015901060070671047,-0.0007073386383731339
2021-04-16,1433.0,185947.0,88555.0,1418.0,316745.0,97086.0,15.0,0.010467550593153895,-7692.0,10938.0,-18630.0,0.9121294522382124,0.5870558335569603,0.014333746239603595,0.021382751247327247,0.02963894377582177
2021-04-19,1449.0,181192.0,78228.0,1435.75,327161.0,91840.0,13.25,0.009144237405100659,-4755.0,10416.0,-15171.0,0.8517857142857049,0.5538312940723358,0.011165387299371998,0.048290830168204124,0.024028268551236742
2021-04-20,1474.25,161453.0,91627.0,1457.75,334682.0,122053.0,16.5,0.011192131592327494,-19739.0,7521.0,-27260.0,0.7507148533833601,0.48240718054750337,0.017425810904071692,0.060993163008276285,0.04113700564971756
2021-04-21,1496.25,147300.0,88608.0,1477.0,347938.0,126879.0,19.25,0.012865497076014793,-14153.0,13256.0,-27409.0,0.6983661598846089,0.42335128672349553,0.014922842123113345,0.06418918918918926,0.05203023378449645
2021-04-22,1532.75,131275.0,115383.0,1514.5,357638.0,158657.0,18.25,0.011906703637245535,-16025.0,9700.0,-25725.0,0.7272480886440515,0.3670611064819724,0.0243943191311613,0.0849407184569102,0.07073000349283975
2021-04-23,1539.75,98477.0,112190.0,1514.25,362769.0,139849.0,25.5,0.01656113005356937,-32798.0,5131.0,-37929.0,0.8022223970139165,0.2714592481717008,0.004566954819768432,0.0744940683879971,0.08873961463673319
2021-04-26,1571.0,77482.0,84662.0,1540.5,364721.0,160823.0,30.5,0.019414385741553523,-20995.0,1952.0,-22947.0,0.5264296773471424,0.21244183910441075,0.02029550251664225,0.08419599723947546,0.12214285714285711
2021-04-27,1547.0,52604.0,77706.0,1518.25,368565.0,195808.0,28.75,0.018584356819638926,-24878.0,3844.0,-28722.0,0.3968479326687347,0.14272652042380546,-0.015276893698281335,0.049347125657113855,0.11294964028776988
2021-04-28,1547.0,19172.0,66001.0,1507.75,370885.0,188637.0,39.25,0.02537168713637662,-33432.0,2320.0,-35752.0,0.34988363894675834,0.05169257316958073,0.0,0.03391812865497079,0.13208927918038782
2021-04-29,1532.5,7130.0,22542.0,1500.5,371672.0,122271.0,32.0,0.02088091353995375,-12042.0,787.0,-12829.0,0.18436096866795737,0.019183581222152815,-0.009372979961215222,-0.00016310552927745192,0.06664346615625538
2021-04-30,1529.25,4422.0,4669.0,1534.0,373710.0,108723.0,-4.75,-0.0031060977603380047,-2708.0,2038.0,-4746.0,0.042943995290784444,0.011832704503491982,-0.002120717781402881,-0.006819288845591798,0.09134701159678849
2021-05-03,1529.0,3172.0,1617.0,1524.0,370249.0,107742.0,5.0,0.00327011118377811,-1250.0,-3461.0,2211.0,0.015008074845464025,0.008567207473889171,-0.0001634788294915257,-0.026734563971992364,0.09116859946476352
2021-05-04,1550.75,2045.0,1618.0,1540.0,365278.0,93057.0,10.75,0.006932129614698093,-1127.0,-4971.0,3844.0,0.01738719279581313,0.005598475681535692,0.014224983649444134,0.002424046541693592,0.09904323175053165
2021-05-05,1550.75,1649.0,631.0,1542.0,359479.0,87263.0,8.75,0.005642431081731006,-396.0,-5799.0,5403.0,0.0072310142901343384,0.004587194245004564,0.0,0.002424046541693592,0.0945826716075524
2021-05-06,1550.75,1227.0,588.0,1566.5,358033.0,112467.0,-15.75,-0.010156375947115812,-422.0,-1446.0,1024.0,0.005228200272079764,0.003427058399644716,0.0,0.01190864600326269,0.10177619893428069
2021-05-07,1605.0,762.0,508.0,1580.25,349906.0,108531.0,24.75,0.015420560747653944,-465.0,-8127.0,7662.0,0.0046806903096810615,0.0021777277325910325,0.034983072706754825,0.04953408533594894,0.13427561837455837
2021-05-10,1595.0,436.0,396.0,1587.0,344294.0,94978.0,8.0,0.005015673981188078,-326.0,-5612.0,5286.0,0.004169386594790329,0.0012663595647905532,-0.006230529595015577,0.043165467625899234,0.1368496079828938
2021-05-11,1595.0,364.0,128.0,1615.0,343499.0,116837.0,-20.0,-0.012539184952970194,-72.0,-795.0,723.0,0.0010955433638316534,0.0010596828520607017,0.0,0.028534580041915225,0.15391571712787133
2021-05-12,1627.75,316.0,172.0,1640.75,342661.0,153357.0,-13.0,-0.007986484410991868,-48.0,-838.0,790.0,0.0011215660191579054,0.000922194238620675,0.020532915360501613,0.0496533935192649,0.17146455559553786
2021-05-13,1448.25,50.0,199.0,1581.75,329910.0,164120.0,-133.5,-0.09218021750382036,-266.0,-12751.0,12485.0,0.001212527418961728,0.00015155648510199705,-0.11027491936722467,-0.06609704981460585,0.03004978662873392
2021-05-14,,22.0,22.0,1586.0,319606.0,104663.0,,,-28.0,-10304.0,10276.0,0.00021019844644238928,6.88347527893717e-05,0.0,-0.09766355140186911,0.02512829587683596
2021-05-17,1587.0,314338.0,84850.0,1525.0,36315.0,11064.0,62.0,0.039067422810309345,314316.0,-283291.0,597607.0,7.669016630512683,8.655872229106192,0.09580528223718288,-0.005015673981191182,0.10746685275645507
2021-05-18,1574.0,311791.0,100081.0,1521.0,38189.0,12493.0,53.0,0.03367217280811075,-2547.0,1874.0,-4421.0,8.01096614103834,8.164419073554999,-0.008191556395715227,-0.013166144200627006,0.0862663906142167
2021-05-19,1545.25,303006.0,125738.0,1484.25,38597.0,16429.0,61.0,0.03947581297522118,-8785.0,408.0,-9193.0,7.6534177369281355,7.850506516050268,-0.018265565438373543,-0.0506834587620949,0.04816008139732064
2021-05-20,1533.0,302031.0,74949.0,1476.75,39795.0,8877.0,56.25,0.03669275929547509,-975.0,1198.0,-2173.0,8.44305508617681,7.589672069355257,-0.007927519818799578,0.05851890212325217,0.024561403508772006
2021-05-21,1528.5,303742.0,87016.0,1455.0,39787.0,10391.0,73.5,0.048086359175630956,1711.0,-8.0,1719.0,8.374169954767744,7.634202126322477,-0.0029354207436399493,0.055411703780424704,-0.0027727939977165716
2021-05-24,1522.75,300851.0,78380.0,1460.0,39421.0,6996.0,62.75,0.04120834017400019,-2891.0,-366.0,-2525.0,11.203544882788563,7.631744501661358,-0.0037618580307491323,-0.04048519218651547,-0.011040753369053413
2021-05-25,1506.0,297033.0,98163.0,1461.0,39590.0,8711.0,45.0,0.029880478087629562,-3818.0,169.0,-3987.0,11.268855470093987,7.502727961606277,-0.01099983582334596,-0.043202033036848775,-0.0413749204328453
2021-05-26,1503.25,294582.0,101218.0,1452.0,39506.0,12077.0,51.25,0.03409279893561677,-2451.0,-84.0,-2367.0,8.38105489773881,7.456639497797615,-0.0018260292164674619,-0.027180067950169917,-0.02828054298642535
2021-05-27,1535.5,291456.0,87612.0,1487.75,39509.0,11348.0,47.75,0.031097362422643375,-3126.0,3.0,-3129.0,7.720479379625686,7.376952086866098,0.021453517379012244,0.0016307893020222064,-0.0074337427278603485
2021-05-28,1525.5,289265.0,74559.0,1481.25,40037.0,7952.0,44.25,0.02900688298916486,-2191.0,528.0,-2719.0,9.376131790743287,7.224941928715758,-0.00651253663301854,-0.001962708537782132,-0.004567699836867889
2021-06-01,1548.5,284513.0,97373.0,1500.25,40029.0,12705.0,48.25,0.031159186309311488,-4752.0,-8.0,-4744.0,7.664147973238279,7.107671937844885,0.01507702392658139,0.016910195370218428,0.012587869870851698
2021-06-02,1559.0,276142.0,93696.0,1493.0,41002.0,16380.0,66.0,0.04233483001921595,-8371.0,973.0,-9344.0,5.720146520146171,6.734842202819211,0.006780755569906427,0.035192563081009265,0.01962066710268151
2021-06-03,1545.0,271324.0,91793.0,1504.0,42542.0,15518.0,41.0,0.026537216828461788,-4818.0,1540.0,-6358.0,5.915259698414363,6.377791359127301,-0.008980115458627314,0.027773158157325728,-0.0037078832822827756
2021-06-04,1576.25,268784.0,80384.0,1537.5,45203.0,14114.0,38.75,0.024583663758905895,-2540.0,2661.0,-5201.0,5.6953379623065254,5.9461540163262185,0.020226537216828433,0.026538586779550677,0.016443656295340947
2021-06-07,1560.25,251079.0,145331.0,1516.0,45523.0,27535.0,44.25,0.028360839609018838,-17705.0,320.0,-18025.0,5.278046123115843,5.515431759769666,-0.010150674068199805,0.022779416584726375,0.006126068031597542
2021-06-08,1575.75,238462.0,141918.0,1542.0,45998.0,22571.0,33.75,0.021418372203698924,-12617.0,475.0,-13092.0,6.2876257144120205,5.184181920952972,0.009934305399775578,0.017597675169518823,-0.018224299065420557
2021-06-09,1559.0,216678.0,117025.0,1517.0,47513.0,18927.0,42.0,0.026940346375864694,-21784.0,1515.0,-23299.0,6.182966133037133,4.560393997432186,-0.010629858797398084,0.0,-0.022570532915360486
2021-06-10,1543.25,196622.0,144526.0,1509.75,49112.0,33488.0,33.5,0.02170743560666016,-20056.0,1599.0,-21655.0,4.315754897276508,4.003542922299967,-0.010102629890955783,-0.0011326860841424091,-0.03244514106583074
2021-06-11,1508.0,177188.0,155417.0,1473.25,53601.0,42102.0,34.75,0.023043766578234055,-19434.0,4489.0,-23923.0,3.6914398365872483,3.305684595436591,-0.022841406123440766,-0.043298969072164906,-0.07356780832437415
2021-06-14,1471.75,164124.0,106170.0,1428.0,53769.0,25399.0,43.75,0.02972651605229847,-13064.0,168.0,-13232.0,4.180085830150628,3.052390782793003,-0.024038461538461564,-0.05672167921807403,0.016226480234766028
2021-06-15,1460.0,156293.0,103081.0,1426.0,56477.0,33517.0,34.0,0.02328767123286076,-7831.0,2708.0,-10539.0,3.075484082704208,2.7673743293729705,-0.007983692882622684,-0.07345708392828809,0.008113240117383125
2021-06-16,1442.0,152241.0,74804.0,1396.75,58787.0,22625.0,45.25,0.03138002773922928,-4052.0,2310.0,-6362.0,3.3062541436462625,2.589705206933462,-0.012328767123287676,-0.07504810776138549,-0.09136735979836164
2021-06-17,1329.0,145034.0,121978.0,1285.25,60575.0,45786.0,43.75,0.03291948833707079,-7207.0,1788.0,-8995.0,2.6640894596601,2.3942880726371873,-0.07836338418862687,-0.13883039040984935,-0.15565438373570517
2021-06-18,1390.0,135212.0,100857.0,1330.0,60634.0,36497.0,60.0,0.043165467625868224,-9822.0,59.0,-9881.0,2.7634326108994505,2.2299699838374143,0.04589917231000751,-0.07824933687002655,-0.10046917974437797
2021-06-21,1415.0,129169.0,64081.0,1371.25,60688.0,25418.0,43.75,0.030918727915172497,-6043.0,54.0,-6097.0,2.521087418364839,2.128410888478742,0.017985611510791477,-0.03855953796500766,-0.07697325505544683
2021-06-22,1392.25,125707.0,67595.0,1349.75,61779.0,23546.0,42.5,0.030526126773186908,-3462.0,1091.0,-4553.0,2.870763611653662,2.0347852830249433,-0.016077738515901108,-0.046404109589041065,-0.08913967942427214
2021-06-23,1381.5,118256.0,65951.0,1344.0,64077.0,26508.0,37.5,0.02714440825188046,-7451.0,2298.0,-9749.0,2.4879658970875775,1.845529597203336,-0.007721314419105729,-0.041955617198335626,-0.09275980955508123
2021-06-24,1364.75,107977.0,57347.0,1322.5,64363.0,29887.0,42.25,0.03095805092505517,-10279.0,286.0,-10565.0,1.9187941245356872,1.6776253437533728,-0.012124502352515387,0.02689992475545533,-0.09379150066401065
2021-06-25,1325.75,35880.0,97444.0,1303.0,69530.0,39509.0,22.75,0.017160098057690244,-72097.0,5167.0,-77264.0,2.466374750056887,0.5160362433481875,-0.028576662392379548,-0.046223021582733836,-0.11807749875270246
2021-06-28,1357.0,14524.0,51276.0,1326.5,69007.0,40249.0,30.5,0.022476050110521388,-21356.0,-523.0,-20833.0,1.2739695396158595,0.21047140145202353,0.02357156326607579,-0.040989399293286266,-0.11624877889938134
2021-06-29,1365.0,6439.0,20510.0,1338.0,70242.0,33736.0,27.0,0.01978021978020529,-8085.0,1235.0,-9320.0,0.6079558928147792,0.0916688021411678,0.005895357406042745,-0.01957263422517508,-0.10521140609636181
2021-06-30,1408.0,3842.0,4559.0,1422.25,70971.0,41059.0,-14.25,-0.010120738636356449,-2597.0,729.0,-3326.0,0.11103533938965608,0.054134787448393645,0.03150183150183161,0.01918204849800942,-0.09073296738779468
2021-07-01,1446.0,2816.0,2182.0,1429.0,71169.0,29448.0,17.0,0.011756569847848024,-1026.0,198.0,-1224.0,0.07409671284976657,0.03956778934648457,0.026988636363636465,0.0595347133174573,-0.07248236048749201
2021-07-02,1408.0,2016.0,1542.0,1434.5,69563.0,20783.0,-26.5,-0.01882102272725936,-800.0,-1606.0,806.0,0.07419525573785911,0.028980923766944652,-0.026279391424619658,0.06204035451631151,-0.088673139158576
2021-07-06,1355.0,1564.0,586.0,1342.0,67248.0,27205.0,13.0,0.009594095940952329,-452.0,-2315.0,1863.0,0.021540158059179505,0.023257197240066273,-0.037642045454545414,-0.0014738393515106862,-0.14036478984932588
2021-07-07,1355.0,868.0,795.0,1366.0,66034.0,31220.0,-11.0,-0.008118081180805817,-696.0,-1214.0,518.0,0.025464445868032495,0.013144743616924415,0.0,-0.0073260073260073,-0.13154943118090046
2021-07-08,1377.75,536.0,507.0,1368.25,64664.0,28358.0,9.5,0.006895300308468956,-332.0,-1370.0,1038.0,0.01787855278933571,0.008289001608313617,0.016789667896679017,-0.021484375,-0.12565445026178013
2021-07-09,1387.5,282.0,329.0,1374.5,62106.0,21974.0,13.0,0.009369369369362618,-254.0,-2558.0,2304.0,0.014972239919904661,0.004540624094290334,0.007076755579749516,-0.04045643153526968,-0.1100064143681847
2021-07-12,1412.5,185.0,105.0,1395.0,59967.0,26870.0,17.5,0.01238938053096468,-97.0,-2139.0,2042.0,0.003907703758838708,0.0030850300998882204,0.018018018018018056,0.003196022727272707,-0.08472379718127332
2021-07-13,1438.0,24.0,172.0,1407.25,57214.0,32508.0,30.75,0.021383866481209053,-161.0,-2753.0,2592.0,0.0052910052910051285,0.00041947775020099244,0.018053097345132718,0.06125461254612552,-0.04641909814323608
2021-07-14,,,29.0,1453.0,52512.0,36423.0,,,,-4702.0,,0.0007962002031683059,,0.0,0.06125461254612552,-0.022931883811788678
2021-07-15,1444.0,50512.0,30128.0,1382.0,39080.0,20699.0,62.0,0.042936288088612926,,-13432.0,,1.4555292526208292,1.2925281473899364,0.004172461752433909,0.04808564688804218,-0.010958904109588996
2021-07-16,1440.0,50787.0,31628.0,1396.25,40482.0,19555.0,43.75,0.030381944444423346,275.0,1402.0,-1127.0,1.6173868575810986,1.2545575811471457,-0.0027700831024930483,0.037837837837837895,-0.001386962552011095
2021-07-19,1429.0,51778.0,24475.0,1382.0,40292.0,14626.0,47.0,0.03289013296008895,991.0,-190.0,1181.0,1.6733898536851037,1.2850689963267825,-0.007638888888888862,0.011681415929203576,0.07524454477050413
2021-07-20,1446.0,45661.0,33664.0,1396.0,43278.0,18663.0,50.0,0.03457814661131772,-6117.0,2986.0,-9103.0,1.803782885923924,1.0550626184204204,0.011896431070678837,0.0055632823365785455,0.04028776978417259
2021-07-21,1435.0,43654.0,21426.0,1389.0,43649.0,15092.0,46.0,0.03205574912889752,-2007.0,371.0,-2378.0,1.4196925523455195,1.000114550161493,-0.007607192254495132,-0.0020862308762169546,0.014134275618374659
2021-07-22,1416.0,41030.0,30714.0,1350.75,43131.0,23583.0,65.25,0.04608050847454373,-2624.0,-518.0,-2106.0,1.3023788322095873,0.9512879367508069,-0.013240418118466879,-0.01939058171745156,0.017058717902675546
2021-07-23,1395.0,33701.0,23499.0,1352.0,42487.0,16471.0,43.0,0.030824372759834535,-7329.0,-644.0,-6685.0,1.4266893327665942,0.7932073340080309,-0.014830508474576232,-0.03125,0.009771986970684043
2021-07-26,1403.75,28624.0,25875.0,1364.5,41874.0,16569.0,39.25,0.027960819234174206,-5077.0,-613.0,-4464.0,1.5616512764800796,0.6835745331231627,0.006272401433691677,-0.01766969909027294,0.028576662392379548
2021-07-27,1423.0,24074.0,22129.0,1367.25,41683.0,20185.0,55.75,0.03917779339420999,-4550.0,-191.0,-4359.0,1.0963091404507754,0.577549600556568,0.01371326803205708,-0.015905947441217205,0.07335470488402795
2021-07-28,1420.0,17882.0,21549.0,1369.0,43083.0,19531.0,51.0,0.03591549295772119,-6192.0,1400.0,-7592.0,1.1033229225333518,0.4150593041338715,-0.0021082220660576523,-0.010452961672473893,0.04642593957258656
2021-07-29,1428.5,7920.0,17953.0,1375.25,44654.0,17419.0,53.25,0.037276863843166065,-9962.0,1571.0,-11533.0,1.030656180033238,0.1773637300129848,0.005985915492957794,0.008827683615819204,0.04652014652014658
2021-07-30,1409.25,6335.0,2967.0,1352.0,44854.0,16017.0,57.25,0.04062444562707779,-1585.0,200.0,-1785.0,0.18524068177560185,0.14123601016631424,-0.01347567378368919,0.010215053763440896,0.0008877840909091717
2021-08-02,1398.0,5518.0,1153.0,1352.25,44893.0,11372.0,45.75,0.03272532188838861,-817.0,39.0,-856.0,0.10138937741821127,0.12291448555453807,-0.007982969664715234,-0.004096170970614432,-0.03319502074688796
2021-08-03,1381.75,3954.0,2286.0,1324.0,42979.0,23947.0,57.75,0.04179482540253896,-1564.0,-1914.0,350.0,0.09546080928717186,0.09199841783196232,-0.011623748211731066,-0.028988053408292358,-0.01864346590909094
2021-08-04,1398.0,2286.0,2841.0,1329.25,42511.0,16795.0,68.75,0.049177396280365396,-1668.0,-468.0,-1200.0,0.16915748734741476,0.05377431723553778,0.011760448706350735,-0.015492957746478853,0.031734317343173446
2021-08-05,1381.75,1721.0,1246.0,1335.75,41360.0,13114.0,46.0,0.03329111633795311,-565.0,-1151.0,586.0,0.09501296324537936,0.04161025145067598,-0.011623748211731066,-0.032726636331816605,0.01974169741697418
2021-08-06,1410.5,1244.0,957.0,1343.75,41848.0,13011.0,66.75,0.047323644097804096,-477.0,488.0,-965.0,0.07355314733686315,0.029726629707512196,0.020806947711235813,0.0008869966294127174,0.023770640537107646
2021-08-09,1430.0,922.0,446.0,1338.5,40439.0,12251.0,91.5,0.06398601398596925,-322.0,-1409.0,1087.0,0.03640519141294291,0.022799772496846542,0.01382488479262678,0.022889842632331847,0.03063063063063054
2021-08-10,1445.25,334.0,812.0,1347.75,40341.0,14056.0,97.5,0.0674623767513804,-588.0,-98.0,-490.0,0.057768924302784734,0.008279417961874811,0.010664335664335667,0.045956214944816276,0.02318584070796459
2021-08-11,1388.0,73.0,285.0,1346.75,38212.0,18931.0,41.25,0.02971902017288925,-261.0,-2129.0,1868.0,0.015054672230731866,0.0019103946404270412,-0.03961252378481228,-0.007153075822603716,-0.03477051460361613
2021-08-12,1370.0,36.0,37.0,1340.75,36356.0,21963.0,29.25,0.021350364963488067,-37.0,-1856.0,1819.0,0.001684651459272336,0.000990207943668143,-0.012968299711815567,-0.008503709064591969,-0.04728789986091797
2021-08-13,,,43.0,1361.75,35024.0,20560.0,,,,-1332.0,,0.0020914396887158513,,0.0,-0.028713222261609328,-0.05124653739612184
2021-08-16,1375.0,34147.0,13440.0,1368.0,371774.0,75607.0,7.0,0.0050909090909053885,,336750.0,,0.1777613183964424,0.0918488113746521,0.0036496350364962904,-0.038461538461538436,-0.04513888888888884
2021-08-17,1364.75,33982.0,12021.0,1361.5,370274.0,86757.0,3.25,0.0023813885326965513,-165.0,-1500.0,1335.0,0.13855942459974252,0.09177527992783698,-0.0074545454545454914,-0.05569970593322959,-0.04496151154653605
2021-08-18,1355.5,33191.0,10179.0,1351.0,373347.0,66371.0,4.5,0.0033198081888577502,-791.0,3073.0,-3864.0,0.15336517454912305,0.0889012098664243,-0.006777798131525903,-0.023414985590778148,-0.06258644536652835
2021-08-19,1319.0,32856.0,17626.0,1321.0,376325.0,109711.0,-2.0,-0.0015163002274438846,-335.0,2978.0,-3313.0,0.16065845721942046,0.08730751345246772,-0.026927333087421568,-0.037226277372262806,-0.08083623693379793
2021-08-20,1280.0,34133.0,18268.0,1292.5,377331.0,118551.0,-12.5,-0.00976562499999237,1277.0,1006.0,271.0,0.15409401860802394,0.09045903994105947,-0.029567854435178176,-0.06569343065693434,-0.096045197740113
2021-08-23,1292.25,31350.0,13922.0,1299.0,375261.0,91589.0,-6.75,-0.005223447475329678,-2783.0,-2070.0,-713.0,0.15200515345729124,0.08354185486901095,0.009570312499999956,-0.060181818181818225,-0.07365591397849458
2021-08-24,1337.0,26894.0,25598.0,1331.75,376463.0,120283.0,5.25,0.003926701570677691,-4456.0,1202.0,-5658.0,0.21281477848074778,0.07143862743483405,0.03462952215128645,-0.02033339439457771,-0.04755120213713271
2021-08-25,1340.0,22738.0,24442.0,1331.75,374897.0,91317.0,8.25,0.006156716417905854,-4156.0,-1566.0,-2590.0,0.26766100507024687,0.06065132556408811,0.002243829468960401,-0.01143489487274063,-0.058327477160927566
2021-08-26,1354.5,18450.0,23771.0,1324.5,372561.0,77535.0,30.0,0.022148394241401147,-4288.0,-2336.0,-1952.0,0.30658412329915125,0.04952209168431465,0.010820895522388074,0.02691432903714941,-0.046126760563380276
2021-08-27,1341.5,8596.0,16506.0,1318.5,373014.0,75646.0,23.0,0.01714498695488845,-9854.0,453.0,-10307.0,0.21820056579329747,0.023044711458551092,-0.009597637504614287,0.048046875000000044,-0.06090304515225764
2021-08-30,1260.0,1322.0,7248.0,1303.0,373598.0,102394.0,-43.0,-0.03412698412695704,-7274.0,584.0,-7858.0,0.07078539758188887,0.0035385628402721547,-0.06075288855758476,-0.024956471271038838,-0.10590739755188927
2021-08-31,1260.0,918.0,1682.0,1292.5,375261.0,111697.0,-32.5,-0.025793650793630322,-404.0,1663.0,-2067.0,0.01505859602316969,0.0024462973770255836,0.0,-0.05759162303664922,-0.09871244635193133
2021-09-01,1260.0,430.0,663.0,1275.0,375798.0,111522.0,-15.0,-0.011904761904752457,-488.0,537.0,-1025.0,0.005945015333297413,0.0011442317415207076,0.0,-0.05970149253731338,-0.08811290030758101
2021-09-02,1260.0,232.0,354.0,1281.75,368070.0,93827.0,-21.75,-0.017261904761891062,-198.0,-7728.0,7530.0,0.003772901190488838,0.0006303148857554253,0.0,-0.06976744186046513,-0.09871244635193133
2021-09-03,1260.0,196.0,62.0,1295.0,361928.0,73697.0,-35.0,-0.02777777777775573,-36.0,-6142.0,6106.0,0.0008412825488147299,0.0005415441745319496,0.0,-0.06075288855758476,-0.08811290030758101
2021-09-07,1260.0,186.0,31.0,1278.0,357381.0,73517.0,-18.0,-0.014285714285702947,-10.0,-4547.0,4537.0,0.00042167117809485666,0.0005204529619649603,0.0,0.0,-0.10669975186104219
2021-09-08,1260.0,157.0,30.0,1279.0,355388.0,88642.0,-19.0,-0.015079365079353112,-29.0,-1993.0,1964.0,0.0003384400171476237,0.0004417706844350388,0.0,0.0,-0.11888111888111885
2021-09-09,,96.0,175.0,1270.0,350919.0,84691.0,,,-61.0,-4469.0,4408.0,0.002066335265848767,0.00027356740444375974,0.0,0.0,-0.12817851582771145
2021-09-10,,61.0,49.0,1281.0,345844.0,139989.0,,,-35.0,-5075.0,5040.0,0.0003500275021608816,0.00017638010201131095,0.0,0.0,-0.09221902017291062
2021-09-13,,48.0,22.0,1284.75,338221.0,67956.0,,,-13.0,-7623.0,7610.0,0.00032373888986991106,0.00014191904110034522,0.0,0.0,-0.08029197080291972
2021-09-14,,1.0,48.0,1281.75,332888.0,72169.0,,,-47.0,-5333.0,5286.0,0.0006651055162188659,3.0040133618514244e-06,0.0,0.0,-0.08029197080291972
2021-09-15,1296.75,333358.0,91389.0,1297.5,94906.0,26380.0,-0.75,-0.000578368999421185,333357.0,-237982.0,571339.0,3.4643290371492244,3.512507112300555,0.029166666666666563,0.029166666666666563,-0.05690909090909091
2021-09-16,1295.5,328587.0,75853.0,1304.5,96978.0,22434.0,-9.0,-0.0069471246622871885,-4771.0,2072.0,-6843.0,3.3811625211730685,3.388263317453408,-0.0009639483323693465,0.028174603174603075,-0.05074189411980212
2021-09-17,1284.0,325065.0,72388.0,1294.0,99649.0,21742.0,-10.0,-0.007788161993763405,-3522.0,2671.0,-6193.0,3.3294085180754607,3.2620999708978187,-0.008876881512929424,0.01904761904761898,-0.0527480634452232
2021-09-20,1262.0,324452.0,94112.0,1271.25,100953.0,25308.0,-9.25,-0.007329635499201799,-613.0,1304.0,-1917.0,3.718666034455361,3.2138916129287565,-0.01713395638629278,0.0015873015873015817,-0.04321455648218342
2021-09-21,1272.0,322276.0,78941.0,1278.5,102568.0,21709.0,-6.5,-0.005110062893077744,-2176.0,1615.0,-3791.0,3.636325947763433,3.1420716012791208,0.007923930269413626,0.00952380952380949,-0.006249999999999978
2021-09-22,1281.25,321772.0,75666.0,1291.0,104918.0,17218.0,-9.75,-0.007609756097555037,-504.0,2350.0,-2854.0,4.394587060053177,3.0668903334032,0.007272012578616316,-0.011952959321380408,-0.008512284774617962
2021-09-23,1283.25,321175.0,70612.0,1288.0,108895.0,23358.0,-4.75,-0.003701539060975101,-597.0,3977.0,-4574.0,3.0230327939034582,2.9494007989347266,0.001560975609756099,-0.00945580856812045,-0.04020194465220639
2021-09-24,1284.25,325109.0,64911.0,1291.75,111084.0,19547.0,-7.5,-0.005839984426703648,3934.0,2189.0,1745.0,3.32076533483382,2.926695113607694,0.0007792713812584395,0.00019470404984422984,-0.041604477611940305
2021-09-27,1286.75,329484.0,96607.0,1295.25,114019.0,29974.0,-8.5,-0.0066057897804495,4375.0,2935.0,1440.0,3.2230266230732227,2.8897289048316255,0.0019466614755694334,0.01961172741679884,-0.05001845699520113
2021-09-28,1276.0,327477.0,88017.0,1285.75,116738.0,25099.0,-9.75,-0.007641065830715015,-2007.0,2719.0,-4726.0,3.5067930993265266,2.805230516198643,-0.008354381192927973,0.003144654088050425,-0.048825941110696935
2021-09-29,1283.0,327527.0,91807.0,1293.25,117516.0,22001.0,-10.25,-0.007989088074818403,50.0,778.0,-728.0,4.17285577928257,2.7870843119234587,0.005485893416927956,0.0013658536585365866,0.01825396825396819
2021-09-30,1255.75,324251.0,202394.0,1267.0,122212.0,63540.0,-11.25,-0.008958789567980125,-3276.0,4696.0,-7972.0,3.1853005980484235,2.6531846299872135,-0.021239282930631376,-0.02142996298460942,-0.003373015873015861
2021-10-01,1245.0,321129.0,117447.0,1255.0,127977.0,42014.0,-10.0,-0.008032128514049773,-3122.0,5765.0,-8887.0,2.7954253344122724,2.5092711971682213,-0.008560621142743363,-0.030562585166439504,-0.011904761904761862
2021-10-04,1232.25,318862.0,111356.0,1245.0,133892.0,42979.0,-12.75,-0.01034692635422167,-2267.0,5915.0,-8182.0,2.5909397612787037,2.381486571266376,-0.010240963855421725,-0.04235476976879737,-0.022023809523809557
2021-10-05,1249.5,316600.0,119391.0,1255.5,137322.0,44297.0,-6.0,-0.00480192076830348,-2262.0,3430.0,-5692.0,2.695238955233928,2.305530068015305,0.013998782714546465,-0.020768025078369945,-0.008333333333333304
2021-10-06,1240.0,311566.0,83888.0,1252.0,143591.0,31521.0,-12.0,-0.009677419354830906,-5034.0,6269.0,-11303.0,2.6613368865200133,2.1698156569701292,-0.0076030412164865835,-0.03351519875292286,-0.015873015873015928
2021-10-07,1245.0,300179.0,120772.0,1258.25,153309.0,69219.0,-13.25,-0.01064257028111595,-11387.0,9718.0,-21105.0,1.7447810572241473,1.9579998564989536,0.0040322580645162365,-0.008560621142743363,-0.011904761904761862
2021-10-08,1242.0,290755.0,143586.0,1254.25,160244.0,75695.0,-12.25,-0.009863123993550835,-9424.0,6935.0,-16359.0,1.8969020410859119,1.8144517111404994,-0.002409638554216831,-0.002409638554216831,-0.014285714285714235
2021-10-11,1226.0,283525.0,112209.0,1237.75,173605.0,58966.0,-11.75,-0.009584013050563145,-7230.0,13361.0,-20591.0,1.9029440694637265,1.6331614872843432,-0.012882447665056307,-0.005072022722661829,-0.026984126984127
2021-10-12,1198.25,285327.0,183780.0,1208.25,189048.0,90880.0,-10.0,-0.00834550385978857,1802.0,15443.0,-13641.0,2.022227112676034,1.5092833566078376,-0.022634584013050518,-0.04101640656262506,-0.049007936507936556
2021-10-13,1194.0,272743.0,186725.0,1206.75,198192.0,116240.0,-12.75,-0.010678391959790052,-12584.0,9144.0,-21728.0,1.606374741913269,1.3761554452248257,-0.003546839140413094,-0.0370967741935484,-0.05238095238095242
2021-10-14,1205.25,259022.0,127035.0,1210.0,200352.0,76473.0,-4.75,-0.0039410910599428,-13721.0,2160.0,-15881.0,1.661174532187809,1.2928346110844848,0.009422110552763874,-0.031927710843373536,-0.07056101792943903
2021-10-15,1216.75,255687.0,111808.0,1226.0,207499.0,69986.0,-9.25,-0.007602219026087855,-3335.0,7147.0,-10482.0,1.5975766581887576,1.2322324444937025,0.00954158888197476,-0.02033011272141705,-0.060787340795059874
2021-10-18,1222.0,249722.0,99058.0,1227.5,214043.0,49531.0,-5.5,-0.004500818330601881,-5965.0,6544.0,-12509.0,1.999919242494559,1.1666908051185922,0.004314772960756219,-0.0032626427406199365,-0.048286604361370666
2021-10-19,1228.5,231299.0,139462.0,1236.0,217446.0,88095.0,-7.5,-0.006105006105001136,-18423.0,3403.0,-21826.0,1.5830864407741463,1.0637077711247802,0.005319148936170137,0.025245149175881387,-0.02654516640253568
2021-10-20,1242.0,218568.0,134395.0,1253.75,224895.0,73665.0,-11.75,-0.009460547504018148,-12731.0,7449.0,-20180.0,1.824407792031469,0.9718668712065588,0.01098901098901095,0.04020100502512558,-0.02358490566037741
2021-10-21,1222.0,210136.0,105786.0,1230.75,235833.0,63993.0,-8.75,-0.007160392798684812,-8432.0,10938.0,-19370.0,1.6530870563967677,0.8910373018195041,-0.01610305958132041,0.013897531632441451,-0.04624390243902443
2021-10-22,1219.0,126148.0,176315.0,1226.0,240469.0,76621.0,-7.0,-0.005742411812956733,-83988.0,4636.0,-88624.0,2.3011315435715756,0.5245915273902227,-0.002454991816693952,0.0018491884117526336,-0.05006818624586007
2021-10-25,1236.0,92524.0,137468.0,1242.0,247998.0,99035.0,-6.0,-0.004854368932034907,-33624.0,7529.0,-41153.0,1.3880749230070037,0.3730836539004332,0.013945857260049266,0.011456628477905184,-0.03757056647848944
2021-10-26,1236.75,72133.0,94349.0,1244.5,253112.0,86774.0,-7.75,-0.006266424095406294,-20391.0,5114.0,-25505.0,1.0872957337451183,0.28498451278485304,0.0006067961165048263,0.006715506715506692,-0.038857586943850775
2021-10-27,1238.0,38166.0,122469.0,1248.0,260762.0,167187.0,-10.0,-0.008077544426487821,-33967.0,7650.0,-41617.0,0.7325270505481842,0.14636335048818408,0.0010107135637760223,-0.0032206119162641045,-0.029780564263322873
2021-10-28,1235.0,8658.0,73201.0,1245.0,265872.0,131176.0,-10.0,-0.008097165991896277,-29508.0,5110.0,-34618.0,0.558036531072753,0.03256454233616164,-0.0024232633279482885,0.010638297872340496,-0.0374123148869836
2021-10-29,1235.0,4355.0,10990.0,1248.0,265140.0,87766.0,-13.0,-0.010526315789465161,-4303.0,-732.0,-3571.0,0.12521933322698853,0.016425284755223594,0.0,0.01312551271534046,-0.016523989647620918
2021-11-01,1230.5,2820.0,3899.0,1248.0,263771.0,85984.0,-17.5,-0.014221861032089214,-1535.0,-1369.0,-166.0,0.045345645701525335,0.010691091894105074,-0.003643724696356321,-0.004449838187702282,-0.011646586345381515
2021-11-02,1236.0,2048.0,2003.0,1253.5,265133.0,87428.0,-17.5,-0.014158576051768481,-772.0,1362.0,-2134.0,0.022910280459349144,0.007724425099855515,0.004469727752945962,-0.0006064281382656134,0.003043213633597164
2021-11-03,1220.0,1818.0,1263.0,1243.75,261440.0,78352.0,-23.75,-0.019467213114738143,-230.0,-3693.0,3463.0,0.01611956299775352,0.006953794369645016,-0.012944983818770184,-0.014539579967689842,-0.023609443777510952
2021-11-04,1211.25,1697.0,2676.0,1223.0,262827.0,107991.0,-11.75,-0.009700722394212838,-121.0,1387.0,-1508.0,0.024779842764674605,0.006456718678065776,-0.0071721311475410054,-0.019230769230769273,-0.02318548387096775
2021-11-05,1190.0,1216.0,776.0,1204.0,264711.0,92046.0,-14.0,-0.011764705882343055,-481.0,1884.0,-2365.0,0.008430567325033044,0.004593688966457742,-0.01754385964912286,-0.036437246963562764,-0.04417670682730923
2021-11-08,1175.5,932.0,596.0,1187.75,263749.0,108733.0,-12.25,-0.010421097405350556,-284.0,-962.0,678.0,0.005481316619609451,0.003533662686872733,-0.012184873949579789,-0.04469727752945962,-0.053542673107890515
2021-11-09,1170.0,733.0,512.0,1212.0,261359.0,148532.0,-42.0,-0.03589743589740522,-199.0,-2390.0,2191.0,0.0034470686451404183,0.0028045714897898953,-0.004678860059549095,-0.05339805825242716,-0.04567699836867867
2021-11-10,1200.0,515.0,825.0,1216.0,260248.0,89601.0,-16.0,-0.013333333333322222,-218.0,-1111.0,893.0,0.009207486523587802,0.001978881682087847,0.02564102564102555,-0.016393442622950838,0.0014604631754642217
2021-11-11,1170.0,150.0,336.0,1221.5,256126.0,78391.0,-51.5,-0.0440170940170564,-365.0,-4122.0,3757.0,0.004286206324705587,0.0005856492507593896,-0.025000000000000022,-0.034055727554179516,-0.02010050251256279
2021-11-12,,32.0,62.0,1244.0,252275.0,104151.0,,,-118.0,-3851.0,3733.0,0.0005952895315455387,0.00012684570409275542,0.0,-0.01680672268907568,-0.029247044181705095
2021-11-15,1255.75,250944.0,94353.0,1259.0,169232.0,36677.0,-3.25,-0.002588094764083147,250912.0,-83043.0,333955.0,2.5725386481990737,1.4828401247990837,0.07329059829059825,0.06826882177796678,0.0320525991370455
2021-11-16,1250.0,250995.0,80591.0,1263.25,173043.0,32325.0,-13.25,-0.01059999999999152,51.0,3811.0,-3760.0,2.4931477184840682,1.450477626948207,-0.004578936890304641,0.06837606837606836,0.022913256955810146
2021-11-17,1277.0,254194.0,146987.0,1288.0,177843.0,68463.0,-11.0,-0.008613938919335463,3199.0,4800.0,-1601.0,2.1469552897185027,1.4293168693735405,0.021600000000000064,0.0641666666666667,0.03947903947903941
2021-11-18,1264.0,250376.0,103205.0,1272.5,182368.0,53047.0,-8.5,-0.006724683544298477,-3818.0,4525.0,-8343.0,1.9455388617640594,1.3729163011054497,-0.01018010963194993,0.08034188034188028,0.017713365539452575
2021-11-19,1263.0,251732.0,78709.0,1276.75,188280.0,38418.0,-13.75,-0.01088677751384728,1356.0,5912.0,-4556.0,2.048753188609453,1.3370087104312656,-0.0007911392405063333,0.07948717948717943,0.03355155482815064
2021-11-22,1274.0,250314.0,70634.0,1286.25,190712.0,28376.0,-12.25,-0.009615384615377068,-1418.0,2432.0,-3850.0,2.489216239075187,1.3125235957884072,0.008709422011084822,0.014533147521401446,0.0451189499589828
2021-11-23,1273.25,245461.0,65548.0,1280.75,193963.0,30430.0,-7.5,-0.005890437855875994,-4853.0,3251.0,-8104.0,2.1540584949062715,1.2655042456550927,-0.0005886970172684913,0.01859999999999995,0.030137540453074374
2021-11-24,1265.75,240422.0,72906.0,1273.25,192276.0,30067.0,-7.5,-0.005925340707085977,-5039.0,-1687.0,-3352.0,2.424784647620234,1.2504004659967898,-0.005890437855880615,-0.008809710258418146,0.023448554679603717
2021-11-26,1250.0,236347.0,88520.0,1257.0,189057.0,39386.0,-7.0,-0.00559999999999552,-4075.0,-3219.0,-856.0,2.2474991113593092,1.2501362023093499,-0.012443215484890358,-0.011075949367088556,0.009693053311793154
2021-11-29,1234.75,231093.0,82284.0,1251.0,191350.0,36408.0,-16.25,-0.013160558817563749,-5254.0,2293.0,-7547.0,2.26005273566243,1.2076979357198787,-0.012199999999999989,-0.022367379255740283,-0.00020242914979762272
2021-11-30,1217.25,228347.0,132640.0,1224.0,189419.0,69779.0,-6.75,-0.0055452865064649455,-2746.0,-1931.0,-815.0,1.9008584244543214,1.2055126465666,-0.014172909495849373,-0.0445447409733124,-0.01437246963562755
2021-12-01,1225.0,225490.0,105476.0,1233.0,194716.0,60566.0,-8.0,-0.006530612244892628,-2857.0,5297.0,-8154.0,1.7415051348941364,1.1580455637954705,0.006366810433353853,-0.037895150206165296,-0.004469727752945962
2021-12-02,1242.5,220589.0,94962.0,1247.5,197081.0,53695.0,-5.0,-0.004024144869212053,-4901.0,2365.0,-7266.0,1.7685445572213099,1.1192809048056327,0.014285714285714235,-0.018368556191981078,0.005258899676375384
2021-12-03,1265.0,218608.0,94245.0,1267.0,203391.0,54807.0,-2.0,-0.0015810276679829398,-1981.0,6310.0,-8291.0,1.7195796157424834,1.0748164864718641,0.01810865191146882,0.01200000000000001,0.03688524590163933
2021-12-06,1261.0,213373.0,75260.0,1265.25,207425.0,52035.0,-4.25,-0.003370340999204306,-5235.0,4034.0,-9269.0,1.4463341981358424,1.0286754248523513,-0.003162055335968361,0.02125936424377395,0.04107327141382866
2021-12-07,1250.0,198625.0,171655.0,1258.0,215053.0,133880.0,-8.0,-0.00639999999999488,-14748.0,7628.0,-22376.0,1.2821556617866652,0.9236095288138231,-0.008723235527359208,0.02690490860546313,0.050420168067226934
2021-12-08,1258.0,186458.0,122041.0,1267.0,223335.0,81296.0,-9.0,-0.007154213036560291,-12167.0,8282.0,-20449.0,1.5011931706356831,0.8348803367139014,0.006399999999999961,0.026938775510204183,0.07018290089323687
2021-12-09,1264.25,171089.0,102868.0,1266.25,230126.0,81084.0,-2.0,-0.0015819655922471173,-15369.0,6791.0,-22160.0,1.2686596615855006,0.7434579317417382,0.004968203497615287,0.017505030181086623,0.08055555555555549
2021-12-10,1264.5,165695.0,112572.0,1272.25,236771.0,87900.0,-7.75,-0.006128904705412314,-5394.0,6645.0,-12039.0,1.2806825938566406,0.6998112099877067,0.00019774569903097117,-0.00039525691699604515,0.053749999999999964
2021-12-13,1243.5,152778.0,116561.0,1250.0,240767.0,78306.0,-6.5,-0.005227181342979311,-12917.0,3996.0,-16913.0,1.4885321686716024,0.6345470932478262,-0.016607354685646447,-0.013877874702616921,0.06282051282051282
2021-12-14,1257.75,140090.0,102492.0,1260.25,243290.0,75910.0,-2.5,-0.001987676406279477,-12688.0,2523.0,-15211.0,1.350177842181513,0.5758148711414338,0.011459589867309994,0.006199999999999983,0.07499999999999996
2021-12-15,1260.0,129144.0,91939.0,1262.0,248052.0,74625.0,-2.0,-0.0015873015873003275,-10946.0,4762.0,-15708.0,1.2320134003349918,0.5206327705481089,0.0017889087656528524,0.0015898251192367763,0.0033844316145730247
2021-12-16,1276.0,120328.0,115189.0,1275.0,255753.0,92487.0,1.0,0.0007836990595605143,-8816.0,7701.0,-16517.0,1.2454615243223237,0.4704851946995716,0.012698412698412653,0.009294047854459198,0.02079999999999993
2021-12-17,1282.0,100221.0,122742.0,1285.0,259290.0,103739.0,-3.0,-0.0023400936037423245,-20107.0,3537.0,-23644.0,1.183180867369059,0.3865208839523299,0.004702194357366851,0.013839462238038669,0.003915426781519127
2021-12-20,1292.0,91476.0,83928.0,1294.75,268114.0,70137.0,-2.75,-0.0021284829721345756,-8745.0,8824.0,-17569.0,1.1966294537832927,0.3411832280298666,0.007800312012480548,0.03900281463610766,0.02215189873417711
2021-12-21,1307.75,79931.0,81517.0,1310.0,282737.0,100579.0,-2.25,-0.0017205123303370518,-11545.0,14623.0,-26168.0,0.8104773362232592,0.282704421423442,0.012190402476780271,0.03975352812562116,0.035431512272367405
2021-12-22,1320.0,71439.0,68991.0,1333.0,290230.0,105913.0,-13.0,-0.009848484848477388,-8492.0,7493.0,-15985.0,0.6513931245456115,0.24614615994211403,0.0093672337985089,0.04761904761904767,0.03610675039246458
2021-12-23,1331.0,51530.0,60005.0,1335.75,294262.0,90260.0,-4.75,-0.003568745304279813,-19909.0,4032.0,-23941.0,0.6648016840239235,0.1751160530411668,0.008333333333333304,0.0431034482758621,0.04535637149028071
2021-12-27,1355.75,38887.0,54478.0,1370.5,303239.0,103758.0,-14.75,-0.010879586944487643,-12643.0,8977.0,-21620.0,0.5250486709458497,0.12823878195087002,0.018595041322314154,0.057527301092043626,0.07110408848508798
2021-12-28,1354.0,28342.0,40328.0,1367.25,306941.0,107536.0,-13.25,-0.00978581979319809,-10545.0,3702.0,-14247.0,0.37501859842285024,0.09233696378131272,-0.0012907984510418524,0.04798761609907132,0.08319999999999994
2021-12-29,1354.25,12770.0,51167.0,1365.5,311552.0,110446.0,-11.25,-0.008307181096541771,-15572.0,4611.0,-20183.0,0.46327617116056297,0.04098834223500398,0.00018463810930580138,0.0355572548269929,0.09678072484308564
2021-12-30,1319.0,3979.0,16224.0,1337.0,308835.0,102595.0,-18.0,-0.01364670204699496,-8791.0,-2717.0,-6074.0,0.15813636142112034,0.01288390240743435,-0.026029167435850153,-0.0007575757575757347,0.0835900595604846
2021-12-31,1326.0,2844.0,2572.0,1337.75,308445.0,58165.0,-11.75,-0.00886123680240659,-1135.0,-390.0,-745.0,0.04421903206395523,0.009220444487672003,0.005307050796057533,-0.0037565740045079066,0.08244897959183684
2022-01-03,1331.0,1820.0,3434.0,1355.0,311812.0,90234.0,-24.0,-0.018031555221624317,-1024.0,3367.0,-4391.0,0.038056608373783295,0.005836850409862334,0.0037707390648566985,-0.018255578093306246,0.07122736418511066
2022-01-04,1366.0,920.0,2450.0,1389.25,315354.0,122661.0,-23.25,-0.017020497803794277,-900.0,3542.0,-4442.0,0.019973748787307948,0.0029173563677644715,0.026296018031555235,0.008862629246676468,0.07984189723320156
2022-01-05,1375.0,833.0,1101.0,1390.0,314826.0,96172.0,-15.0,-0.010909090909082975,-87.0,-528.0,441.0,0.011448238572557381,0.0026459059925164926,0.0065885797950220315,0.015322134022521583,0.09040444091990474
2022-01-06,1368.0,538.0,691.0,1386.75,309316.0,99489.0,-18.75,-0.013706140350867174,-295.0,-5510.0,5215.0,0.006945491461367519,0.0017393215999172312,-0.005090909090909146,0.0371493555724034,0.09440000000000004
2022-01-07,1388.5,333.0,254.0,1402.0,311883.0,129914.0,-13.5,-0.009722722362254431,-205.0,2567.0,-2772.0,0.0019551395538586914,0.0010677080828387535,0.014985380116959046,0.047134238310708954,0.10373608903020659
2022-01-10,1357.75,205.0,73.0,1383.75,304999.0,120554.0,-26.0,-0.019149327932226737,-128.0,-6884.0,6756.0,0.0006055377673075916,0.0006721333512568872,-0.022146200936262184,0.020097670924117184,0.0739568914376112
2022-01-11,1357.75,108.0,57.0,1381.5,299820.0,97943.0,-23.75,-0.017492174553476344,-97.0,-5179.0,5082.0,0.0005819711464831526,0.0003602161296778055,0.0,-0.0060395314787701215,0.07374456306840638
2022-01-12,1360.0,198.0,293.0,1398.5,297751.0,118595.0,-38.5,-0.028308823529390948,90.0,-2069.0,2159.0,0.0024705931953286184,0.0006649851721740626,0.001657153378751719,-0.010909090909090868,0.09368717330116616
2022-01-13,1340.0,163.0,415.0,1377.0,293310.0,109592.0,-37.0,-0.027611940298486858,-35.0,-4441.0,4406.0,0.0037867727571355226,0.0005557260236609712,-0.014705882352941124,-0.020467836257309968,0.06539455376664671
2022-01-14,,38.0,42.0,1369.0,290153.0,86045.0,,,-125.0,-3157.0,3032.0,0.00048811668313091417,0.00013096538722673855,0.0,-0.03492978033849481,0.06349206349206349
2022-01-18,1361.0,285847.0,124254.0,1363.5,127644.0,35772.0,-2.5,-0.0018368846436430295,285809.0,-162509.0,448318.0,3.473498825897253,2.2394080411143316,0.015671641791044744,0.002393665991530014,0.06661442006269591
2022-01-19,1389.25,287497.0,107595.0,1397.0,130078.0,30942.0,-7.75,-0.005578549577105936,1650.0,2434.0,-784.0,3.477312390924844,2.210189271052736,0.020756796473181405,0.02320014730252251,0.08365834633385338
2022-01-20,1421.0,290881.0,149817.0,1425.0,133637.0,48768.0,-4.0,-0.0028149190710747255,3384.0,3559.0,-175.0,3.072034940944819,2.1766501792168174,0.022854057944934336,0.04485294117647065,0.09984520123839014
2022-01-21,1413.75,286331.0,104361.0,1415.0,135456.0,34276.0,-1.25,-0.000884173297965776,-4550.0,1819.0,-6369.0,3.0447251721320154,2.1138303212851253,-0.005102040816326481,0.05503731343283591,0.08105524756260762
2022-01-24,1401.5,282956.0,134866.0,1408.0,139175.0,41538.0,-6.5,-0.004637887977164011,-3375.0,3719.0,-7094.0,3.2468101497423265,2.0330950242500303,-0.00866489832007078,0.04589552238805972,0.061742424242424265
2022-01-25,1405.75,279888.0,107870.0,1413.25,143272.0,36180.0,-7.5,-0.005335230304104332,-3068.0,4097.0,-7165.0,2.9814814814813992,1.9535429113853235,0.0030324652158402188,0.03288023512123428,0.056160781367393
2022-01-26,1434.0,272267.0,139954.0,1444.75,146991.0,50702.0,-10.75,-0.007496513249646097,-7621.0,3719.0,-11340.0,2.760325036487658,1.8522698668625845,0.020096034145473896,0.03221162497750596,0.05771713073944307
2022-01-27,1442.5,269813.0,143879.0,1444.75,150843.0,53477.0,-2.25,-0.0015597920277285546,-2454.0,3852.0,-6306.0,2.690483759373138,1.7887008346426299,0.005927475592747644,0.015130190007037303,0.06536189069423926
2022-01-28,1465.0,269544.0,148673.0,1472.0,153355.0,79062.0,-7.0,-0.004778156996583769,-269.0,2512.0,-2781.0,1.8804609041005553,1.7576472889700254,0.015597920277296451,0.03625110521662256,0.08177958279490483
2022-01-31,1485.0,272604.0,111725.0,1487.0,155914.0,48133.0,-2.0,-0.0013468013468004398,3060.0,2559.0,501.0,2.321172584297627,1.7484254140102766,0.013651877133105783,0.05957902247591873,0.1258529188779378
2022-02-01,1528.0,274385.0,157814.0,1532.0,163227.0,80294.0,-4.0,-0.0026178010471187055,1781.0,7313.0,-5532.0,1.965451964032157,1.6810025302186424,0.028956228956228847,0.08696425395696239,0.15233785822021106
2022-02-02,1544.75,266086.0,175949.0,1548.0,169240.0,85944.0,-3.25,-0.00210390030749176,-8299.0,6013.0,-14312.0,2.0472516987805776,1.5722406050578968,0.010962041884816864,0.07723152022315194,0.1605935386927122
2022-02-03,1543.0,261036.0,133829.0,1544.0,174426.0,60937.0,-1.0,-0.0006480881399866182,-5050.0,5186.0,-10236.0,2.1961862251177084,1.4965429465790565,-0.0011328693963424952,0.06967071057192364,0.12957540263543188
2022-02-04,1553.5,257768.0,116119.0,1556.75,182330.0,69923.0,-3.25,-0.002092050209203674,-3268.0,7904.0,-11172.0,1.6606695936958988,1.4137443097679954,0.006804925469863887,0.06040955631399325,0.12981818181818183
2022-02-07,1577.25,244271.0,178009.0,1584.25,194105.0,99837.0,-7.0,-0.0044381042954481295,-13497.0,11775.0,-25272.0,1.7829962839428088,1.2584477473532303,0.015288059221113537,0.06212121212121202,0.15296052631578938
2022-02-08,1565.25,231508.0,176069.0,1565.0,204945.0,107484.0,0.25,0.00015971889474514632,-12763.0,10840.0,-23603.0,1.6380949722749278,1.1296103832735558,-0.007608178792201659,0.02437827225130884,0.1272956427799783
2022-02-09,1592.0,220629.0,190630.0,1594.0,221190.0,119209.0,-2.0,-0.0012562814070343868,-10879.0,16245.0,-27124.0,1.5991242271975974,0.9974637189746327,0.017089921737741598,0.03058747370124615,0.17252807954336213
2022-02-10,1573.0,209733.0,255540.0,1575.0,236514.0,142970.0,-2.0,-0.001271455816909554,-10896.0,15324.0,-26220.0,1.7873679792963435,0.8867678023288225,-0.011934673366834181,0.01944264419961117,0.15853433990057075
2022-02-11,1586.0,192171.0,184659.0,1585.0,245184.0,114726.0,1.0,0.0006305170239592493,-17562.0,8670.0,-26232.0,1.6095653992991859,0.7837827916992921,0.008264462809917328,0.02092050209205021,0.16617647058823537
2022-02-14,1569.0,180109.0,125494.0,1569.5,252222.0,84618.0,-0.5,-0.00031867431485002,-12062.0,7038.0,-19100.0,1.4830650688978528,0.7140891754089623,-0.010718789407313967,-0.005230622919638606,0.17089552238805972
2022-02-15,1549.0,168902.0,147743.0,1554.0,259074.0,101382.0,-5.0,-0.003227888960617671,-11207.0,6852.0,-18059.0,1.4572902487620933,0.6519450041300916,-0.01274697259400892,-0.010381728158441184,0.15597014925373132
2022-02-16,1585.25,155684.0,100187.0,1590.0,258888.0,79385.0,-4.75,-0.0029963728118574382,-13218.0,-186.0,-13032.0,1.26203942810353,0.601356571181358,0.02340219496449314,-0.004239949748743754,0.16476855253490075
2022-02-17,1590.25,133405.0,114032.0,1594.0,265593.0,86167.0,-3.75,-0.0023581197924839752,-22279.0,6705.0,-28984.0,1.3233836619587391,0.5022910995395191,0.003154076644062531,0.010966306420851835,0.144682382580529
2022-02-18,1598.5,109006.0,107148.0,1597.0,278215.0,93752.0,1.5,0.0009383797309972234,-24399.0,12622.0,-37021.0,1.142887618397462,0.39180489908883276,0.005187863543468119,0.007881462799495642,0.12491203377902882
2022-02-22,1635.0,74561.0,117091.0,1635.0,291404.0,154679.0,0.0,0.0,-34445.0,13189.0,-47634.0,0.7569935156032768,0.25586814182372153,0.022833906787613323,0.042065009560229516,0.1564986737400531
2022-02-23,1674.75,47658.0,98545.0,1661.75,307309.0,166301.0,13.0,0.0077623525899341616,-26903.0,15905.0,-42808.0,0.5925700987967566,0.155081693019078,0.02431192660550452,0.0811814073595869,0.1949696753478416
2022-02-24,1661.5,20861.0,70087.0,1650.5,307833.0,234273.0,11.0,0.006620523623228035,-26797.0,524.0,-27321.0,0.29916806460838297,0.06776726341880153,-0.007911628601283804,0.04809966882195238,0.18193135337008703
2022-02-25,1572.5,6817.0,26189.0,1580.0,302314.0,173833.0,-7.5,-0.004769475357707619,-14044.0,-5519.0,-8525.0,0.1506560894651755,0.022549402277102542,-0.053566054769786375,-0.011161767017764501,0.0965829846582984
2022-02-28,1628.0,4132.0,4729.0,1634.0,304117.0,122901.0,-6.0,-0.003685503685501422,-2685.0,1803.0,-4488.0,0.03847812466944908,0.013586876103604819,0.03529411764705892,0.018454801376290186,0.1285961871750434
2022-03-01,1680.25,3394.0,1432.0,1686.0,304102.0,108758.0,-5.75,-0.003422109805086492,-738.0,-15.0,-723.0,0.013166847496276014,0.011160728965939023,0.03209459459459452,0.027675840978593325,0.14692832764505126
2022-03-02,1665.0,2534.0,1342.0,1653.0,297828.0,111268.0,12.0,0.007207207207202878,-860.0,-6274.0,5414.0,0.012060969910486285,0.008508266516244247,-0.009076030352626052,-0.00582176444245408,0.1212121212121211
2022-03-03,1670.0,1704.0,1585.0,1667.75,301430.0,101002.0,2.25,0.00134730538922075,-830.0,3602.0,-4432.0,0.015692758559236294,0.005653053776996299,0.0030030030030030463,0.005115859163406622,0.09293193717277481
2022-03-04,1656.0,1448.0,305.0,1650.0,297966.0,95910.0,6.0,0.0036231884057949136,-256.0,-3464.0,3208.0,0.003180064643936991,0.004859614855386169,-0.008383233532934131,0.05310015898251197,0.0720181259103414
2022-03-07,1667.0,1186.0,298.0,1660.0,296905.0,82378.0,7.0,0.004199160167963888,-262.0,-1061.0,799.0,0.00361747068392042,0.003994543709267261,0.0066425120772946045,0.023955773955773862,0.08036292935839273
2022-03-08,1686.0,993.0,243.0,1689.0,296823.0,110023.0,-3.0,-0.0017793594306039268,-193.0,-82.0,-111.0,0.0022086291048235168,0.0033454280834032293,0.01139772045590881,0.0034221098050886134,0.08529127775989709
2022-03-09,1680.0,472.0,566.0,1672.25,292164.0,116468.0,7.75,0.004613095238092492,-521.0,-4659.0,4138.0,0.004859703953017096,0.0016155310031352199,-0.003558718861209953,0.009009009009008917,0.06514503090822643
2022-03-10,1696.0,330.0,223.0,1686.0,291933.0,104946.0,10.0,0.005896226415090863,-142.0,-231.0,89.0,0.0021249023307224465,0.0011303963580684571,0.00952380952380949,0.015568862275449069,0.08353298195176495
2022-03-11,1600.0,196.0,333.0,1675.0,281366.0,90790.0,-75.0,-0.046874999999970704,-134.0,-10567.0,10433.0,0.0036678048243198183,0.0006966015794374563,-0.05660377358490565,-0.033816425120772986,0.005025125628140614
2022-03-14,,71.0,48.0,1678.0,283145.0,73458.0,,,-125.0,1779.0,-1904.0,0.0006534346156987578,0.00025075491356018915,0.0,-0.04019196160767846,0.017164653528289886
2022-03-15,1656.0,282448.0,70449.0,1628.25,164431.0,27205.0,27.75,0.016757246376801475,282377.0,-118714.0,401091.0,2.5895607425104727,1.7177296251923195,0.03499999999999992,-0.017793594306049876,0.044136191677175196
2022-03-16,1649.75,281249.0,65232.0,1622.0,164544.0,26542.0,27.75,0.01682073041368885,-1199.0,113.0,-1312.0,2.4576896993443427,1.7092631758070687,-0.003774154589372025,-0.018005952380952372,0.05146590184831101
2022-03-17,1668.25,284453.0,74317.0,1638.25,165633.0,28153.0,30.0,0.017982916229571117,3204.0,1089.0,2115.0,2.6397542002627556,1.7173691233027133,0.011213820275799424,-0.016362028301886822,0.07698515171078113
2022-03-18,1665.5,279597.0,67110.0,1632.0,169030.0,32132.0,33.5,0.020114079855887052,-4856.0,3397.0,-8253.0,2.0885721399227535,1.654126486422519,-0.0016484339877116394,0.04093750000000007,0.050622930137202315
2022-03-21,1692.25,280274.0,82394.0,1673.0,168587.0,33887.0,19.25,0.01137538779730455,677.0,-443.0,1120.0,2.4314338831999756,1.6624888040002987,0.016061242870009096,0.057656249999999964,0.06414085835560446
2022-03-22,1696.0,278073.0,80750.0,1682.75,172369.0,40231.0,13.25,0.0078124999999953934,-2201.0,3782.0,-5983.0,2.0071586587456935,1.6132425204067924,0.0022159846358398294,0.024154589371980784,0.060994682514857734
2022-03-23,1720.0,278677.0,75495.0,1701.5,175239.0,36274.0,18.5,0.01075581395348212,604.0,2870.0,-2266.0,2.081242763411753,1.5902681480720526,0.014150943396226356,0.04258220942567048,0.051987767584097844
2022-03-24,1700.25,275474.0,72414.0,1677.0,178530.0,43423.0,23.25,0.013674459638280444,-3203.0,3291.0,-6494.0,1.6676415724385312,1.5430123788718897,-0.011482558139534915,0.019181777311554127,0.01522615315718756
2022-03-25,1717.0,272177.0,64501.0,1689.0,181670.0,28488.0,28.0,0.016307513104242104,-3297.0,3140.0,-6437.0,2.2641463072169943,1.4981945285407525,0.009851492427584096,0.030921645151606114,0.0334035510081252
2022-03-28,1662.0,268430.0,76627.0,1643.0,184493.0,39448.0,19.0,0.011432009626948597,-3747.0,2823.0,-6570.0,1.9424812411275112,1.4549603507992095,-0.032032615026208466,-0.017875609395774816,0.05691573926868054
2022-03-29,1643.0,265579.0,107185.0,1620.0,184137.0,42177.0,23.0,0.013998782714538041,-2851.0,-356.0,-2495.0,2.5413139862957883,1.442290251280289,-0.011432009626955453,-0.03125,0.00921375921375911
2022-03-30,1662.0,259419.0,67718.0,1650.0,184230.0,34305.0,12.0,0.007220216606493851,-6160.0,93.0,-6253.0,1.973997959481068,1.4081257124246789,0.011564211807668867,-0.03372093023255818,-0.01086147894658529
2022-03-31,1628.5,261838.0,96368.0,1598.0,187225.0,59928.0,30.5,0.018728891618041924,2419.0,2995.0,-576.0,1.6080630089440395,1.3985204967285279,-0.020156438026474155,-0.042199676518159146,-0.021921921921921883
2022-04-01,1586.0,253261.0,102861.0,1565.0,189736.0,58822.0,21.0,0.013240857503144236,-8577.0,2511.0,-11088.0,1.7486824657440798,1.3348073112113603,-0.026097635861221935,-0.07629586488060569,-0.05029940119760479
2022-04-04,1603.25,247296.0,71525.0,1586.0,193183.0,42435.0,17.25,0.010759394978942299,-5965.0,3447.0,-9412.0,1.6855190291032949,1.280112639310906,0.01087641866330391,-0.03534897713598073,-0.03185386473429952
2022-04-05,1627.5,243007.0,66277.0,1611.0,194822.0,36991.0,16.5,0.010138248847920039,-4289.0,1639.0,-5928.0,1.7917060906706554,1.2473283304760179,0.015125526274754497,-0.009433962264150941,-0.023695260947810493
2022-04-06,1618.5,235928.0,75082.0,1603.0,199633.0,44390.0,15.5,0.009576768612907275,-7079.0,4811.0,-11890.0,1.6914169858075763,1.1818086188155206,-0.0055299539170506895,-0.026173285198555996,-0.04003558718861211
2022-04-07,1642.75,225509.0,114549.0,1625.25,205901.0,79385.0,17.5,0.010652868665341255,-10419.0,6268.0,-16687.0,1.4429552182402035,1.095230232004696,0.01498300895891247,0.008750383788762583,-0.022172619047619024
2022-04-08,1680.5,215116.0,116406.0,1656.0,214759.0,89195.0,24.5,0.014578994346911884,-10393.0,8858.0,-19251.0,1.3050731543247793,1.0016623284705135,0.022979759549535794,0.05958385876418659,-0.009139150943396235
2022-04-11,1658.0,198092.0,113893.0,1638.0,228736.0,88914.0,20.0,0.012062726176108526,-17024.0,13977.0,-31001.0,1.2809343860359304,0.8660289591494087,-0.013388872359416881,0.03414938406362067,0.03624999999999989
2022-04-12,1665.75,174968.0,104828.0,1657.0,239974.0,90606.0,8.75,0.005252889088995796,-23124.0,11238.0,-34362.0,1.1569653223848182,0.7291123205013846,0.0046743063932448425,0.023502304147465347,0.04109374999999993
2022-04-13,1671.25,152996.0,117939.0,1665.0,254783.0,102774.0,6.25,0.003739715781598361,-21972.0,14809.0,-36781.0,1.1475567750598288,0.6004953234713438,0.003301815998799418,0.032591906085881917,0.009208937198067702
2022-04-14,1679.5,142779.0,78738.0,1664.0,262978.0,76410.0,15.5,0.009228937183680126,-10217.0,8195.0,-18412.0,1.0304672163329271,0.5429313478694014,0.004936424831712749,0.02237102419723036,0.018033035308379963
2022-04-18,1715.0,134601.0,83054.0,1691.0,274605.0,72236.0,24.0,0.013994169096201752,-8178.0,11627.0,-19805.0,1.1497591228750048,0.49016223302561684,0.021137243227151048,0.020529604284439174,0.028023377791098536
2022-04-19,1714.0,130182.0,71593.0,1685.25,281257.0,80905.0,28.75,0.016773628938146573,-4419.0,6652.0,-11071.0,0.8849020456090366,0.4628578133166447,-0.0005830903790087216,0.033775633293124274,0.02912038426898822
2022-04-20,1738.0,125777.0,89812.0,1716.0,290020.0,89889.0,22.0,0.012658227848093983,-4405.0,8763.0,-13168.0,0.999143387956246,0.43368388387007645,0.014002333722286986,0.04337385562059137,0.027035012557246274
2022-04-21,1747.0,106163.0,86056.0,1718.0,299841.0,98298.0,29.0,0.01659988551802141,-19614.0,9821.0,-29435.0,0.875460334899989,0.35406432075666655,0.005178365937859697,0.0453253552729993,0.030070754716981174
2022-04-22,1715.0,79267.0,85149.0,1684.25,302707.0,109862.0,30.75,0.017930029154508496,-26896.0,2866.0,-29762.0,0.7750541588538278,0.26186047894498554,-0.01831711505437894,0.021137243227151048,-0.0029069767441860517
2022-04-25,1700.0,60142.0,76951.0,1672.75,309999.0,106284.0,27.25,0.016029411764696452,-19125.0,7292.0,-26417.0,0.7240130217153972,0.19400707744218468,-0.008746355685131157,-0.008746355685131157,-0.00014703720041175927
2022-04-26,1705.0,41219.0,59609.0,1671.0,316081.0,106782.0,34.0,0.01994134897359534,-18923.0,6082.0,-25005.0,0.5582307879605124,0.13040644644885288,0.002941176470588225,-0.0052508751458576475,-0.006988934187536433
2022-04-27,1735.0,18723.0,49610.0,1692.75,318900.0,119531.0,42.25,0.024351585014395185,-22496.0,2819.0,-25315.0,0.41503877655168603,0.058711194731890695,0.017595307917888547,-0.0017261219792865656,0.04392298435619746
2022-04-28,1704.25,5548.0,26981.0,1684.5,323333.0,74500.0,19.75,0.011588675370390735,-13175.0,4433.0,-17608.0,0.36216107382549845,0.017158780576062398,-0.0177233429394813,-0.024470520892959313,0.03727936701156431
2022-04-29,1704.25,3870.0,3083.0,1685.0,322128.0,72602.0,19.25,0.011295291183798566,-1678.0,-1205.0,-473.0,0.042464394920249546,0.012013857845328529,0.0,-0.006268221574344035,0.025421179302045793
2022-05-02,1662.0,2965.0,1445.0,1645.0,322789.0,98828.0,17.0,0.010228640192532956,-905.0,661.0,-1566.0,0.014621362366940395,0.009185567042247385,-0.02479096376705292,-0.022352941176470575,0.020571077678845473
2022-05-03,1655.0,2356.0,706.0,1630.75,321713.0,77552.0,24.25,0.014652567975821961,-609.0,-1076.0,467.0,0.009103569218072916,0.00732329747321368,-0.004211793020457266,-0.029325513196480912,0.04350567465321564
2022-05-04,1654.0,1866.0,869.0,1640.0,321844.0,75744.0,14.0,0.008464328899632126,-490.0,131.0,-621.0,0.01147285593578354,0.005797839947303645,-0.0006042296072507058,-0.046685878962536065,0.03165445189458915
2022-05-05,1671.0,1314.0,843.0,1649.5,322216.0,81208.0,21.5,0.01286654697784987,-552.0,372.0,-924.0,0.010380750664958988,0.004078009782257852,0.010278113663845234,-0.019510048408390768,0.026728110599078425
2022-05-06,1652.5,979.0,352.0,1624.75,318462.0,74867.0,27.75,0.016792738275330232,-335.0,-3754.0,3419.0,0.004701670963174634,0.0030741501340819217,-0.01107121484141238,-0.03036526331230749,0.021007105344454713
2022-05-09,1612.0,689.0,309.0,1585.25,313943.0,96276.0,26.75,0.01659429280395993,-290.0,-4519.0,4229.0,0.003209522622460393,0.0021946659106907873,-0.024508320726172483,-0.030084235860409092,-0.018718612083396757
2022-05-10,1621.5,318.0,395.0,1593.75,313102.0,71400.0,27.75,0.01711378353375448,-371.0,-841.0,470.0,0.005532212885153984,0.0010156434644301186,0.005893300248138944,-0.020241691842900256,-0.03510859863135973
2022-05-11,1641.5,71.0,319.0,1606.0,309856.0,73046.0,35.5,0.021626561072176895,-247.0,-3246.0,2999.0,0.004367111135448835,0.00022913869668491097,0.012334258402713516,-0.007557436517533267,-0.009951749095295503
2022-05-12,1604.0,10.0,66.0,1614.25,304400.0,91722.0,-10.25,-0.00639027431421048,-61.0,-5456.0,5395.0,0.0007195656440112436,3.2851511169513694e-05,-0.022844958879074007,-0.04009575104727703,-0.037070388713792535
2022-05-13,,,20.0,1639.0,302943.0,83090.0,,,,-1457.0,,0.0002407028523287972,,0.0,-0.029349470499243524,-0.04023934181002242
2022-05-16,1653.0,304021.0,63372.0,1600.5,23126.0,5793.0,52.5,0.031760435571668626,,-279817.0,,10.939409632312973,13.14628556602901,0.030548628428927582,0.025434243176178706,-0.015778505507591523
2022-05-17,1675.25,304971.0,76915.0,1620.0,23580.0,5831.0,55.25,0.03298015221606746,950.0,454.0,496.0,13.190704853367656,12.933460559795888,0.013460375075620146,0.033148319457292574,-0.02317784256559763
2022-05-18,1661.25,307701.0,86177.0,1600.0,23749.0,10197.0,61.25,0.03686982693752484,2730.0,169.0,2561.0,8.451211140530699,12.956377110614637,-0.008356961647515315,0.012031678342979024,-0.030775962660443357
2022-05-19,1692.0,311292.0,102891.0,1627.0,23762.0,9480.0,65.0,0.0384160756500955,3591.0,13.0,3578.0,10.853481012657083,13.100412423196149,0.018510158013544054,0.05486284289276799,-0.026467203682393525
2022-05-20,1704.25,305450.0,90964.0,1613.25,23810.0,10893.0,91.0,0.053395921959775036,-5842.0,48.0,-5890.0,8.350683925455948,12.828643427130919,0.007239952718676168,0.0625,-0.024470520892959313
2022-05-23,1688.75,302685.0,87419.0,1610.25,24610.0,10280.0,78.5,0.04648408586229668,-2765.0,800.0,-3565.0,8.503793774318238,12.299268590003564,-0.00909490978436267,0.021627344222625577,-0.015306122448979553
2022-05-24,1688.0,298166.0,78583.0,1628.75,25326.0,10325.0,59.25,0.03510071090045314,-4519.0,716.0,-5235.0,7.610944309926623,11.773118534312099,-0.0004441154700222105,0.007610804357558676,-0.007058823529411784
2022-05-25,1679.25,294854.0,82862.0,1614.5,26354.0,7979.0,64.75,0.038558880452560035,-3312.0,1028.0,-4340.0,10.385010652962729,11.188206723836563,-0.0051836492890995345,0.010835214446952568,-0.015102639296187714
2022-05-26,1724.75,296248.0,144069.0,1655.0,27932.0,16339.0,69.75,0.04044064357150866,1394.0,1578.0,-184.0,8.817491890568038,10.606043247887348,0.027095429507220548,0.019355791962174962,-0.0059077809798271375
2022-05-27,1731.75,296223.0,93346.0,1649.5,29157.0,9489.0,82.25,0.04749530821420673,-25.0,1225.0,-1250.0,9.83728527768892,10.159584319374073,0.004058559211479906,0.016136130262578874,0.016136130262578874
2022-05-31,1685.0,281658.0,147012.0,1613.0,29925.0,12945.0,72.0,0.042729970326384134,-14565.0,768.0,-15333.0,11.356662804170616,9.412130325814221,-0.026995813483470465,-0.0022205773501110526,-0.011295291183805234
2022-06-01,1687.0,275260.0,104722.0,1612.5,30562.0,10877.0,74.5,0.04416123295788728,-6398.0,637.0,-7035.0,9.62783855842515,9.006609515083797,0.001186943620178127,-0.0005924170616113944,0.01504211793020449
2022-06-02,1728.75,275089.0,111106.0,1646.0,31989.0,12109.0,82.75,0.04786695589295857,-171.0,1427.0,-1598.0,9.175489305474509,8.599487323767276,0.024748073503260137,0.029477445288075055,0.04456193353474314
2022-06-03,1697.0,265589.0,86973.0,1630.0,33314.0,13461.0,67.0,0.03948143783144403,-9500.0,1325.0,-10825.0,6.461109872965867,7.97229393047944,-0.018365871294287794,-0.01608928830265255,0.025997581620314403
2022-06-06,1699.5,258491.0,82275.0,1630.0,33413.0,8929.0,69.5,0.04089438070018188,-7098.0,99.0,-7197.0,9.214357710828848,7.736240385478475,0.0014731879787861502,-0.01862278042442611,0.017055655296229766
2022-06-07,1728.25,246349.0,147738.0,1648.25,34377.0,20323.0,80.0,0.046289599305629224,-12142.0,964.0,-13106.0,7.26949761354095,7.166099426942225,0.016916740217711057,0.02566765578635022,0.04583963691376702
2022-06-08,1741.0,238221.0,138385.0,1660.75,35803.0,24095.0,80.25,0.046094198736331936,-8128.0,1426.0,-9554.0,5.7433077401948225,6.653660307795251,0.007377404889338912,0.032009484291642076,0.08002481389578153
2022-06-09,1767.5,228998.0,172229.0,1679.5,39938.0,31461.0,88.0,0.04978783592642162,-9223.0,4135.0,-13358.0,5.474365086932854,5.7338374480443255,0.015221137277426688,0.022415039768618916,0.09004008633980876
2022-06-10,1744.0,200877.0,140826.0,1655.0,42028.0,24285.0,89.0,0.05103211009171386,-28121.0,2090.0,-30211.0,5.798888202593955,4.779599314742439,-0.013295615275813244,0.027695934001178646,0.062442887602802255
2022-06-13,1708.75,185311.0,125077.0,1620.0,43024.0,16644.0,88.75,0.05193855157275673,-15566.0,996.0,-16562.0,7.5148401826479505,4.307154146522771,-0.020212155963302725,0.0054427772874374725,0.06530548628428923
2022-06-14,1702.0,178104.0,100752.0,1616.5,45674.0,23469.0,85.5,0.05023501762629246,-7207.0,2650.0,-9857.0,4.29298223188017,3.899461400358981,-0.003950256035113342,-0.0151887747721684,0.061097256857855387
2022-06-15,1689.0,167967.0,101623.0,1605.75,47896.0,18774.0,83.25,0.04928952042625856,-10137.0,2222.0,-12359.0,5.412964738467806,3.506910806747881,-0.00763807285546414,-0.029867892016082753,0.02177858439201441
2022-06-16,1709.5,161674.0,70574.0,1630.75,49545.0,13235.0,78.75,0.0460661011991541,-6293.0,1649.0,-7942.0,5.332376275027931,3.2631748915127003,0.01213735938425109,-0.03281471004243286,0.02044470974481416
2022-06-17,1700.25,151403.0,84650.0,1620.0,51170.0,19693.0,80.25,0.04719894133212928,-10271.0,1625.0,-11896.0,4.298481694002727,2.958823529411707,-0.005410938871014959,-0.02508600917431192,0.02347629796839734
2022-06-21,1675.5,136610.0,100676.0,1594.0,51721.0,22240.0,81.5,0.0486421963592667,-14793.0,551.0,-15344.0,4.526798561150875,2.6412869047388368,-0.014556682840758728,-0.019458668617410413,-0.009751773049645363
2022-06-22,1654.0,120207.0,102256.0,1564.5,55381.0,28464.0,89.5,0.05411124546550537,-16403.0,3660.0,-20063.0,3.592467678470925,2.170545855076612,-0.012831990450611785,-0.02820211515863691,-0.029485110752530463
2022-06-23,1592.0,110711.0,128173.0,1500.0,54545.0,41287.0,92.0,0.057788944723581794,-9496.0,-836.0,-8660.0,3.104439654128343,2.029718580988138,-0.037484885126964906,-0.05743043220840738,-0.05729089563286449
2022-06-24,1603.5,73111.0,92486.0,1525.0,54350.0,27161.0,78.5,0.0489554100405058,-37600.0,-195.0,-37405.0,3.4051029049002834,1.345188592456277,0.007223618090452355,-0.06200643463000877,-0.05005924170616116
2022-06-27,1629.5,50439.0,69643.0,1527.75,56858.0,35648.0,101.75,0.06244246701438328,-22672.0,2508.0,-25180.0,1.9536299371633206,0.8871047170143008,0.01621453071406309,-0.04161152771651233,-0.029626321274378475
2022-06-28,1666.5,28114.0,59698.0,1552.0,63630.0,49475.0,114.5,0.06870687068702748,-22325.0,6772.0,-29097.0,1.206629610914579,0.4418356121326349,0.022706351641607947,-0.0053715308863026,-0.03377301058124371
2022-06-29,1666.5,12916.0,35558.0,1562.0,68085.0,42356.0,104.5,0.06270627062702508,-15198.0,4455.0,-19653.0,0.8395032580980065,0.18970404641256972,0.0,0.007557436517533267,-0.037678648765699485
2022-06-30,1665.0,9175.0,6466.0,1560.0,67402.0,35532.0,105.0,0.06306306306302518,-3741.0,-683.0,-3058.0,0.181976809636379,0.1361235571644738,-0.0009000900090009312,0.04585427135678399,-0.011869436201780381
2022-07-01,1620.0,5106.0,5313.0,1512.25,67297.0,31167.0,107.75,0.06651234567897128,-4069.0,-105.0,-3964.0,0.17046876503994063,0.07587262433689353,-0.027027027027026973,0.010289990645462987,-0.03971547125074093
2022-07-05,1572.0,3465.0,2235.0,1440.0,65010.0,33910.0,132.0,0.08396946564880155,-1641.0,-2287.0,646.0,0.06590976113240739,0.05329949238578598,-0.029629629629629672,-0.035286897821417584,-0.09067245119305856
2022-07-06,1570.0,1696.0,2309.0,1446.0,64600.0,25138.0,124.0,0.07898089171969491,-1769.0,-410.0,-1359.0,0.09185297159678209,0.026253869969039844,-0.0012722646310432406,-0.05790579057905787,-0.07483794932233356
2022-07-07,1580.0,1088.0,744.0,1479.0,63170.0,31878.0,101.0,0.06392405063287093,-608.0,-1430.0,822.0,0.02333897986071826,0.017223365521608087,0.006369426751592355,-0.05190519051905196,-0.07031479847013833
2022-07-08,1595.0,773.0,399.0,1513.25,62223.0,24739.0,81.75,0.05125391849526567,-315.0,-947.0,632.0,0.01612838029022935,0.012423058997476618,0.009493670886076,-0.042042042042042094,-0.07710111384348328
2022-07-11,1632.5,456.0,384.0,1519.5,59839.0,22527.0,113.0,0.06921898928020262,-317.0,-2384.0,2067.0,0.017046211213210056,0.007620448202677057,0.023510971786833812,0.007716049382715973,-0.062320505456634145
2022-07-12,1590.0,108.0,395.0,1468.0,56782.0,26782.0,122.0,0.07672955974837942,-348.0,-3057.0,2709.0,0.014748711821372013,0.0019020112007325932,-0.026033690658499253,0.011450381679389388,-0.10042432814710045
2022-07-13,1570.0,65.0,60.0,1475.0,56082.0,20230.0,95.0,0.06050955414008885,-43.0,-700.0,657.0,0.0029658922392484938,0.0011590171534538506,-0.012578616352201255,0.0,-0.09977064220183485
2022-07-14,,6.0,21.0,1470.0,55353.0,23094.0,,,-59.0,-729.0,670.0,0.0009093270979474795,0.00010839520893176327,0.0,-0.006329113924050667,-0.08119970738844184
2022-07-15,1456.0,53370.0,22609.0,1345.0,22861.0,6943.0,111.0,0.07623626373621138,53364.0,-32492.0,85856.0,3.2563733256512664,2.334543545776548,-0.07261146496815285,-0.08714733542319753,-0.14453584018801413
2022-07-18,1484.25,52384.0,22423.0,1384.25,23390.0,8832.0,100.0,0.0673740946605576,-986.0,529.0,-1515.0,2.53883605072435,2.239589568191439,0.019402472527472625,-0.09081163859111796,-0.12122557726465366
2022-07-19,1478.0,52336.0,19403.0,1371.75,23248.0,8554.0,106.25,0.07188768606219764,-48.0,-142.0,94.0,2.2682955342527156,2.251204404679876,-0.00421088091628774,-0.07044025157232703,-0.1354197133664814
2022-07-20,1445.0,51828.0,26111.0,1351.0,23504.0,9140.0,94.0,0.06505190311414183,-508.0,256.0,-764.0,2.8567833698027507,2.2050714771952773,-0.022327469553450663,-0.07961783439490444,-0.15012498162034993
2022-07-21,1418.0,49879.0,27254.0,1314.75,24636.0,11410.0,103.25,0.07281382228485697,-1949.0,1132.0,-3081.0,2.3886064855387916,2.0246387400551216,-0.01868512110726639,-0.0968152866242038,-0.1536854670247687
2022-07-22,1410.0,31724.0,27240.0,1306.0,24444.0,13054.0,104.0,0.07375886524817464,-18155.0,-192.0,-17963.0,2.086716715182926,1.297823596792616,-0.005641748942172065,-0.03159340659340659,-0.1475211608222491
2022-07-25,1463.0,28478.0,24846.0,1351.0,25790.0,18226.0,112.0,0.07655502392339265,-3246.0,1346.0,-4592.0,1.3632173817622428,1.1042264443582355,0.0375886524822695,-0.014316995115378095,-0.08103015075376885
2022-07-26,1516.0,19556.0,28936.0,1388.0,27009.0,23102.0,128.0,0.08443271767804457,-8922.0,1219.0,-10141.0,1.252532248290137,0.7240549446480534,0.03622693096377305,0.025710419485791558,-0.05456813221078893
2022-07-27,1576.0,11077.0,31657.0,1417.5,30248.0,30684.0,158.5,0.10057106598978391,-8479.0,3239.0,-11718.0,1.031710337635216,0.36620603015074166,0.0395778364116095,0.09065743944636684,-0.03283215710340592
2022-07-28,1597.0,4895.0,14499.0,1467.0,32581.0,26009.0,130.0,0.08140262993106988,-6182.0,2333.0,-8515.0,0.557460878926504,0.1502409379699779,0.01332487309644681,0.12623413258110006,-0.041704170417041664
2022-07-29,1619.0,2635.0,4783.0,1495.75,35098.0,31109.0,123.25,0.07612723903639523,-2260.0,2517.0,-4777.0,0.15374971873090895,0.07507550287765472,0.013775829680651164,0.14822695035460987,-0.028502850285028525
2022-08-01,1563.0,2012.0,1378.0,1417.25,34070.0,23924.0,145.75,0.09325015994875673,-623.0,-1028.0,405.0,0.05759906370171971,0.05905488699735665,-0.03458925262507717,0.06835269993164728,-0.0612612612612613
2022-08-02,1573.0,1387.0,1342.0,1400.0,33138.0,23005.0,173.0,0.10998092816267643,-625.0,-932.0,307.0,0.058335144533794465,0.041855271893293446,0.006397952655150307,0.03759894459102897,-0.02901234567901234
2022-08-03,1545.75,879.0,872.0,1405.75,32352.0,15039.0,140.0,0.09057092026518482,-508.0,-786.0,278.0,0.05798257862889434,0.02716988130563714,-0.017323585505403694,-0.019194162436548257,-0.016698473282442783
2022-08-04,1545.75,575.0,396.0,1461.0,33104.0,24346.0,84.75,0.05482775351767438,-304.0,752.0,-1056.0,0.016265505627207088,0.017369502174963226,0.0,-0.03209142141515342,-0.01544585987261149
2022-08-05,1560.0,427.0,240.0,1452.0,31935.0,19469.0,108.0,0.06923076923072485,-148.0,-1169.0,1021.0,0.012327289537212372,0.013370909660246958,0.009218825812712383,-0.03644224830142062,-0.012658227848101222
2022-08-08,1604.5,307.0,350.0,1453.5,31177.0,12337.0,151.0,0.09411031473973568,-120.0,-758.0,638.0,0.028369944070679387,0.009847002598068774,0.028525641025640924,0.02655150351887392,0.005956112852664619
2022-08-09,1672.5,231.0,427.0,1512.25,30598.0,24357.0,160.25,0.09581464872938965,-76.0,-579.0,503.0,0.017530894609351828,0.007549513040067731,0.042380803988781635,0.06325492689129053,0.02450229709035212
2022-08-10,1663.0,98.0,239.0,1497.25,30325.0,24068.0,165.75,0.09966927239921848,-133.0,-273.0,140.0,0.009930197772976154,0.0032316570486396294,-0.00568011958146486,0.07585314572214141,0.04591194968553469
2022-08-11,1682.5,29.0,93.0,1514.25,28677.0,14757.0,168.25,0.09999999999994057,-69.0,-1648.0,1579.0,0.006302093921528339,0.0010112633818041982,0.011725796752856343,0.08846838104480015,0.07165605095541405
2022-08-12,,15.0,21.0,1523.5,26809.0,17217.0,,,-14.0,-1868.0,1854.0,0.0012197246907125969,0.0005595135961803663,0.0,0.07852564102564097,0.07165605095541405
2022-08-15,1495.0,26091.0,13073.0,1409.0,317804.0,114275.0,86.0,0.057525083612001655,26076.0,290995.0,-264919.0,0.11439947495077563,0.08209777095316585,-0.11144130757800896,-0.06824555936428789,0.02678571428571419
2022-08-16,1447.0,24226.0,12286.0,1379.0,314354.0,93291.0,68.0,0.04699378023493642,-1865.0,-3450.0,1585.0,0.1316954475780072,0.07706598293643448,-0.03210702341137128,-0.1348281016442452,-0.025096850261074666
2022-08-17,1472.0,23460.0,8838.0,1389.0,312741.0,71049.0,83.0,0.05638586956517909,-766.0,-1613.0,847.0,0.12439302453236323,0.07501414908822293,0.01727712508638568,-0.11485267588695125,-0.004059539918809252
2022-08-18,1486.0,23071.0,8579.0,1401.5,311481.0,81698.0,84.5,0.056864064602922704,-389.0,-1260.0,871.0,0.10500869054321886,0.0740687232929133,0.009510869565217295,-0.11679049034175337,0.02837370242214532
2022-08-19,1482.5,23070.0,5821.0,1401.5,310177.0,64962.0,81.0,0.054637436762189115,-1.0,-1304.0,1303.0,0.08960623133524076,0.07437688803489596,-0.0023553162853297005,-0.11887072808320953,0.04548660084626244
2022-08-22,1519.0,23069.0,10433.0,1430.0,312754.0,103045.0,89.0,0.05859117840680804,-1.0,2577.0,-2578.0,0.10124702799747584,0.0737608471834091,0.0246205733558178,0.016053511705685697,0.07730496453900715
2022-08-23,1558.0,23429.0,13082.0,1460.0,313884.0,135174.0,98.0,0.06290115532730238,360.0,1130.0,-770.0,0.09677896636927148,0.07464222451606302,0.025674786043449638,0.07671043538355216,0.06493506493506485
2022-08-24,1551.0,21965.0,12242.0,1457.0,313654.0,121782.0,94.0,0.06060606060602153,-1464.0,-230.0,-1234.0,0.10052388694552478,0.0700293954484876,-0.00449293966623876,0.05366847826086962,0.02308707124010545
2022-08-25,1550.75,19660.0,9648.0,1431.5,311541.0,110359.0,119.25,0.07689827502816257,-2305.0,-2113.0,-192.0,0.08742377150934598,0.06310565864525035,-0.0001611863313990547,0.04357335127860029,-0.016021573604060868
2022-08-26,1606.0,7712.0,14850.0,1459.0,315851.0,95204.0,147.0,0.09153175591526057,-11948.0,4310.0,-16258.0,0.15598084114112687,0.02441657617040939,0.03562792197323872,0.08330522765598647,0.005635566687539173
2022-08-29,1520.0,3579.0,11281.0,1437.75,316874.0,94429.0,82.25,0.054111842105227556,-4133.0,1023.0,-5156.0,0.11946541846254731,0.011294710200268841,-0.0535491905354919,0.0006583278472680476,-0.06114885731933295
2022-08-30,1454.25,1071.0,4540.0,1432.0,318298.0,81730.0,22.25,0.015299982808997558,-2508.0,1424.0,-3932.0,0.05554875810595796,0.00336477137776548,-0.04325657894736845,-0.06659178433889601,-0.06957773512476007
2022-08-31,1488.0,832.0,578.0,1420.0,320211.0,77314.0,68.0,0.045698924731152085,-239.0,1913.0,-2152.0,0.007476006932767578,0.0025982867546711307,0.023207839092315607,-0.04061895551257255,-0.05403687221869036
2022-09-01,1454.25,899.0,697.0,1395.0,316188.0,89549.0,59.25,0.040742650850926085,67.0,-4023.0,4090.0,0.00778344816804199,0.002843245157943999,-0.022681451612903247,-0.06222795421570204,-0.0591945657447841
2022-09-02,1454.25,856.0,123.0,1416.0,316105.0,66349.0,38.25,0.026302217637939624,-43.0,-83.0,40.0,0.0018538335167070812,0.002707960962338455,0.0,-0.09448941469489414,-0.0591945657447841
2022-09-06,1485.25,794.0,82.0,1399.0,308317.0,97907.0,86.25,0.05807103181278703,-62.0,-7788.0,7726.0,0.0008375294922732711,0.002575271554925604,0.02131682998108997,-0.022861842105263208,-0.04791666666666672
2022-09-07,1450.0,743.0,54.0,1381.25,311935.0,123177.0,68.75,0.04741379310341558,-51.0,3618.0,-3669.0,0.0004383935312598907,0.002381906486928359,-0.023733378219155,-0.002922468626439745,-0.09629167965098162
2022-09-08,1450.0,702.0,59.0,1393.0,309696.0,87702.0,57.0,0.039310344827559095,-41.0,-2239.0,2198.0,0.0006727326628811124,0.002266738995660253,0.0,-0.025537634408602128,-0.13303437967115095
2022-09-09,1450.0,695.0,9.0,1408.0,310158.0,77088.0,42.0,0.028965517241359335,-7.0,462.0,-469.0,0.00011674968866749536,0.0022407934020724847,0.0,-0.002922468626439745,-0.12808177991581482
2022-09-12,1472.5,685.0,25.0,1485.5,319758.0,161988.0,-13.0,-0.00882852292019774,-10.0,9600.0,-9610.0,0.00015433241968540784,0.002142245072836326,0.01551724137931032,0.012549424101770734,-0.12481426448736999
2022-09-13,1424.0,520.0,170.0,1477.0,323587.0,141611.0,-53.0,-0.03721910112356937,-165.0,3829.0,-3994.0,0.0012004717147679122,0.0016069866836430338,-0.03293718166383697,-0.04123884867867367,-0.1536404160475483
2022-09-14,,322.0,201.0,1456.5,327835.0,110615.0,,,-198.0,4248.0,-4446.0,0.0018171134113818034,0.0009822014122958167,0.0,-0.017931034482758568,-0.04749163879598661
2022-09-15,1449.5,328423.0,100629.0,1458.0,102933.0,32266.0,-8.5,-0.005864091065880742,328101.0,-224902.0,553003.0,3.1187317919790765,3.1906482857780962,0.01790730337078661,-0.00034482758620690834,0.001727712508638568
2022-09-16,1446.0,323470.0,85172.0,1445.0,104284.0,23172.0,1.0,0.0006915629322263544,-4953.0,1351.0,-6304.0,3.6756430174346764,3.101818112078525,-0.002414625733011433,-0.0027586206896551557,-0.017663043478260865
2022-09-19,1461.25,319329.0,88514.0,1466.0,107959.0,28373.0,-4.75,-0.0032506415739926428,-4141.0,3675.0,-7816.0,3.11965601099626,2.9578728961920455,0.01054633471645916,-0.007640067911714787,-0.01665545087483178
2022-09-20,1471.0,316262.0,107521.0,1460.5,113791.0,38605.0,10.5,0.007138001359614454,-3067.0,5832.0,-8899.0,2.7851573630358044,2.7793234965858216,0.006672369546621093,0.03300561797752799,-0.007757166947723437
2022-09-21,1460.0,312289.0,95500.0,1466.75,122198.0,38505.0,-6.75,-0.00462328767122971,-3973.0,8407.0,-12380.0,2.4801973769639662,2.555598291297709,-0.007477906186267869,0.02528089887640439,-0.03884134298880848
2022-09-22,1457.0,310938.0,115426.0,1458.0,128950.0,40722.0,-1.0,-0.0006863417982150402,-1351.0,6752.0,-8103.0,2.8344875006138492,2.411306708026348,-0.002054794520547909,0.005174197999310071,-0.06482670089858789
2022-09-23,1425.75,310775.0,120138.0,1425.75,133467.0,35895.0,0.0,0.0,-163.0,4517.0,-4680.0,3.3469285415795142,2.328478200603877,-0.02144818119423475,-0.014004149377593311,-0.08075435203094783
2022-09-26,1410.0,312951.0,125611.0,1413.0,142905.0,49551.0,-3.0,-0.002127659574466576,2176.0,9438.0,-7262.0,2.5349841577364227,2.1899233756691356,-0.01104681746449232,-0.03507271171941828,-0.09076253425761727
2022-09-27,1408.0,314398.0,144461.0,1412.0,150197.0,52053.0,-4.0,-0.002840909090907073,1447.0,7292.0,-5845.0,2.7752675158011493,2.093237548020253,-0.0014184397163120588,-0.04282800815771581,-0.12328767123287676
2022-09-28,1408.0,315173.0,153869.0,1406.0,156736.0,62777.0,2.0,0.0014204545454535365,775.0,6539.0,-5764.0,2.4510409863484646,2.0108526439362877,0.0,-0.03561643835616435,-0.0736842105263158
2022-09-29,1410.0,294956.0,157471.0,1416.75,143932.0,84901.0,-6.75,-0.004787234042549797,-20217.0,-12804.0,-7413.0,1.8547602501737097,2.049273267932065,0.0014204545454545858,-0.032258064516129004,-0.030428055698813794
2022-09-30,1366.5,295089.0,185769.0,1380.0,144446.0,70261.0,-13.5,-0.009879253567501004,133.0,514.0,-381.0,2.643984571810782,2.042901845672417,-0.030851063829787195,-0.04155707522356655,-0.08165322580645162
2022-10-03,1374.0,284749.0,122444.0,1384.0,144417.0,49092.0,-10.0,-0.007278020378451763,-10340.0,-29.0,-10311.0,2.494174203536167,1.9717138564019336,0.005488474204171201,-0.025531914893617058,-0.05518308406395045
2022-10-04,1383.0,281724.0,119917.0,1390.0,148726.0,51687.0,-7.0,-0.005061460592910296,-3025.0,4309.0,-7334.0,2.3200611372298194,1.8942484837889684,0.0065502183406114245,-0.017755681818181768,-0.04899432697266637
2022-10-05,1369.0,280071.0,108763.0,1379.75,149199.0,42867.0,-10.75,-0.007852447041630494,-1653.0,473.0,-2126.0,2.5372197727855337,1.8771640560593446,-0.010122921185827916,-0.027698863636363646,-0.07826965157380916
2022-10-06,1358.0,276091.0,110344.0,1365.0,150452.0,55248.0,-7.0,-0.005154639175253936,-3980.0,1253.0,-5233.0,1.9972487691861789,1.8350769680695385,-0.008035062089116196,-0.03687943262411353,-0.06344827586206891
2022-10-07,1365.0,264876.0,140543.0,1375.25,156187.0,78851.0,-10.25,-0.007509157509152008,-11215.0,5735.0,-16950.0,1.7823870337725356,1.6958901829217432,0.005154639175257714,-0.001097694840834218,-0.05862068965517242
2022-10-10,1370.0,264541.0,196819.0,1387.0,170522.0,85174.0,-17.0,-0.012408759124078534,-335.0,14335.0,-14670.0,2.3107873294667116,1.5513599418256792,0.00366300366300365,-0.0029112081513827937,-0.05517241379310345
2022-10-11,1369.0,254818.0,126082.0,1386.0,176241.0,63256.0,-17.0,-0.01241782322862497,-9723.0,5719.0,-15442.0,1.993202225875775,1.445849717148669,-0.0007299270072992359,-0.010122921185827916,-0.07028862478777587
2022-10-12,1390.0,246335.0,220285.0,1402.75,188708.0,125375.0,-12.75,-0.009172661870496998,-8483.0,12467.0,-20950.0,1.7570089730807437,1.305376560612156,0.015339663988312546,0.015339663988312546,-0.023876404494381998
2022-10-13,1394.0,230409.0,145762.0,1405.0,196705.0,90499.0,-11.0,-0.007890961262548141,-15926.0,7997.0,-23923.0,1.6106476314655231,1.1713428738466172,0.0028776978417266452,0.026509572901325384,-0.021067415730337102
2022-10-14,1383.25,227265.0,123738.0,1391.75,204208.0,69354.0,-8.5,-0.006144948490868502,-3144.0,7503.0,-10647.0,1.7841508781036164,1.112909386507869,-0.007711621233859378,0.013369963369963322,-0.045705415660572624
2022-10-17,1383.75,222927.0,116449.0,1392.75,209171.0,67903.0,-9.0,-0.006504065040645706,-4338.0,4963.0,-9301.0,1.7149315935967229,1.0657643746025929,0.00036146755828658783,0.010036496350364965,-0.04304979253112029
2022-10-18,1368.0,215824.0,143267.0,1377.0,214178.0,90377.0,-9.0,-0.006578947368416244,-7103.0,5007.0,-12110.0,1.5852152649457096,1.0076851964253986,-0.011382113821138184,-0.0007304601899196239,-0.06381522668947814
2022-10-19,1371.5,206325.0,105181.0,1382.0,219766.0,66078.0,-10.5,-0.007655851257741411,-9499.0,5588.0,-15087.0,1.591770332031817,0.9388394929151874,0.0025584795321638154,-0.013309352517985595,-0.06764106050305918
2022-10-20,1389.25,187485.0,130958.0,1400.0,221617.0,71513.0,-10.75,-0.007737988123082427,-18840.0,1851.0,-20691.0,1.8312474654957582,0.8459865443535431,0.012942034269048497,-0.003407460545193697,-0.048458904109589085
2022-10-21,1393.25,157027.0,116214.0,1409.0,225402.0,68703.0,-15.75,-0.011304503857878123,-30458.0,3785.0,-34243.0,1.6915418540674831,0.6966530909219941,0.0028792513946374054,0.007229351165732867,-0.04375428963623884
2022-10-24,1370.0,135315.0,118812.0,1382.25,233744.0,97491.0,-12.25,-0.008941605839409532,-21712.0,8342.0,-30054.0,1.2186971105024953,0.5789025600657105,-0.0166876009330702,-0.009936766034327027,-0.039102226898123815
2022-10-25,1380.0,113721.0,98749.0,1392.0,238678.0,95739.0,-12.0,-0.008695652173906743,-21594.0,4934.0,-26528.0,1.0314396431965966,0.4764620115804537,0.007299270072992803,0.00877192982456143,-0.021276595744680882
2022-10-26,1380.75,76501.0,107710.0,1392.0,241316.0,123276.0,-11.25,-0.00814774579032544,-37220.0,2638.0,-39858.0,0.8737304909309122,0.3170158630177845,0.0005434782608695343,0.006744440393729567,-0.019353693181818232
2022-10-27,1382.0,48312.0,79221.0,1393.25,241534.0,121756.0,-11.25,-0.008140376266274863,-28189.0,218.0,-28407.0,0.650653766549487,0.2000215290600901,0.0009053050878145008,-0.005218643152780311,-0.01846590909090906
2022-10-28,1380.0,10179.0,66790.0,1393.25,245887.0,142052.0,-13.25,-0.009601449275355362,-38133.0,4353.0,-42486.0,0.470179934108633,0.04139706450524005,-0.0014471780028944004,-0.00951013816615831,-0.021276595744680882
2022-10-31,1399.0,4458.0,10073.0,1417.0,247860.0,111149.0,-18.0,-0.01286633309505871,-5721.0,1973.0,-7694.0,0.09062609650109231,0.017985959816025104,0.013768115942029091,0.02116788321167884,0.023783388218075352
2022-11-01,1433.0,2895.0,5327.0,1445.0,259647.0,127557.0,-12.0,-0.008374040474523116,-1563.0,11787.0,-13350.0,0.04176172221046245,0.01114975331892912,0.02430307362401707,0.03840579710144931,0.04294032023289662
2022-11-02,1415.0,2411.0,2357.0,1453.0,258154.0,99926.0,-38.0,-0.02685512367489268,-484.0,-1493.0,1009.0,0.023587454716489965,0.009339386567707612,-0.012561060711793415,0.024805359406119942,0.02313810556760676
2022-11-03,1415.0,1699.0,989.0,1436.0,256837.0,86407.0,-21.0,-0.014840989399282798,-712.0,-1317.0,605.0,0.011445831934912548,0.0066150905048727145,0.0,0.02387843704775694,0.03360116873630381
2022-11-04,1431.0,1518.0,473.0,1460.0,259520.0,88740.0,-29.0,-0.020265548567421198,-181.0,2683.0,-2864.0,0.005330178048230726,0.005849260172626365,0.011307420494699683,0.03695652173913033,0.05375552282768781
2022-11-07,1431.0,1648.0,1472.0,1445.25,258007.0,76580.0,-14.25,-0.009958071278819036,130.0,-1513.0,1643.0,0.019221728910942554,0.006387423597034165,0.0,0.022873481057898548,0.0483516483516484
2022-11-08,1425.0,992.0,1250.0,1446.0,258187.0,78572.0,-21.0,-0.014736842105252817,-656.0,180.0,-836.0,0.015908975207452835,0.0038421764070228023,-0.004192872117400381,-0.005582693649685999,0.04014598540145986
2022-11-09,1425.0,532.0,820.0,1450.25,256412.0,99754.0,-25.25,-0.0177192982456016,-460.0,-1775.0,1315.0,0.008220221745493833,0.00207478589145593,0.0,0.007067137809187329,0.04090577063550027
2022-11-10,1425.0,217.0,510.0,1420.25,250272.0,128761.0,4.75,0.0033333333333309943,-315.0,-6140.0,5825.0,0.003960826647820349,0.0008670566423730947,0.0,0.007067137809187329,0.02517985611510798
2022-11-11,1425.0,69.0,236.0,1448.0,253920.0,113217.0,-23.0,-0.016140350877181655,-148.0,3648.0,-3796.0,0.002084492611533585,0.00027173913043478153,0.0,-0.004192872117400381,0.02223816355810615
2022-11-14,,55.0,33.0,1440.25,252373.0,78858.0,,,-14.0,-1547.0,1533.0,0.0004184737122422529,0.00021793139519679118,0.0,-0.004192872117400381,0.030182541116934747
2022-11-15,1449.0,253238.0,99988.0,1461.5,139744.0,43536.0,-12.5,-0.008626639061415716,253183.0,-112629.0,365812.0,2.296674016905497,1.812156514769852,0.01684210526315799,0.01684210526315799,0.047154471544715415
2022-11-16,1429.75,249321.0,96622.0,1429.5,139589.0,36608.0,0.25,0.00017485574401106846,-3917.0,-155.0,-3762.0,2.6393684440558722,1.786107787862928,-0.01328502415458932,0.0033333333333334103,0.04513888888888884
2022-11-17,1410.0,247249.0,88314.0,1420.0,145121.0,37627.0,-10.0,-0.007092198581555254,-2072.0,5532.0,-7604.0,2.3470911845216906,1.7037437724381608,-0.01381360377688412,-0.010526315789473717,0.028071454611738877
2022-11-18,1422.25,247563.0,63078.0,1429.0,148957.0,26953.0,-6.75,-0.004746001054663564,314.0,3836.0,-3522.0,2.340296070938213,1.6619762750323808,0.008687943262411402,-0.0019298245614035592,0.023753824005758428
2022-11-21,1435.0,245337.0,69911.0,1441.0,150627.0,25556.0,-6.0,-0.004181184668986634,-2226.0,1670.0,-3896.0,2.7356002504303203,1.628771734151237,0.008964668658815178,0.007017543859649145,0.0299659070518572
2022-11-22,1430.5,241418.0,69272.0,1434.0,151488.0,36707.0,-3.5,-0.0024466969591034975,-3919.0,861.0,-4780.0,1.8871604871005019,1.5936443810730778,-0.003135888501742179,-0.012767425810904065,0.044160583941605935
2022-11-23,1435.0,237548.0,67115.0,1440.0,151792.0,35737.0,-5.0,-0.003484320557488861,-3870.0,304.0,-4174.0,1.878025575733781,1.564957310003152,0.0031457532331353733,0.003671970624234966,0.03985507246376807
2022-11-25,1432.5,234422.0,41566.0,1438.25,154668.0,17950.0,-5.75,-0.00401396160558184,-3126.0,2876.0,-6002.0,2.3156545961001496,1.5156464168412245,-0.0017421602787456303,0.015957446808510634,0.037479630635524064
2022-11-28,1457.0,239245.0,102364.0,1462.75,156396.0,42009.0,-5.75,-0.003946465339736482,4823.0,1728.0,3095.0,2.436715941821933,1.5297386122407126,0.01710296684118684,0.02443311654069258,0.05426917510853846
2022-11-29,1458.0,234120.0,91119.0,1461.75,158592.0,52336.0,-3.75,-0.0025720164609035856,-5125.0,2196.0,-7321.0,1.741038673188594,1.4762409200968432,0.0006863417982154729,0.016027874564459976,0.05652173913043468
2022-11-30,1466.0,236336.0,93201.0,1473.0,160948.0,42604.0,-7.0,-0.004774897680760727,2216.0,2356.0,-140.0,2.187611491878646,1.4683997315903183,0.005486968449931462,0.024816497728067155,0.04789135096497499
2022-12-01,1429.0,228169.0,134068.0,1434.5,163203.0,67598.0,-5.5,-0.003848845346393388,-8167.0,2255.0,-10422.0,1.9833131157726265,1.398068662953491,-0.02523874488403821,-0.004181184668989535,-0.002791346824842944
2022-12-02,1438.0,224533.0,91648.0,1440.0,165888.0,45191.0,-2.0,-0.0013908205841436782,-3636.0,2685.0,-6321.0,2.028014427651479,1.353521653163572,0.006298110566830051,0.0038394415357765332,0.016254416961130724
2022-12-05,1438.25,221403.0,82713.0,1442.0,168938.0,55122.0,-3.75,-0.002607335303318194,-3130.0,3050.0,-6180.0,1.5005442473059487,1.3105577194000089,0.00017385257301816281,-0.012868908716540783,0.016431095406360452
2022-12-06,1451.0,209644.0,126974.0,1460.0,170451.0,76524.0,-9.0,-0.006202618883524327,-11759.0,1513.0,-13272.0,1.659270294286738,1.229937049357286,0.008864940031288127,-0.004801097393689946,0.013976240391334827
2022-12-07,1470.25,206214.0,145108.0,1470.0,181050.0,110202.0,0.25,0.0001700391089949532,-3430.0,10599.0,-14029.0,1.3167456126023,1.1389892294946085,0.013266712611991638,0.0028990450204637863,0.027428371767994397
2022-12-08,1484.5,200567.0,141915.0,1486.0,189399.0,102955.0,-1.5,-0.0010104412260013402,-5647.0,8349.0,-13996.0,1.378417755329985,1.0589654644427846,0.00969222921271884,0.038838348495451314,0.04175438596491232
2022-12-09,1479.75,190303.0,96091.0,1482.75,195853.0,69692.0,-3.0,-0.0020273694880878343,-10264.0,6454.0,-16718.0,1.3787952706192765,0.9716624202845963,-0.003199730549006352,0.029033379694019423,0.03842105263157891
2022-12-12,1460.75,176236.0,125861.0,1466.0,210158.0,85999.0,-5.25,-0.0035940441553971633,-14067.0,14305.0,-28372.0,1.463517017639723,0.838588109898263,-0.012840006757898315,0.015644011819920145,0.025087719298245714
2022-12-13,1478.25,165601.0,145783.0,1481.75,223103.0,93220.0,-3.5,-0.0023676644681194874,-10635.0,12945.0,-23580.0,1.5638596867624805,0.7422625424131422,0.011980147184665446,0.018780151619572694,0.037368421052631495
2022-12-14,1482.0,161854.0,112117.0,1483.0,231497.0,81518.0,-1.0,-0.0006747638326581142,-3747.0,8394.0,-12141.0,1.3753649500723597,0.6991624081521545,0.0025367833587011113,0.007991838122768158,0.040000000000000036
2022-12-15,1469.0,151801.0,97511.0,1475.0,235781.0,66697.0,-6.0,-0.004084411164054402,-10053.0,4284.0,-14337.0,1.4619997900954846,0.6438220212824586,-0.00877192982456143,-0.010441226002020909,0.013802622498274575
2022-12-16,1479.0,144882.0,69325.0,1480.0,237838.0,53188.0,-1.0,-0.0006761325219738499,-6919.0,2057.0,-8976.0,1.3033955027449557,0.6091625392073571,0.006807351940095296,-0.0005068423720222537,0.03444658157020464
2022-12-19,1463.0,122564.0,101717.0,1464.0,243452.0,75524.0,-1.0,-0.0006835269993160058,-22318.0,5614.0,-27932.0,1.3468169058842043,0.5034421569755003,-0.010818120351588911,0.0015403046380284557,0.0375886524822695
2022-12-20,1474.5,112080.0,111696.0,1480.5,253341.0,79823.0,-6.0,-0.004069175991858888,-10484.0,9889.0,-20373.0,1.3992959422722597,0.4424076639785884,0.007860560492139346,-0.0025367833587012223,0.03673756371945869
2022-12-21,1477.0,95427.0,84786.0,1480.5,260524.0,75590.0,-3.5,-0.002369668246443893,-16653.0,7183.0,-23836.0,1.1216563037438665,0.36628871044510153,0.0016954899966090675,-0.003373819163292824,0.029268292682926855
2022-12-22,1465.5,81218.0,75905.0,1470.5,265129.0,77197.0,-5.0,-0.0034118048447605515,-14209.0,4605.0,-18814.0,0.983263598326347,0.3063338978384096,-0.007786052809749533,-0.0023825731790333426,0.02446696959105199
2022-12-23,1475.0,64294.0,52836.0,1482.25,272554.0,75413.0,-7.25,-0.004915254237284803,-16924.0,7425.0,-24349.0,0.7006219086894739,0.23589453833001814,0.006482429205049378,-0.0027045300878972833,0.027874564459930307
2022-12-27,1477.0,43563.0,61925.0,1488.5,274955.0,127609.0,-11.5,-0.00778605280974422,-20731.0,2401.0,-23132.0,0.48527141502558213,0.15843683511847337,0.0013559322033898091,0.009569377990430672,0.03106457242582894
2022-12-28,1503.0,24794.0,42705.0,1513.75,282248.0,100570.0,-10.75,-0.007152361942776346,-18769.0,7293.0,-26062.0,0.4246296112160642,0.08784473229216828,0.01760324983073791,0.019328585961342792,0.03157172271791353
2022-12-29,1503.25,10415.0,27307.0,1513.5,286465.0,93137.0,-10.25,-0.0068185597871233536,-14379.0,4217.0,-18596.0,0.2931917497879436,0.036356972055922934,0.0001663339986692769,0.017772511848341166,0.03103566529492463
2022-12-30,1505.0,6872.0,7092.0,1522.5,290229.0,81441.0,-17.5,-0.01162790697673646,-3543.0,3764.0,-7307.0,0.08708144546358607,0.023677854383951903,0.0011641443538998875,0.026953258273626712,0.026603001364256418
2023-01-03,1487.5,4922.0,2951.0,1490.25,294046.0,116145.0,-2.75,-0.0018487394957970764,-1950.0,3817.0,-5767.0,0.025407895303284467,0.01673887759058101,-0.011627906976744207,0.008474576271186418,0.040937718684394664
2023-01-04,1470.0,3731.0,2200.0,1483.0,295669.0,90605.0,-13.0,-0.008843537414959971,-1191.0,1623.0,-2814.0,0.024281220683184987,0.012618840663038694,-0.0117647058823529,-0.004739336492891044,0.022253129346314404
2023-01-05,1461.0,3628.0,1169.0,1470.75,295982.0,100638.0,-9.75,-0.006673511293629929,-103.0,313.0,-416.0,0.011615890617857949,0.012257502145400693,-0.006122448979591799,-0.027944111776447067,0.01581783417347471
2023-01-06,1460.0,2068.0,2024.0,1491.75,291526.0,99606.0,-31.75,-0.02174657534245086,-1560.0,-4456.0,2896.0,0.020320061040499365,0.007093706907788646,-0.000684462696783017,-0.028770996174954266,0.006202618883528688
2023-01-09,1501.5,1637.0,446.0,1488.25,292198.0,84196.0,13.25,0.008824508824502947,-431.0,672.0,-1103.0,0.005297163760748666,0.005602365519271161,0.02842465753424661,-0.0023255813953488857,0.021254888624383517
2023-01-10,1500.0,1381.0,350.0,1485.0,296787.0,96683.0,15.0,0.009999999999993334,-256.0,4589.0,-4845.0,0.0036200779868228784,0.0046531687708693285,-0.0009990009990009652,0.008403361344537785,0.010441226002020798
2023-01-11,1511.0,1065.0,617.0,1492.25,299400.0,70343.0,18.75,0.012409000661805156,-316.0,2613.0,-2929.0,0.008771306313350173,0.003557114228456902,0.007333333333333414,0.027891156462585,0.021118432167595902
2023-01-12,1500.0,791.0,491.0,1517.25,307376.0,139892.0,-17.25,-0.011499999999992334,-274.0,7976.0,-8250.0,0.0035098504560660835,0.0025733954505231297,-0.007279947054930513,0.026694045174537884,0.026869758685606815
2023-01-13,,517.0,295.0,1527.0,315277.0,104971.0,,,-274.0,7901.0,-8175.0,0.0028102999876156005,0.0016398278339365014,0.0,0.027397260273972712,0.014713343480466712
2023-01-17,1537.0,317317.0,118314.0,1532.5,135798.0,47119.0,4.5,0.0029277813923208017,316800.0,-179479.0,496279.0,2.5109616078439165,2.336683898142813,0.024666666666666615,0.02364302364302362,0.037112010796221284
2023-01-18,1524.75,313547.0,133372.0,1517.0,136691.0,57662.0,7.75,0.0050828004590883205,-3770.0,893.0,-4663.0,2.3129964274565173,2.2938379264179627,-0.007970071567989567,0.01649999999999996,0.03795098706603128
2023-01-19,1514.25,311413.0,124401.0,1510.0,141212.0,61658.0,4.25,0.002806669968629482,-2134.0,4521.0,-6655.0,2.017597067695968,2.2052870860833202,-0.00688637481554355,0.0021508934480476416,0.02383367139959436
2023-01-20,1507.0,310001.0,98916.0,1499.5,142857.0,44278.0,7.5,0.004976775049764448,-1412.0,1645.0,-3057.0,2.2339762410225794,2.170009170009155,-0.004787848770018144,0.004666666666666597,0.03007518796992481
2023-01-23,1490.25,306133.0,134889.0,1480.0,146824.0,47780.0,10.25,0.006878040597210617,-3868.0,3967.0,-7835.0,2.8231268313101125,2.0850337819429927,-0.011114797611147975,-0.00649999999999995,0.010681586978636748
2023-01-24,1488.25,306864.0,129464.0,1486.5,149801.0,52296.0,1.75,0.0011758777087175032,731.0,2977.0,-2246.0,2.4756004283309916,2.0484776470116888,-0.0013420567018956886,-0.03171763175016262,0.007616790792146277
2023-01-25,1505.0,307932.0,119104.0,1496.0,148980.0,44665.0,9.0,0.005980066445178751,1068.0,-821.0,1889.0,2.666606962946319,2.0669351590817424,0.011254829497732155,-0.012952943105427162,0.026953258273626712
2023-01-26,1519.0,305502.0,123245.0,1511.0,152954.0,52035.0,8.0,0.005266622778140048,-2430.0,3974.0,-6404.0,2.368501969827955,1.9973456071760007,0.009302325581395321,0.0031368664355291287,0.029830508474576245
2023-01-27,1509.0,300862.0,101755.0,1501.0,157301.0,48773.0,8.0,0.005301524188200595,-4640.0,4347.0,-8987.0,2.0862977467040764,1.9126515406767797,-0.006583278472679366,0.0013271400132714994,0.021665538253216043
2023-01-30,1531.5,298933.0,123619.0,1522.25,162229.0,50753.0,9.25,0.0060398302317949465,-1929.0,4928.0,-6857.0,2.435698382361586,1.8426606833549992,0.01491053677932408,0.02767991947659798,0.01896207584830334
2023-01-31,1537.25,302823.0,126434.0,1527.5,166640.0,70316.0,9.75,0.006342494714583612,3890.0,4411.0,-521.0,1.7980829398714118,1.8172287566010454,0.0037544890630101246,0.032924575844112125,0.02261766173291213
2023-02-01,1519.25,293731.0,129978.0,1513.0,171120.0,69089.0,6.25,0.004113871976301389,-9092.0,4480.0,-13572.0,1.8813125099509056,1.7165205703599713,-0.011709221011546589,0.009468438538206003,0.009468438538206003
2023-02-02,1534.0,291198.0,99742.0,1522.75,177721.0,53632.0,11.25,0.007333767926983485,-2533.0,6601.0,-9134.0,1.8597479116944762,1.6385120497858912,0.009708737864077666,0.00987491770901916,0.031260504201680694
2023-02-03,1530.0,282353.0,101436.0,1520.0,183819.0,48831.0,10.0,0.006535947712414029,-8845.0,6098.0,-14943.0,2.0772869693432026,1.5360381679804507,-0.0026075619295958807,0.013916500994035852,0.04081632653061229
2023-02-06,1520.0,281651.0,131712.0,1514.0,192284.0,82282.0,6.0,0.003947368421050035,-702.0,8465.0,-9167.0,1.6007389222429984,1.464765659129197,-0.006535947712418277,-0.007508978126020249,0.040383299110198445
2023-02-07,1515.0,271115.0,164240.0,1508.5,204219.0,110627.0,6.5,0.0042904290429014585,-10536.0,11935.0,-22471.0,1.484628526489903,1.3275699126917608,-0.003289473684210509,-0.014473898194828472,0.03767123287671237
2023-02-08,1515.25,255896.0,177793.0,1513.5,212808.0,114052.0,1.75,0.0011549249298787956,-15219.0,8589.0,-23808.0,1.55887665275487,1.2024735912183697,0.00016501650165023918,-0.0026328780648345873,0.009157509157509125
2023-02-09,1517.0,237847.0,189473.0,1509.0,225699.0,126930.0,8.0,0.005273566249172529,-18049.0,12891.0,-30940.0,1.4927361537855393,1.0538238982006962,0.0011549249298794528,-0.011082138200782299,0.011333333333333417
2023-02-10,1540.0,229851.0,173799.0,1520.25,240990.0,116600.0,19.75,0.012824675324666997,-7996.0,15291.0,-23287.0,1.4905574614065051,0.9537781650690861,0.015161502966380969,0.006535947712418277,0.019192587690271434
2023-02-13,1542.5,216418.0,162409.0,1533.0,258472.0,118030.0,9.5,0.006158833063205083,-13433.0,17482.0,-30915.0,1.375997627721754,0.8372976569995945,0.0016233766233766378,0.014802631578947345,0.02833333333333332
2023-02-14,1536.75,202352.0,115529.0,1527.0,268366.0,91284.0,9.75,0.006344558321128131,-14066.0,9894.0,-23960.0,1.2655996669733878,0.7540150391629314,-0.0037277147487844164,0.01435643564356437,0.024499999999999966
2023-02-15,1525.75,178509.0,132117.0,1516.25,278982.0,94634.0,9.5,0.006226446010154857,-23843.0,10616.0,-34459.0,1.39608385992348,0.6398584854936855,-0.007157963234097897,0.006929549579277383,-0.007319453480806759
2023-02-16,1522.5,160839.0,115376.0,1520.25,288999.0,92686.0,2.25,0.0014778325123143002,-17670.0,10017.0,-27687.0,1.2448050406749536,0.5565382579178456,-0.0021300999508439,0.003625576796308483,-0.0014756517461879115
2023-02-17,1525.0,141372.0,93637.0,1518.75,296384.0,78428.0,6.25,0.004098360655735017,-19467.0,7385.0,-26852.0,1.1939230886927985,0.47698931116389387,0.0016420361247948545,-0.009740259740259716,0.007099224038302765
2023-02-21,1543.0,112869.0,115702.0,1539.25,320623.0,119108.0,3.75,0.0024303305249498185,-28503.0,24239.0,-52742.0,0.9714041038385249,0.35203026607573273,0.011803278688524488,0.00032414910858991064,0.023888520238885214
2023-02-22,1542.75,89462.0,90517.0,1533.75,322139.0,95296.0,9.0,0.005833738454055528,-23407.0,1516.0,-24923.0,0.9498509905977066,0.277712416068839,-0.00016202203499671164,0.003904343582235237,0.035228988424760965
2023-02-23,1534.25,68742.0,85546.0,1521.0,323993.0,108904.0,13.25,0.008636141437178663,-20720.0,1854.0,-22574.0,0.785517520017623,0.21217125061343853,-0.0055096418732781816,0.0055710306406684396,0.030908785486309487
2023-02-24,1527.0,35671.0,71895.0,1518.25,329790.0,142777.0,8.75,0.005730189914861997,-33071.0,5797.0,-38868.0,0.5035474901419662,0.10816277024773308,-0.004725435880723494,0.002955665024630516,0.0146179401993356
2023-02-27,1518.5,12051.0,43689.0,1510.5,331945.0,127314.0,8.0,0.005268356931178618,-23620.0,2155.0,-25775.0,0.3431594325840022,0.036304207022247556,-0.005566470203012486,-0.004262295081967182,-0.0003291639236340238
2023-02-28,1487.25,5798.0,9027.0,1481.5,329047.0,162737.0,5.75,0.0038661959993250184,-6253.0,-2898.0,-3355.0,0.05546986856092926,0.017620583077797344,-0.020579519262430068,-0.036130913804277354,-0.014413518886679966
2023-03-01,1504.5,4189.0,2793.0,1494.25,329951.0,131485.0,10.25,0.00681289464938065,-1609.0,904.0,-2513.0,0.021241966764269527,0.01269582453152131,0.011598587997982746,-0.024793388429752095,-0.01762977473065619
2023-03-02,1512.25,2740.0,2029.0,1509.0,326820.0,109071.0,3.25,0.002149115556288875,-1449.0,-3131.0,1682.0,0.01860256163416473,0.00838381983966707,0.005151213027583923,-0.014339253707022936,-0.016262806960481324
2023-03-03,1525.25,1895.0,1607.0,1518.0,329440.0,91127.0,7.25,0.004753319128008685,-845.0,2620.0,-3465.0,0.01763472955326064,0.005752185526954815,0.008596462225161083,-0.0011460379829731915,0.003949317097251992
2023-03-06,1530.0,1146.0,1130.0,1526.25,327659.0,116698.0,3.75,0.0024509803921552607,-749.0,-1781.0,1032.0,0.00968311367804067,0.003497538599580651,0.003114243566628483,0.007573263088574311,-0.0026075619295958807
2023-03-07,1525.25,876.0,645.0,1514.5,323470.0,99283.0,10.75,0.007048024913943912,-270.0,-4189.0,3919.0,0.006496580482056279,0.0027081336754567575,-0.0031045751633986818,0.02555051269120856,-0.0031045751633986818
2023-03-08,1523.0,618.0,272.0,1517.0,318671.0,105386.0,6.0,0.0039395929087301775,-258.0,-4799.0,4541.0,0.002580987987019124,0.001939304172641998,-0.0014751680052450533,0.012296444001329343,0.0019736842105262387
2023-03-09,1515.0,465.0,224.0,1510.0,321464.0,119981.0,5.0,0.003300330033001122,-153.0,2793.0,-2946.0,0.0018669622690259135,0.0014465072294253744,-0.005252790544977071,0.0018184823937841266,0.0
2023-03-10,1511.25,165.0,467.0,1501.0,321627.0,109997.0,10.25,0.006782464846976488,-300.0,163.0,-463.0,0.004245570333736336,0.0005130166310664201,-0.0024752475247524774,-0.009178823143746961,-0.002639828411153289
2023-03-13,1485.0,38.0,139.0,1490.5,316881.0,124759.0,-5.5,-0.0037037037037012097,-127.0,-4746.0,4619.0,0.0011141480774933983,0.00011991883388401287,-0.017369727047146455,-0.02941176470588236,-0.02109426499670397
2023-03-14,,1.0,37.0,1492.5,313380.0,108201.0,,,-37.0,-3501.0,3464.0,0.00034195617415735214,3.191014104282331e-06,0.0,-0.02638911653827236,-0.0357142857142857
2023-03-15,1489.0,309578.0,115247.0,1472.5,168542.0,59870.0,16.5,0.011081262592336412,309577.0,-144838.0,454415.0,1.92495406714545,1.8368003227682013,0.002693602693602637,-0.022324359816152328,-0.03468395461912477
2023-03-16,1494.0,307609.0,107038.0,1472.5,170056.0,54178.0,21.5,0.01439089692100777,-1969.0,1514.0,-3483.0,1.9756727823101266,1.808868843204581,0.00335795836131636,-0.013861386138613874,-0.027818448023426035
2023-03-17,1475.0,303669.0,119474.0,1458.0,170936.0,65606.0,17.0,0.011525423728805745,-3940.0,880.0,-4820.0,1.8210834374904457,1.776506996770711,-0.012717536813922403,-0.023986765922249798,-0.033262330001638585
2023-03-20,1485.0,292187.0,122780.0,1464.75,173233.0,69546.0,20.25,0.013636363636354454,-11482.0,2297.0,-13779.0,1.765450205619277,1.6866705535319386,0.006779661016949046,0.0,-0.024630541871921152
2023-03-21,1467.0,292694.0,101494.0,1445.0,172952.0,57548.0,22.0,0.014996591683698025,507.0,-281.0,788.0,1.7636407868214055,1.6923423840140521,-0.012121212121212088,-0.012121212121212088,-0.03803278688524592
2023-03-22,1449.0,291075.0,141743.0,1425.0,177684.0,84373.0,24.0,0.016563146997918176,-1619.0,4732.0,-6351.0,1.6799568582366198,1.6381610049300914,-0.012269938650306789,-0.026863666890530546,-0.06092028515878156
2023-03-23,1418.0,293164.0,157574.0,1396.0,182683.0,98415.0,22.0,0.015514809590962261,2089.0,4999.0,-2910.0,1.60111771579534,1.6047689166479553,-0.021394064872325758,-0.05087014725568939,-0.08086209690487767
2023-03-24,1428.25,281243.0,143036.0,1407.0,186372.0,87385.0,21.25,0.014878347628205932,-11921.0,3689.0,-15610.0,1.6368484293642886,1.509041057669599,0.007228490832158041,-0.03169491525423729,-0.06908913149747431
2023-03-27,1442.0,280531.0,98099.0,1419.25,191137.0,53101.0,22.75,0.015776699029115274,-712.0,4765.0,-5477.0,1.8474040036910446,1.4676959458398873,0.00962716611237524,-0.028956228956228958,-0.05566470203012441
2023-03-28,1466.25,277041.0,122627.0,1443.0,196080.0,68709.0,23.25,0.015856777493595323,-3490.0,4943.0,-8433.0,1.7847298025003742,1.4128977968176184,0.016816920943134583,-0.0005112474437627412,-0.03440895620678297
2023-03-29,1477.0,277684.0,105996.0,1448.0,202457.0,63756.0,29.0,0.019634394041963685,643.0,6377.0,-5734.0,1.6625258799171583,1.37157025936371,0.007331628303495208,0.019323671497584627,-0.006891914607497052
2023-03-30,1472.75,271238.0,110079.0,1445.0,206690.0,69643.0,27.75,0.0188423018163172,-6446.0,4233.0,-10679.0,1.5806182961675748,1.3122937732836553,-0.002877454299255233,0.038610719322990095,-0.02110335659687601
2023-03-31,1498.25,258963.0,167862.0,1470.5,205859.0,107907.0,27.75,0.018521608543288156,-12275.0,-831.0,-11444.0,1.5556173371514215,1.257962974657405,0.017314547615005837,0.049011027481183245,-0.009257728550173594
2023-04-03,1519.75,258708.0,121608.0,1490.0,210017.0,89933.0,29.75,0.019575588090133524,-255.0,4158.0,-4413.0,1.352206642722901,1.2318431365079912,0.014350075087602221,0.053918169209431266,-0.0036059662350433896
2023-04-04,1516.0,261586.0,112285.0,1483.25,215467.0,74141.0,32.75,0.021602902374655935,2878.0,5450.0,-2572.0,1.5144791680716267,1.2140420574844353,-0.0024675111037999464,0.033930093776641135,-0.009150326797385588
2023-04-05,1507.5,247485.0,124119.0,1476.5,213582.0,97867.0,31.0,0.02056384742950543,-14101.0,-1885.0,-12216.0,1.2682415931825715,1.1587352866814566,-0.005606860158311355,0.02064996614759651,-0.01163743648582205
2023-04-06,1490.0,237751.0,115777.0,1462.5,213609.0,83352.0,27.5,0.018456375838913786,-9734.0,27.0,-9761.0,1.3890128611190926,1.1130195825082225,-0.011608623548922004,0.01171278221015104,-0.02166776099803025
2023-04-07,1490.0,235744.0,,1462.5,213609.0,,27.5,0.018456375838913786,-2007.0,0.0,-2007.0,,1.1036239109775285,0.0,-0.005506424161521806,-0.01650165016501648
2023-04-10,1487.0,220764.0,105039.0,1460.0,220542.0,83272.0,27.0,0.018157363819759142,-14980.0,6933.0,-21913.0,1.2613963877413625,1.0010066109856581,-0.00201342281879191,-0.02154959697318637,-0.016046319272125742
2023-04-11,1497.0,208077.0,156745.0,1471.0,230652.0,119871.0,26.0,0.01736806947226629,-12687.0,10110.0,-22797.0,1.3076140184031058,0.9021252796420542,0.00672494956287828,-0.01253298153034299,0.008080808080808133
2023-04-12,1504.25,192989.0,132897.0,1470.25,237847.0,110360.0,34.0,0.022602625893287286,-15088.0,7195.0,-22283.0,1.2042134831460565,0.8113997653953978,0.004843019372077428,-0.0021558872305140753,0.012962962962963065
2023-04-13,1501.25,169639.0,132337.0,1473.0,242470.0,107964.0,28.25,0.018817651956690214,-23350.0,4623.0,-27973.0,1.2257511763180204,0.6996288200602108,-0.0019943493435267134,0.007550335570469802,0.00822699798522497
2023-04-14,1494.25,157773.0,118382.0,1467.0,251557.0,100214.0,27.25,0.01823657353185997,-11866.0,9087.0,-20953.0,1.1812920350449918,0.6271858863001204,-0.004662781015820183,0.002852348993288567,0.00016733601070950677
2023-04-17,1515.75,146406.0,85451.0,1479.5,257703.0,97585.0,36.25,0.023915553356408433,-11367.0,6146.0,-17513.0,0.8756571194343303,0.5681191138636316,0.014388489208633004,0.019334229993275054,0.02762711864406775
2023-04-18,1516.5,131719.0,99155.0,1489.25,265996.0,117213.0,27.25,0.017969007583239056,-14687.0,8293.0,-22980.0,0.845938590429382,0.4951916570173969,0.0004948045522019662,0.013026052104208485,0.021212121212121238
2023-04-19,1505.5,119290.0,95853.0,1475.0,274293.0,114328.0,30.5,0.020259050149438552,-12429.0,8297.0,-20726.0,0.8384035406899374,0.43489990630457054,-0.007253544345532492,0.0008309788931362139,0.026244035446489455
2023-04-20,1496.0,112468.0,95685.0,1462.0,279718.0,124845.0,34.0,0.022727272727257535,-6822.0,5425.0,-12247.0,0.7664303736633363,0.4020763769224705,-0.006310195948189934,-0.0034970857618651374,0.03243616287094553
2023-04-21,1483.5,83799.0,89795.0,1445.75,279198.0,159617.0,37.75,0.02544657903604621,-28669.0,-520.0,-28149.0,0.5625653909044741,0.300141834826896,-0.008355614973261982,-0.007194244604316502,0.046191819464033834
2023-04-24,1466.75,59957.0,87803.0,1434.0,284000.0,149433.0,32.75,0.022328276802439182,-23842.0,4802.0,-28644.0,0.5875743644308782,0.21111619718309785,-0.011290866194809568,-0.03232723074385613,0.026956065114650762
2023-04-25,1445.0,36516.0,62592.0,1417.5,284756.0,181764.0,27.5,0.01903114186849894,-23441.0,756.0,-24197.0,0.3443586188684209,0.12823610389245485,-0.01482870291460714,-0.047148038245961144,0.0020804438280166426
2023-04-26,1434.5,16053.0,51187.0,1414.75,280185.0,151492.0,19.75,0.013767863367017241,-20463.0,-4571.0,-15892.0,0.33788582895466207,0.057294287702767614,-0.00726643598615917,-0.04716041182331454,-0.02165387894288151
2023-04-27,1420.0,4736.0,22194.0,1406.25,281433.0,134937.0,13.75,0.009683098591542478,-11317.0,1248.0,-12565.0,0.16447675581938118,0.01682816158730491,-0.010108051585918432,-0.050802139037433136,-0.03859174001354093
2023-04-28,1426.0,2405.0,3373.0,1418.0,283388.0,140642.0,8.0,0.005610098176714158,-2331.0,1955.0,-4286.0,0.023982878514241666,0.00848659787993843,0.004225352112676051,-0.03875968992248058,-0.031743337294177554
2023-05-01,1426.0,2024.0,601.0,1427.25,281418.0,77070.0,-1.25,-0.0008765778401115873,-381.0,-1970.0,1589.0,0.007798105618269004,0.007192148334505941,0.0,-0.027782512357252376,-0.04822292674787254
2023-05-02,1435.0,1516.0,634.0,1409.75,279857.0,110515.0,25.25,0.01759581881531875,-508.0,-1561.0,1053.0,0.005736777812966514,0.005417052280271691,0.006311360448807868,-0.00692041522491349,-0.05576575094587921
2023-05-03,1435.0,1129.0,733.0,1417.0,277076.0,129015.0,18.0,0.0125435540069599,-387.0,-2781.0,2394.0,0.005681509901949341,0.004074694307698956,0.0,0.00034855350296281173,-0.05343007915567277
2023-05-04,1446.5,880.0,424.0,1416.75,277582.0,98587.0,29.75,0.020566885585882773,-249.0,506.0,-755.0,0.004300769878381488,0.003170234381191853,0.008013937282229877,0.018661971830985946,-0.04046434494195683
2023-05-05,1431.0,657.0,242.0,1432.0,277446.0,98676.0,-1.0,-0.0006988120195662482,-223.0,-136.0,-87.0,0.002452470712229899,0.002368028373088809,-0.010715520221223684,0.003506311360448766,-0.039597315436241565
2023-05-08,1468.0,482.0,267.0,1432.25,277305.0,88249.0,35.75,0.024352861035405755,-175.0,-141.0,-34.0,0.003025530034334632,0.0017381583455040417,0.025856044723969296,0.029453015427769902,-0.014765100671140896
2023-05-09,1450.75,235.0,327.0,1414.0,271867.0,102276.0,36.75,0.025331724969825723,-247.0,-5438.0,5191.0,0.0031972310219406,0.0008643932511117537,-0.011750681198910096,0.01097560975609757,-0.024377942165433764
2023-05-10,1419.0,160.0,106.0,1403.5,273809.0,91083.0,15.5,0.010923185341782295,-75.0,1942.0,-2017.0,0.001163773700910146,0.0005843489439718907,-0.021885231776667236,-0.011149825783972167,-0.05210420841683372
2023-05-11,1391.0,68.0,137.0,1405.0,276032.0,117774.0,-14.0,-0.010064701653479466,-92.0,2223.0,-2315.0,0.0011632448587973478,0.00024634824947832046,-0.01973220577871737,-0.03836847563083301,-0.07528668771813196
2023-05-12,,66.0,3.0,1389.0,275654.0,124961.0,,,-2.0,-378.0,376.0,2.4007490336984946e-05,0.00023943059052290103,0.0,-0.02795248078266943,-0.07343880099916733
2023-05-15,1400.0,277446.0,111854.0,1326.75,34571.0,8612.0,73.25,0.0523214285713912,277380.0,-241083.0,518463.0,12.988156061308292,8.0253970090536,0.006470165348670065,-0.0463215258855586,-0.06307512129831017
2023-05-16,1363.75,274632.0,149242.0,1297.25,34099.0,13869.0,66.5,0.04876260311637121,-2814.0,-472.0,-2342.0,10.760833513590686,8.053960526701427,-0.025892857142857162,-0.0599689815612614,-0.10028038924624771
2023-05-17,1334.25,268504.0,145517.0,1270.25,34125.0,20211.0,64.0,0.04796702267187711,-6128.0,26.0,-6154.0,7.199891148384187,7.868249084248855,-0.021631530705774504,-0.05972515856236782,-0.12017804154302669
2023-05-18,1332.25,271101.0,124325.0,1267.25,35300.0,17356.0,65.0,0.0487896415837502,2597.0,1175.0,1422.0,7.163228854574374,7.679915014164089,-0.0014989694584972568,-0.04223580158159601,-0.11507804716041181
2023-05-19,1302.5,270240.0,135856.0,1245.0,35539.0,17843.0,57.5,0.044145873320503536,-861.0,239.0,-1100.0,7.613966261278506,7.604040631418791,-0.022330643647964,-0.06362329259525523,-0.1293449197860963
2023-05-22,1341.0,273247.0,143213.0,1273.0,37685.0,18825.0,68.0,0.05070842654731491,3007.0,2146.0,861.0,7.607596281540101,7.250815974525482,0.02955854126679469,-0.04214285714285715,-0.09605662285136507
2023-05-23,1322.5,266549.0,111359.0,1258.5,38937.0,17692.0,64.0,0.048393194706957736,-6698.0,1252.0,-7950.0,6.294313814152933,6.845648098209754,-0.013795674869500396,-0.030247479376718567,-0.0983466848474519
2023-05-24,1323.75,268056.0,95312.0,1256.75,38613.0,12492.0,67.0,0.050613786591085466,1507.0,-324.0,1831.0,7.629843099583122,6.942117939553857,0.000945179584120881,-0.00786958965711071,-0.08391003460207613
2023-05-25,1324.75,270275.0,131878.0,1250.5,41608.0,29174.0,74.25,0.05604831100203356,2219.0,2995.0,-776.0,4.5203948721462766,6.495746010382463,0.0007554296506138147,-0.005629574028898521,-0.07650749390031375
2023-05-26,1335.75,268344.0,104197.0,1259.25,45387.0,24325.0,76.5,0.05727119595728447,-1931.0,3779.0,-5710.0,4.283535457348231,5.912353757683788,0.008303453481788958,0.02552783109404988,-0.059330985915492906
2023-05-30,1296.0,264691.0,128256.0,1217.25,50684.0,24547.0,78.75,0.060763888888842,-3653.0,5297.0,-8950.0,5.2249154682851175,5.222377870728332,-0.029758562605277983,-0.03355704697986572,-0.09116409537166903
2023-05-31,1300.0,265715.0,137386.0,1216.75,50568.0,28478.0,83.25,0.06403846153841228,1024.0,-116.0,1140.0,4.824285413301326,5.254607657016192,0.0030864197530864335,-0.017013232514177745,-0.08835904628330993
2023-06-01,1327.5,259626.0,132076.0,1240.25,49939.0,27929.0,87.25,0.06572504708092977,-6089.0,-629.0,-5460.0,4.728991370976235,5.198862612387009,0.02115384615384608,0.0028328611898016387,-0.07491289198606277
2023-06-02,1352.0,258189.0,120303.0,1260.75,50755.0,24216.0,91.25,0.06749260355024594,-1437.0,816.0,-2253.0,4.967913776015652,5.086966801300265,0.018455743879472797,0.02056991885261361,-0.057839721254355436
2023-06-05,1350.5,251412.0,98182.0,1259.25,51790.0,16669.0,91.25,0.06756756756751754,-6777.0,1035.0,-7812.0,5.890095386645516,4.854450666151673,-0.001109467455621349,0.011042485495040166,-0.06636709298306254
2023-06-06,1353.0,248062.0,129813.0,1264.25,53260.0,26376.0,88.75,0.06559497413151101,-3350.0,1470.0,-4820.0,4.921633303002543,4.6575666541493685,0.001851166234727808,0.0439814814814814,-0.0545073375262054
2023-06-07,1359.0,243861.0,143477.0,1265.0,56415.0,34105.0,94.0,0.06916850625454807,-4201.0,3155.0,-7356.0,4.206919806479865,4.322626960914574,0.0044345898004434225,0.04538461538461536,-0.0742506811989101
2023-06-08,1362.0,224621.0,152587.0,1276.5,54302.0,42300.0,85.5,0.06277533039642968,-19240.0,-2113.0,-17127.0,3.607257683215045,4.136514308865159,0.002207505518763808,0.025988700564971712,-0.06117525417887304
2023-06-09,1385.5,211129.0,142158.0,1296.0,54918.0,28871.0,89.5,0.06459761818833303,-13492.0,616.0,-14108.0,4.923902878320636,3.844440802651156,0.01725403817914839,0.024778106508875686,-0.02360817477096544
2023-06-12,1372.75,197411.0,122300.0,1291.25,54454.0,25524.0,81.5,0.05936987798210937,-13718.0,-464.0,-13254.0,4.791568719636233,3.6252800528886104,-0.009202453987730008,0.01647537948907818,-0.01312005751258083
2023-06-13,1398.75,184131.0,161567.0,1319.5,52941.0,42211.0,79.25,0.056657730116134654,-13280.0,-1513.0,-11767.0,3.827604179005382,3.4780415934719127,0.01894008377344747,0.033813747228381485,0.005571531272465791
2023-06-14,1388.75,165908.0,124157.0,1318.5,49279.0,36858.0,70.25,0.050585058505814164,-18223.0,-3662.0,-14561.0,3.3685224374626035,3.3667079283263996,-0.007149240393208189,0.021891096394407672,-0.008035714285714257
2023-06-15,1426.25,152640.0,144129.0,1366.75,46729.0,56129.0,59.5,0.04171779141101369,-13268.0,-2550.0,-10718.0,2.5678169929982264,3.266494040103506,0.027002700270027047,0.047173274596182146,0.045829514207149424
2023-06-16,1465.75,134917.0,158732.0,1400.0,48704.0,46265.0,65.75,0.04485758144291669,-17723.0,1975.0,-19698.0,3.4309305090240265,2.7701420827857515,0.027695004382120914,0.05792132804041872,0.09855724189619641
2023-06-20,1476.75,120808.0,126378.0,1406.25,52288.0,40927.0,70.5,0.0477399695276467,-14109.0,3584.0,-17693.0,3.087888191169568,2.3104345165238236,0.007504690431519689,0.07576033509378988,0.10846312629011079
2023-06-21,1516.75,104750.0,105944.0,1444.0,57198.0,39549.0,72.75,0.04796439756054197,-16058.0,4910.0,-20968.0,2.6788035095703386,1.8313577397810794,0.027086507533435,0.08436103663985706,0.16449136276391552
2023-06-22,1499.5,84484.0,100736.0,1419.0,63007.0,36642.0,80.5,0.05368456152047103,-20266.0,5809.0,-26075.0,2.7491949129413586,1.3408668878060956,-0.011373001483435008,0.07974797479747964,0.11819537658463841
2023-06-23,1482.0,54332.0,83289.0,1393.5,64506.0,37440.0,88.5,0.05971659919024311,-30152.0,1499.0,-31651.0,2.2245993589742996,0.8422782376833032,-0.01167055685228413,0.039088518843120035,0.12060491493383751
2023-06-26,1519.5,45376.0,51073.0,1418.0,67415.0,38033.0,101.5,0.06679828891078197,-8956.0,2909.0,-11865.0,1.3428601477663782,0.6730846250834284,0.02530364372469629,0.03667064642674389,0.14787535410764874
2023-06-27,1490.0,28313.0,50206.0,1392.0,68326.0,41889.0,98.0,0.06577181208049276,-17063.0,911.0,-17974.0,1.1985485449640432,0.4143810555279042,-0.019414281013491297,0.008972405620450319,0.12474051707869416
2023-06-28,1445.0,14878.0,34817.0,1360.75,69116.0,45693.0,84.25,0.05830449826985584,-13435.0,790.0,-14225.0,0.7619766703871323,0.21526129984373782,-0.030201342281879207,-0.04730509312675124,0.08178925697173867
2023-06-29,1466.0,6044.0,23201.0,1365.75,73249.0,41257.0,100.25,0.06838335607089469,-8834.0,4133.0,-12967.0,0.5623530552390974,0.08251307185080912,0.01453287197231834,-0.02234078026008668,0.13117283950617287
2023-06-30,1550.25,2332.0,5228.0,1430.5,71555.0,50788.0,119.75,0.07724560554744252,-3712.0,-1694.0,-2018.0,0.10293770181932538,0.03259031514219785,0.05746930422919516,0.046052631578947345,0.1924999999999999
2023-07-03,1550.0,1434.0,1870.0,1471.5,75345.0,48983.0,78.5,0.050645161290289904,-898.0,3790.0,-4688.0,0.0381765102178299,0.019032450726657123,-0.00016126431220775395,0.020072392234287584,0.16760828625235402
2023-07-05,1538.25,960.0,1034.0,1458.75,76418.0,32788.0,79.5,0.051682106289581226,-474.0,1073.0,-1547.0,0.03153592777845458,0.0125624852783374,-0.007580645161290311,0.03238255033557036,0.13775887573964507
2023-07-06,1523.5,644.0,507.0,1448.0,73723.0,27983.0,75.5,0.04955694125365963,-316.0,-2695.0,2379.0,0.01811814315834549,0.008735401435101545,-0.009588818462538562,0.05432525951557099,0.12810070344316915
2023-07-07,1420.0,391.0,417.0,1428.0,70151.0,23412.0,-8.0,-0.0056338028168974414,-253.0,-3572.0,3319.0,0.017811378780112002,0.0055736910379038706,-0.06793567443386939,-0.03137789904502042,0.049519586104951996
2023-07-10,1500.0,345.0,94.0,1453.25,67624.0,23023.0,46.75,0.03116666666664589,-46.0,-2527.0,2481.0,0.004082873648090862,0.005101739027564103,0.05633802816901401,-0.03241412675374944,0.10375275938189854
2023-07-11,1500.0,253.0,209.0,1471.0,66093.0,22924.0,29.0,0.019333333333320445,-92.0,-1531.0,1439.0,0.009117082533588854,0.003827939418697837,0.0,-0.032258064516129004,0.1013215859030836
2023-07-12,1420.0,201.0,132.0,1441.5,63473.0,29298.0,-21.5,-0.015140845070411873,-52.0,-2620.0,2568.0,0.004505426991603369,0.0031667008019157254,-0.053333333333333344,-0.07687307004713151,0.024900757849152022
2023-07-13,1420.0,134.0,72.0,1482.0,64113.0,22982.0,-62.0,-0.04366197183095517,-67.0,640.0,-707.0,0.003132886606909619,0.0020900597382745765,0.0,-0.06793567443386939,0.03441995993443814
2023-07-14,,11.0,134.0,1460.25,65323.0,27708.0,,,-123.0,1210.0,-1333.0,0.004836148404792665,0.00016839398068061527,0.0,0.0,0.015192135835567555
2023-07-17,1476.25,62332.0,25571.0,1404.25,52539.0,10914.0,72.0,0.04877222692630058,62321.0,-12784.0,75105.0,2.3429540040313044,1.1863948685737988,0.039612676056338,-0.015833333333333366,0.06300630063006296
2023-07-18,1491.0,60137.0,26908.0,1418.75,51848.0,13762.0,72.25,0.04845741113343497,-2195.0,-691.0,-1504.0,1.9552390640893798,1.1598711618577158,0.009991532599491926,-0.006000000000000005,0.04539877300613493
2023-07-19,1486.0,56074.0,33338.0,1426.5,51103.0,22971.0,59.5,0.04004037685057871,-4063.0,-745.0,-3318.0,1.4513081711722846,1.0972741326340705,-0.0033534540576793948,0.04647887323943656,0.01381545283984309
2023-07-20,1493.75,53254.0,28198.0,1423.75,52976.0,19042.0,70.0,0.0468619246861611,-2820.0,1873.0,-4693.0,1.4808318453943135,1.0052476593174078,0.005215343203230249,0.05193661971830976,0.011511765701709864
2023-07-21,1500.0,44220.0,28372.0,1426.5,56581.0,16198.0,73.5,0.048999999999967334,-9034.0,3605.0,-12639.0,1.7515742684280928,0.7815344373552822,0.004184100418409997,0.05633802816901401,-0.011043349266523839
2023-07-24,1522.0,36177.0,29203.0,1452.25,56830.0,23800.0,69.75,0.04582785808144164,-8043.0,249.0,-8292.0,1.2270168067226375,0.6365827907795067,0.014666666666666606,0.03099068585944109,0.015005001667222517
2023-07-25,1514.0,29559.0,25259.0,1448.0,58919.0,26669.0,66.0,0.04359313077936355,-6618.0,2089.0,-8707.0,0.9471296261576757,0.501688759143901,-0.005256241787122251,0.015425888665325349,0.021592442645074206
2023-07-26,1547.5,21026.0,30605.0,1468.0,59043.0,28242.0,79.5,0.05137318255247084,-8533.0,124.0,-8657.0,1.083669711776748,0.35611334112425935,0.02212681638044911,0.04138627187079402,0.0184271141822967
2023-07-27,1524.25,9852.0,25445.0,1451.25,59462.0,36997.0,73.0,0.04789240610132991,-11174.0,419.0,-11593.0,0.6877584669027033,0.1656856479768564,-0.015024232633279455,0.020418410041840973,0.022986577181208112
2023-07-28,1486.5,4034.0,13888.0,1427.75,57558.0,27966.0,58.75,0.039522367978446334,-5818.0,-1904.0,-3914.0,0.49660301795035056,0.07008582647068921,-0.024766278497621808,-0.009000000000000008,0.02871972318339111
2023-07-31,1432.5,2579.0,2352.0,1369.0,53472.0,29410.0,63.5,0.044328097731208146,-1455.0,-4086.0,2631.0,0.07997279836789935,0.048230849790543685,-0.03632694248234103,-0.05880420499342964,-0.02285129604365621
2023-08-01,1447.25,2021.0,2092.0,1386.25,51765.0,19509.0,61.0,0.04214890309204205,-558.0,-1707.0,1149.0,0.10723255933158504,0.03904182362600137,0.010296684118673571,-0.044088507265521826,-0.06644089662957586
2023-08-02,1431.0,1603.0,744.0,1375.75,51053.0,16640.0,55.25,0.03860936408103521,-418.0,-712.0,294.0,0.04471153846153577,0.03139874248330105,-0.011228191397477993,-0.07528271405492726,-0.0767741935483871
2023-08-03,1410.75,735.0,1505.0,1380.0,47395.0,20946.0,30.75,0.021796916533743188,-868.0,-3658.0,2790.0,0.07185142748018372,0.01550796497520803,-0.014150943396226467,-0.07446285058225355,-0.08288639687957089
2023-08-04,1410.75,585.0,323.0,1384.0,45993.0,11911.0,26.75,0.01896154527732131,-150.0,-1402.0,1252.0,0.027117790277892104,0.012719326854086216,0.0,-0.050958627648839516,-0.07400722021660655
2023-08-07,1400.0,503.0,212.0,1355.0,43086.0,16826.0,45.0,0.032142857142834186,-82.0,-2907.0,2825.0,0.012599548318078415,0.01167432576707024,-0.0076200602516391935,-0.022687609075043635,-0.014084507042253502
2023-08-08,1430.0,311.0,382.0,1357.5,40641.0,11568.0,72.5,0.050699300699265246,-192.0,-2445.0,2253.0,0.0330221300138284,0.007652370758593351,0.021428571428571352,-0.011919157021938132,-0.046666666666666634
2023-08-09,1342.0,226.0,104.0,1355.5,38773.0,10419.0,-13.5,-0.010059612518621416,-85.0,-1868.0,1783.0,0.009981764084844037,0.005828798390632507,-0.06153846153846154,-0.0621942697414396,-0.10533333333333328
2023-08-10,1342.0,182.0,82.0,1349.75,35019.0,13854.0,-7.75,-0.005774962742171554,-44.0,-3754.0,3710.0,0.005918868196910212,0.00519717867443373,0.0,-0.04873294346978563,-0.05492957746478877
2023-08-11,,162.0,25.0,1333.75,34257.0,13326.0,,,-20.0,-762.0,742.0,0.001876031817499484,0.004728960504422316,0.0,-0.04873294346978563,-0.05492957746478877
2023-08-14,,41.0,121.0,1350.25,33484.0,7906.0,,,-121.0,-773.0,652.0,0.015304831773334769,0.001224465416318205,0.0,-0.04142857142857148,-0.05492957746478877
2023-08-15,1321.75,30977.0,15884.0,1304.0,307905.0,120643.0,17.75,0.013429165878559917,30936.0,274421.0,-243485.0,0.13166118216556177,0.10060570630551599,-0.015089418777943342,-0.07569930069930075,-0.10465707027942417
2023-08-16,1336.25,30112.0,9256.0,1324.5,312203.0,125297.0,11.75,0.008793264733389117,-865.0,4298.0,-5163.0,0.07387247898991936,0.09645006614286188,0.010970304520522056,-0.004284649776453042,-0.1037894030851777
2023-08-17,1335.75,28171.0,12549.0,1330.0,314688.0,113511.0,5.75,0.004304697735351447,-1941.0,2485.0,-4426.0,0.11055316224859167,0.0895204138702458,-0.0003741814780168218,-0.004657228017883708,-0.10111036339165547
2023-08-18,1361.25,26973.0,11335.0,1352.25,312316.0,124309.0,9.0,0.006611570247929028,-1198.0,-2372.0,1174.0,0.09118406551416156,0.08636445138897755,0.019090398652442442,0.014344262295082011,-0.08870292887029285
2023-08-21,1368.5,26612.0,13759.0,1361.75,317104.0,131126.0,6.75,0.004932407745703374,-361.0,4788.0,-5149.0,0.10492960968839053,0.0839219940461171,0.0053259871441688755,0.01974664679582716,-0.08766666666666667
2023-08-22,1348.0,25549.0,8855.0,1346.0,315202.0,108534.0,2.0,0.0014836795252214513,-1063.0,-1902.0,839.0,0.08158733668712033,0.08105595776676519,-0.01497990500548041,0.019860034045772634,-0.11432325886990802
2023-08-23,1359.75,23290.0,16285.0,1360.0,318300.0,113865.0,-0.25,-0.00018385732671433435,-2259.0,3098.0,-5357.0,0.14302024327053842,0.07316996544140725,0.008716617210682509,0.0175865294667914,-0.10188243064729197
2023-08-24,1365.5,23352.0,8107.0,1371.25,322821.0,104388.0,-5.75,-0.0042109117539332035,62.0,4521.0,-4459.0,0.07766218339272639,0.07233730147666952,0.004228718514432739,0.022272131761182923,-0.1176090468497577
2023-08-25,1380.0,16765.0,14320.0,1385.75,324923.0,116665.0,-5.75,-0.004166666666663647,-6587.0,2102.0,-8689.0,0.12274461063729376,0.051596839866675945,0.010618820944708895,0.01377410468319562,-0.09463670657700507
2023-08-28,1391.5,12808.0,10112.0,1401.25,331527.0,122343.0,-9.75,-0.007006827164924896,-3957.0,6604.0,-10561.0,0.08265286939179126,0.038633354146117696,0.008333333333333304,0.01680672268907557,-0.06390850992263708
2023-08-29,1378.0,7837.0,9140.0,1391.0,331089.0,109302.0,-13.0,-0.009433962264144098,-4971.0,-438.0,-4533.0,0.08362152568113956,0.023670372618842597,-0.009701760689903027,0.022255192878338326,-0.0380453752181501
2023-08-30,1350.0,2210.0,9727.0,1384.0,333598.0,112189.0,-34.0,-0.02518518518516653,-5627.0,2509.0,-8136.0,0.08670190482132752,0.0066247399564745395,-0.020319303338171224,-0.007170435741864267,-0.06719640697875284
2023-08-31,1350.0,1550.0,853.0,1368.0,330116.0,98055.0,-18.0,-0.013333333333323457,-660.0,-3482.0,2822.0,0.008699199428891859,0.004695319221122258,0.0,-0.011351153423654337,-0.05660377358490565
2023-09-01,1350.0,1290.0,422.0,1368.0,331916.0,109733.0,-18.0,-0.013333333333323457,-260.0,1800.0,-2060.0,0.00384569819470894,0.0038865255064534283,0.0,-0.021739130434782594,-0.0430622009569378
2023-09-05,1319.0,1240.0,85.0,1368.0,329188.0,103574.0,-49.0,-0.03714935557237517,-50.0,-2728.0,2678.0,0.0008206692799351109,0.003766844477927495,-0.022962962962962963,-0.05210204814947894,-0.06503632819422289
2023-09-06,1339.0,1178.0,102.0,1376.0,326881.0,114632.0,-37.0,-0.0276325616131235,-62.0,-2307.0,2245.0,0.0008898038942005645,0.003603757942492823,0.015163002274450443,-0.028301886792452824,-0.043571428571428594
2023-09-07,1340.0,1130.0,310.0,1360.0,332994.0,99113.0,-20.0,-0.01492537313431722,-48.0,6113.0,-6161.0,0.003127743081129588,0.003393454536718369,0.0007468259895444529,-0.007407407407407418,-0.06293706293706292
2023-09-08,1339.0,965.0,198.0,1363.0,332744.0,103976.0,-24.0,-0.017923823749053082,-165.0,-250.0,85.0,0.0019042856043702209,0.0029001274252879006,-0.0007462686567164534,-0.008148148148148127,-0.0022354694485842153
2023-09-11,1190.0,941.0,36.0,1369.25,328813.0,98684.0,-179.25,-0.15063025210071376,-24.0,-3931.0,3907.0,0.00036480077824165653,0.002861808991736936,-0.11127707244212104,-0.11851851851851847,-0.11326378539493298
2023-09-12,1190.0,696.0,274.0,1343.75,327054.0,189114.0,-153.75,-0.12920168067216034,-245.0,-1759.0,1514.0,0.001448861533255066,0.002128088939441187,0.0,-0.09780136467020473,-0.11326378539493298
2023-09-13,1190.0,502.0,201.0,1349.75,328636.0,124646.0,-159.75,-0.1342436974788788,-194.0,1582.0,-1776.0,0.001612566789146851,0.0015275258949110824,0.0,-0.11127707244212104,-0.11326378539493298
2023-09-14,,220.0,387.0,1360.0,325326.0,138778.0,,,-282.0,-3310.0,3028.0,0.0027886264393491567,0.000676244751418575,0.0,-0.11194029850746268,-0.09967845659163987
2023-09-15,1338.0,329841.0,114647.0,1353.5,120012.0,44781.0,-15.5,-0.011584454409557859,329621.0,-205314.0,534935.0,2.56017060807033,2.7484001599839787,0.12436974789915967,-0.0007468259895444529,0.0013096351730590428
2023-09-18,1316.75,328158.0,137195.0,1332.75,120454.0,51187.0,-16.0,-0.012151129675327776,-1683.0,442.0,-2125.0,2.680270381151412,2.72434290268482,-0.015881913303438022,0.10651260504201687,-0.014224218603780647
2023-09-19,1314.75,329769.0,138842.0,1330.75,120713.0,47967.0,-16.0,-0.012169613995046838,1611.0,259.0,1352.0,2.8945316571809183,2.731843297739243,-0.0015188912094171725,0.10483193277310932,-0.034159779614325037
2023-09-20,1320.0,327673.0,112121.0,1335.5,121568.0,38757.0,-15.5,-0.011742424242415346,-2096.0,855.0,-2951.0,2.892922568826202,2.695388589102373,0.003993154592127679,0.10924369747899165,-0.03544026306174641
2023-09-21,1293.5,330055.0,140563.0,1310.25,121414.0,41891.0,-16.75,-0.01294936219558334,2382.0,-154.0,2536.0,3.3554462772432423,2.718426211145315,-0.020075757575757525,0.0869747899159663,-0.04043026706231456
2023-09-22,1295.0,327788.0,121669.0,1312.0,121990.0,38563.0,-17.0,-0.01312741312740299,-2267.0,576.0,-2843.0,3.1550709229052942,2.687007131732087,0.0011596443757246888,-0.032137518684603905,-0.04761904761904767
2023-09-25,1297.0,327638.0,101011.0,1316.5,123793.0,34163.0,-19.5,-0.015034695451029272,-150.0,1803.0,-1953.0,2.9567368205367517,2.6466601504123606,0.001544401544401497,-0.01499905069299412,-0.05016477480776271
2023-09-26,1302.75,326020.0,135125.0,1321.0,127143.0,60756.0,-18.25,-0.014008827480319317,-1618.0,3350.0,-4968.0,2.2240601751267,2.5641993660681077,0.004433307632999206,-0.00912721049629206,-0.055978260869565255
2023-09-27,1302.75,325056.0,146484.0,1321.75,124739.0,70820.0,-19.0,-0.01458453271923655,-964.0,-2404.0,1440.0,2.0683987574131306,2.605889096433332,0.0,-0.013068181818181812,-0.0637800934243622
2023-09-28,1300.5,323141.0,151183.0,1319.0,132110.0,65586.0,-18.5,-0.014225297962311246,-1915.0,7371.0,-9286.0,2.3051108468270316,2.4459995458329997,-0.0017271157167529916,0.005411673753382251,-0.05624092888243837
2023-09-29,1274.75,326892.0,169945.0,1295.0,137099.0,80583.0,-20.25,-0.015885467738759845,3751.0,4989.0,-1238.0,2.1089435737065867,2.384349995258883,-0.019800076893502494,-0.015637065637065684,-0.05574074074074076
2023-10-02,1276.0,326354.0,156106.0,1295.75,142979.0,57389.0,-19.75,-0.015478056426320158,-538.0,5880.0,-6418.0,2.7201380055410844,2.2825310010560833,0.0009805844283192755,-0.01619121048573635,-0.05481481481481476
2023-10-03,1272.75,320118.0,191994.0,1292.0,140504.0,86989.0,-19.25,-0.01512472991552534,-6236.0,-2475.0,-3761.0,2.2071066456678174,2.2783550646244786,-0.002547021943573702,-0.023028209556706924,-0.057222222222222174
2023-10-04,1271.5,322048.0,126709.0,1290.5,142861.0,49099.0,-19.0,-0.014942980731407832,1930.0,2357.0,-427.0,2.580683924316125,2.2542751345713508,-0.0009821253191907298,-0.023987718288236426,-0.03601213040181961
2023-10-05,1279.0,318266.0,143482.0,1297.0,143906.0,66268.0,-18.0,-0.014073494917893609,-3782.0,1045.0,-4827.0,2.165177763022844,2.211624254721817,0.00589854502556042,-0.016532103037293355,-0.044809559372666175
2023-10-06,1264.0,309932.0,156382.0,1282.0,152308.0,83363.0,-18.0,-0.014240506329102658,-8334.0,8402.0,-16736.0,1.8759161738420895,2.034902959791987,-0.011727912431587217,-0.008433026083545792,-0.05671641791044779
2023-10-09,1260.5,294878.0,162794.0,1282.0,157815.0,70154.0,-21.5,-0.01705672352239821,-15054.0,5507.0,-20561.0,2.3205234199047475,1.868504261318621,-0.002768987341772111,-0.012147335423197458,-0.05862584017923822
2023-10-10,1271.0,282989.0,161646.0,1292.0,169998.0,87157.0,-21.0,-0.016522423288736016,-11889.0,12183.0,-24072.0,1.85465309728419,1.6646607607148223,0.008330027766759285,-0.0013749754468670439,0.06806722689075628
2023-10-11,1252.5,275731.0,185252.0,1272.25,172345.0,110239.0,-19.75,-0.015768463073839705,-7258.0,2347.0,-9605.0,1.6804579141682918,1.5998781513823923,-0.014555468135326488,-0.01494298073141953,0.05252100840336138
2023-10-12,1286.75,262728.0,235474.0,1306.25,183426.0,126090.0,-19.5,-0.01515445890809003,-13003.0,11081.0,-24084.0,1.8675073360298051,1.432337836511719,0.02734530938123747,0.006059421422986766,0.0813025210084033
2023-10-13,1279.25,254591.0,139748.0,1298.75,189400.0,64032.0,-19.5,-0.015243306624963655,-8137.0,5974.0,-14111.0,2.182471264367782,1.344197465681091,-0.005828638041577627,0.012064873417721556,0.07499999999999996
2023-10-16,1285.25,247217.0,111494.0,1305.0,191024.0,58602.0,-19.75,-0.01536666018283185,-7374.0,1624.0,-8998.0,1.9025630524555153,1.2941672250607186,0.004690248192300128,0.019635065450218203,-0.03942451420029891
2023-10-17,1296.25,243235.0,135410.0,1316.0,200719.0,71166.0,-19.75,-0.015236258437789595,-3982.0,9695.0,-13677.0,1.9027344518449554,1.2118185124477443,0.008558646177786455,0.019866247049567187,-0.01556863489652549
2023-10-18,1311.0,229789.0,163209.0,1329.25,210378.0,102840.0,-18.25,-0.013920671243315088,-13446.0,9659.0,-23105.0,1.5870186697782809,1.0922672522792256,0.011378977820636349,0.04670658682634721,-0.0028522532800913103
2023-10-19,1315.0,207462.0,182300.0,1331.0,220639.0,124076.0,-16.0,-0.012167300380218885,-22327.0,10261.0,-32588.0,1.4692607756536198,0.9402780106871363,0.0030511060259343914,0.021954536623275622,-0.0037878787878787845
2023-10-20,1301.0,186491.0,143729.0,1320.0,225925.0,92861.0,-19.0,-0.014604150653332357,-20971.0,5286.0,-26257.0,1.5477864765617262,0.8254553502268416,-0.010646387832699666,0.017002149697088242,0.005798221878623888
2023-10-23,1287.0,170736.0,119491.0,1305.0,234678.0,76926.0,-18.0,-0.01398601398600312,-15755.0,8753.0,-24508.0,1.5533239736889795,0.7275330452790602,-0.010760953112989968,0.0013616028010114967,-0.00617760617760621
2023-10-24,1292.25,152035.0,125254.0,1312.75,249437.0,96781.0,-20.5,-0.015863803443593838,-18701.0,14759.0,-33460.0,1.2942003079116635,0.6095126224257003,0.004079254079254024,-0.003085824493731959,-0.003662297609868914
2023-10-25,1287.75,132553.0,111043.0,1308.0,261631.0,110768.0,-20.25,-0.01572510192194469,-19482.0,12194.0,-31676.0,1.002482666474063,0.506641032599346,-0.0034822983168891763,-0.017734553775743733,-0.011514104778353462
2023-10-26,1279.0,110501.0,105810.0,1301.75,271774.0,124371.0,-22.75,-0.017787333854559977,-22052.0,10143.0,-32195.0,0.8507610295004394,0.4065915061779258,-0.006794797126771446,-0.027376425855513253,-0.01823066589905964
2023-10-27,1285.0,51432.0,108290.0,1317.0,277649.0,160757.0,-32.0,-0.02490272373538918,-59069.0,5875.0,-64944.0,0.6736254097799743,0.18524107776365056,0.004691164972634887,-0.012298232129131392,-0.011918492887351029
2023-10-30,1283.75,7048.0,77497.0,1307.0,275669.0,161864.0,-23.25,-0.018111002921115397,-44384.0,-1980.0,-42404.0,0.47877848069984386,0.02556689362967898,-0.0009727626459143934,-0.002525252525252486,0.007060207883898828
2023-10-31,1287.25,2853.0,7814.0,1310.0,278026.0,106183.0,-22.75,-0.017673334628069394,-4195.0,2357.0,-6552.0,0.07358993435860661,0.010261630207246767,0.0027263875365142187,-0.003869220352099023,0.008816614420062763
2023-11-01,1290.25,1755.0,2816.0,1314.75,279336.0,79093.0,-24.5,-0.0189885681069413,-1098.0,1310.0,-2408.0,0.03560365645505878,0.006282756250536966,0.00233054962128576,0.0019413706076489845,0.013749754468670217
2023-11-02,1296.0,1246.0,1729.0,1328.0,282493.0,92230.0,-32.0,-0.024691358024672306,-509.0,3157.0,-3666.0,0.01874661173154051,0.004410728761420622,0.004456500678163167,0.013291634089132032,0.01926858041683044
2023-11-03,1321.75,1011.0,2203.0,1350.0,284439.0,139957.0,-28.25,-0.021373179496862967,-235.0,1946.0,-2181.0,0.015740548882871058,0.0035543649077658004,0.019868827160493874,0.028599221789883167,0.03342455043002346
2023-11-06,1341.5,835.0,1020.0,1358.0,289199.0,144882.0,-16.5,-0.012299664554593888,-176.0,4760.0,-4936.0,0.00704021203462123,0.002887285225744201,0.014942311329676494,0.044985394352482944,0.061313291139240444
2023-11-07,1327.75,941.0,2165.0,1361.25,290730.0,192413.0,-33.5,-0.025230653360929972,106.0,1531.0,-1425.0,0.011251838493241044,0.003236680081174962,-0.01024972046216921,0.03146241988735676,0.05335184450614827
2023-11-08,1327.75,552.0,217.0,1365.5,293957.0,167214.0,-37.75,-0.028431557145525563,-389.0,3227.0,-3616.0,0.0012977382276603557,0.001877825668380063,0.0,0.029064134857585744,0.04464988198269082
2023-11-09,1281.0,347.0,92.0,1343.75,288756.0,175301.0,-62.75,-0.04898516783758861,-205.0,-5201.0,4996.0,0.0005248116097455205,0.001201706631204196,-0.035209941630578,-0.01157407407407407,0.022754491017964007
2023-11-10,1281.0,255.0,163.0,1347.5,289366.0,81934.0,-66.5,-0.0519125683059704,-92.0,610.0,-702.0,0.001989406107354676,0.0008812369110399947,0.0,-0.03083033856629469,-0.004468622498542851
2023-11-13,1369.0,190.0,284.0,1382.0,290892.0,133136.0,-13.0,-0.009495982468948505,-65.0,1526.0,-1591.0,0.002133157072467236,0.000653163373348182,0.06869633099141303,0.02049944092433842,0.07015829587649014
2023-11-14,,73.0,55.0,1389.0,290063.0,121756.0,,,-117.0,-829.0,712.0,0.0004517231183678796,0.0002516694649093464,0.0,0.03106759555639238,0.0651624197626921
2023-11-15,1385.0,290404.0,112125.0,1399.25,172999.0,49911.0,-14.25,-0.010288808664252498,290331.0,-117064.0,407395.0,2.246498767806651,1.6786455413036974,0.011687363038714427,0.04311805686311421,0.06846673095467692
2023-11-16,1360.0,287555.0,139084.0,1375.0,173526.0,55740.0,-15.0,-0.011029411764697773,-2849.0,527.0,-3376.0,2.4952278435593382,1.6571291910145935,-0.018050541516245522,0.06167056986729125,0.037376048817696406
2023-11-17,1343.25,279927.0,125658.0,1357.25,173349.0,55682.0,-14.0,-0.01042248278428407,-7628.0,-177.0,-7451.0,2.2567077331991983,1.6148175068791768,-0.012316176470588247,0.04859484777517564,0.021482889733840382
2023-11-20,1365.0,274937.0,126688.0,1382.25,173989.0,38793.0,-17.25,-0.01263736263735338,-4990.0,640.0,-5630.0,3.265743819761213,1.5801975986987593,0.016192071468453362,-0.0029218407596786067,0.04919292851652579
2023-11-21,1374.75,281127.0,131504.0,1390.75,171591.0,54049.0,-16.0,-0.01163847972357764,6190.0,-2398.0,8588.0,2.4330514903142997,1.6383551584873237,0.0071428571428571175,0.004200146092038004,0.06818181818181812
2023-11-22,1358.25,279666.0,123978.0,1374.75,175775.0,53999.0,-16.5,-0.012147984538919824,-1461.0,4184.0,-5645.0,2.2959314061371083,1.5910453705020533,-0.012002182214948198,-0.019314079422382724,0.05107370864770755
2023-11-24,1329.75,271851.0,79518.0,1347.5,175528.0,32176.0,-17.75,-0.013348373754455087,-7815.0,-247.0,-7568.0,2.471345101939257,1.5487614511644778,-0.020982882385422452,-0.022242647058823506,0.032615026208503206
2023-11-27,1328.75,263389.0,108127.0,1346.0,176842.0,48216.0,-17.25,-0.012982126058315724,-8462.0,1314.0,-9776.0,2.242554338808648,1.4894029698827118,-0.000752021056589558,-0.010794714312302278,0.03889757623143075
2023-11-28,1345.75,257716.0,122211.0,1363.75,178221.0,67613.0,-18.0,-0.01337544120377977,-5673.0,1379.0,-7052.0,1.8075074320026945,1.4460473232671716,0.01279397930385695,-0.014102564102564052,0.04727626459143974
2023-11-29,1346.5,253485.0,110829.0,1366.0,181360.0,51042.0,-19.5,-0.014481990345329014,-4231.0,3139.0,-7370.0,2.1713294933583684,1.3976896779885235,0.0005573100501579109,-0.020549190761956715,0.04888023369036021
2023-11-30,1342.0,253912.0,106352.0,1361.75,184557.0,60799.0,-19.75,-0.0147168405365017,427.0,3197.0,-2770.0,1.74923929669893,1.3757917608110157,-0.0033419977720015037,-0.011963924167126772,0.042532530588463846
2023-12-01,1324.5,244293.0,133231.0,1345.0,182734.0,76427.0,-20.5,-0.01547753869383505,-9619.0,-1823.0,-7796.0,1.7432451882188003,1.33687764729059,-0.013040238450074515,-0.003948110547095318,0.026545243169928234
2023-12-04,1306.25,233319.0,145541.0,1326.75,180783.0,77720.0,-20.5,-0.015693779904294207,-10974.0,-1951.0,-9023.0,1.872632527020048,1.2906025455933285,-0.013778784446961123,-0.016933207902163683,0.007908950617284027
2023-12-05,1308.0,226272.0,127531.0,1329.25,184329.0,67387.0,-21.25,-0.01624617737001816,-7047.0,3546.0,-10593.0,1.8925163607223663,1.227544227983653,0.0013397129186603074,-0.02805127252461448,-0.010402874976357057
2023-12-06,1295.5,220648.0,114902.0,1315.75,187148.0,84208.0,-20.25,-0.015631030490146174,-5624.0,2819.0,-8443.0,1.3645021850655357,1.1790027144292154,-0.009556574923547445,-0.037875974749350116,-0.034289973909802485
2023-12-07,1309.75,212913.0,142340.0,1328.5,197706.0,101593.0,-18.75,-0.01431570910478006,-7735.0,10558.0,-18293.0,1.4010807831248078,1.0769172407514134,0.010999614048629924,-0.024031296572280203,-0.013556768970062083
2023-12-08,1304.25,201394.0,143886.0,1324.75,206348.0,88796.0,-20.5,-0.015717845505067496,-11519.0,8642.0,-20161.0,1.6204108293166175,0.9759920134917665,-0.004199274670738662,-0.01528878822197055,-0.017699115044247815
2023-12-11,1335.5,194131.0,156810.0,1351.0,217790.0,104180.0,-15.5,-0.011606140022454806,-7263.0,11442.0,-18705.0,1.5051833365329093,0.8913678313972134,0.023960130343109176,0.02239234449760774,0.042544886807181825
2023-12-12,1323.0,180487.0,151132.0,1341.75,229254.0,119638.0,-18.75,-0.014172335600896317,-13644.0,11464.0,-25108.0,1.2632441197612692,0.7872796112608689,-0.009359790340696339,0.011467889908256979,0.032786885245901676
2023-12-13,1308.0,167877.0,134421.0,1327.25,237133.0,101067.0,-19.25,-0.014717125382251745,-12610.0,7879.0,-20489.0,1.3300187004660142,0.7079444868491492,-0.0113378684807256,0.00964878425318405,-0.04455807158509861
2023-12-14,1315.25,158748.0,92835.0,1333.5,244252.0,64333.0,-18.25,-0.013875689032492776,-9129.0,7119.0,-16248.0,1.4430385649666355,0.6499353127098216,0.005542813455657436,0.004199274670738662,-0.03926223520818117
2023-12-15,1315.25,145123.0,104871.0,1332.25,255918.0,87543.0,-17.0,-0.012925299372732997,-13625.0,11666.0,-25291.0,1.1979370138103422,0.5670683578333663,0.0,0.008433965880774386,-0.05036101083032496
2023-12-18,1326.75,131827.0,105952.0,1339.75,262846.0,94942.0,-13.0,-0.009798379498767818,-13296.0,6928.0,-20224.0,1.1159655368540675,0.501537021678091,0.008743584869796539,-0.006551853238487504,-0.024448529411764675
2023-12-19,1313.0,110260.0,136922.0,1322.25,267542.0,127196.0,-9.25,-0.007044935262751679,-21567.0,4696.0,-26263.0,1.076464668700265,0.41212220884945017,-0.01036367062370458,-0.0075585789871503994,-0.022520007444630563
2023-12-20,1308.0,85132.0,101196.0,1315.75,261791.0,121941.0,-7.75,-0.005925076452594859,-25128.0,-5751.0,-19377.0,0.8298767436711129,0.32519070556283325,-0.0038080731150038627,0.0,-0.04175824175824172
2023-12-21,1297.0,73416.0,71637.0,1301.25,269127.0,98809.0,-4.25,-0.0032767925983012516,-11716.0,7336.0,-19052.0,0.7250048072543925,0.27279314227112006,-0.00840978593272168,-0.013875689032503358,-0.0565557374068012
2023-12-22,1297.0,57399.0,52365.0,1305.5,270679.0,82295.0,-8.5,-0.006553585196602503,-16017.0,1552.0,-17569.0,0.6363084026976045,0.21205560830356174,0.0,-0.013875689032503358,-0.04509479109147796
2023-12-26,1300.0,40303.0,34317.0,1317.0,271990.0,73156.0,-17.0,-0.013076923076913018,-17096.0,1311.0,-18407.0,0.4690934441467484,0.1481782418471262,0.0023130300693909867,-0.020162050122479735,-0.0223726264335401
2023-12-27,1316.0,24271.0,37407.0,1319.25,276952.0,81921.0,-3.25,-0.002469604863220008,-16032.0,4962.0,-20994.0,0.4566228439594187,0.0876361246714229,0.012307692307692353,0.0022848438690021844,-0.009595484477892713
2023-12-28,1305.25,8231.0,23869.0,1311.25,284897.0,90198.0,-6.0,-0.004596820532461523,-16040.0,7945.0,-23985.0,0.2646289274706727,0.028891143114880013,-0.008168693009118488,-0.0021024464831804757,-0.030094742708526856
2023-12-29,1292.0,4526.0,6682.0,1297.0,289047.0,83912.0,-5.0,-0.0038699690402446826,-3705.0,4150.0,-7855.0,0.0796310420440452,0.01565835313980074,-0.010151312009193614,-0.0038550501156514594,-0.04047530634979579
2024-01-02,1260.25,2738.0,2675.0,1273.0,293134.0,120524.0,-12.75,-0.010117040269779713,-1788.0,4087.0,-5875.0,0.022194749593441785,0.00934043816138691,-0.02457430340557276,-0.028334618350038587,-0.06091654247391953
2024-01-03,1260.25,1857.0,2363.0,1276.5,289776.0,101043.0,-16.25,-0.012894267010503556,-881.0,-3358.0,2477.0,0.023386083152716928,0.006408398211031948,0.0,-0.030576923076923057,-0.04850887127217818
2024-01-04,1256.0,1512.0,353.0,1266.5,290914.0,90810.0,-10.5,-0.008359872611458312,-345.0,1138.0,-1483.0,0.0038872370884263418,0.005197412293667526,-0.003372346756595923,-0.045592705167173286,-0.0384688995215311
2024-01-05,1244.75,920.0,1000.0,1256.0,291770.0,89364.0,-11.25,-0.009037959429597077,-592.0,856.0,-1448.0,0.01119018844277325,0.0031531685916989303,-0.008957006369426757,-0.04635127370235592,-0.04835626911314983
2024-01-08,,745.0,255.0,1244.0,295155.0,122347.0,,,-175.0,3385.0,-3560.0,0.002084235821066294,0.002524097508088962,0.0,-0.03657120743034059,-0.03917406406792745
2024-01-09,,575.0,158.0,1247.75,294856.0,109857.0,,,-170.0,-299.0,129.0,0.00143823333970524,0.0019501044577692097,0.0,-0.012299146994643961,-0.04962779156327546
2024-01-10,,470.0,307.0,1235.25,300696.0,111664.0,,,-105.0,5840.0,-5945.0,0.0027493193867315986,0.0015630404129087132,0.0,-0.012299146994643961,-0.04562008817327967
2024-01-11,,99.0,220.0,1235.75,297261.0,112166.0,,,-371.0,-3435.0,3064.0,0.0019613786708984724,0.00033304066123709356,0.0,-0.008957006369426757,-0.06795207787345559
2024-01-12,,79.0,91.0,1224.0,294702.0,237245.0,,,-20.0,-2559.0,2539.0,0.0003835697274968898,0.00026806740368236296,0.0,0.0,-0.059145880574452026
2024-01-16,1227.0,297053.0,140122.0,1239.0,153640.0,53381.0,-12.0,-0.009779951100236528,296974.0,-141062.0,438036.0,2.6249414585713526,1.9334353033064182,-0.014259891544486814,-0.014259891544486814,-0.06192660550458717
2024-01-17,1205.0,301985.0,138322.0,1216.25,155457.0,53006.0,-11.25,-0.009336099585054493,4932.0,1817.0,3115.0,2.6095536354374484,1.9425628952057359,-0.01792991035044822,-0.031934123317935326,-0.08382436799087623
2024-01-18,1213.0,298811.0,112771.0,1223.0,161030.0,47402.0,-10.0,-0.008244023083257836,-3174.0,5573.0,-8747.0,2.3790346398885625,1.855623175805739,0.00663900414937757,-0.0255071299457722,-0.07774187416840905
2024-01-19,1212.75,302323.0,96455.0,1223.0,164370.0,47199.0,-10.25,-0.008451865594715769,3512.0,3340.0,172.0,2.0435814318099528,1.8392833242075695,-0.00020610057708159157,-0.02570797348865239,-0.08592425098925949
2024-01-22,1223.0,307884.0,94437.0,1232.25,170084.0,39810.0,-9.25,-0.007563368765324968,5561.0,5714.0,-153.0,2.3721929163526156,1.8101879071517497,0.008451865594722774,-0.017473388230568432,-0.06854531607006853
2024-01-23,1237.5,309416.0,107718.0,1246.25,173034.0,49423.0,-8.75,-0.007070707070701357,1532.0,2950.0,-1418.0,2.179511563442078,1.7881803576175679,0.011856091578086758,0.008557457212713837,-0.05389908256880738
2024-01-24,1240.0,309536.0,130579.0,1245.0,174326.0,61451.0,-5.0,-0.004032258064512877,120.0,1292.0,-1172.0,2.124928805064163,1.7756158002822198,0.002020202020202033,0.029045643153526868,-0.04394757131842719
2024-01-25,1223.0,306288.0,138526.0,1229.0,173135.0,63343.0,-6.0,-0.004905968928859439,-3248.0,-1191.0,-2057.0,2.186918838703532,1.7690703786062798,-0.013709677419354804,0.008244023083264551,-0.057054741711642265
2024-01-26,1208.5,305640.0,112232.0,1215.0,170841.0,47352.0,-6.5,-0.005378568473309575,-648.0,-2294.0,1646.0,2.3701638790335706,1.789031906860755,-0.011856091578086647,-0.0035044320758605974,-0.07038461538461538
2024-01-29,1192.0,306698.0,160776.0,1203.5,179399.0,91499.0,-11.5,-0.009647651006703315,1058.0,8558.0,-7500.0,1.7571339577481528,1.709585895127611,-0.01365328920148945,-0.025347506132461173,-0.0942249240121581
2024-01-30,1220.0,307744.0,133600.0,1227.75,182662.0,66484.0,-7.75,-0.006352459016388236,1046.0,3263.0,-2217.0,2.009506046567565,1.6847729686524746,0.02348993288590595,-0.014141414141414121,-0.06531315839877416
2024-01-31,1222.0,301792.0,131031.0,1232.25,180657.0,62166.0,-10.25,-0.008387888707030779,-5952.0,-2005.0,-3947.0,2.107759868738505,1.6705248066778389,0.0016393442622950616,-0.014516129032258074,-0.05417956656346745
2024-02-01,1202.75,301774.0,117651.0,1213.0,187093.0,58113.0,-10.25,-0.008522136769895222,-18.0,6436.0,-6454.0,2.024521191471753,1.6129625373477277,-0.015752864157119517,-0.0165576451349142,-0.04562586788335643
2024-02-02,1187.75,297694.0,101687.0,1197.5,191493.0,51654.0,-9.75,-0.008208798147751455,-4080.0,4400.0,-8480.0,1.968618112827623,1.5545946849232006,-0.012471419663271699,-0.017170045510964016,-0.05752826820075385
2024-02-05,1196.0,296638.0,133159.0,1204.25,198575.0,71101.0,-8.25,-0.006897993311031022,-1056.0,7082.0,-8138.0,1.87281472834416,1.4938335641445224,0.006945906125026324,0.003355704697986628,-0.047770700636942665
2024-02-06,1198.75,288473.0,104104.0,1208.0,206206.0,67125.0,-9.25,-0.007716371220014418,-8165.0,7631.0,-15796.0,1.550897579143366,1.3989554135185136,0.00229933110367897,-0.01741803278688525,-0.03695521188993778
2024-02-07,1187.75,269491.0,137235.0,1197.5,217570.0,89086.0,-9.75,-0.008208798147751455,-18982.0,11364.0,-30346.0,1.5404777406101795,1.2386404375603197,-0.009176225234619362,-0.028027823240589167,-0.04579232777666198
2024-02-08,1193.75,253964.0,165204.0,1201.0,231449.0,111672.0,-7.25,-0.006073298429314284,-15527.0,13879.0,-29406.0,1.4793681495809023,1.0972784501121151,0.005051568090928216,-0.0074828517979630416,-0.04097208274753972
2024-02-09,1183.0,240205.0,120117.0,1190.0,239441.0,85814.0,-7.0,-0.005917159763308608,-13759.0,7992.0,-21751.0,1.399736639709122,1.0031907651571745,-0.009005235602094208,-0.00399915807198481,-0.04960835509138384
2024-02-12,1191.75,224884.0,114463.0,1196.75,253052.0,82085.0,-5.0,-0.004195510803436798,-15321.0,13611.0,-28932.0,1.3944447828470317,0.8886869102002716,0.007396449704142105,-0.0035535117056856302,-0.04257883109058047
2024-02-13,1186.0,200440.0,132884.0,1192.0,272681.0,101073.0,-6.0,-0.0050590219224240646,-24444.0,19629.0,-44073.0,1.31473291581331,0.7350713837781117,-0.004824837423956341,-0.010636079249217945,-0.04719823257682265
2024-02-14,1167.5,191646.0,128628.0,1175.25,289289.0,98517.0,-7.75,-0.006638115631685963,-8794.0,16608.0,-25402.0,1.305642680958603,0.6624724756212623,-0.015598650927487356,-0.017049042306882756,-0.048492257538712336
2024-02-15,1162.75,183945.0,135571.0,1165.0,300479.0,102716.0,-2.25,-0.0019350677273687938,-7701.0,11190.0,-18891.0,1.3198625335877436,0.6121725644720576,-0.0040685224839400735,-0.0259685863874346,-0.0350622406639004
2024-02-16,1171.75,178758.0,99941.0,1176.0,306906.0,88368.0,-4.25,-0.003627053552375825,-5187.0,6427.0,-11614.0,1.1309636972659658,0.5824519559734884,0.007740270909481817,-0.009509721048182596,-0.034006595218466606
2024-02-20,1178.75,169009.0,145020.0,1184.0,311617.0,104278.0,-5.25,-0.004453870625659,-9749.0,4711.0,-14460.0,1.3907056138399145,0.5423612960781968,0.0059739705568593315,-0.010908328088944819,-0.028035456606885223
2024-02-21,1159.75,153975.0,113652.0,1164.25,318564.0,112813.0,-4.5,-0.0038801465833120242,-15034.0,6947.0,-21981.0,1.0074370861514097,0.4833408671412951,-0.016118769883351036,-0.022133220910623974,-0.0517170891251022
2024-02-22,1147.0,133403.0,136672.0,1152.5,320350.0,143433.0,-5.5,-0.0047951176983393245,-20572.0,1786.0,-22358.0,0.9528630092098684,0.4164289058841879,-0.010993748652726842,-0.017558886509635996,-0.07313131313131316
2024-02-23,1133.0,88340.0,125088.0,1141.25,331820.0,167462.0,-8.25,-0.0072815533980518255,-45063.0,11470.0,-56533.0,0.7469634902246436,0.2662286781990228,-0.012205754141238034,-0.025585895506342715,-0.08629032258064517
2024-02-26,1133.25,51561.0,98731.0,1142.75,335584.0,161757.0,-9.5,-0.008382969335973189,-36779.0,3764.0,-40543.0,0.6103661665337475,0.15364558501001194,0.00022065313327446212,-0.032856838062726657,-0.07338511856091579
2024-02-27,1131.0,21446.0,79533.0,1141.75,339612.0,173774.0,-10.75,-0.00950486295313041,-30115.0,4028.0,-34143.0,0.4576806656922183,0.06314853420962728,-0.0019854401058901905,-0.04050901378579008,-0.0641290856433595
2024-02-28,1121.0,3667.0,37481.0,1145.25,345060.0,129923.0,-24.25,-0.02163247100800925,-17779.0,5448.0,-23227.0,0.28848625724467347,0.010627137309453399,-0.008841732979664063,-0.03341237335632674,-0.059563758389261756
2024-02-29,1118.0,2203.0,4459.0,1138.0,342426.0,142367.0,-20.0,-0.017889087656513515,-1464.0,-2634.0,1170.0,0.031320460499975195,0.006433506801469496,-0.00267618198037467,-0.025283347863993,-0.08360655737704914
2024-03-01,1118.0,1617.0,763.0,1149.5,340916.0,104105.0,-31.5,-0.028175313059008788,-586.0,-1510.0,924.0,0.007329138850199248,0.004743103873094825,0.0,-0.013239187996469504,-0.08510638297872342
2024-03-04,1118.0,1137.0,404.0,1155.0,338263.0,112791.0,-37.0,-0.03309481216455001,-480.0,-2653.0,2173.0,0.003581846069278545,0.003361289883906891,0.0,-0.013456871828810946,-0.07046352109748488
2024-03-05,1128.0,781.0,1080.0,1149.0,344165.0,120022.0,-21.0,-0.01861702127657924,-356.0,5902.0,-6258.0,0.008998350302444476,0.002269260383827518,0.008944543828264706,-0.0026525198938992522,-0.050305198905493564
2024-03-06,1128.0,484.0,287.0,1148.0,347516.0,102488.0,-20.0,-0.01773049645388499,-297.0,3351.0,-3648.0,0.0028003278432596713,0.0013927416291623943,0.0,0.006244424620874156,-0.05685618729096986
2024-03-07,1128.0,289.0,443.0,1165.75,349012.0,146027.0,-37.75,-0.03346631205670792,-195.0,1496.0,-1691.0,0.003033685551302136,0.0008280517575326899,0.0,0.008944543828264706,-0.05901981230448383
2024-03-08,1100.0,139.0,199.0,1182.5,346116.0,192517.0,-82.5,-0.07499999999993182,-150.0,-2896.0,2746.0,0.0010336749481863886,0.00040159946376359257,-0.024822695035460973,-0.01610017889087656,-0.07387918332982535
2024-03-11,1100.0,67.0,42.0,1179.0,344224.0,129942.0,-79.0,-0.07181818181811653,-72.0,-1892.0,1820.0,0.0003232211294269726,0.0001946406990796685,0.0,-0.01610017889087656,-0.07853403141361259
2024-03-12,1100.0,52.0,73.0,1192.0,344778.0,143451.0,-92.0,-0.0836363636362876,-15.0,554.0,-569.0,0.0005088845668555778,0.0001508216881587568,0.0,-0.024822695035460973,-0.07016060862214712
2024-03-13,1100.0,46.0,24.0,1195.75,343586.0,127499.0,-95.75,-0.08704545454537542,-6.0,-1192.0,1186.0,0.0001882367704844729,0.00013388205572986055,0.0,-0.024822695035460973,-0.0769876232431298
2024-03-14,,38.0,66.0,1194.0,341709.0,164064.0,,,-8.0,-1877.0,1869.0,0.000402282036278523,0.00011120573353350334,0.0,-0.024822695035460973,-0.07251264755480602
2024-03-15,1198.0,345700.0,117888.0,1212.5,193807.0,58236.0,-14.5,-0.012103505843061683,345662.0,-147902.0,493564.0,2.02431485678958,1.7837333016867205,0.08909090909090911,0.08909090909090911,0.026124197002141303
2024-03-18,1189.0,341101.0,97550.0,1202.5,194695.0,43328.0,-13.5,-0.011354079058022411,-4599.0,888.0,-5487.0,2.251430945347068,1.751976167852273,-0.0075125208681134925,0.08090909090909082,0.022575790152655317
2024-03-19,1185.75,341141.0,103620.0,1200.25,201062.0,57441.0,-14.5,-0.012228547332901346,40.0,6367.0,-6327.0,1.803937953726401,1.6966955466472944,-0.0027333894028594985,0.07795454545454539,0.011947941113718885
2024-03-20,1205.0,339774.0,161255.0,1223.0,200862.0,81197.0,-18.0,-0.01493775933608719,-1367.0,-200.0,-1167.0,1.9859723881423945,1.691579293246101,0.016234450769555098,0.09545454545454546,0.022269353128313796
2024-03-21,1211.75,337721.0,150049.0,1224.5,207208.0,72922.0,-12.75,-0.01052197235402474,-2053.0,6346.0,-8399.0,2.057664353692959,1.6298646770394887,0.0056016597510373245,0.10159090909090907,0.0448372494071998
2024-03-22,1191.75,336008.0,121895.0,1204.75,209887.0,54941.0,-13.0,-0.010908328088935677,-1713.0,2679.0,-4392.0,2.2186527365719186,1.600899531652739,-0.01650505467299357,-0.005217028380634425,0.0390148212728858
2024-03-25,1206.0,332029.0,106767.0,1220.25,210607.0,56442.0,-14.25,-0.011815920398000153,-3979.0,720.0,-4699.0,1.8916232592749747,1.5765335435194388,0.01195720578980497,0.014297729184188368,0.06443071491615182
2024-03-26,1198.0,333133.0,119009.0,1211.25,215565.0,69388.0,-13.25,-0.011060100166935677,1104.0,4958.0,-3854.0,1.715123652504731,1.5453946605432165,-0.0066334991708125735,0.010331014126080618,0.057136554158393915
2024-03-27,1191.0,329008.0,104399.0,1206.5,215782.0,61058.0,-15.5,-0.013014273719552464,-4125.0,217.0,-4342.0,1.7098332732811146,1.5247240270272706,-0.005843071786310494,-0.011618257261410747,0.05305039787798416
2024-03-28,1191.0,326585.0,160360.0,1205.25,223142.0,92979.0,-14.25,-0.01196473551636275,-2423.0,7360.0,-9783.0,1.7246905215155923,1.463574764051584,0.0,-0.017123994223230854,0.06244424620874223
2024-04-01,1185.0,320353.0,104397.0,1199.75,230158.0,68993.0,-14.75,-0.01244725738395574,-6232.0,7016.0,-13248.0,1.5131535083269096,1.3918829673528559,-0.005037783375314908,-0.005663939584644395,0.059928443649373886
2024-04-02,1175.0,321515.0,173481.0,1188.5,234798.0,102108.0,-13.5,-0.011489361702117881,1162.0,4640.0,-3478.0,1.698995181572436,1.3693259738157848,-0.008438818565400852,-0.02570480928689889,0.05098389982110918
2024-04-03,1182.25,312148.0,160346.0,1195.25,240353.0,102991.0,-13.0,-0.010995982237250162,-9367.0,5555.0,-14922.0,1.5568933207755866,1.2987064858770172,0.006170212765957528,-0.013146911519198667,0.05746869409660116
2024-04-04,1180.0,311432.0,119935.0,1192.25,244492.0,77082.0,-12.25,-0.010381355932194592,-716.0,4139.0,-4855.0,1.5559404270776374,1.2737921895194884,-0.0019031507718333396,-0.009235936188077276,0.046099290780141855
2024-04-05,1186.25,301305.0,162613.0,1197.5,254285.0,107538.0,-11.25,-0.009483667017905598,-10127.0,9793.0,-19920.0,1.51214454425411,1.1849106317714329,0.005296610169491567,-0.003988245172124261,0.05164007092198575
2024-04-08,1181.0,287416.0,159389.0,1193.75,260683.0,116540.0,-12.75,-0.010795935647746998,-13889.0,6398.0,-20287.0,1.367676334305806,1.1025498402273985,-0.004425711275026334,-0.0033755274261603185,0.04698581560283688
2024-04-09,1174.0,272287.0,167029.0,1188.0,277453.0,98489.0,-14.0,-0.011925042589427661,-15129.0,16770.0,-31899.0,1.695915279878954,0.9813806302328648,-0.005927180355630779,-0.0008510638297872797,0.06727272727272737
2024-04-10,1163.75,263607.0,156535.0,1177.75,286733.0,109723.0,-14.0,-0.012030075187959588,-8680.0,9280.0,-17960.0,1.42663798838893,0.9193465698053558,-0.008730834752981309,-0.015648128568407693,0.05795454545454537
2024-04-11,1159.0,246200.0,163734.0,1172.75,309151.0,119984.0,-13.75,-0.011863675582388383,-17407.0,22418.0,-39825.0,1.3646319509267788,0.7963745871758435,-0.004081632653061273,-0.017796610169491522,0.053636363636363704
2024-04-12,1172.75,236195.0,160130.0,1185.0,319738.0,116205.0,-12.25,-0.010445534001270138,-10005.0,10587.0,-20592.0,1.377995783313959,0.7387141972489953,0.011863675582398647,-0.01138040042149635,0.06613636363636366
2024-04-15,1158.0,226026.0,134465.0,1171.0,328761.0,89743.0,-13.0,-0.011226252158884951,-10169.0,9023.0,-19192.0,1.498334131909993,0.6875085548468319,-0.012577275634193086,-0.019475021168501305,0.052727272727272734
2024-04-16,1144.75,214649.0,148376.0,1160.5,343893.0,125405.0,-15.75,-0.013758462546395494,-11377.0,15132.0,-26509.0,1.1831745145727748,0.6241737982453827,-0.011442141623488777,-0.024914821124361164,-0.044449081803005
2024-04-17,1149.0,199361.0,104230.0,1163.5,351205.0,90616.0,-14.5,-0.012619669277621742,-15288.0,7312.0,-22600.0,1.1502383685000315,0.5676485243661094,0.003712601004586258,-0.012674543501611124,-0.033641715727502075
2024-04-18,1133.5,181974.0,109349.0,1148.25,356022.0,113387.0,-14.75,-0.013012792236424339,-17387.0,4817.0,-22204.0,0.9643874518242747,0.5111313345804459,-0.013489991296779857,-0.02200172562553926,-0.044064937803078186
2024-04-19,1150.0,164514.0,124590.0,1164.75,366200.0,136568.0,-14.75,-0.012826086956510586,-17460.0,10178.0,-27638.0,0.9122927772245262,0.449246313489895,0.014556682840758617,-0.01939884885951826,-0.0456431535269709
2024-04-22,1160.5,146013.0,107395.0,1176.5,370508.0,151665.0,-16.0,-0.013787160706580107,-18501.0,4308.0,-22809.0,0.7081066824910117,0.3940886566551859,0.009130434782608665,0.0021588946459412117,-0.04229420259954608
2024-04-23,1166.25,119682.0,112266.0,1181.0,368742.0,144321.0,-14.75,-0.012647374062154215,-26331.0,-1766.0,-24565.0,0.7778909514207858,0.3245683974160787,0.004954760878931541,0.018781393317318207,-0.021397105097545666
2024-04-24,1165.5,100123.0,92302.0,1177.25,373436.0,155917.0,-11.75,-0.010081510081501432,-19559.0,4694.0,-24253.0,0.5919944585901435,0.2681128761019284,-0.0006430868167202064,0.01436031331592691,-0.03358208955223885
2024-04-25,1161.25,78428.0,106684.0,1179.75,369674.0,173908.0,-18.5,-0.015931108719039026,-21695.0,-3762.0,-17933.0,0.6134507900729086,0.21215449287750773,-0.0036465036465036516,0.024481693868548815,-0.03067612687813026
2024-04-26,1153.0,40350.0,78879.0,1177.25,368310.0,136038.0,-24.25,-0.021032090199461378,-38078.0,-1364.0,-36714.0,0.5798306355577076,0.1095544514132114,-0.007104413347685634,0.002608695652173809,-0.031905961376994085
2024-04-29,1161.0,7139.0,58269.0,1180.25,378697.0,173726.0,-19.25,-0.016580534022380206,-33211.0,10387.0,-43598.0,0.33540748074553994,0.018851482847764788,0.006938421509106618,0.0004308487720809939,-0.02518891687657432
2024-04-30,1146.0,3199.0,5743.0,1162.25,380807.0,153691.0,-16.25,-0.014179755671889895,-3940.0,2110.0,-6050.0,0.03736718480587649,0.008400580871675131,-0.012919896640826822,-0.017363344051446905,-0.032911392405063244
2024-05-01,1141.0,1651.0,3404.0,1169.5,387079.0,88675.0,-28.5,-0.024978089395245418,-1548.0,6272.0,-7820.0,0.0383873696081191,0.0042652791807357045,-0.004363001745200656,-0.02102102102102099,-0.028936170212765955
2024-05-02,1190.0,996.0,2408.0,1199.0,396742.0,189776.0,-9.0,-0.0075630252100776785,-655.0,9663.0,-10318.0,0.012688643453334392,0.002510447595666699,0.042944785276073594,0.02475780409041972,0.006555297102981639
2024-05-03,1155.0,603.0,711.0,1215.0,388687.0,166937.0,-60.0,-0.051948051948006974,-393.0,-8055.0,7662.0,0.004259091753176323,0.001551376814763546,-0.02941176470588236,0.0017346053772766545,-0.021186440677966156
2024-05-06,1155.0,193.0,486.0,1244.75,378455.0,227964.0,-89.75,-0.07770562770556043,-410.0,-10232.0,9822.0,0.002131915565615614,0.0005099681600190234,0.0,-0.0051679586563307955,-0.026343519494204437
2024-05-07,1228.0,180.0,51.0,1244.75,369720.0,189975.0,-16.75,-0.013640065146568698,-13.0,-8735.0,8722.0,0.0002684563758389248,0.0004868549172346628,0.06320346320346326,0.07155322862129143,0.03979678238780693
2024-05-08,1196.5,175.0,87.0,1227.75,359838.0,151411.0,-31.25,-0.026117843710801406,-5.0,-9882.0,9877.0,0.000574594976586902,0.0004863299595929266,-0.02565146579804556,0.048641542506573154,0.01916524701873934
2024-05-09,1128.0,125.0,66.0,1209.75,350114.0,151107.0,-81.75,-0.0724734042552549,-50.0,-9724.0,9674.0,0.00043677658877483883,0.0003570265684891197,-0.057250313414124565,-0.05210084033613449,-0.0307196562835661
2024-05-10,1128.0,48.0,82.0,1219.0,353089.0,149162.0,-91.0,-0.0806737588651767,-77.0,2975.0,-3052.0,0.0005497378688942187,0.00013594306251398335,0.0,-0.023376623376623384,-0.026747195858498718
2024-05-13,1128.0,1.0,6.0,1219.0,351526.0,132053.0,-91.0,-0.0806737588651767,-47.0,-1563.0,1516.0,4.543630209082683e-05,2.84473979165125e-06,0.0,-0.023376623376623384,-0.038158175229162206
2024-05-14,,6.0,7.0,1214.25,348960.0,115517.0,,,5.0,-2566.0,2571.0,6.059714154626539e-05,1.719394773039885e-05,0.0,-0.08143322475570036,-0.025906735751295318
2024-05-15,1213.75,348098.0,124938.0,1216.75,45914.0,18771.0,-3.0,-0.0024716786817693334,348092.0,-303046.0,651138.0,6.655905385967362,7.581521975867762,0.07601950354609932,0.014417049728374431,0.06027516925092824
2024-05-16,1216.0,348789.0,99241.0,1216.75,45562.0,19974.0,-0.75,-0.0006167763157889665,691.0,-352.0,1043.0,4.968509061780066,7.655260963083104,0.0018537590113285596,0.07801418439716312,0.05831157528285469
2024-05-17,1226.75,359915.0,133101.0,1224.75,47144.0,27821.0,2.0,0.0016303240268990176,11126.0,1582.0,9544.0,4.78419179756282,7.634375530290013,0.008840460526315708,0.08754432624113484,0.08226731363034845
2024-05-20,1247.0,369515.0,171388.0,1241.75,46877.0,24160.0,5.25,0.004210104250197105,9600.0,-267.0,9867.0,7.093874172185137,7.882650340251981,0.016507030772366038,0.10549645390070927,0.08434782608695657
2024-05-21,1235.0,356220.0,126275.0,1234.0,47028.0,20897.0,1.0,0.0008097165991896277,-13295.0,151.0,-13446.0,6.042733406708808,7.574636386833215,-0.009623095429029727,0.09485815602836878,0.06419646704006898
2024-05-22,1246.25,358194.0,125072.0,1244.25,48011.0,16984.0,2.0,0.0016048144433287023,1974.0,983.0,991.0,7.364107395195044,7.46066526421013,0.009109311740890691,0.026776519052523096,0.0685959271168275
2024-05-23,1239.0,351782.0,136099.0,1237.0,50620.0,19727.0,2.0,0.0016142050040342097,-6412.0,2609.0,-9021.0,6.899123029350286,6.94946661398643,-0.005817452357071207,0.01891447368421062,0.06306306306306309
2024-05-24,1248.0,346561.0,107257.0,1245.75,52590.0,18389.0,2.25,0.0018028846153831707,-5221.0,1970.0,-7191.0,5.832671705910825,6.589864993344618,0.007263922518159882,0.01732219278581626,0.07470398277717982
2024-05-28,1229.75,334644.0,140138.0,1229.5,54570.0,28283.0,0.25,0.00020329335230721422,-11917.0,1980.0,-13897.0,4.954849202701094,6.132380428806925,-0.014623397435897467,-0.013833199679230135,0.06656548135299212
2024-05-29,1213.0,329868.0,123723.0,1212.75,58921.0,31623.0,0.25,0.0002061005770814459,-4776.0,4351.0,-9127.0,3.912437150175381,5.598479319767051,-0.013620654604594384,-0.017813765182186247,0.04478897502153312
2024-05-30,1209.75,324895.0,107751.0,1208.0,61175.0,22690.0,1.75,0.0014465798718731584,-4973.0,2254.0,-7227.0,4.748832084618566,5.310911319983567,-0.0026793075020610235,-0.02928786359077229,0.05562827225130884
2024-05-31,1204.5,323027.0,106393.0,1203.0,63423.0,22343.0,1.5,0.0012453300124522662,-1868.0,2248.0,-4116.0,4.761804592042037,5.093215395045881,-0.004339739615623062,-0.02784503631961255,0.05565293602103427
2024-06-03,1184.5,322988.0,119994.0,1180.75,66693.0,26305.0,3.75,0.0031658927817617847,-39.0,3270.0,-3309.0,4.561642273331893,4.8429070517145,-0.01660440016604403,-0.05088141025641024,-0.004621848739495782
2024-06-04,1179.0,322485.0,145530.0,1177.25,70077.0,38565.0,1.75,0.0014843087362158742,-503.0,3384.0,-3887.0,3.773628938156262,4.601866518258421,-0.004643309413254526,-0.04126855051839806,0.020779220779220786
2024-06-05,1176.25,324395.0,154196.0,1173.25,70938.0,44014.0,3.0,0.0025504782146630813,1910.0,861.0,1049.0,3.503339846412426,4.572936930840951,-0.002332485156912645,-0.030296784830997514,0.018398268398268414
2024-06-06,1199.5,316110.0,162161.0,1193.0,70905.0,39317.0,6.5,0.005418924551892106,-8285.0,-33.0,-8252.0,4.124449983467606,4.458218743388978,0.019766206163655653,-0.008472824963835501,-0.023208469055374548
2024-06-07,1177.0,294656.0,175688.0,1175.75,72945.0,36306.0,1.25,0.001062022090058571,-21454.0,2040.0,-23494.0,4.839089957582636,4.039426965521913,-0.01875781575656521,-0.022831050228310557,-0.01629753447555371
2024-06-10,1187.5,275580.0,139377.0,1181.75,74704.0,31912.0,5.75,0.0048421052631538175,-19076.0,1759.0,-20835.0,4.367541990473666,3.6889590918825803,0.008920985556499561,0.0025327142254114587,0.052748226950354526
2024-06-11,1177.5,248806.0,160774.0,1170.5,71595.0,51140.0,7.0,0.005944798301481151,-26774.0,-3109.0,-23665.0,3.143801329683161,3.4751868147216496,-0.008421052631578996,-0.0012722646310432406,0.0438829787234043
2024-06-12,1177.0,226309.0,161099.0,1166.5,71326.0,39997.0,10.5,0.008920985556491996,-22497.0,-269.0,-22228.0,4.027777083281146,3.17288225892377,-0.000424628450106157,0.0006376195536663687,0.043439716312056786
2024-06-13,1188.25,212320.0,149824.0,1177.0,69446.0,45337.0,11.25,0.009467704607608275,-13989.0,-1880.0,-12109.0,3.3046738866708583,3.0573395155948067,0.009558198810535323,-0.00937890787828266,0.053413120567375794
2024-06-14,1178.0,186256.0,132144.0,1167.0,73265.0,48340.0,11.0,0.009337860780976794,-26064.0,3819.0,-29883.0,2.7336367397599766,2.5422234354739297,-0.008626130864716974,0.000849617672047609,-0.029454170957775472
2024-06-17,1158.0,173530.0,138815.0,1146.0,77809.0,42694.0,12.0,0.010362694300509186,-12726.0,4544.0,-17270.0,3.251393638450292,2.230204732100371,-0.01697792869269954,-0.024842105263157888,-0.047697368421052655
2024-06-18,1172.5,150873.0,148950.0,1155.75,78758.0,46045.0,16.75,0.014285714285702102,-22657.0,949.0,-23606.0,3.23487892279285,1.9156530130272236,0.012521588946459383,-0.00424628450106157,-0.0442225392296719
2024-06-20,1156.0,129084.0,146080.0,1140.0,81284.0,51723.0,16.0,0.013840830449815017,-21789.0,2526.0,-24315.0,2.8242754673935617,1.5880616111411643,-0.01407249466950955,-0.017841971112999122,-0.0729751403368083
2024-06-21,1160.5,88578.0,111374.0,1146.5,83803.0,42363.0,14.0,0.012063765618257593,-40506.0,2519.0,-43025.0,2.6290394920094746,1.0569788671049836,0.0038927335640137617,-0.02335367136545341,-0.06032388663967614
2024-06-24,1174.0,65387.0,88889.0,1159.0,84991.0,53704.0,15.0,0.012776831345815353,-23191.0,1188.0,-24379.0,1.655165350811827,0.7693402830887885,0.011632916846187058,-0.00339558573853993,-0.05797392176529592
2024-06-25,1162.25,45486.0,83116.0,1145.25,88342.0,58517.0,17.0,0.014626801462667562,-19901.0,3351.0,-23252.0,1.4203735666558195,0.514885332005156,-0.01000851788756385,0.0036701208981002598,-0.06194511702986283
2024-06-26,1160.0,23013.0,67870.0,1140.0,93339.0,61195.0,20.0,0.017241379310329964,-22473.0,4997.0,-27470.0,1.1090775390146073,0.24655288786037724,-0.0019359001935900233,-0.010660980810234588,-0.07051282051282048
2024-06-27,1153.0,6230.0,32512.0,1136.0,93836.0,69745.0,17.0,0.014744145706838904,-16783.0,497.0,-17280.0,0.4661552799483767,0.06639242934481365,-0.0060344827586207295,-0.002595155709342545,-0.062411059158365534
2024-06-28,1145.0,3932.0,4183.0,1134.5,94199.0,53291.0,10.5,0.009170305676847887,-2298.0,363.0,-2661.0,0.07849355425869137,0.04174141976029425,-0.006938421509106729,-0.013356311934511034,-0.05605935696619946
2024-07-01,1156.25,3154.0,1313.0,1145.25,94582.0,38670.0,11.0,0.009513513513505286,-778.0,383.0,-1161.0,0.03395396948538831,0.03334672559260712,0.009825327510917026,-0.015119250425894348,-0.044224013225873104
2024-07-02,1162.0,2705.0,1375.0,1149.5,96611.0,44354.0,12.5,0.010757314974173187,-449.0,2029.0,-2478.0,0.03100058619290186,0.027998882114872756,0.004972972972973055,-0.0002151000215100396,-0.035284350352843497
2024-07-03,1149.0,2151.0,924.0,1157.0,96986.0,36947.0,-8.0,-0.006962576153170616,-554.0,375.0,-929.0,0.025008796384008852,0.022178458746622994,-0.011187607573149738,-0.009482758620689702,-0.029970451667370224
2024-07-05,1160.0,1596.0,812.0,1166.75,96488.0,30597.0,-6.75,-0.005818965517236363,-555.0,-498.0,-57.0,0.026538549530998903,0.016540917005223275,0.009573542210618013,0.006071118820468291,-0.016115351993214566
2024-07-08,1149.0,903.0,985.0,1149.0,94496.0,38239.0,0.0,0.0,-693.0,-1992.0,1299.0,0.025759041815946397,0.00955596004063654,-0.009482758620689702,0.003493449781659441,-0.023166843783209323
2024-07-09,1150.0,426.0,839.0,1128.75,95208.0,43808.0,21.25,0.018478260869549148,-477.0,712.0,-1189.0,0.019151753104455372,0.004474413914797029,0.0008703220191470518,-0.00540540540540535,-0.04126719466444351
2024-07-10,1137.0,354.0,698.0,1111.75,93665.0,38843.0,25.25,0.022207563764272464,-72.0,-1543.0,1471.0,0.017969775763972455,0.0037794266801899983,-0.011304347826086913,-0.02151462994836484,-0.03398470688190314
2024-07-11,,276.0,108.0,1117.0,92338.0,35515.0,,,-78.0,-1327.0,1249.0,0.003040968604814782,0.002989018605557809,0.0,-0.010443864229765065,-0.042526315789473634
2024-07-12,,32.0,107.0,1102.0,90503.0,41399.0,,,-244.0,-1835.0,1591.0,0.002584603492837929,0.00035357943935559756,0.0,-0.019827586206896508,-0.03439490445859872
2024-07-15,1075.25,86839.0,35655.0,1032.5,51266.0,21082.0,42.75,0.039758195768388974,86807.0,-39237.0,126044.0,1.6912532017834316,1.6938906877852438,-0.05430958663148633,-0.06418624891209745,-0.08644859813084116
2024-07-16,1090.0,82899.0,37408.0,1038.25,52685.0,24438.0,51.75,0.047477064220139926,-3940.0,1419.0,-5359.0,1.5307308290366834,1.5734839138274352,0.013717740060451122,-0.05217391304347829,-0.08268462023984857
2024-07-17,1097.0,81380.0,41677.0,1039.25,56679.0,29349.0,57.75,0.052643573381902786,-1519.0,3994.0,-5513.0,1.4200483832498068,1.435805148291229,0.006422018348623881,-0.03518029903254183,-0.06876061120543298
2024-07-18,1098.5,75328.0,35569.0,1041.25,57537.0,25582.0,57.25,0.05211652253067627,-6052.0,858.0,-6910.0,1.3903916816511066,1.3092097259154751,0.0013673655423882547,-0.03386103781882144,-0.051381692573402415
2024-07-19,1095.5,73796.0,25658.0,1035.75,59988.0,22071.0,59.75,0.0545413053399776,-1532.0,2451.0,-3983.0,1.1625209550993991,1.2301793692071543,-0.002730996813837039,-0.03649956024626211,-0.06567164179104479
2024-07-22,1118.0,70213.0,40798.0,1065.25,57834.0,26329.0,52.75,0.047182468694054396,-3583.0,-2154.0,-1429.0,1.5495461278437634,1.2140436421481964,0.02053856686444555,0.039758195768425875,-0.03287197231833905
2024-07-23,1115.75,64760.0,51623.0,1071.25,59019.0,31847.0,44.5,0.03988348644406015,-5453.0,1185.0,-6638.0,1.620969008069783,1.0972737592978348,-0.0020125223613596255,0.023623853211009127,-0.03856096510124951
2024-07-24,1110.0,60768.0,34547.0,1059.25,59847.0,23863.0,50.75,0.04572072072067953,-3992.0,828.0,-4820.0,1.4477224154548276,1.015389242568533,-0.005153484203450631,0.01185050136736554,-0.054514480408858645
2024-07-25,1114.75,52613.0,38157.0,1073.75,59377.0,29415.0,41.0,0.036779546983595625,-8155.0,-470.0,-7685.0,1.297195308516019,0.886083837175996,0.00427927927927918,0.014792899408283988,-0.04086900408690042
2024-07-26,1073.0,28037.0,61437.0,1039.5,60447.0,39482.0,33.5,0.03122087604843316,-24576.0,1070.0,-25646.0,1.5560761866166468,0.4638278161033556,-0.037452343574792546,-0.02053856686444544,-0.07499999999999996
2024-07-29,1054.75,10281.0,37618.0,1030.75,61304.0,45896.0,24.0,0.02275420715807276,-17756.0,857.0,-18613.0,0.8196356981000344,0.16770520683805026,-0.017008387698042915,-0.05657423971377462,-0.08521248915871638
2024-07-30,1025.0,2727.0,16709.0,1009.5,62308.0,33254.0,15.5,0.015121951219497443,-7554.0,1004.0,-8558.0,0.502465868767652,0.04376645053604603,-0.028205735956387756,-0.08133542460228549,-0.10480349344978168
2024-07-31,1030.0,1765.0,2651.0,1014.5,62626.0,27893.0,15.5,0.015048543689305778,-962.0,318.0,-1280.0,0.09504176675151131,0.028183182703668954,0.004878048780487809,-0.07207207207207211,-0.10918918918918918
2024-08-01,1005.0,1098.0,1384.0,1008.0,64244.0,34648.0,-3.0,-0.0029850746268627014,-667.0,1618.0,-2285.0,0.03994458554606212,0.017091090218541546,-0.024271844660194164,-0.09845256784032297,-0.1351118760757315
2024-08-02,1005.0,802.0,633.0,1019.5,64727.0,16739.0,-14.5,-0.014427860696503057,-296.0,483.0,-779.0,0.03781587908476983,0.01239050164537191,0.0,-0.06337371854613238,-0.12532637075718012
2024-08-05,1005.0,754.0,64.0,1032.0,64436.0,24349.0,-27.0,-0.026865671641764313,-48.0,-291.0,243.0,0.002628444699987571,0.01170153330436384,0.0,-0.047167575254799754,-0.13362068965517238
2024-08-06,1005.0,204.0,694.0,1014.5,64340.0,23487.0,-9.5,-0.009452736318398554,-550.0,-96.0,-454.0,0.02954826073998256,0.0031706558905812377,0.0,-0.019512195121951237,-0.12532637075718012
2024-08-07,1010.0,143.0,195.0,1005.75,63421.0,15475.0,4.25,0.004207920792075041,-61.0,-919.0,858.0,0.012600969305330365,0.0022547736554137865,0.004975124378109541,-0.01941747572815533,-0.12173913043478257
2024-08-08,,51.0,172.0,993.0,61932.0,22922.0,,,-92.0,-1489.0,1397.0,0.007503708227902996,0.000823483820964916,0.0,0.004975124378109541,-0.11169744942832016
2024-08-09,,44.0,24.0,987.25,60162.0,15037.0,,,-7.0,-1770.0,1763.0,0.0015960630444901511,0.0007313586649379887,0.0,0.004975124378109541,-0.11169744942832016
2024-08-12,,12.0,12.0,972.5,58410.0,26841.0,,,-32.0,-1752.0,1720.0,0.0004470772325919136,0.0002054442732408799,0.0,0.004975124378109541,-0.11169744942832016
2024-08-13,,3.0,19.0,945.75,58323.0,20096.0,,,-9.0,-87.0,78.0,0.0009454617834394434,5.143768324674569e-05,0.0,0.004975124378109541,-0.060683561962334376
2024-08-14,,3.0,4.0,952.75,55739.0,15972.0,,,0.0,-2584.0,2584.0,0.0002504382669671769,5.382227883528493e-05,0.0,0.0,-0.07339449541284404
2024-08-15,950.25,51801.0,15039.0,967.75,423640.0,103452.0,-17.5,-0.01841620626149075,51798.0,367901.0,-316103.0,0.1453717666164004,0.12227598904730402,-0.05915841584158421,-0.05915841584158421,-0.1337739288969918
2024-08-16,937.25,49948.0,17420.0,955.25,426048.0,113164.0,-18.0,-0.01920512136567703,-1853.0,2408.0,-4261.0,0.15393588066876254,0.11723561664413372,-0.013680610365693235,-0.07202970297029698,-0.14679107874374142
2024-08-19,956.5,48238.0,15833.0,975.75,424942.0,117181.0,-19.25,-0.020125457396737975,-1710.0,-1106.0,-604.0,0.13511576108754716,0.11351666815706588,0.020538810349426617,-0.05297029702970302,-0.12688270196257412
2024-08-20,958.0,46192.0,13630.0,975.75,424384.0,101176.0,-17.75,-0.018528183716055815,-2046.0,-558.0,-1488.0,0.13471574286391896,0.10884481978585407,0.001568217459487764,-0.05148514851485153,-0.14311270125223619
2024-08-21,962.5,43340.0,12788.0,981.5,428729.0,98491.0,-19.0,-0.01974025974023923,-2852.0,4345.0,-7197.0,0.12983927465453565,0.10108949942737697,0.0046972860125260585,-0.04702970297029707,-0.13735155724848758
2024-08-22,941.0,38406.0,17660.0,961.25,431292.0,121768.0,-20.25,-0.021519659936215175,-4934.0,2563.0,-7497.0,0.14502989291110846,0.08904871873347966,-0.022337662337662323,-0.009734280452512456,-0.15225225225225225
2024-08-23,951.5,24697.0,16814.0,972.5,433699.0,101432.0,-21.0,-0.022070415133975754,-13709.0,2407.0,-16116.0,0.16576622762047316,0.056945024083523234,0.011158342189160564,0.015204054414510448,-0.14644539134335055
2024-08-26,960.0,17696.0,18427.0,980.0,431593.0,132492.0,-20.0,-0.02083333333331163,-7001.0,-2106.0,-4895.0,0.1390800954019855,0.041001591777438375,0.008933263268523284,0.003659174072137894,-0.10531220876048464
2024-08-27,967.75,11450.0,13636.0,986.5,434417.0,132979.0,-18.75,-0.019374838542992122,-6246.0,2824.0,-9070.0,0.10254250671158528,0.026357163738988054,0.008072916666666652,0.010177453027139904,-0.08248400094809194
2024-08-28,953.25,7166.0,10273.0,976.25,436854.0,115847.0,-23.0,-0.024127983215290714,-4284.0,2437.0,-6721.0,0.08867730713786211,0.01640364973194702,-0.014983208473262732,-0.009610389610389625,-0.06999999999999995
2024-08-29,971.5,1921.0,10556.0,991.0,434994.0,129735.0,-19.5,-0.020072053525455408,-5245.0,-1860.0,-3385.0,0.08136586117855565,0.0044161528664763096,0.019145030159978926,0.03241232731137078,-0.05679611650485439
2024-08-30,975.25,1825.0,2055.0,998.75,435884.0,178214.0,-23.5,-0.024096385542143967,-96.0,890.0,-986.0,0.011531080610950815,0.004186893760725321,0.003860010293360805,0.024960588544403528,-0.02960199004975128
2024-09-03,,969.0,518.0,1012.0,432300.0,184644.0,,,-856.0,-3584.0,2728.0,0.0028053984965663507,0.0022414989590562057,0.0,0.015885416666666652,-0.02960199004975128
2024-09-04,,435.0,382.0,1020.0,424919.0,135599.0,,,-534.0,-7381.0,6847.0,0.0028171299198371464,0.0010237245216147054,0.0,0.007749935417204812,-0.02960199004975128
2024-09-05,,244.0,309.0,1023.75,421039.0,133525.0,,,-191.0,-3880.0,3689.0,0.00231417337577231,0.0005795187619199158,0.0,0.023078940466824127,-0.02960199004975128
2024-09-06,,170.0,122.0,1005.0,424980.0,148215.0,,,-74.0,3941.0,-4015.0,0.0008231285632358343,0.0004000188244152657,0.0,0.003860010293360805,-0.034405940594059436
2024-09-09,,113.0,69.0,1018.25,416302.0,117323.0,,,-57.0,-8678.0,8621.0,0.000588119976475196,0.0002714375621543969,0.0,0.0,-0.034405940594059436
2024-09-10,,80.0,59.0,997.0,414208.0,134695.0,,,-33.0,-2094.0,2061.0,0.0004380266528081931,0.00019313967861557432,0.0,0.0,-0.034405940594059436
2024-09-11,,31.0,25.0,1001.0,411384.0,101592.0,,,-49.0,-2824.0,2775.0,0.00024608236869044564,7.535538572234196e-05,0.0,0.0,-0.034405940594059436
2024-09-12,,6.0,4.0,1010.75,409190.0,151987.0,,,-25.0,-2194.0,2169.0,2.631804035871472e-05,1.4663114934382526e-05,0.0,0.0,-0.034405940594059436
2024-09-13,,49.0,50.0,1006.0,409029.0,120065.0,,,43.0,-161.0,204.0,0.0004164410944071926,0.0001197959068916871,0.0,0.0,-0.034405940594059436
2024-09-16,1003.75,408435.0,79098.0,1022.75,136659.0,19182.0,-19.0,-0.018929016189271303,408386.0,-272370.0,680756.0,4.12355333124783,2.9887164401905255,0.029223276083055527,0.029223276083055527,0.0563009734280453
2024-09-17,1006.25,409280.0,80303.0,1026.0,142615.0,27898.0,-19.75,-0.01962732919252708,845.0,5956.0,-5111.0,2.8784500681051375,2.8698243522770897,0.00249066002490661,0.031786721353499026,0.07361963190184051
2024-09-18,1015.0,406386.0,147447.0,1032.5,145881.0,36843.0,-17.5,-0.01724137931032784,-2894.0,3266.0,-6160.0,4.002035664848031,2.785736319328749,0.008695652173912993,0.04075877980005127,0.0611604809200208
2024-09-19,1012.25,409122.0,116585.0,1030.5,149680.0,34139.0,-18.25,-0.018029142998253367,2736.0,3799.0,-1063.0,3.415009226983702,2.7333110636023337,-0.0027093596059113434,0.03793899000256351,0.05662839248434248
2024-09-20,1013.0,407605.0,128091.0,1031.0,153398.0,34959.0,-18.0,-0.01776900296148295,-1517.0,3718.0,-5235.0,3.664035012443043,2.657172844496,0.0007409236848605616,0.038708023583696516,0.05246753246753255
2024-09-23,1039.0,406338.0,220319.0,1056.0,156624.0,80357.0,-17.0,-0.016361886429243154,-1267.0,3226.0,-4493.0,2.7417524297820632,2.5943533558075225,0.02566633761105619,0.03511830635118307,0.10414452709883104
2024-09-24,1042.5,399393.0,206134.0,1060.75,158908.0,68735.0,-18.25,-0.017505995203820138,-6945.0,2284.0,-9229.0,2.998967047355743,2.513359931532695,0.00336862367661217,0.03602484472049694,0.09563846558066214
2024-09-25,1053.0,395116.0,175631.0,1070.5,159853.0,66736.0,-17.5,-0.01661918328583417,-4277.0,945.0,-5222.0,2.6317280028769683,2.471745916560825,0.010071942446043147,0.03743842364532024,0.09687500000000004
2024-09-26,1039.75,392577.0,191090.0,1057.25,163171.0,53854.0,-17.5,-0.016830968982912402,-2539.0,3318.0,-5857.0,3.548297248115209,2.4059238467619712,-0.012583095916429254,0.027167201778216743,0.07439938000516655
2024-09-27,1065.0,391190.0,237043.0,1082.75,165124.0,80412.0,-17.75,-0.016666666666651016,-1387.0,1953.0,-3340.0,2.947856041386821,2.3690680942806477,0.024284683818225572,0.0513326752221126,0.11723052714398108
2024-09-30,1056.0,387833.0,167653.0,1074.0,160077.0,64086.0,-18.0,-0.017045454545438404,-3357.0,-5047.0,1690.0,2.616062790625057,2.4227902821766873,-0.008450704225352101,0.016361886429258954,0.08697889861039632
2024-10-01,1057.0,383722.0,165015.0,1073.75,162652.0,64373.0,-16.75,-0.01584673604539655,-4111.0,2575.0,-6686.0,2.5634194460410025,2.3591594324078256,0.0009469696969697239,0.013908872901678748,0.08382466034350156
2024-10-02,1054.25,381838.0,158797.0,1072.75,165856.0,54350.0,-18.5,-0.017548019919357317,-1884.0,3204.0,-5088.0,2.921747930082743,2.3022260273972464,-0.0026017029328287977,0.0011870845204178249,0.0810048705460138
2024-10-03,1045.5,385087.0,126126.0,1064.0,169374.0,42061.0,-18.5,-0.017694882831164327,3249.0,3518.0,-269.0,2.998644825372602,2.27358980717228,-0.008299739151055308,0.0055301755229622,0.07203281209946177
2024-10-04,1036.5,388818.0,136658.0,1055.0,174617.0,44695.0,-18.5,-0.017848528702346503,3731.0,5243.0,-1512.0,3.0575679606219253,2.2266904138772157,-0.008608321377331474,-0.026760563380281654,0.06280440912586527
2024-10-07,1033.75,374017.0,170260.0,1052.0,181942.0,73525.0,-18.25,-0.017654171704940602,-14801.0,7325.0,-22126.0,2.315674940496398,2.055693572676996,-0.0026531596719729933,-0.0210700757575758,0.05998461932837729
2024-10-08,1015.25,353574.0,215735.0,1033.75,195070.0,103276.0,-18.5,-0.018222112780085474,-20443.0,13128.0,-33571.0,2.0889170765714966,1.8125493412621019,-0.017896009673518787,-0.039498580889309354,0.04101512432709553
2024-10-09,1020.25,338579.0,185293.0,1037.75,210464.0,97706.0,-17.5,-0.017152658662075812,-14995.0,15394.0,-30389.0,1.8964342005608468,1.6087264330241675,0.004924895345973956,-0.032250414986957576,0.04614201486798253
2024-10-10,1014.0,324442.0,158953.0,1031.0,219204.0,98195.0,-17.0,-0.016765285996038694,-14137.0,8740.0,-22877.0,1.6187484087784345,1.4800916041678005,-0.006125949522175933,-0.03012912482065999,0.03973340169187378
2024-10-11,1004.25,317048.0,213825.0,1021.0,236437.0,115491.0,-16.75,-0.0166791137664758,-7394.0,17233.0,-24627.0,1.8514429695820294,1.3409407157086186,-0.009615384615384581,-0.03111432706222861,0.02973596513714427
2024-10-14,995.75,315440.0,165943.0,1011.5,249141.0,84598.0,-15.75,-0.01581722319857814,-1608.0,12704.0,-14312.0,1.9615475543156815,1.2661103551803947,-0.008464027881503577,-0.0367593712212817,0.02102025121763651
2024-10-15,990.0,318930.0,239187.0,1004.75,254608.0,145041.0,-14.75,-0.014898989898974849,3490.0,5467.0,-1977.0,1.6490992202204782,1.252631496260914,-0.005774541802661348,-0.02487072149716818,-0.013698630136986356
2024-10-16,978.0,307414.0,247535.0,992.0,275019.0,159586.0,-14.0,-0.014314928425343236,-11516.0,20411.0,-31927.0,1.5511072399834476,1.1177918616531908,-0.012121212121212088,-0.04141141876990928,-0.02807453416149064
2024-10-17,989.25,288618.0,236377.0,998.5,282011.0,160549.0,-9.25,-0.009350518069234925,-18796.0,6992.0,-25788.0,1.4723044055085897,1.0234281641496217,0.011503067484662566,-0.02440828402366868,-0.02536945812807878
2024-10-18,970.0,273766.0,229536.0,983.0,287274.0,154632.0,-13.0,-0.013402061855656287,-14852.0,5263.0,-20115.0,1.4844016762377679,0.9529786893349174,-0.019459186252211325,-0.03410505352252924,-0.041738700913805826
2024-10-21,980.0,250668.0,184725.0,988.75,295248.0,133301.0,-8.75,-0.008928571428562317,-23098.0,7974.0,-31072.0,1.3857735500858857,0.8490082913347394,0.010309278350515427,-0.01581722319859402,-0.03257650542941759
2024-10-22,991.75,229931.0,185249.0,1000.5,300788.0,131972.0,-8.75,-0.008822788000999423,-20737.0,5540.0,-26277.0,1.4036992695420136,0.7644287671050681,0.011989795918367241,0.0017676767676768623,-0.04547641963426374
2024-10-23,997.0,208789.0,157963.0,1004.75,308801.0,130438.0,-7.75,-0.0077733199598718425,-21142.0,8013.0,-29155.0,1.2110197948450512,0.6761279918134958,0.005293672800604998,0.01942740286298572,-0.04364508393285371
2024-10-24,995.75,183748.0,190684.0,1004.75,311907.0,180125.0,-9.0,-0.009038413256330365,-25041.0,3106.0,-28147.0,1.0586204024982593,0.5891114979785622,-0.0012537612838515733,0.006570634318928459,-0.054368471035137755
2024-10-25,987.75,114956.0,143812.0,997.25,317331.0,158663.0,-9.5,-0.009617818273844983,-68792.0,5424.0,-74216.0,0.9063990974581289,0.3622589661898763,-0.00803414511674616,0.018298969072164883,-0.050012022120702104
2024-10-28,974.75,74080.0,109011.0,987.0,326116.0,146860.0,-12.25,-0.012567324955103805,-40876.0,8785.0,-49661.0,0.742278360343179,0.2271584344221068,-0.013161225006327548,-0.005357142857142838,-0.08474178403755872
2024-10-29,965.0,33702.0,82001.0,979.25,341566.0,162480.0,-14.25,-0.01476683937822304,-40378.0,15450.0,-55828.0,0.5046836533727197,0.0986690712775859,-0.010002564760194899,-0.026972523317368324,-0.08617424242424243
2024-10-30,970.0,5967.0,57700.0,991.75,350141.0,159633.0,-21.75,-0.022422680412348017,-27735.0,8575.0,-36310.0,0.3614540853081734,0.017041706055560425,0.005181347150259086,-0.027081243731193583,-0.08230842005676442
2024-10-31,978.5,3904.0,7820.0,995.25,351017.0,107954.0,-16.75,-0.017118037812961555,-2063.0,876.0,-2939.0,0.07243826074068517,0.0111219684516704,0.008762886597938113,-0.017323625407983934,-0.07185202750770692
2024-11-01,979.0,2675.0,3051.0,994.25,351898.0,126134.0,-15.25,-0.015577119509687869,-1229.0,881.0,-2110.0,0.024188561371239918,0.0076016345645613,0.0005109862033725321,-0.008858516831181995,-0.06360593017694882
2024-11-04,979.0,1436.0,1524.0,997.0,352118.0,104347.0,-18.0,-0.018386108273729943,-1239.0,220.0,-1459.0,0.014605115623831882,0.004078178337943519,0.0,0.004360092331366916,-0.05547515677761694
2024-11-05,985.0,1042.0,629.0,999.5,351026.0,101646.0,-14.5,-0.014720812182726173,-394.0,-1092.0,698.0,0.006188143163528263,0.0029684410841362093,0.006128702757916216,0.020725388601036343,-0.047158403869407506
2024-11-06,992.0,837.0,391.0,1004.0,354389.0,208308.0,-12.0,-0.012096774193536193,-205.0,3363.0,-3568.0,0.0018770282466347818,0.0023618114557731693,0.007106598984771617,0.02268041237113394,-0.022900763358778664
2024-11-07,1000.0,551.0,545.0,1025.25,358358.0,197073.0,-25.25,-0.02524999999997475,-286.0,3969.0,-4255.0,0.002765472692859992,0.0015375685766747178,0.008064516129032251,0.02197240674501799,-0.01984807645185005
2024-11-08,1001.0,335.0,427.0,1030.0,345003.0,253189.0,-29.0,-0.02897102897100003,-216.0,-13355.0,13139.0,0.0016864871696637624,0.0009710060492227575,0.0009999999999998899,0.022471910112359605,-0.012820512820512775
2024-11-11,1011.75,288.0,212.0,1022.0,337111.0,137395.0,-10.25,-0.010130961205821467,-47.0,-7892.0,7845.0,0.0015429964700316495,0.0008543180139479257,0.010739260739260681,0.033452502553626084,0.007468259895444307
2024-11-12,962.0,159.0,209.0,1011.5,341359.0,158851.0,-49.5,-0.051455301455247966,-129.0,4248.0,-4377.0,0.0013156983588394073,0.00046578528762973744,-0.049172226340499114,-0.023350253807106647,-0.033894049711272856
2024-11-13,962.0,120.0,86.0,1005.75,348178.0,114151.0,-43.75,-0.045478170478123206,-39.0,6819.0,-6858.0,0.0007533880561712052,0.000344651299048187,0.0,-0.030241935483870996,-0.028282828282828243
2024-11-14,,9.0,75.0,987.75,349854.0,152378.0,,,-111.0,1676.0,-1787.0,0.0004921970363175755,2.5725016721260795e-05,0.0,-0.038000000000000034,-0.01635991820040905
2024-11-15,998.0,356660.0,140153.0,1008.25,238193.0,52485.0,-10.25,-0.010270541082154038,356651.0,-111661.0,468312.0,2.6703439077831255,1.4973571851397753,0.03742203742203731,-0.0029970029970030065,0.008845084660096036
2024-11-18,1009.5,356160.0,107221.0,1019.25,240923.0,40656.0,-9.75,-0.009658246656751206,-500.0,2730.0,-3230.0,2.637273711137283,1.4783146482486045,0.011523046092184464,-0.002223869532987366,0.04072164948453616
2024-11-19,998.25,355094.0,114559.0,1008.0,243227.0,48885.0,-9.75,-0.009767092411710726,-1066.0,2304.0,-3370.0,2.3434386826224336,1.4599283796617915,-0.011144130757800852,0.03768191268191279,0.018622448979591866
2024-11-20,990.75,353132.0,110520.0,999.0,245111.0,50524.0,-8.25,-0.00832702498106654,-1962.0,1884.0,-3846.0,2.187475259282674,1.4407023756583694,-0.007513148009015813,0.029885654885654978,-0.0010083186286866663
2024-11-21,980.25,353896.0,145233.0,987.75,245544.0,74338.0,-7.5,-0.00765110941085677,764.0,433.0,331.0,1.9536845220479169,1.4412732544879883,-0.010598031794095353,0.01897089397089391,-0.016800401203610815
2024-11-22,985.75,352834.0,113875.0,992.25,247300.0,67125.0,-6.5,-0.006593963986805383,-1062.0,1756.0,-2818.0,1.6964618249534198,1.4267448443186357,0.005610813567967332,-0.012274549098196363,-0.010042681395932673
2024-11-25,986.0,350173.0,100522.0,994.5,250126.0,42035.0,-8.5,-0.00862068965516367,-2661.0,2826.0,-5487.0,2.391388128940112,1.3999864068509416,0.00025361399949286323,-0.023278850916295224,-0.0017717033662364434
2024-11-26,983.0,342349.0,131739.0,993.5,254060.0,78793.0,-10.5,-0.01068158697862596,-7824.0,3934.0,-11758.0,1.6719632454659465,1.3475123986459838,-0.0030425963488843744,-0.01527673428499876,0.008463708643241752
2024-11-27,988.75,335633.0,134095.0,997.0,256919.0,79266.0,-8.25,-0.008343868520851233,-6716.0,2859.0,-9575.0,1.6917089294274759,1.3063767179539025,0.005849440488301161,-0.0020186727226848555,0.024611398963730657
2024-11-29,990.5,335146.0,77392.0,997.0,257258.0,41450.0,-6.5,-0.006562342251381563,-487.0,339.0,-826.0,1.8671170084438635,1.3027622075892633,0.001769911504424737,0.01045651619484822,0.021134020618556626
2024-12-02,985.0,330595.0,124010.0,990.5,262014.0,67153.0,-5.5,-0.0055837563451719965,-4551.0,4756.0,-9307.0,1.8466784804848353,1.2617455555809947,-0.005552751135790013,-0.0007608419984783676,0.006642820643842695
2024-12-03,991.0,332285.0,135065.0,997.25,268973.0,75330.0,-6.25,-0.006306760847622294,1690.0,6959.0,-5269.0,1.7929775653789752,1.2353842207210344,0.006091370558375608,0.005070993914807254,0.012257405515832431
2024-12-04,983.75,329113.0,113543.0,989.0,274609.0,56859.0,-5.25,-0.0053367217280758964,-3172.0,5636.0,-8808.0,1.9969222110835225,1.1984785640674516,-0.0073158425832492435,0.0007629704984739583,0.004851889683350263
2024-12-05,993.25,326616.0,109222.0,998.5,277219.0,67455.0,-5.25,-0.005285678328713531,-2497.0,2610.0,-5107.0,1.6191831591431083,1.1781876422611683,0.009656925031766184,0.004551201011377959,0.008375634517766573
2024-12-06,993.5,308231.0,150604.0,999.5,290147.0,113325.0,-6.0,-0.006039255158524369,-18385.0,12928.0,-31313.0,1.328956540922115,1.0623270273344165,0.0002516989680343418,0.003028773346794633,0.0015120967741935054
2024-12-09,989.0,290550.0,155123.0,995.25,293995.0,100166.0,-6.25,-0.006319514661267624,-17681.0,3848.0,-21529.0,1.5486592256853469,0.9882821136413852,-0.00452944136889788,0.004060913705583813,-0.01100000000000001
2024-12-10,994.0,263435.0,162231.0,1000.0,308011.0,98530.0,-6.0,-0.006036217303816865,-27115.0,14016.0,-41131.0,1.6465137521566868,0.8552778959192988,0.005055611729019249,0.003027245206861817,-0.006993006993006978
2024-12-11,995.0,236863.0,177510.0,1002.5,325247.0,133242.0,-7.5,-0.007537688442203479,-26572.0,17236.0,-43808.0,1.33223758274417,0.7282557563943688,0.001006036217303885,0.011435832274459878,-0.016555473190017267
2024-12-12,994.75,214960.0,178084.0,1002.5,345404.0,130368.0,-7.75,-0.007790902236735068,-21903.0,20157.0,-42060.0,1.3660100638193315,0.622343690287314,-0.0002512562814069863,0.0015101938082053845,0.034043659043659025
2024-12-13,988.25,209365.0,97052.0,995.25,355760.0,72771.0,-7.0,-0.007083227928148664,-5595.0,10356.0,-15951.0,1.3336631350400387,0.5885006746120964,-0.006534305101784321,-0.005284348263714156,0.027286902286902226
2024-12-16,982.0,192846.0,126195.0,986.0,366915.0,110510.0,-4.0,-0.0040733197555966666,-16519.0,11155.0,-27674.0,1.1419328567550344,0.5255876701688388,-0.006324310650139164,-0.00707785642062686,0.02079002079002068
2024-12-17,976.0,169017.0,170736.0,978.25,381383.0,142638.0,-2.25,-0.002305327868850097,-23829.0,14468.0,-38297.0,1.1969881798679092,0.4431686782053724,-0.006109979633401208,-0.01810865191146882,-0.022044088176352727
2024-12-18,951.0,152094.0,171410.0,953.25,391442.0,145026.0,-2.25,-0.002365930599366597,-16923.0,10059.0,-26982.0,1.181925999475948,0.3885479841202518,-0.02561475409836067,-0.04422110552763814,-0.05794947994056465
2024-12-19,962.5,127227.0,170407.0,965.75,394742.0,166725.0,-3.25,-0.0033766233766198686,-24867.0,3300.0,-28167.0,1.022084270505317,0.32230418855860204,0.012092534174553027,-0.03242020608193008,-0.03581267217630857
2024-12-20,969.0,111975.0,110119.0,979.0,396706.0,119531.0,-10.0,-0.010319917440649825,-15252.0,1964.0,-17216.0,0.9212589202800869,0.2822619269685856,0.006753246753246733,-0.019478876802428546,-0.02195306585919754
2024-12-23,967.0,85804.0,73622.0,971.0,401541.0,105210.0,-4.0,-0.004136504653563458,-26171.0,4835.0,-31006.0,0.6997623800018943,0.21368677171197908,-0.0020639834881320818,-0.01527494908350302,-0.013516959959194108
2024-12-24,971.0,76465.0,28802.0,979.25,396958.0,64012.0,-8.25,-0.008496395468580333,-9339.0,-4583.0,-4756.0,0.44994688495906315,0.19262743161745025,0.004136504653567741,-0.0051229508196721785,-0.014963225970073601
2024-12-26,982.5,54165.0,70637.0,995.5,403341.0,135969.0,-13.0,-0.013231552162836406,-22300.0,6383.0,-28683.0,0.5195081231751317,0.13429083579403003,0.011843460350154489,0.03312302839116721,-0.003549695740365122
2024-12-27,977.5,31384.0,56059.0,989.75,409662.0,104442.0,-12.25,-0.012531969309450094,-22781.0,6321.0,-29102.0,0.5367476685624506,0.07660949758581447,-0.0050890585241730735,0.01558441558441559,-0.005595116988809767
2024-12-30,975.5,4523.0,39468.0,991.75,408169.0,140332.0,-16.25,-0.016658124038937305,-26861.0,-1493.0,-25368.0,0.2812473277655825,0.011081194309219928,-0.002046035805626567,0.006707946336429238,-0.013400758533501866
2024-12-31,981.0,2388.0,5238.0,1009.0,406116.0,142790.0,-28.0,-0.028542303771632475,-2135.0,-2053.0,-82.0,0.03668324112332771,0.005880093372336953,0.0056381342901077325,0.014477766287487093,-0.009591115598182709
2025-01-02,995.0,1743.0,1299.0,1011.0,399449.0,129597.0,-16.0,-0.01608040201003409,-645.0,-6667.0,6022.0,0.01002338017083721,0.004363510736038883,0.014271151885830724,0.02471678681771361,0.010152284263959421
2025-01-03,965.0,919.0,912.0,991.25,394812.0,155028.0,-26.25,-0.027202072538831914,-824.0,-4637.0,3813.0,0.005882808266893685,0.002327690141130456,-0.03015075376884424,-0.01781170483460559,-0.026236125126135268
2025-01-06,991.0,647.0,598.0,996.0,391955.0,135003.0,-5.0,-0.005045408678097835,-272.0,-2857.0,2585.0,0.004429531195603028,0.001650699697669371,0.02694300518134707,0.013810741687979577,0.007369758576874164
2025-01-07,982.75,516.0,265.0,996.5,383887.0,132275.0,-13.75,-0.013991350801308582,-131.0,-8068.0,7937.0,0.0020034020034019884,0.001344145542829006,-0.008324924318869775,0.007432086109687264,-0.010571356657437692
2025-01-08,982.75,389.0,308.0,993.25,381681.0,115228.0,-10.5,-0.010684304248272007,-127.0,-2206.0,2079.0,0.002672961432985015,0.0010191756990785472,0.0,0.0017838939857288683,-0.010820332159033774
2025-01-09,981.0,287.0,168.0,995.75,383120.0,84880.0,-14.75,-0.01503567787969925,-102.0,1439.0,-1541.0,0.0019792648444863104,0.000749112549592815,-0.0017807173747138583,-0.014070351758794009,-0.008088978766430777
2025-01-10,981.0,209.0,435.0,1024.5,381090.0,267972.0,-43.5,-0.04434250764521474,-78.0,-2030.0,1952.0,0.001623303927275978,0.0005484268807893134,0.0,0.01658031088082912,-0.013078470824949728
2025-01-13,1043.0,149.0,202.0,1051.0,379065.0,229028.0,-8.0,-0.007670182166819108,-60.0,-2025.0,1965.0,0.0008819882285135403,0.0003930724282115194,0.06320081549439349,0.052472250252270536,0.048241206030150696
2025-01-14,,17.0,43.0,1046.0,366315.0,220603.0,,,-132.0,-12750.0,12618.0,0.00019492028666881142,4.6408145994567395e-05,0.0,0.06130755532943266,0.04850464940939925
2025-01-15,1042.0,366814.0,139448.0,1055.0,195635.0,58464.0,-13.0,-0.012476007677531212,366797.0,-170680.0,537477.0,2.38519430760806,1.8749916937153277,-0.0009587727708533222,0.06029000254388195,0.05438907159119655
2025-01-16,1019.5,356859.0,162099.0,1031.5,199617.0,48319.0,-12.0,-0.011770475723382275,-9955.0,3982.0,-13937.0,3.3547672758127582,1.7877184808908972,-0.021593090211132426,0.03924566768603466,0.038187372708757605
2025-01-17,1034.0,358757.0,189419.0,1045.0,203799.0,84359.0,-11.0,-0.010638297872330137,1898.0,4182.0,-2284.0,2.2453917187258945,1.7603472048439799,0.014222658165767621,0.05402650356778804,0.05942622950819665
2025-01-21,1066.75,361410.0,215089.0,1077.25,204442.0,87674.0,-10.5,-0.00984298101709881,2653.0,643.0,2010.0,2.4532814745534313,1.7677874409367853,0.031673114119922685,0.02277085330776596,0.12171398527865396
2025-01-22,1056.25,349754.0,214743.0,1068.0,209225.0,87705.0,-11.75,-0.011124260355019054,-11656.0,4783.0,-16439.0,2.448469300495953,1.67166447604253,-0.00984298101710801,0.012703739213806298,0.09740259740259738
2025-01-23,1064.0,353290.0,148819.0,1076.0,212043.0,64498.0,-12.0,-0.011278195488711205,3536.0,2818.0,718.0,2.307342863344564,1.6661243238399681,0.00733727810650886,0.02111324376199608,0.0980392156862746
2025-01-24,1054.0,341256.0,177241.0,1066.5,215375.0,83427.0,-12.5,-0.011859582542683246,-12034.0,3332.0,-15366.0,2.1245040574394123,1.5844735925710896,-0.009398496240601517,0.033840117704757144,0.08996897621509814
2025-01-27,1045.0,336044.0,127356.0,1059.0,214492.0,57211.0,-14.0,-0.013397129186590051,-5212.0,-883.0,-4329.0,2.226075405079404,1.566697126233139,-0.008538899430740043,0.010638297872340496,0.07621009268795054
2025-01-28,1045.0,330417.0,129003.0,1059.75,218726.0,66359.0,-14.75,-0.01411483253587166,-5627.0,4234.0,-9861.0,1.9440166367787044,1.510643453453172,0.0,-0.0203890321068666,0.06361323155216292
2025-01-29,1059.0,329617.0,128051.0,1074.0,225524.0,73589.0,-15.0,-0.014164305948995124,-800.0,6798.0,-7598.0,1.7400834363831315,1.461560632127838,0.013397129186602852,0.0026035502958579038,0.08337595907928397
2025-01-30,1043.5,322238.0,135406.0,1060.25,229572.0,66718.0,-16.75,-0.01605174892188208,-7379.0,4048.0,-11427.0,2.0295272640066844,1.403646786193432,-0.014636449480642133,-0.019266917293233043,0.0697078421322399
2025-01-31,1042.25,318925.0,154522.0,1052.0,230305.0,86551.0,-9.75,-0.00935476133364418,-3313.0,733.0,-4046.0,1.7853288812376311,1.3847940774190688,-0.0011978917105893716,-0.011148007590132791,0.06243628950050972
2025-02-03,1056.0,316850.0,164396.0,1070.0,236066.0,80757.0,-14.0,-0.013257575757563204,-2075.0,5761.0,-7836.0,2.035687308840075,1.3422093821219434,0.013192612137203241,0.010526315789473717,0.06130653266331665
2025-02-04,1074.0,318340.0,182908.0,1086.25,238106.0,99660.0,-12.25,-0.011405959031646736,1490.0,2040.0,-550.0,1.8353200883002023,1.3369675690658727,0.017045454545454586,0.02775119617224875,0.11295336787564758
2025-02-05,1057.5,303782.0,166300.0,1073.75,243582.0,86784.0,-16.25,-0.015366430260032751,-14558.0,5476.0,-20034.0,1.9162518436577949,1.2471446987051538,-0.015363128491620137,-0.0014164305949008194,0.06710393541876902
2025-02-06,1061.0,301839.0,129164.0,1076.0,253362.0,74953.0,-15.0,-0.014137606032031916,-1943.0,9780.0,-11723.0,1.7232665803903549,1.191334927889734,0.003309692671394693,0.01677048394825098,0.07962350546934616
2025-02-07,1048.0,283825.0,154226.0,1064.5,267123.0,108636.0,-16.5,-0.01574427480914528,-18014.0,13761.0,-31775.0,1.4196583084796806,1.0625255032325893,-0.012252591894439169,0.0055169105301031696,0.06639531925718645
2025-02-10,1049.0,272524.0,128319.0,1064.75,281063.0,84282.0,-15.75,-0.015014299332683495,-11301.0,13940.0,-25241.0,1.5224959065992558,0.9696189110626409,0.000954198473282375,-0.006628787878787845,0.06931702344546387
2025-02-11,1043.25,255936.0,149758.0,1060.25,296824.0,101365.0,-17.0,-0.01629523124848666,-16588.0,15761.0,-32349.0,1.4774133083411287,0.8622483357140903,-0.005481410867492875,-0.02863128491620115,0.06345565749235482
2025-02-12,1028.0,228252.0,171577.0,1045.75,308733.0,116823.0,-17.75,-0.01726653696496375,-27684.0,11909.0,-39593.0,1.4686919527832578,0.7393184402056122,-0.014617780972921213,-0.02789598108747049,-0.014381591562799612
2025-02-13,1029.0,209887.0,147392.0,1046.25,321929.0,118588.0,-17.25,-0.016763848396485165,-18365.0,13196.0,-31561.0,1.242891354943154,0.6519667380074469,0.0009727626459143934,-0.03016022620169656,-0.01342281879194629
2025-02-14,1036.5,196155.0,120772.0,1053.0,331615.0,96184.0,-16.5,-0.01591895803182256,-13732.0,9686.0,-23418.0,1.255635032853684,0.5915142559896247,0.007288629737609353,-0.010973282442748089,-0.00527831094049902
2025-02-18,1037.75,184314.0,123334.0,1054.5,343112.0,94601.0,-16.75,-0.01614068899058912,-11841.0,11497.0,-23338.0,1.3037282903986078,0.5371831938259212,0.001205981669078593,-0.010724499523355524,0.01790093182932817
2025-02-19,1032.0,159234.0,133961.0,1048.75,351925.0,117494.0,-16.75,-0.016230620155023034,-25080.0,8813.0,-33893.0,1.1401518375406305,0.45246572423101383,-0.005540833534088185,-0.010783608914450071,-0.0019342359767892114
2025-02-20,1044.0,149910.0,112590.0,1061.25,359337.0,119015.0,-17.25,-0.0165229885057313,-9324.0,7412.0,-16736.0,0.9460152081670298,0.4171849823424796,0.011627906976744207,0.015564202334630295,-0.021326458870400744
2025-02-21,1040.0,115893.0,96118.0,1056.75,364010.0,111687.0,-16.75,-0.016105769230753745,-34017.0,4673.0,-38690.0,0.8606015024129857,0.31837861597208783,-0.003831417624521105,0.010689990281826933,-0.01538461538461533
2025-02-24,1029.0,86743.0,101531.0,1048.0,375003.0,129312.0,-19.0,-0.018464528668592356,-29150.0,10993.0,-40143.0,0.7851630165800484,0.23131281616413674,-0.01057692307692304,-0.00723589001447178,-0.03289473684210531
2025-02-25,1030.75,52654.0,117588.0,1048.25,376565.0,177722.0,-17.5,-0.01697792869268302,-34089.0,1562.0,-35651.0,0.6616400895781015,0.13982712147969106,0.001700680272108901,-0.006745362563237767,-0.022058823529411797
2025-02-26,1023.0,25092.0,74754.0,1041.0,373502.0,144042.0,-18.0,-0.017595307917871363,-27562.0,-3063.0,-24499.0,0.5189736326904617,0.06718036315735909,-0.007518796992481258,-0.008720930232558155,-0.021052631578947323
2025-02-27,1020.5,3647.0,37040.0,1037.5,375245.0,153275.0,-17.0,-0.016658500734917533,-21445.0,1743.0,-23188.0,0.24165715217745726,0.009718983597383017,-0.0024437927663734094,-0.022509578544061326,-0.023444976076555046
2025-02-28,1015.0,2674.0,1753.0,1025.0,385864.0,118837.0,-10.0,-0.009852216748758767,-973.0,10619.0,-11592.0,0.014751297996415133,0.006929902763668011,-0.005389514943655027,-0.024038461538461564,-0.041548630783758256
2025-03-03,995.25,1536.0,2052.0,1011.0,389146.0,154480.0,-15.75,-0.015825169555372193,-1138.0,3282.0,-4420.0,0.013283272915587693,0.003947104685644966,-0.01945812807881775,-0.03279883381924198,-0.046238620028749455
2025-03-04,975.0,996.0,928.0,1000.0,389016.0,211927.0,-25.0,-0.02564102564099934,-540.0,-130.0,-410.0,0.004378866307738021,0.002560306002837923,-0.02034664657121321,-0.05408682997817127,-0.06452386663468457
2025-03-05,978.5,832.0,276.0,1011.75,388425.0,159722.0,-33.25,-0.03398058252423712,-164.0,-591.0,427.0,0.0017280024041772472,0.0021419836519276513,0.0035897435897436214,-0.04349951124144669,-0.07339015151515149
2025-03-06,978.5,394.0,416.0,1027.25,382968.0,192141.0,-48.75,-0.049821154828768706,-438.0,-5457.0,5019.0,0.002165076688473558,0.0010288065843621372,0.0,-0.041156295933366005,-0.08891992551210426
2025-03-07,975.0,358.0,112.0,1025.0,378303.0,110547.0,-50.0,-0.05128205128199868,-36.0,-4665.0,4629.0,0.0010131437307208608,0.000946331379872745,-0.0035769034236076136,-0.039408866995073843,-0.07801418439716312
2025-03-10,995.0,192.0,89.0,1013.25,380057.0,105502.0,-18.25,-0.018341708542695134,-166.0,1754.0,-1920.0,0.0008435859035847581,0.0005051873797877674,0.02051282051282044,-0.00025119316754584897,-0.06220546654099901
2025-03-11,975.0,180.0,66.0,1009.0,376884.0,101557.0,-34.0,-0.03487179487175911,-12.0,-3173.0,3161.0,0.0006498813474206539,0.00047760053491259784,-0.02010050251256279,0.0,-0.06965648854961837
2025-03-12,975.0,109.0,39.0,1001.25,378950.0,130716.0,-26.25,-0.02692307692304931,-71.0,2066.0,-2137.0,0.0002983567428623864,0.00028763689141047557,0.0,-0.0035769034236076136,-0.0705433746425167
2025-03-13,975.0,31.0,33.0,1009.0,375934.0,114617.0,-34.0,-0.03487179487175911,-78.0,-3016.0,2938.0,0.00028791540521911854,8.246128309756478e-05,0.0,-0.0035769034236076136,-0.06542056074766356
2025-03-14,,3.0,3.0,1016.75,374281.0,101125.0,,,-28.0,-1653.0,1625.0,2.9666254635351992e-05,8.015368132499357e-06,0.0,0.0,-0.051556420233463074
2025-03-17,1014.5,373220.0,80925.0,1028.75,203350.0,36129.0,-14.25,-0.014046328240498722,373217.0,-170931.0,544148.0,2.2398903927592175,1.8353577575608466,0.04051282051282046,0.019597989949748706,-0.014091350826044735
2025-03-18,1012.0,375706.0,100675.0,1026.0,205692.0,49607.0,-14.0,-0.01383399209484799,2486.0,2342.0,144.0,2.0294514887011506,1.8265464869805252,-0.00246426811237066,0.0379487179487179,-0.023637240713941132
2025-03-19,1008.0,380565.0,124450.0,1021.5,210634.0,67114.0,-13.5,-0.013392857142843856,4859.0,4942.0,-83.0,1.8543075960306068,1.8067595924684439,-0.0039525691699604515,0.03384615384615386,-0.028667790893760592
2025-03-20,1013.0,388367.0,117385.0,1025.75,214705.0,60707.0,-12.75,-0.012586377097717092,7802.0,4071.0,3731.0,1.9336320358442696,1.808840036328908,0.004960317460317443,0.03897435897435897,-0.018410852713178327
2025-03-21,1009.5,378716.0,101376.0,1021.5,215145.0,56282.0,-12.0,-0.011887072808309175,-9651.0,440.0,-10091.0,1.8012153086243952,1.7602826001068965,-0.0034550839091807006,0.03538461538461535,-0.033045977011494254
2025-03-24,1006.5,378001.0,88648.0,1019.0,216538.0,51427.0,-12.5,-0.012419274714344343,-715.0,1393.0,-2108.0,1.7237637816710731,1.7456566514884144,-0.002971768202080227,-0.007885657959585957,-0.03221153846153846
2025-03-25,1002.25,375352.0,99523.0,1016.0,214981.0,55365.0,-13.75,-0.013719131953091825,-2649.0,-1557.0,-1092.0,1.797579698365361,1.7459775515045435,-0.004222553402881246,-0.009634387351778684,-0.025996112730806598
2025-03-26,1000.5,365789.0,103851.0,1015.0,216979.0,61476.0,-14.5,-0.014492753623173921,-9563.0,1998.0,-11561.0,1.689293382783498,1.6858267389931667,-0.0017460713394861216,-0.007440476190476164,-0.029347562454523413
2025-03-27,1014.5,363463.0,111192.0,1030.0,218460.0,56328.0,-15.5,-0.01527846229668282,-2326.0,1481.0,-3807.0,1.974009373668478,1.6637508010619717,0.013993003498250944,0.0014807502467917288,-0.008308895405669592
2025-03-28,1022.0,357552.0,120885.0,1036.5,224705.0,81964.0,-14.5,-0.014187866927579073,-5911.0,6245.0,-12156.0,1.4748548143087028,1.591206248192067,0.007392804337111869,0.012382367508667613,0.0014698677119058257
2025-03-31,1013.75,348223.0,160036.0,1027.5,239982.0,100570.0,-13.75,-0.013563501849555055,-9329.0,15277.0,-24606.0,1.59128964900068,1.4510379945162495,-0.008072407045009777,0.0072031793343267925,-0.0012315270935960854
2025-04-01,1031.75,337966.0,167012.0,1047.5,238916.0,113831.0,-15.75,-0.015265325902577887,-10257.0,-1066.0,-9191.0,1.467192592527506,1.4145808568701912,0.017755856966707784,0.029433774008480906,0.03667420246169306
2025-04-02,1029.0,331666.0,129992.0,1044.5,246849.0,73005.0,-15.5,-0.015063168124377975,-6300.0,7933.0,-14233.0,1.7805903705225425,1.3435987182447515,-0.0026653743639447613,0.028485757121439192,0.055384615384615365
2025-04-03,1012.0,329222.0,169499.0,1026.25,246781.0,109755.0,-14.25,-0.014081027667970276,-2444.0,-68.0,-2376.0,1.5443396656188644,1.3340654264307166,-0.016520894071914483,-0.00246426811237066,0.034236075625958096
2025-04-04,977.75,335041.0,269757.0,990.5,257049.0,187287.0,-12.75,-0.013040143185872625,5819.0,10268.0,-4449.0,1.4403402264972933,1.3034129679555209,-0.033843873517786616,-0.043297455968688836,-0.0007664793050587981
2025-04-07,983.0,303201.0,272593.0,998.0,269875.0,186460.0,-15.0,-0.015259409969465657,-31840.0,12826.0,-44666.0,1.4619382173120163,1.123486799444183,0.005369470723600056,-0.030332922318125788,0.00820512820512831
2025-04-08,991.75,282050.0,216115.0,1003.0,279409.0,196109.0,-11.25,-0.011343584572713544,-21151.0,9534.0,-30685.0,1.1020146959089023,1.0094520935259745,0.008901322482197438,-0.038769081657378246,-0.003266331658291488
2025-04-09,1011.0,251821.0,205523.0,1020.0,291016.0,175037.0,-9.0,-0.008902077151326506,-30229.0,11607.0,-41836.0,1.1741688900061062,0.8653166836187671,0.019410133602218327,-0.017492711370262426,0.036923076923076836
2025-04-10,1022.75,231794.0,192962.0,1034.75,295151.0,161619.0,-12.0,-0.01173307259837523,-20027.0,4135.0,-24162.0,1.1939314065796647,0.7853403850910186,0.011622156280910012,0.010622529644268797,0.04897435897435898
2025-04-11,1042.25,196209.0,191945.0,1053.0,308778.0,158662.0,-10.75,-0.01031422403453076,-35585.0,13627.0,-49212.0,1.2097729765161085,0.6354371101568097,0.019066242972378467,0.06596778317565843,0.068974358974359
2025-04-14,1041.0,190661.0,117322.0,1048.75,306226.0,106802.0,-7.75,-0.007444764649368449,-5548.0,-2552.0,-2996.0,1.0985000280893513,0.6226153233232952,-0.0011993283761093654,0.05900305188199395,0.06769230769230772
2025-04-15,1036.0,178546.0,126985.0,1045.0,310277.0,113177.0,-9.0,-0.008687258687250302,-12115.0,4051.0,-16166.0,1.1220035873012968,0.5754406546408514,-0.004803073967339144,0.044618099319384985,0.021192705766387432
2025-04-16,1037.5,160082.0,113594.0,1049.0,320305.0,113328.0,-11.5,-0.011084337349386906,-18464.0,10028.0,-28492.0,1.0023471692785455,0.4997798972853983,0.0014478764478764727,0.02621167161226512,0.025197628458498045
2025-04-17,1035.5,153408.0,88269.0,1047.0,324520.0,89045.0,-11.5,-0.011105746016406464,-6674.0,4215.0,-10889.0,0.9912853051827616,0.4727227905830135,-0.001927710843373509,0.012466389635785946,0.027281746031746046
2025-04-21,1029.0,145365.0,56324.0,1041.25,334956.0,71977.0,-12.25,-0.011904761904750335,-8043.0,10436.0,-18479.0,0.7825277519207415,0.4339823738043193,-0.0062771607918880035,-0.012712880786759362,0.015794669299111552
2025-04-22,1035.0,127964.0,78848.0,1046.0,342898.0,94806.0,-11.0,-0.010628019323661229,-17401.0,7942.0,-25343.0,0.831677320000835,0.37318386225641337,0.005830903790087438,-0.0057636887608069065,0.02526002971768193
2025-04-23,1041.25,113485.0,105262.0,1050.5,353781.0,140319.0,-9.25,-0.008883553421360015,-14479.0,10883.0,-25362.0,0.7501621305739014,0.3207775431693609,0.006038647342995196,0.0050675675675675436,0.03452558370591152
2025-04-24,1053.0,92877.0,95258.0,1062.75,365164.0,148400.0,-9.75,-0.009259259259250465,-20608.0,11383.0,-31991.0,0.6419002695417747,0.25434325398998736,0.0112845138055222,0.01493975903614464,0.050636068845098636
2025-04-25,1049.5,59559.0,80595.0,1058.5,370971.0,124426.0,-9.0,-0.00857551214863404,-33318.0,5807.0,-39125.0,0.6477343963480249,0.16054893778758944,-0.003323836657169954,0.013520038628681785,0.04897551224387797
2025-04-28,1049.25,26897.0,69123.0,1061.25,374663.0,134453.0,-12.0,-0.01143674052893835,-32662.0,3692.0,-36354.0,0.5141053007370567,0.07178984847716462,-0.00023820867079560326,0.019679300291545188,0.03425332676195181
2025-04-29,1038.25,4852.0,38351.0,1052.5,370057.0,149001.0,-14.25,-0.01372501805922107,-22045.0,-4606.0,-17439.0,0.2573875343118485,0.013111493634764338,-0.010483678818203446,0.0031400966183574575,0.015900195694716235
2025-04-30,1030.25,3016.0,3242.0,1043.75,364121.0,115195.0,-13.5,-0.013103615627262215,-1836.0,-5936.0,4100.0,0.028143582620773225,0.008282960883881984,-0.007705273296412241,-0.010564225690276152,0.016276202219482228
2025-05-01,1039.25,1691.0,2080.0,1050.0,364666.0,84628.0,-10.75,-0.01034399807552529,-1325.0,545.0,-1870.0,0.024578153802523695,0.0046371199947348955,0.008735743751516534,-0.013057929724596407,0.0072692028107583795
2025-05-02,1033.75,916.0,1388.0,1057.5,370325.0,91958.0,-23.75,-0.022974607013278865,-775.0,5659.0,-6434.0,0.01509384719110882,0.0024735030041179978,-0.005292278085157531,-0.015007146260123894,0.004616132167152509
2025-05-05,1031.0,557.0,682.0,1046.0,368627.0,84103.0,-15.0,-0.014548981571275899,-359.0,-1698.0,1339.0,0.008109104312569015,0.0015110124868769747,-0.0026602176541716815,-0.017393376221110368,0.018774703557312256
2025-05-06,1030.0,342.0,282.0,1040.25,369894.0,102323.0,-10.25,-0.00995145631066995,-215.0,1267.0,-1482.0,0.0027559786167332587,0.0009245892066375747,-0.0009699321047527132,-0.007946063086925137,0.05343901815392482
2025-05-07,1030.0,212.0,204.0,1039.0,375682.0,123496.0,-9.0,-0.00873786407766142,-130.0,5788.0,-5918.0,0.0016518753643842581,0.0005643070469173382,0.0,-0.00024265954865321238,0.047812817904374416
2025-05-08,1020.25,178.0,61.0,1044.5,374511.0,105083.0,-24.25,-0.02376868414601934,-34.0,-1171.0,1137.0,0.0005804935146503185,0.0004752864401846662,-0.009466019417475713,-0.018282415203271563,0.02873708091756999
2025-05-09,1030.25,129.0,53.0,1052.0,373540.0,116140.0,-21.75,-0.021111380732811345,-49.0,-971.0,922.0,0.000456345789564315,0.00034534454141457315,0.009801519235481448,-0.0033857315598548876,0.01904055390702264
2025-05-12,,72.0,75.0,1069.25,376409.0,195384.0,,,-57.0,2869.0,-2926.0,0.00038385947672275937,0.00019128129242393198,0.0,-0.0007274490785644794,0.007333170373991615
2025-05-13,,5.0,31.0,1073.75,363627.0,161099.0,,,-67.0,-12782.0,12715.0,0.00019242825840011304,1.3750354071617307e-05,0.0,0.00024271844660184172,-0.011513552410649996
2025-05-14,,3.0,11.0,1075.75,365783.0,124910.0,,,-2.0,2156.0,-2158.0,8.806340565206878e-05,8.201583999256367e-06,0.0,0.00024271844660184172,-0.01032660902977911
2025-05-15,1053.0,362368.0,172955.0,1048.75,48887.0,26081.0,4.25,0.00403608736941687,362365.0,-316896.0,679261.0,6.631455849085286,7.412359113874703,0.02208201892744488,0.032099975496201916,0.01640926640926632
2025-05-16,1050.5,358902.0,114733.0,1046.5,49337.0,16248.0,4.0,0.0038077106139897117,-3466.0,450.0,-3916.0,7.061361398325513,7.274499868252888,-0.0023741690408357607,0.019655423440912312,0.012530120481927698
2025-05-19,1050.75,356035.0,78345.0,1047.25,50088.0,11754.0,3.5,0.0033309540804155784,-2867.0,751.0,-3618.0,6.66539050535931,7.108189586327921,0.0002379819133746519,0.019898082989565635,0.014727184934814064
2025-05-20,1053.25,348836.0,92812.0,1051.0,50919.0,11701.0,2.25,0.00213624495608627,-7199.0,831.0,-8030.0,7.931971626356043,6.850802254561032,0.0023792529145847396,0.02232467847609798,0.02356656948493674
2025-05-21,1062.25,341363.0,129770.0,1057.5,50067.0,23336.0,4.75,0.004471640385968961,-7473.0,-852.0,-6621.0,5.560935893040557,6.818123714222805,0.008544979824353094,0.031060422227614737,0.02632850241545892
2025-05-22,1067.5,346108.0,114369.0,1062.25,52386.0,21402.0,5.25,0.004918032786880639,4745.0,2319.0,2426.0,5.343846369497928,6.606879700683263,0.0049423393739702615,0.01377018043684708,0.025210084033613356
2025-05-23,1060.0,340813.0,105119.0,1055.5,53420.0,19433.0,4.5,0.00424528301886392,-5295.0,1034.0,-6329.0,5.409303761642288,6.379876450767384,-0.007025761124121788,0.009043312708234108,0.006647673314339908
2025-05-27,1061.5,341266.0,85012.0,1058.0,54307.0,12587.0,3.5,0.0032972209137981183,453.0,887.0,-434.0,6.753952490664435,6.284014952031851,0.0014150943396227245,0.01023078753271478,0.011434016198189623
2025-05-28,1049.25,344398.0,94732.0,1044.75,55130.0,14959.0,4.5,0.004288777698351881,3132.0,823.0,2309.0,6.332776255096842,6.247016143660326,-0.011540273198304307,-0.0037977688108236096,0.0
2025-05-29,1050.0,345395.0,121364.0,1047.25,55451.0,23144.0,2.75,0.002619047619045125,997.0,321.0,676.0,5.243864500518266,6.228832663071789,0.0007147962830593713,-0.011532125205930832,0.011317120154105575
2025-05-30,1043.0,340595.0,103024.0,1036.5,56001.0,25307.0,6.5,0.006232023010540526,-4800.0,550.0,-5350.0,4.070968506737105,6.081944965268369,-0.00666666666666671,-0.022950819672131195,0.012375636981315274
2025-06-02,1034.25,341266.0,110582.0,1028.0,56355.0,21095.0,6.25,0.006043026347589033,671.0,354.0,317.0,5.242095283242226,6.055647236269967,-0.008389261744966459,-0.02429245283018866,-0.004811161895597826
2025-06-03,1040.5,336120.0,103958.0,1033.75,58750.0,25225.0,6.75,0.006487265737619907,-5146.0,2395.0,-7541.0,4.12122893954394,5.721191489361605,0.006043026347594793,-0.019783325482807368,0.0065296251511486325
2025-06-04,1044.75,330202.0,136377.0,1038.25,61272.0,32546.0,6.5,0.0062215841110253925,-5918.0,2522.0,-8440.0,4.190284520371038,5.389117378247725,0.004084574723690615,-0.0042887776983560055,0.013336566440349085
2025-06-05,1050.25,324267.0,118862.0,1045.25,63537.0,35578.0,5.0,0.004760771244937147,-5935.0,2265.0,-8200.0,3.3408848164595164,5.103593181925413,0.00526441732471894,0.00023809523809514843,0.019660194174757173
2025-06-06,1057.25,310899.0,130387.0,1051.25,62599.0,34186.0,6.0,0.005675100496565925,-13368.0,-938.0,-12430.0,3.8140466857776927,4.966517037013292,0.006665079742918412,0.01366251198465962,0.026456310679611628
2025-06-09,1055.0,292628.0,120715.0,1046.5,64960.0,27940.0,8.5,0.008056872037907056,-18271.0,2361.0,-20632.0,4.3205082319254,4.504741379310276,-0.0021281626862141856,0.02006284747401499,0.03406027934329825
2025-06-10,1057.25,277065.0,139464.0,1049.0,68270.0,27118.0,8.25,0.007803263182778148,-15563.0,3310.0,-18873.0,5.142857142856953,4.058371173282495,0.0021327014218008866,0.016098029793368607,0.026207231254549823
2025-06-11,1050.0,252703.0,159137.0,1045.0,67572.0,31666.0,5.0,0.004761904761900227,-24362.0,-698.0,-23664.0,5.025484747047147,3.739759071804834,-0.006857413100023635,0.005025125628140614,0.019170104343605887
2025-06-12,1042.5,229701.0,228330.0,1040.75,64364.0,72954.0,1.75,0.0016786570743389175,-23002.0,-3208.0,-19794.0,3.1297804095731125,3.5687806848548327,-0.0071428571428571175,-0.007379195429659591,0.011890317884008628
2025-06-13,1068.0,218448.0,211601.0,1068.0,69753.0,56316.0,0.0,0.0,-11253.0,5389.0,-16642.0,3.757386888273248,3.1317362694077224,0.02446043165467615,0.010167888389690294,0.03664159184663918
2025-06-16,1069.5,195743.0,159294.0,1071.5,73065.0,49747.0,-2.0,-0.001870032725570949,-22705.0,3312.0,-26017.0,3.2020825376403965,2.6790255252172357,0.001404494382022392,0.013744075829383862,0.015669515669515688
2025-06-17,1073.0,171585.0,132731.0,1074.75,71794.0,45883.0,-1.75,-0.0016309412861121799,-24158.0,-1271.0,-22887.0,2.89281433210551,2.389962949550068,0.0032725572697522853,0.014897138803499743,0.021418372203712455
2025-06-18,1072.75,162194.0,114289.0,1075.0,72152.0,48780.0,-2.25,-0.0020974131903965534,-9391.0,358.0,-9749.0,2.342947929479247,2.2479487748087057,-0.0002329916123019471,0.021666666666666723,0.02093742564834633
2025-06-20,1067.25,131439.0,104762.0,1071.25,77431.0,47122.0,-4.0,-0.0037479503396544876,-30755.0,5279.0,-36034.0,2.223207843470094,1.6974984179462786,-0.005127010020974154,0.023741007194244546,0.01329219083788269
2025-06-23,1058.0,107225.0,105102.0,1061.25,77426.0,55981.0,-3.25,-0.0030718336483902915,-24214.0,-5.0,-24209.0,1.877458423393618,1.3848707152635886,-0.008667135160459138,-0.009363295880149836,-0.004000941397976021
2025-06-24,1046.75,81155.0,98635.0,1050.0,81153.0,78289.0,-3.25,-0.0031048483400973443,-26070.0,3727.0,-29797.0,1.2598832530751285,1.0000246448067107,-0.010633270321361077,-0.02127162225338941,-0.0194379391100703
2025-06-25,1025.25,45678.0,114571.0,1029.5,96132.0,108115.0,-4.25,-0.004145330407213709,-35477.0,14979.0,-50456.0,1.0597141932201724,0.47515915616027465,-0.020539765942202082,-0.04450139794967378,-0.03278301886792456
2025-06-26,1020.0,19079.0,61878.0,1027.0,102204.0,72244.0,-7.0,-0.0068627450980324875,-26599.0,6072.0,-32671.0,0.8565140357676643,0.1866756682712987,-0.00512070226773953,-0.04917268701934285,-0.03909561940650019
2025-06-27,1018.25,5453.0,26684.0,1033.0,108287.0,47963.0,-14.75,-0.014485637122499891,-13626.0,6083.0,-19709.0,0.556345516335497,0.05035692188351279,-0.0017156862745097978,-0.045912391660810514,-0.029544913033118902
2025-06-30,1024.0,3118.0,5015.0,1029.5,110137.0,59926.0,-5.5,-0.005371093749994755,-2335.0,1850.0,-4185.0,0.08368654674097915,0.028310195483806273,0.0056469432850478896,-0.032136105860113395,-0.024761904761904763
2025-07-01,1022.25,1968.0,1119.0,1030.25,111314.0,51561.0,-8.0,-0.007825874296886451,-1150.0,1177.0,-2327.0,0.02170244952580397,0.017679716837055378,-0.001708984375,-0.023405779794602344,-0.019894534995206103
2025-07-02,1008.0,1523.0,863.0,1052.75,111074.0,53107.0,-44.75,-0.04439484126979723,-445.0,-240.0,-205.0,0.01625021183648076,0.013711579667608857,-0.013939838591342624,-0.016825164594001518,-0.025380710659898442
2025-07-03,1002.0,1215.0,394.0,1054.0,106049.0,56407.0,-52.0,-0.051896207584778545,-308.0,-5025.0,4717.0,0.00698494867658257,0.011456968005355906,-0.005952380952380931,-0.01764705882352946,-0.03700144161460839
2025-07-07,1019.75,615.0,1227.0,1030.0,108579.0,60370.0,-10.25,-0.010051483206658444,-600.0,2530.0,-3130.0,0.02032466456849395,0.00566407868924925,0.01771457085828354,0.001473115639577749,-0.023929169657812888
2025-07-08,1002.0,389.0,239.0,1020.75,103479.0,62424.0,-18.75,-0.018712574850280727,-226.0,-5100.0,4874.0,0.0038286556452645807,0.0037592168459300557,-0.01740622701642558,-0.021484375,-0.04594144251368726
2025-07-09,1002.0,380.0,18.0,1008.5,105651.0,37642.0,-6.5,-0.006487025948097318,-9.0,2172.0,-2181.0,0.0004781892566813539,0.0035967477827942604,0.0,-0.019809244314013208,-0.05225821707259404
2025-07-10,1012.5,55.0,48.0,1012.5,106382.0,51876.0,0.0,0.0,-325.0,731.0,-1056.0,0.0009252833680314419,0.0005170047564437544,0.010479041916167775,0.0044642857142858094,-0.04028436018957349
2025-07-11,1002.0,7.0,22.0,1004.0,106713.0,40206.0,-2.0,-0.001996007984029944,-48.0,331.0,-379.0,0.0005471820126349166,6.559650651748086e-05,-0.010370370370370363,0.0,-0.05225821707259404
2025-07-14,,205.0,213.0,1000.5,102460.0,41417.0,,,198.0,-4253.0,4451.0,0.005142815751985776,0.002000780792504372,0.0,-0.01740622701642558,-0.04571428571428571
2025-07-15,995.0,102785.0,31994.0,988.25,81604.0,20475.0,6.75,0.006783919597983132,102580.0,-20856.0,123436.0,1.5625885225884462,1.2595583549825833,-0.006986027944111739,-0.006986027944111739,-0.04556354916067151
2025-07-16,1012.0,100436.0,33432.0,1005.0,80934.0,22369.0,7.0,0.006916996047423995,-2349.0,-670.0,-1679.0,1.4945683758772634,1.2409617713198255,0.0170854271356784,0.009980039920159722,-0.05243445692883897
2025-07-17,1021.5,96784.0,36536.0,1012.25,79770.0,25507.0,9.25,0.00905531081741649,-3652.0,-1164.0,-2488.0,1.4323911083231493,1.2132882035852925,0.009387351778656017,0.008888888888888946,-0.04488078541374474
2025-07-18,1027.25,95090.0,46931.0,1020.5,79780.0,38338.0,6.75,0.006570941834989953,-1694.0,10.0,-1704.0,1.224137931034451,1.1919027325143996,0.005628976994615842,0.02519960079840322,-0.042637465051258205
2025-07-21,1015.0,93022.0,36572.0,1011.0,80493.0,23500.0,4.0,0.0039408866995035065,-2068.0,713.0,-2781.0,1.55625531914887,1.1556532866211824,-0.011925042589437829,0.012974051896207595,-0.0538336052202284
2025-07-22,1011.0,87810.0,57095.0,1008.5,83826.0,45113.0,2.5,0.0024727992087018075,-5212.0,3333.0,-8545.0,1.2655997162680102,1.0475270202562326,-0.003940886699507429,0.016080402010050232,-0.05270555165144064
2025-07-23,1005.5,79229.0,56306.0,1004.75,85716.0,38339.0,0.75,0.0007458975634005511,-8581.0,1890.0,-10471.0,1.4686350713372425,0.9243198469363838,-0.005440158259149341,-0.006422924901185789,-0.04962192816635158
2025-07-24,1005.0,59324.0,68411.0,1005.75,85982.0,51127.0,-0.75,-0.0007462686567156753,-19905.0,266.0,-20171.0,1.3380601247872683,0.6899583633783735,-0.0004972650422675473,-0.016152716593245242,-0.03988535944590399
2025-07-25,999.0,54247.0,50674.0,1002.25,80662.0,35739.0,-3.25,-0.0032532532532499967,-5077.0,-5320.0,243.0,1.41789081955283,0.6725223773276057,-0.005970149253731294,-0.02750060842054025,-0.02560351133869787
2025-07-28,988.25,28880.0,59017.0,992.25,79292.0,51995.0,-4.0,-0.004047558816084951,-25367.0,-1370.0,-23997.0,1.135051447254522,0.3642233768854315,-0.010760760760760713,-0.026354679802955694,-0.031127450980392157
2025-07-29,978.75,13035.0,51072.0,988.25,78155.0,53185.0,-9.5,-0.009706257982110134,-15845.0,-1137.0,-14708.0,0.9602707530318519,0.16678395496129272,-0.009612952188211454,-0.03189910979228483,-0.03879204517554624
2025-07-30,965.5,2458.0,26906.0,976.0,81228.0,45033.0,-10.5,-0.010875194199885163,-10577.0,3073.0,-13650.0,0.5974729642706328,0.030260501304968355,-0.013537675606641097,-0.03978120338140234,-0.05712890625
2025-07-31,962.0,1369.0,2159.0,970.25,81895.0,24348.0,-8.25,-0.008575883575874662,-1089.0,667.0,-1756.0,0.0886725809101327,0.016716527260516312,-0.0036250647332988217,-0.042786069651741254,-0.058938615798483696
2025-08-01,,891.0,446.0,968.0,80692.0,29313.0,,,-478.0,-1203.0,725.0,0.015215092279875303,0.011041986814058257,0.0,-0.03703703703703709,-0.045634920634920584
2025-08-04,968.0,574.0,484.0,975.25,78118.0,32968.0,-7.25,-0.007489669421479866,-317.0,-2574.0,2257.0,0.014680902693520546,0.007347858368109688,0.006237006237006293,-0.020490766506450764,-0.03393213572854292
2025-08-05,965.0,436.0,306.0,970.75,75649.0,26999.0,-5.75,-0.0059585492227917525,-138.0,-2469.0,2331.0,0.01133375310196632,0.005763460191145874,-0.0030991735537190257,-0.01404853128991057,-0.05368962981122827
2025-08-06,,383.0,142.0,966.5,75139.0,30023.0,,,-53.0,-510.0,457.0,0.004729707224461089,0.005097219819268221,0.0,-0.0005178663904712444,-0.036926147704590795
2025-08-07,,302.0,22.0,974.5,76745.0,29336.0,,,-81.0,1606.0,-1687.0,0.0007499318243795762,0.003935109779138655,0.0,0.0031185031185030354,-0.036926147704590795
2025-08-08,,246.0,206.0,966.5,75277.0,19859.0,,,-56.0,-1468.0,1412.0,0.010373130570521659,0.0032679304435617347,0.0,0.0031185031185030354,-0.04691358024691361
2025-08-11,,226.0,26.0,990.75,73562.0,34940.0,,,-20.0,-1715.0,1695.0,0.000744132799084123,0.0030722383839481924,0.0,-0.0030991735537190257,-0.036926147704590795
2025-08-12,,89.0,157.0,1011.75,71049.0,77852.0,,,-137.0,-2513.0,2376.0,0.002016646971176052,0.001252656617264124,0.0,0.0,-0.036926147704590795
2025-08-13,,4.0,59.0,1021.75,68756.0,41102.0,,,-85.0,-2293.0,2208.0,0.001435453262614923,5.817674093897175e-05,0.0,0.0,-0.03015075376884424
2025-08-14,,3.0,4.0,1010.0,65625.0,27617.0,,,-1.0,-3131.0,3130.0,0.0001448383242205835,4.571428571428502e-05,0.0,0.0,-0.04644268774703553
2025-08-15,1022.25,62084.0,19843.0,1042.25,417695.0,114070.0,-20.0,-0.019564685742216127,62081.0,352070.0,-289989.0,0.17395458928727822,0.14863476938914724,0.059326424870466354,0.059326424870466354,0.0007342143906019505
2025-08-18,1019.5,60798.0,17318.0,1040.25,418554.0,139131.0,-20.75,-0.020353114271681853,-1286.0,859.0,-2145.0,0.12447261932998309,0.14525724279304428,-0.0026901442895573835,0.0564766839378239,-0.007544414699440227
2025-08-19,1013.0,58920.0,18605.0,1033.25,421101.0,119715.0,-20.25,-0.01999012833166832,-1878.0,2547.0,-4425.0,0.15541076723885766,0.139918926813282,-0.006375674350171612,0.049740932642487135,-0.0019704433497537144
2025-08-20,1014.0,58145.0,14436.0,1035.0,416266.0,78264.0,-21.0,-0.02071005917157721,-775.0,-4835.0,4060.0,0.18445262189512182,0.13968231851748608,0.000987166831194486,0.050777202072538774,0.0029673590504450953
2025-08-21,1032.75,52999.0,35172.0,1054.0,414499.0,209807.0,-21.25,-0.020576131687222873,-5146.0,-1767.0,-3379.0,0.16763978322934808,0.12786279339636494,0.01849112426035493,0.07020725388601035,0.027100944803580385
2025-08-22,1036.0,44772.0,23422.0,1057.75,406803.0,173590.0,-21.75,-0.02099420849418823,-8227.0,-7696.0,-531.0,0.1349271271386593,0.11005818541161175,0.0031469377874606685,0.013450721447786806,0.030845771144278666
2025-08-25,1025.25,28423.0,30733.0,1047.75,399670.0,163195.0,-22.5,-0.021945866861719635,-16349.0,-7133.0,-9216.0,0.1883207206103117,0.0711161708409436,-0.01037644787644787,0.005640019617459524,0.026276276276276267
2025-08-26,1028.0,17561.0,23442.0,1048.75,405398.0,154540.0,-20.75,-0.0201848249027041,-10862.0,5728.0,-16590.0,0.15168888313705092,0.043317924607422724,0.002682272616435055,0.014807502467917066,0.04022261573488484
2025-08-27,1019.5,11199.0,18842.0,1048.0,409616.0,122281.0,-28.5,-0.027954879843032902,-6362.0,4218.0,-10580.0,0.15408771599839588,0.027340240615600888,-0.008268482490272344,0.005424063116370892,0.04163473818646235
2025-08-28,1018.5,1875.0,19385.0,1048.0,408609.0,117498.0,-29.5,-0.028964162984753104,-9324.0,-1007.0,-8317.0,0.16498153160053647,0.004588738867719495,-0.0009808729769494873,-0.013798111837327487,0.05489383738995346
2025-08-29,997.0,1299.0,694.0,1052.75,409717.0,107371.0,-55.75,-0.05591775325972325,-576.0,1108.0,-1684.0,0.00646357023777364,0.003170481088165726,-0.021109474717722176,-0.037644787644787625,0.0363825363825363
2025-09-02,997.0,1185.0,1134.0,1040.0,406717.0,124743.0,-43.0,-0.04312938816445022,-114.0,-3000.0,2886.0,0.009090690459584834,0.0029135738117659136,0.0,-0.027554255059741517,0.0363825363825363
2025-09-03,997.0,364.0,583.0,1031.0,403873.0,101587.0,-34.0,-0.03410230692072808,-821.0,-2844.0,2023.0,0.0057389232874284525,0.0009012734201097848,0.0,-0.030155642023346307,0.029958677685950397
2025-09-04,997.0,190.0,409.0,1033.0,398440.0,115810.0,-36.0,-0.036108324974888556,-174.0,-5433.0,5259.0,0.0035316466626370475,0.0004768597530368425,0.0,-0.022069641981363408,0.033160621761658016
2025-09-05,997.0,112.0,127.0,1026.75,401796.0,102785.0,-29.75,-0.029839518555637073,-78.0,3356.0,-3434.0,0.0012355888505131952,0.0002787484195960132,0.0,-0.021109474717722176,0.033160621761658016
2025-09-08,997.0,79.0,65.0,1033.75,401077.0,96001.0,-36.75,-0.03686058174519874,-33.0,-719.0,686.0,0.0006770762804554049,0.00019696965919262338,0.0,0.0,0.033160621761658016
2025-09-09,997.0,47.0,18.0,1030.25,399041.0,88969.0,-33.25,-0.033350050150417906,-32.0,-2036.0,2004.0,0.00020231766120783415,0.00011778238326387485,0.0,0.0,0.033160621761658016
2025-09-10,997.0,42.0,20.0,1024.75,403638.0,100353.0,-27.75,-0.027833500501476597,-5.0,4597.0,-4602.0,0.00019929648341354816,0.00010405363221500428,0.0,0.0,0.033160621761658016
2025-09-11,997.0,24.0,17.0,1034.25,405446.0,102675.0,-37.25,-0.03736208625873885,-18.0,1808.0,-1826.0,0.00016557097638178556,5.919407270018681e-05,0.0,0.0,0.033160621761658016
2025-09-12,,20.0,20.0,1045.0,401087.0,185166.0,,,-4.0,-4359.0,4355.0,0.0001080111899592792,4.986449323962121e-05,0.0,0.0,0.033160621761658016
2025-09-15,1042.75,392215.0,119751.0,1061.75,165872.0,32036.0,-19.0,-0.018221050107870323,392195.0,-235215.0,627410.0,3.73801348482945,2.364564242307307,0.04588766298896685,0.04588766298896685,0.08056994818652852
2025-09-16,1049.5,396283.0,109074.0,1068.0,166712.0,37755.0,-18.5,-0.01762744163885886,4068.0,840.0,3228.0,2.8889948351210997,2.37705144200776,0.006473267801486493,0.05265797392176519,0.026656884323795538
2025-09-17,1043.5,401705.0,106461.0,1063.0,168361.0,30861.0,-19.5,-0.018687110685176152,5422.0,1649.0,3773.0,3.4496937882763534,2.3859741864208317,-0.005717008099094811,0.046639919759277726,0.023540951446787695
2025-09-18,1038.75,403514.0,99218.0,1057.75,168849.0,31199.0,-19.0,-0.01829121540311115,1809.0,488.0,1321.0,3.180166030962429,2.3897920627305913,-0.004551988500239523,0.04187562688064195,0.025419545903257568
2025-09-19,1025.75,406542.0,184812.0,1045.25,169427.0,48285.0,-19.5,-0.019010480136466966,3028.0,578.0,2450.0,3.8275240757998588,2.3995112939495926,-0.012515042117930197,0.028836509528585852,0.011587771203155794
2025-09-22,1011.0,404771.0,188011.0,1030.5,168326.0,52638.0,-19.5,-0.019287833827874096,-1771.0,-1101.0,-670.0,3.571773243664205,2.4046849565723516,-0.014379722154521102,-0.030448333732917776,-0.021060275962236696
2025-09-23,1012.25,399687.0,147291.0,1032.0,169089.0,52948.0,-19.75,-0.01951099036797282,-5084.0,763.0,-5847.0,2.781804789604843,2.363767010272683,0.0012363996043520675,-0.035493091948546884,-0.02292471042471045
2025-09-24,1008.75,399008.0,155373.0,1027.75,172028.0,42417.0,-19.0,-0.018835192069374142,-679.0,2939.0,-3618.0,3.6629888959614387,2.319436370823341,-0.0034576438626821027,-0.03330138955438433,-0.01609363569861011
2025-09-25,1012.0,397721.0,132635.0,1030.75,174785.0,41298.0,-18.75,-0.018527667984171416,-1287.0,2757.0,-4044.0,3.211656738825047,2.275487026918773,0.0032218091697646667,-0.025752105896510225,-0.015564202334630295
2025-09-26,1013.75,390531.0,103466.0,1033.0,179388.0,35343.0,-19.25,-0.018988902589377077,-7190.0,4603.0,-11793.0,2.9274821039526095,2.1770185296675244,0.0017292490118576698,-0.011698757007068017,-0.005640019617459524
2025-09-29,1009.25,387100.0,103672.0,1028.25,182936.0,32465.0,-19.0,-0.018825860787694996,-3431.0,3548.0,-6979.0,3.1933466810410227,2.116040582498786,-0.00443896424167689,-0.0017309594460930278,-0.0090819833087874
2025-09-30,1000.5,379620.0,160384.0,1018.75,179391.0,65425.0,-18.25,-0.018240879560201657,-7480.0,-3545.0,-3935.0,2.451417653802026,2.116159673562207,-0.008669804310131313,-0.01160780439614717,0.0035105315947843163
2025-10-01,1013.75,380690.0,207983.0,1032.5,185507.0,66473.0,-18.75,-0.018495684340302347,1070.0,6116.0,-5046.0,3.1288342635355235,2.052159756774666,0.013243378310844545,0.004956629491945419,0.016800401203610926
2025-10-02,1022.0,375112.0,169691.0,1039.75,190634.0,60325.0,-17.75,-0.01736790606651921,-5578.0,5127.0,-10705.0,2.812946539577243,1.9677077541256967,0.008138101109741003,0.009881422924901129,0.02507522567703102
2025-10-03,1017.25,370070.0,137811.0,1036.0,192039.0,59818.0,-18.75,-0.018432047186022676,-5042.0,1405.0,-6447.0,2.3038383095388966,1.9270564833184827,-0.004647749510763188,0.0034525277435264456,0.020310932798395243
2025-10-06,1017.25,361143.0,117346.0,1035.25,197097.0,53146.0,-18.0,-0.01769476529858177,-8927.0,5058.0,-13985.0,2.207993075678279,1.8323109940790483,0.0,0.007926678226405803,0.020310932798395243
2025-10-07,1020.25,349866.0,153295.0,1037.25,204675.0,95067.0,-17.0,-0.016662582700302218,-11277.0,7578.0,-18855.0,1.6124943460927386,1.7093733968486542,0.002949127549766617,0.01974012993503238,0.023319959879638974
2025-10-08,1029.0,349993.0,199782.0,1044.0,219271.0,124324.0,-15.0,-0.014577259475204492,127.0,14596.0,-14469.0,1.6069463659470287,1.596166387712002,0.00857632933104635,0.015043156596794116,0.032096288866599876
2025-10-09,1021.0,342973.0,212396.0,1038.0,240577.0,134680.0,-17.0,-0.01665034280115901,-7020.0,21306.0,-28326.0,1.5770418770418655,1.4256267224215058,-0.007774538386783325,-0.0009784735812132794,0.02407221664994985
2025-10-10,1006.0,307715.0,239699.0,1022.0,259577.0,118978.0,-16.0,-0.015904572564596518,-35258.0,19000.0,-54258.0,2.014649767183832,1.185447863254444,-0.014691478942213565,-0.011059228311624425,0.009027081243731194
2025-10-13,1007.0,307892.0,159036.0,1025.25,259577.0,96924.0,-18.25,-0.018123138033745656,177.0,0.0,177.0,1.6408319920762489,1.186129741849235,0.0009940357852882276,-0.010076185795035664,0.010030090270812364
2025-10-14,1006.0,304254.0,143602.0,1024.0,264793.0,81545.0,-18.0,-0.017892644135171082,-3638.0,5216.0,-8854.0,1.7610153902752865,1.1490258428281672,-0.0009930486593843213,-0.013967164910561158,-0.035243346919204055
2025-10-15,1006.25,285694.0,147308.0,1024.0,267710.0,90174.0,-17.75,-0.0176397515527775,-18560.0,2917.0,-21477.0,1.6335972675050277,1.0671771693250118,0.0002485089463220014,-0.022108843537414935,-0.041210100047641696
2025-10-16,1010.75,273746.0,145818.0,1028.75,280216.0,88660.0,-18.0,-0.017808558001466426,-11948.0,12506.0,-24454.0,1.6446875704940034,0.9769106689125497,0.004472049689441038,-0.01003917727717929,-0.03138476281744129
2025-10-17,1020.0,251723.0,163412.0,1037.5,286787.0,98007.0,-17.5,-0.017156862745081217,-22023.0,6571.0,-28594.0,1.667350291305706,0.8777350437781319,0.00915162008409598,0.013916500994035852,-0.018050541516245522
2025-10-20,1031.75,228376.0,183111.0,1050.0,307444.0,126909.0,-18.25,-0.01768839350616168,-23347.0,20657.0,-44004.0,1.44285275275984,0.7428214569157287,0.011519607843137214,0.02457795431976173,0.005849378503534064
2025-10-21,1030.25,207136.0,173746.0,1048.0,310181.0,124163.0,-17.75,-0.01722882795436328,-21240.0,2737.0,-23977.0,1.3993379670272028,0.6677907415347791,-0.001453840562151698,0.024105367793240573,0.01904055390702264
2025-10-22,1034.5,184565.0,206187.0,1049.75,324972.0,167046.0,-15.25,-0.014741420976302811,-22571.0,14791.0,-37362.0,1.23431270428504,0.5679412380143503,0.0041252123271051655,0.02807453416149075,0.0219807359841937
2025-10-23,1044.0,167735.0,145526.0,1061.0,335571.0,131501.0,-17.0,-0.016283524904198963,-16830.0,10599.0,-27429.0,1.1066531813446203,0.49984951023777235,0.009183180280328607,0.03289636408607466,0.03494423791821566
2025-10-24,1041.0,129765.0,154262.0,1060.0,349007.0,151065.0,-19.0,-0.018251681075871037,-37970.0,13436.0,-51406.0,1.0211630754972958,0.3718120266928733,-0.002873563218390829,0.020588235294117574,0.028656126482213384
2025-10-27,1065.0,84989.0,178679.0,1084.0,368805.0,273084.0,-19.0,-0.01784037558683771,-44776.0,19798.0,-64574.0,0.6543005082685157,0.23044427271864473,0.023054755043227626,0.03222679912769566,0.05055487053020968
2025-10-28,1076.0,51007.0,136145.0,1093.75,371683.0,330945.0,-17.75,-0.01649628252786571,-33982.0,2878.0,-36860.0,0.41138255601383794,0.13723253417562778,0.010328638497652642,0.04440669740354286,0.06613822145157289
2025-10-29,1076.75,30881.0,83363.0,1093.0,367736.0,221828.0,-16.25,-0.015091711167852248,-20126.0,-3947.0,-16179.0,0.37580016950069256,0.08397600452498509,0.0006970260223049252,0.040840985983567,0.07621189405297346
2025-10-30,1085.0,9278.0,54356.0,1105.75,368981.0,388453.0,-20.75,-0.019124423963116016,-21603.0,1245.0,-22848.0,0.13992941230985437,0.025144926161509602,0.007661945669839687,0.039272030651340994,0.07028360049321836
2025-10-31,1096.0,4807.0,7984.0,1114.0,371294.0,161419.0,-18.0,-0.016423357664218593,-4471.0,2313.0,-6784.0,0.04946133974315261,0.012946613734668449,0.010138248847926246,0.05283381364073003,0.07240704500978468
2025-11-03,1105.0,3080.0,2982.0,1134.0,373949.0,193156.0,-29.0,-0.026244343891378964,-1727.0,2655.0,-4382.0,0.015438298577315665,0.008236417265455962,0.008211678832116709,0.03755868544600949,0.08626198083067083
2025-11-04,1090.0,2058.0,1309.0,1119.75,374679.0,171478.0,-29.75,-0.027293577981626335,-1022.0,730.0,-1752.0,0.007633632302686015,0.005492701752700297,-0.013574660633484115,0.013011152416356975,0.07151634308183819
2025-11-05,1115.0,1556.0,1495.0,1134.0,384338.0,163607.0,-19.0,-0.017040358744379334,-502.0,9659.0,-10161.0,0.009137750829732168,0.004048519792474322,0.022935779816513735,0.035523566287439134,0.09286939475618716
2025-11-06,1084.25,983.0,662.0,1108.0,372289.0,212012.0,-23.75,-0.021904542310332575,-573.0,-12049.0,11476.0,0.003122464766145298,0.002640421822831181,-0.02757847533632285,-0.0006912442396312946,0.053692905733722096
2025-11-07,1093.25,831.0,350.0,1116.75,373775.0,129373.0,-23.5,-0.0214955408186403,-152.0,1486.0,-1638.0,0.0027053558315877136,0.0022232626580161803,0.008300668664975808,-0.0025091240875911858,0.07076395690499515
2025-11-10,1093.25,485.0,635.0,1127.0,378102.0,120398.0,-33.75,-0.030871255431025958,-346.0,4327.0,-4673.0,0.005274173989601112,0.0012827226515596288,0.0,-0.01063348416289589,0.08672962226640157
2025-11-11,1104.0,232.0,196.0,1126.5,374992.0,123364.0,-22.5,-0.020380434782590235,-253.0,-3110.0,2857.0,0.0015887941376738627,0.0006186798651704554,0.00983306654470617,0.012844036697247763,0.09632571996027806
2025-11-12,1108.25,138.0,99.0,1135.0,378373.0,122620.0,-26.75,-0.024137153169389455,-94.0,3381.0,-3475.0,0.0008073723699233338,0.00036471946994103607,0.0038496376811594235,-0.0060538116591928315,0.10164015904572565
2025-11-13,1017.5,51.0,148.0,1145.25,384535.0,172835.0,-127.75,-0.12555282555270217,-87.0,6162.0,-6249.0,0.0008563080394595953,0.00013262771919331107,-0.08188585607940446,-0.06156329259857041,0.011180124223602483
2025-11-14,,6.0,26.0,1122.5,389564.0,217050.0,,,-45.0,5029.0,-5074.0,0.00011978806726560645,1.5401833845016442e-05,0.0,-0.06928881774525497,0.0066782092505566215
2025-11-17,1157.0,396492.0,233035.0,1163.25,244276.0,98144.0,-6.25,-0.00540190146931253,396486.0,-145288.0,541774.0,2.374419220736852,1.6231312122353339,0.1371007371007371,0.05831237136976908,0.13431372549019605
2025-11-18,1150.0,387989.0,186560.0,1157.0,241473.0,81481.0,-7.0,-0.006086956521733838,-8503.0,-2803.0,-5700.0,2.2896135295344644,1.6067593478359834,-0.006050129645635227,0.04166666666666674,0.1146110976496244
2025-11-19,1135.0,384890.0,118644.0,1143.25,245451.0,52024.0,-8.25,-0.007268722466953949,-3099.0,3978.0,-7077.0,2.2805628171612664,1.5680930206028838,-0.013043478260869601,0.02413715316941123,0.10167435088570742
2025-11-20,1123.0,375525.0,128502.0,1132.75,245863.0,60341.0,-9.75,-0.008682101513794584,-9365.0,412.0,-9777.0,2.129596791567887,1.5273750015252334,-0.010572687224669641,0.10368550368550378,0.08554857419043005
2025-11-21,1125.5,364865.0,123067.0,1134.75,247527.0,47177.0,-9.25,-0.008218569524648407,-10660.0,1664.0,-12324.0,2.6086228458782332,1.4740412157057554,0.0022261798753340223,0.10614250614250609,0.0780651340996168
2025-11-24,1120.75,363665.0,109625.0,1129.5,244990.0,51516.0,-8.75,-0.0078072719161206275,-1200.0,-2537.0,1337.0,2.1279796568056115,1.484407526837824,-0.004220346512661011,-0.03133102852203973,0.0766090297790587
2025-11-25,1124.0,356128.0,115334.0,1133.25,247142.0,48459.0,-9.25,-0.008229537366540722,-7537.0,2152.0,-9689.0,2.380032604882429,1.4409853444578362,0.0028998438545617677,-0.022608695652173938,0.05539906103286385
2025-11-26,1131.75,354944.0,104778.0,1141.0,251286.0,52584.0,-9.25,-0.008173183123474113,-1184.0,4144.0,-5328.0,1.9925832952989124,1.41251004831148,0.006895017793594249,-0.002863436123348051,0.05181226765799263
2025-11-28,1137.25,354968.0,38009.0,1145.25,253194.0,20410.0,-8.0,-0.007034513079791572,24.0,1908.0,-1884.0,1.8622733953943231,1.4019605519877982,0.004859730505853754,0.012689225289403305,0.056187601578825186
2025-12-01,1127.25,347646.0,117117.0,1137.5,255573.0,63918.0,-10.25,-0.009092925260581865,-7322.0,2379.0,-9701.0,1.8323007603491688,1.3602610604406515,-0.00879314134974718,0.001554864504664577,0.038940092165898665
2025-12-02,1124.0,338780.0,134455.0,1134.0,260833.0,79658.0,-10.0,-0.008896797153016996,-8866.0,5260.0,-14126.0,1.68790328654998,1.2988387205606604,-0.0028831226436016877,0.0028998438545617677,0.025547445255474477
2025-12-03,1116.0,335615.0,127538.0,1126.5,268406.0,70637.0,-10.5,-0.009408602150529204,-3165.0,7573.0,-10738.0,1.805541005422062,1.2504005126561952,-0.007117437722419906,-0.007117437722419906,0.009954751131221684
2025-12-04,1119.5,329565.0,134989.0,1128.75,272604.0,76860.0,-9.25,-0.008262617239831833,-6050.0,4198.0,-10248.0,1.75629716367419,1.208951446053612,0.0031362007168458383,-0.010823945217583342,0.02706422018348631
2025-12-05,1105.0,313054.0,140332.0,1115.5,273635.0,83293.0,-10.5,-0.009502262443430314,-16511.0,1031.0,-17542.0,1.6847994429303579,1.1440568640707471,-0.012952210808396591,-0.02835788085293467,-0.008968609865470878
2025-12-08,1093.25,295335.0,170570.0,1105.5,276326.0,112901.0,-12.25,-0.011205122341631645,-17719.0,2691.0,-20410.0,1.51079264134063,1.0687919341647147,-0.01063348416289589,-0.030161898425371425,0.008300668664975808
2025-12-09,1087.25,,161540.0,1098.0,,116544.0,-10.75,-0.009887330420777295,,,,1.3860859417902132,,-0.005488223187743002,-0.03269572953736655,-0.005488223187743002
2025-12-10,1084.25,,6229.0,1095.5,,3148.0,-11.25,-0.010375835831210168,,,,1.978716645488571,,-0.0027592550011497075,-0.028449820788530422,-0.008232334781614448
