date,w1_bid,w1_oi,w1_vol,w2_bid,w2_oi,w2_vol,spread_c1_c2,spread_pct,d_c1_oi,d_c2_oi,roll_pressure,vol_ratio,oi_ratio,ret_1d,ret_5d,ret_21d
2020-12-09,575.0,18.0,10.0,584.5,189444.0,55893.0,-9.5,-0.01652173913040605,,,,0.0001789132807328256,9.501488566542042e-05,,,
2020-12-10,553.0,8.0,5.0,597.75,185099.0,74491.0,-44.75,-0.08092224231450104,-10.0,-4345.0,4335.0,6.712220268220232e-05,4.3220114641353854e-05,-0.03826086956521735,,
2020-12-11,553.0,5.0,8.0,617.0,186525.0,85723.0,-64.0,-0.11573236889671658,-3.0,1426.0,-1429.0,9.332384540904899e-05,2.6806058169146085e-05,0.0,,
2020-12-14,,20.0,20.0,597.25,182916.0,74274.0,,,15.0,-3609.0,3624.0,0.00026927323154804815,0.00010933980624986273,0.0,,
2020-12-15,601.0,183501.0,51418.0,599.5,51990.0,13010.0,1.5,0.0024958402662188088,183481.0,-130926.0,314407.0,3.9521906225976977,3.5295441431043755,0.08679927667269438,,
2020-12-16,598.0,182660.0,56478.0,599.5,51629.0,15439.0,-1.5,-0.0025083612040091834,-841.0,-361.0,-480.0,3.658138480471296,3.5379341068003733,-0.004991680532445919,0.040000000000000036,
2020-12-17,609.5,183616.0,43431.0,603.0,53751.0,11553.0,6.5,0.010664479081196613,956.0,2122.0,-1166.0,3.7592833030378463,3.4160480735241503,0.019230769230769162,0.10216998191681737,
2020-12-18,607.5,183303.0,42169.0,605.5,54862.0,13789.0,2.0,0.0032921810699534284,-313.0,1111.0,-1424.0,3.0581623032850054,3.341165105172919,-0.003281378178835115,0.09855334538878835,
2020-12-21,611.25,182639.0,48422.0,608.0,55073.0,12914.0,3.25,0.005316973415124226,-664.0,211.0,-875.0,3.7495741056215155,3.3163074464800664,0.006172839506172867,0.1053345388788427,
2020-12-22,615.75,184760.0,55034.0,614.0,54388.0,15662.0,1.75,0.0028420625253709427,2121.0,-685.0,2806.0,3.5138551909077056,3.3970728837242885,0.007361963190184007,0.02454242928452577,
2020-12-23,631.0,191083.0,69513.0,626.25,55717.0,21291.0,4.75,0.007527733755931018,6323.0,1329.0,4994.0,3.264900662251502,3.4295277922357017,0.024766544863987106,0.05518394648829439,
2020-12-24,626.0,187646.0,35656.0,624.25,56322.0,9818.0,1.75,0.002795527156545055,-3437.0,605.0,-4042.0,3.631696883275246,3.3316643585099373,-0.007923930269413626,0.027071369975389725,
2020-12-28,614.5,185067.0,53532.0,611.0,56398.0,13990.0,3.5,0.0056956875508450844,-2579.0,76.0,-2655.0,3.8264474624729217,3.2814461505726573,-0.018370607028754038,0.011522633744855959,
2020-12-29,619.0,184688.0,35420.0,618.0,55789.0,10410.0,1.0,0.0016155088852962594,-379.0,-609.0,230.0,3.4024975984626895,3.3104733908117496,0.007323026851098424,0.012678936605317048,
2020-12-30,640.0,193788.0,71654.0,629.75,57150.0,20550.0,10.25,0.016015624999974977,9100.0,1361.0,7739.0,3.486812652067957,3.390866141732224,0.03392568659127626,0.039382866423061325,
2020-12-31,641.75,193713.0,44927.0,632.0,57946.0,13567.0,9.75,0.015192832099703634,-75.0,796.0,-871.0,3.311491118154101,3.3429917509404734,0.0027343749999999556,0.017036450079239263,
2021-01-04,642.75,194310.0,66782.0,632.0,58049.0,24523.0,10.75,0.016725009723816842,597.0,103.0,494.0,2.723239407902674,3.3473444848317224,0.0015582391897155379,0.026757188498402584,
2021-01-05,654.0,198817.0,81173.0,647.5,60946.0,31954.0,6.5,0.0099388379204741,4507.0,2897.0,1610.0,2.5403079426675053,3.262182916023968,0.0175029171528589,0.0642799023596421,
2021-01-06,647.25,199400.0,60850.0,648.0,61712.0,27890.0,-0.75,-0.0011587485515625203,583.0,766.0,-183.0,2.181785586231546,3.2311381903032923,-0.010321100917431214,0.04563812600969297,
2021-01-07,643.75,196508.0,47486.0,638.75,61264.0,14766.0,5.0,0.007766990291250071,-2892.0,-448.0,-2444.0,3.215901395096626,3.207560720814782,-0.0054074932406334986,0.005859375,
2021-01-08,638.0,195816.0,56138.0,635.75,61750.0,19474.0,2.25,0.003526645768019551,-692.0,486.0,-1178.0,2.882715415425548,3.1711093117408393,-0.008932038834951417,-0.005843396961433545,
2021-01-11,636.75,191634.0,58069.0,632.25,60904.0,20475.0,4.5,0.00706713780917618,-4182.0,-846.0,-3336.0,2.8360927960926574,3.146492841192645,-0.001959247648902873,-0.009334889148191361,0.10739130434782607
2021-01-12,660.5,192298.0,80416.0,664.5,62810.0,33908.0,-4.0,-0.006056018168045335,664.0,1906.0,-1242.0,2.3715937241948106,3.061582550549227,0.037298782881821646,0.009938837920489219,0.19439421338155505
2021-01-13,659.5,188810.0,80724.0,655.0,64680.0,30685.0,4.5,0.006823351023492307,-3488.0,1870.0,-5358.0,2.630731627831102,2.9191403834260528,-0.0015140045420136694,0.018926226342216967,0.19258589511754076
2021-01-14,670.75,191980.0,63304.0,656.75,66315.0,23309.0,14.0,0.020872158032022553,3170.0,1635.0,1535.0,2.715860826290158,2.8949709718766057,0.01705837755875672,0.041941747572815435,0.21292947558770337
2021-01-15,674.75,186628.0,77447.0,666.25,70634.0,38867.0,8.5,0.012597258243775328,-5352.0,4319.0,-9671.0,1.9926158437748736,2.642183650932941,0.005963473723443968,0.057601880877742984,0.12271214642262884
2021-01-19,673.75,186567.0,63501.0,673.75,72786.0,29037.0,0.0,0.0,-61.0,2152.0,-2213.0,2.186899473085987,2.563226444645913,-0.0014820303816228675,0.05810757754220641,0.1266722408026757
2021-01-20,667.0,185065.0,66033.0,658.0,74043.0,30173.0,9.0,0.013493253373293114,-1502.0,1257.0,-2759.0,2.1884797666787463,2.49942600921083,-0.010018552875695752,0.009841029523088629,0.09433962264150941
2021-01-21,659.25,182891.0,50212.0,659.0,74895.0,17510.0,0.25,0.0003792188092523637,-2174.0,852.0,-3026.0,2.8676185037120008,2.441965418252187,-0.011619190404797641,-0.00037907505686129994,0.08518518518518525
2021-01-22,635.0,176933.0,76808.0,633.25,74710.0,32615.0,1.75,0.0027559055118066837,-5958.0,-185.0,-5773.0,2.3549900352597777,2.368263953955262,-0.036784224497535045,-0.05329854640327991,0.03885480572597144
2021-01-25,648.75,176332.0,64721.0,641.0,77211.0,30311.0,7.75,0.0119460500963207,-601.0,2501.0,-3102.0,2.1352314341327525,2.2837678569115503,0.021653543307086576,-0.038532789922193444,0.0535931790499391
2021-01-26,664.75,177575.0,68363.0,661.0,79115.0,33465.0,3.75,0.005641218503188205,1243.0,1904.0,-661.0,2.04282085761237,2.2445174745623175,0.024662813102119374,-0.013358070500927632,0.05348652931854203
2021-01-27,656.75,173951.0,54190.0,654.75,79886.0,26871.0,2.0,0.0030452988199420705,-3624.0,771.0,-4395.0,2.0166722488927835,2.1774904238539645,-0.012034599473486285,-0.015367316341829085,0.04912140575079871
2021-01-28,646.75,169478.0,65434.0,645.75,81978.0,36791.0,1.0,0.0015461925009639796,-4473.0,2092.0,-6565.0,1.7785327933461506,2.067359535485105,-0.015226494099733534,-0.018960940462646958,0.05248169243287215
2021-01-29,662.5,169647.0,60153.0,655.0,83091.0,28684.0,7.5,0.011320754716964044,169.0,1113.0,-944.0,2.0970924557243724,2.041701267285241,0.02435253189022024,0.04330708661417315,0.0702746365105007
2021-02-01,655.0,167366.0,55799.0,651.0,84825.0,28450.0,4.0,0.00610687022899831,-2281.0,1734.0,-4015.0,1.9613005272407043,1.9730739758325733,-0.01132075471698113,0.009633911368015502,0.0234375
2021-02-02,644.5,163326.0,46873.0,645.0,83741.0,26788.0,-0.5,-0.0007757951900686179,-4040.0,-1084.0,-2956.0,1.7497760191129703,1.9503707861143054,-0.016030534351144987,-0.03046257991726209,0.004285157771718007
2021-02-03,646.5,163437.0,77131.0,649.25,84733.0,55861.0,-2.75,-0.0042536736272169315,111.0,992.0,-881.0,1.3807665455326368,1.9288470843708834,0.003103180760279267,-0.015607156452226878,0.005834305717619559
2021-02-04,635.5,158701.0,66019.0,637.0,87216.0,45054.0,-1.5,-0.0023603461841032883,-4736.0,2483.0,-7219.0,1.4653304922980988,1.8196317189506304,-0.017014694508894035,-0.017394665635871664,-0.02828746177370034
2021-02-05,641.0,142273.0,78451.0,643.0,98822.0,64482.0,-2.0,-0.003120124804987332,-16428.0,11606.0,-28034.0,1.2166340994385842,1.4396895428143384,0.008654602675058909,-0.03245283018867928,-0.009656237929702605
2021-02-08,657.75,128336.0,102705.0,661.0,103684.0,79548.0,-3.25,-0.0049410870391411,-13937.0,4862.0,-18799.0,1.2911072559963632,1.2377608888545846,0.02613104524180976,0.004198473282442716,0.021747572815534078
2021-02-09,651.5,109140.0,124145.0,656.75,120178.0,99889.0,-5.25,-0.008058326937823395,-19196.0,16494.0,-35690.0,1.2428295407902648,0.9081529065219848,-0.009502090459901136,0.010861132660977546,0.021159874608150497
2021-02-10,634.75,99133.0,98577.0,639.0,129255.0,76432.0,-4.25,-0.006695549428898471,-10007.0,9077.0,-19084.0,1.2897346661084192,0.7669567908398068,-0.025709900230237892,-0.018174787316318608,-0.003140950137416554
2021-02-11,632.0,91400.0,79697.0,637.25,141966.0,67439.0,-5.25,-0.008306962025303313,-7733.0,12711.0,-20444.0,1.1817642610358816,0.6438161249876686,-0.004332414336352897,-0.0055074744295829925,-0.04314912944738836
2021-02-12,637.0,75309.0,64747.0,640.0,146664.0,57224.0,-3.0,-0.004709576138140174,-16091.0,4698.0,-20789.0,1.1314658185376567,0.5134797905416427,0.007911392405063333,-0.006240249609984372,-0.03411675511751322
2021-02-16,659.5,68007.0,50195.0,659.25,157291.0,57494.0,0.25,0.00037907505686068374,-7302.0,10627.0,-17929.0,0.873047622360579,0.4323642166430347,0.035321821036106815,0.0026605853287722248,-0.01677226984718594
2021-02-17,643.25,61308.0,35182.0,643.25,162290.0,64130.0,0.0,0.0,-6699.0,4999.0,-11698.0,0.5486043973179394,0.37776819274138657,-0.02463987869598183,-0.012663085188027612,-0.04668395702111894
2021-02-18,664.25,49961.0,56681.0,667.0,173144.0,86249.0,-2.75,-0.004140007527280181,-11347.0,10854.0,-22201.0,0.6571786339551686,0.28855172573118165,0.03264671589584145,0.04647499015360368,-0.014100185528756914
2021-02-19,652.75,38142.0,51919.0,653.75,175235.0,74079.0,-1.0,-0.0015319800842565577,-11819.0,2091.0,-13910.0,0.7008598928171181,0.21766199674722392,-0.017312758750470447,0.03283227848101267,-0.021364317841079505
2021-02-22,663.5,28169.0,26456.0,673.0,181779.0,54685.0,-9.5,-0.014318010550091458,-9973.0,6544.0,-16517.0,0.4837889732101951,0.15496289450376471,0.016468785905783268,0.04160125588697028,0.006446719757299935
2021-02-23,666.0,19607.0,24552.0,671.5,186848.0,52734.0,-5.5,-0.008258258258245858,-8562.0,5069.0,-13631.0,0.465581977471831,0.10493556259633444,0.0037678975131876236,0.009855951478392688,0.04881889763779523
2021-02-24,676.0,10477.0,23402.0,684.0,191610.0,72148.0,-8.0,-0.011834319526609714,-9130.0,4762.0,-13892.0,0.3243610356489393,0.054678774594227576,0.01501501501501501,0.05091333074232418,0.04200385356454728
2021-02-25,649.0,2443.0,13332.0,675.25,192321.0,64118.0,-26.25,-0.0404468412942366,-8034.0,711.0,-8745.0,0.20792913066533256,0.012702720971708692,-0.0399408284023669,-0.022958223560406443,-0.023693117713426082
2021-02-26,649.0,1570.0,1445.0,660.0,190172.0,56704.0,-11.0,-0.016949152542346767,-873.0,-2149.0,1276.0,0.025483211060947634,0.008255684327871568,0.0,-0.005744925315970928,-0.011800532927293439
2021-03-01,640.0,1263.0,389.0,650.5,187676.0,49408.0,-10.5,-0.016406249999974365,-307.0,-2496.0,2189.0,0.007873218911916939,0.0067296830708241506,-0.013867488443759624,-0.03541823662396382,-0.010436799381522976
2021-03-02,640.0,1139.0,241.0,666.25,190902.0,61521.0,-26.25,-0.04101562499993591,-124.0,3226.0,-3350.0,0.003917361551340129,0.005966412085782203,0.0,-0.03903903903903905,-0.03396226415094339
2021-03-03,640.0,1092.0,183.0,654.75,188381.0,45101.0,-14.75,-0.02304687499996399,-47.0,-2521.0,2474.0,0.004057559699341388,0.005796762943184261,0.0,-0.053254437869822535,-0.022900763358778664
2021-03-04,640.0,780.0,576.0,651.5,185189.0,52487.0,-11.5,-0.017968749999971924,-312.0,-3192.0,2880.0,0.010974145979004117,0.004211913234587345,0.0,-0.013867488443759624,-0.006982156710628407
2021-03-05,640.0,507.0,401.0,654.75,182791.0,41924.0,-14.75,-0.02304687499996399,-273.0,-2398.0,2125.0,0.009564927010781186,0.0027736595346597877,0.0,-0.013867488443759624,-0.010054137664346485
2021-03-08,645.0,167.0,351.0,646.75,182274.0,60979.0,-1.75,-0.002713178294569437,-340.0,-517.0,177.0,0.0057560799619540215,0.0009162030788812397,0.0078125,0.0078125,0.014948859166010964
2021-03-09,645.0,154.0,13.0,656.25,178215.0,61549.0,-11.25,-0.017441860465089238,-13.0,-4059.0,4046.0,0.00021121382963167214,0.0008641247930869969,0.0,0.0078125,0.006240249609984483
2021-03-10,643.5,33.0,130.0,651.0,179171.0,45997.0,-7.5,-0.011655011654993544,-121.0,956.0,-1077.0,0.002826271278561584,0.00018418159188707893,-0.0023255813953488857,0.005468749999999911,-0.02166476624857472
2021-03-11,622.25,15.0,32.0,643.5,179209.0,50095.0,-21.25,-0.034150261149000966,-18.0,38.0,-56.0,0.000638786306018552,8.370115340189342e-05,-0.033022533022532996,-0.027734374999999978,-0.044896392939370644
2021-03-12,,7.0,9.0,638.0,177857.0,34909.0,,,-8.0,-1352.0,1344.0,0.0002578131713884598,3.9357461331294024e-05,0.0,-0.027734374999999978,-0.019692792437967732
2021-03-15,643.5,176705.0,40093.0,630.75,114742.0,14515.0,12.75,0.019813519813489024,176698.0,-63115.0,239813.0,2.762177058215449,1.540020219274533,0.03415026114905584,-0.0023255813953488857,0.018196202531645556
2021-03-16,646.75,177165.0,51099.0,631.0,115034.0,22378.0,15.75,0.024352531890182678,460.0,292.0,168.0,2.2834480293144033,1.5401098805570392,0.005050505050504972,0.002713178294573737,0.015306122448979664
2021-03-17,639.0,176315.0,36147.0,629.0,115402.0,17342.0,10.0,0.01564945226914609,-850.0,368.0,-1218.0,2.0843616653210653,1.5278331398069225,-0.011982991882489413,-0.006993006993006978,-0.031084154662623154
2021-03-18,629.75,177541.0,47127.0,620.0,115598.0,16521.0,9.75,0.015482334259602252,1226.0,196.0,1030.0,2.852551298347385,1.5358483710790711,-0.014475743348982828,0.012053033346725694,-0.02098717450446952
2021-03-19,627.0,178326.0,51669.0,618.0,117441.0,21785.0,9.0,0.01435406698562304,785.0,1843.0,-1058.0,2.371769566215177,1.5184305310751651,-0.004366812227074246,0.007633587786259444,-0.056078283778697724
2021-03-22,628.75,175224.0,36124.0,616.0,118019.0,17781.0,12.75,0.020278330019848464,-3102.0,578.0,-3680.0,2.0316067712725925,1.4847100890534448,0.002791068580542344,-0.02292152292152294,-0.03676752202221367
2021-03-23,634.25,173764.0,68769.0,624.25,120222.0,32744.0,10.0,0.01576665352776387,-1460.0,2203.0,-3663.0,2.1002015636451836,1.4453594184092642,0.008747514910536713,-0.019327406262079627,-0.04408440090429544
2021-03-24,625.25,175361.0,45577.0,617.25,121563.0,23856.0,8.0,0.012794882047160665,1597.0,1341.0,256.0,1.9105046948356006,1.4425524213782035,-0.014189988175009827,-0.02151799687010958,-0.06118618618618621
2021-03-25,611.25,174431.0,60632.0,605.5,120992.0,32630.0,5.75,0.009406952965219784,-930.0,-571.0,-359.0,1.858167330677234,1.4416738296746772,-0.02239104358256694,-0.029376736800317604,-0.09578402366863903
2021-03-26,613.75,167086.0,45616.0,608.0,120138.0,24491.0,5.75,0.00936863543786661,-7345.0,-854.0,-6491.0,1.862561757380186,1.390783931811738,0.004089979550102152,-0.021132376395534336,-0.0543143297380585
2021-03-29,616.25,166384.0,38587.0,609.5,121882.0,20238.0,6.75,0.010953346855965999,-702.0,1744.0,-2446.0,1.9066607372269044,1.3651236441804255,0.004073319755600879,-0.01988071570576544,-0.050462249614791954
2021-03-30,601.25,165091.0,52667.0,598.0,124981.0,29723.0,3.25,0.0054054054053964155,-1293.0,3099.0,-4392.0,1.7719274635803326,1.320928781174728,-0.024340770791075106,-0.052029956641702846,-0.060546875
2021-03-31,620.0,163304.0,90267.0,614.0,125255.0,55520.0,6.0,0.009677419354823101,-1787.0,274.0,-2061.0,1.6258465417867143,1.3037723044988119,0.031185031185031242,-0.00839664134346263,-0.03125
2021-04-01,611.0,162207.0,73406.0,605.0,127523.0,53106.0,6.0,0.009819967266759705,-1097.0,2268.0,-3365.0,1.38225435920609,1.2719823090736473,-0.014516129032258074,-0.0004089979550102596,-0.04531249999999998
2021-04-02,611.0,162072.0,,605.0,127522.0,,6.0,0.009819967266759705,-135.0,-1.0,-134.0,,1.270933642822405,0.0,-0.004480651731160856,-0.04531249999999998
2021-04-05,618.0,158408.0,52004.0,612.75,125655.0,33701.0,5.25,0.008495145631054215,-3664.0,-1867.0,-1797.0,1.5430996112874533,1.2606581512872448,0.011456628477905184,0.0028397565922921864,-0.034375000000000044
2021-04-06,615.75,152819.0,58043.0,611.25,126838.0,33948.0,4.5,0.007308160779525281,-5589.0,1183.0,-6772.0,1.7097619889241868,1.2048360901307085,-0.00364077669902918,0.024116424116424007,-0.04534883720930227
2021-04-07,616.25,147017.0,73524.0,616.0,136617.0,54230.0,0.25,0.0004056795131839259,-5802.0,9779.0,-15581.0,1.3557809330628554,1.0761252259967569,0.0008120178643931109,-0.006048387096774244,-0.04457364341085268
2021-04-08,629.0,139271.0,87000.0,630.5,152969.0,79365.0,-1.5,-0.0023847376788515345,-7746.0,16352.0,-24098.0,1.0962010962010824,0.9104524446129549,0.020689655172413834,0.029459901800327426,-0.022533022533022584
2021-04-09,639.25,119929.0,113072.0,634.75,164270.0,103983.0,4.5,0.007039499413364037,-19342.0,11301.0,-30643.0,1.0874085187001616,0.7300724417118115,0.016295707472178123,0.046235679214402525,0.027320208919244582
2021-04-12,628.5,108239.0,101809.0,629.5,176782.0,95394.0,-1.0,-0.0015910898965766252,-11690.0,12512.0,-24202.0,1.0672474159800294,0.612273874036946,-0.016816581931951458,0.016990291262136026,0.010044194455604671
2021-04-13,630.5,99049.0,78362.0,631.5,190869.0,76908.0,-1.0,-0.0015860428231537097,-9190.0,14087.0,-23277.0,1.0189057055182682,0.5189370720232174,0.0031821797931583795,0.023954526999593995,-0.02020202020202022
2021-04-14,647.0,79638.0,117768.0,649.5,204389.0,121567.0,-2.5,-0.003863987635233595,-19411.0,13520.0,-32931.0,0.9687497429400991,0.3896393641536463,0.026169706582077623,0.049898580121703784,0.00038654812524163695
2021-04-15,652.25,68942.0,61426.0,652.0,210755.0,74843.0,0.25,0.00038328861632750744,-10696.0,6366.0,-17062.0,0.8207313977258952,0.3271191668050565,0.008114374034003058,0.036963434022257546,0.020735524256650928
2021-04-16,652.25,65728.0,36533.0,650.25,216120.0,52277.0,2.0,0.0030663089306200595,-3214.0,5365.0,-8579.0,0.6988350517435833,0.30412733666481445,0.0,0.020336331638639127,0.03572846367606197
2021-04-19,652.0,59355.0,28587.0,652.75,218766.0,48272.0,-0.75,-0.0011503067484644933,-6373.0,2646.0,-9019.0,0.5922066622472533,0.2713172979347784,-0.0003832886163280813,0.03739061256961018,0.03987240829346095
2021-04-20,658.75,53295.0,43162.0,662.0,224946.0,86077.0,-3.25,-0.004933586337753422,-6060.0,6180.0,-12240.0,0.5014347618992239,0.23692352831346086,0.010352760736196398,0.044805709754163425,0.04771371769383692
2021-04-21,673.25,48529.0,30045.0,675.0,228818.0,76254.0,-1.75,-0.0025993316004417387,-4766.0,3872.0,-8638.0,0.39401211739711495,0.2120855876722976,0.02201138519924095,0.04057187017001551,0.06148994875837599
2021-04-22,710.0,43041.0,45267.0,709.75,231871.0,130978.0,0.25,0.0003521126760558421,-5488.0,3053.0,-8541.0,0.34560765930155946,0.18562476549460613,0.054585963609357524,0.08853967037179,0.13554578168732512
2021-04-23,710.0,34178.0,29087.0,710.5,233174.0,94919.0,-0.5,-0.0007042253521116842,-8863.0,1303.0,-10166.0,0.3064402279838567,0.14657723416847443,0.0,0.08853967037179,0.16155419222903888
2021-04-26,737.25,19320.0,34378.0,736.75,235874.0,116214.0,0.5,0.0006781959986426881,-14858.0,2700.0,-17558.0,0.2958163388232029,0.08190813739538871,0.03838028169014085,0.13075153374233128,0.20122199592668033
2021-04-27,734.0,14694.0,16104.0,730.25,233857.0,125982.0,3.75,0.005108991825606118,-4626.0,-2017.0,-2609.0,0.12782778492165445,0.06283326990425746,-0.004408273991183487,0.11423149905123342,0.19107505070993924
2021-04-28,713.5,8421.0,12763.0,719.25,234903.0,102593.0,-5.75,-0.008058864751215054,-6273.0,1046.0,-7319.0,0.1244041991168976,0.035848839733847435,-0.027929155313351495,0.059784626810248875,0.18669438669438665
2021-04-29,691.0,1903.0,9415.0,728.75,235212.0,78280.0,-37.75,-0.05463096960918288,-6518.0,309.0,-6827.0,0.12027337761880275,0.008090573610189923,-0.03153468815697269,-0.026760563380281654,0.11451612903225805
2021-04-30,709.0,1575.0,406.0,734.25,236688.0,64385.0,-25.25,-0.03561354019741098,-328.0,1476.0,-1804.0,0.006305816572182864,0.006654329750557669,0.026049204052098318,-0.0014084507042253502,0.16039279869067102
2021-05-03,681.0,1036.0,407.0,720.25,235249.0,85140.0,-39.25,-0.05763582966217675,-539.0,-1439.0,900.0,0.004780361757105887,0.004403844437170809,-0.03949224259520456,-0.07629704984740593,0.11456628477905073
2021-05-04,681.0,708.0,300.0,725.25,231165.0,62927.0,-44.25,-0.06497797356818652,-328.0,-4084.0,3756.0,0.004767428925580359,0.003062747388229174,0.0,-0.07220708446866486,0.10194174757281549
2021-05-05,650.0,400.0,495.0,744.0,232772.0,55506.0,-94.0,-0.14461538461516213,-308.0,1607.0,-1915.0,0.00891795481569544,0.0017184197412059797,-0.04552129221732748,-0.08899789768745625,0.05562322371092154
2021-05-06,650.0,385.0,16.0,754.75,234053.0,70253.0,-104.75,-0.16115384615359823,-15.0,1281.0,-1296.0,0.00022774828121218698,0.001644926576459171,0.0,-0.05933429811866864,0.05476673427991896
2021-05-07,772.0,361.0,25.0,762.5,233032.0,62876.0,9.5,0.012305699481849345,-24.0,-1021.0,997.0,0.0003976079903301674,0.0015491434652751487,0.1876923076923076,0.08885754583921024,0.22734499205087433
2021-05-10,650.0,182.0,227.0,728.25,229560.0,76543.0,-78.25,-0.12038461538443018,-179.0,-3472.0,3293.0,0.0029656532929202804,0.0007928210489632306,-0.15803108808290156,-0.04552129221732748,0.016816581931951458
2021-05-11,607.0,129.0,55.0,743.5,227488.0,64307.0,-136.5,-0.22487644151528027,-53.0,-2072.0,2019.0,0.0008552723653723412,0.0005670628780419162,-0.06615384615384612,-0.10866372980910421,-0.034208432776451914
2021-05-12,607.0,93.0,77.0,734.5,224165.0,59467.0,-127.5,-0.21004942339339366,-36.0,-3323.0,3287.0,0.0012948357912791753,0.00041487297303325493,0.0,-0.06615384615384612,-0.03727200634417127
2021-05-13,588.75,73.0,59.0,705.0,219923.0,89480.0,-116.25,-0.1974522292990277,-20.0,-4242.0,4222.0,0.0006593652212784906,0.00033193435884377564,-0.03006589785831959,-0.09423076923076923,-0.09003091190108192
2021-05-14,,,40.0,707.5,219871.0,79497.0,,,,-52.0,,0.0005031636413952664,,0.0,-0.23737046632124348,-0.0973553085473361
2021-05-17,701.5,219571.0,53086.0,695.0,78718.0,13483.0,6.5,0.00926585887382856,,-141153.0,,3.937254320254844,2.7893366193246423,0.19150743099787682,0.07923076923076922,0.0755078574166348
2021-05-18,697.5,218787.0,61420.0,695.75,81781.0,21509.0,1.75,0.0025089605734731056,-784.0,3063.0,-3847.0,2.8555488400203237,2.6752790990572053,-0.005702066999287214,0.14909390444810544,0.06978527607361973
2021-05-19,682.5,214386.0,77673.0,679.0,83006.0,25813.0,3.5,0.005128205128197614,-4401.0,1225.0,-5626.0,3.009065199705458,2.5827771486398263,-0.021505376344086002,0.12438220757825369,0.036053130929791344
2021-05-20,676.0,213248.0,55313.0,681.0,85628.0,16639.0,-5.0,-0.0073964497041310705,-1138.0,2622.0,-3760.0,3.3242983352362927,2.490400336338552,-0.00952380952380949,0.1481953290870488,0.004084663943557443
2021-05-21,673.0,213489.0,57455.0,668.0,88888.0,21247.0,5.0,0.007429420505189555,241.0,3260.0,-3019.0,2.704146467736494,2.4017752677526505,-0.004437869822485174,0.14309978768577492,-0.05211267605633807
2021-05-24,662.25,210893.0,57246.0,664.0,89346.0,20710.0,-1.75,-0.0026425066062625256,-2596.0,458.0,-3054.0,2.76417189763386,2.360407852617886,-0.015973254086181332,-0.0559515324305061,-0.06725352112676053
2021-05-25,656.5,207164.0,64769.0,650.0,90024.0,24273.0,6.5,0.00990099009899482,-3729.0,678.0,-4407.0,2.668355786264464,2.3012085666044353,-0.008682521706304236,-0.058781362007168436,-0.10952865378094268
2021-05-26,648.75,204859.0,59945.0,650.0,90727.0,21156.0,-1.25,-0.001926782273600113,-2305.0,703.0,-3008.0,2.8334751370768183,2.2579717173498266,-0.011805026656511841,-0.0494505494505495,-0.11614441416893728
2021-05-27,674.25,198203.0,65470.0,668.0,93115.0,21990.0,6.25,0.009269558768988847,-6656.0,2388.0,-9044.0,2.9772623919962267,2.1285829350802543,0.03930635838150298,-0.0025887573964497035,-0.05501051156271897
2021-05-28,663.75,194069.0,56121.0,665.25,94545.0,20909.0,-1.5,-0.0022598870056463128,-4134.0,1430.0,-5564.0,2.6840594959107236,2.0526627531862918,-0.015572858731924377,-0.01374442793462105,-0.03943560057887119
2021-06-01,691.0,189453.0,75697.0,682.0,97523.0,31925.0,9.0,0.013024602026030355,-4616.0,2978.0,-7594.0,2.371088488645188,1.9426494262891632,0.041054613935969764,0.0434126085315214,-0.02538787023977429
2021-06-02,686.5,182144.0,65956.0,685.0,102562.0,26659.0,1.5,0.00218499635833622,-7309.0,5039.0,-12348.0,2.4740612926215357,1.7759404067783215,-0.0065123010130245795,0.045696877380045686,0.008076358296622566
2021-06-03,676.25,176957.0,60414.0,681.0,107094.0,29302.0,-4.75,-0.007024029574850981,-5187.0,4532.0,-9719.0,2.0617705276089664,1.6523521392421456,-0.014930808448652577,0.042389210019267765,-0.006975036710719529
2021-06-04,684.5,172659.0,55839.0,684.5,110238.0,27235.0,0.0,0.0,-4298.0,3144.0,-7442.0,2.0502662015787756,1.5662385021498797,0.012199630314232879,0.01520207638116422,0.05307692307692302
2021-06-07,680.0,157204.0,103023.0,686.0,121631.0,64815.0,-6.0,-0.00882352941175173,-15455.0,11393.0,-26848.0,1.5894931728766244,1.292466558689797,-0.006574141709276837,0.024482109227871973,0.04615384615384621
2021-06-08,686.0,143420.0,91988.0,690.0,134402.0,62834.0,-4.0,-0.005830903790078964,-13784.0,12771.0,-26555.0,1.4639844670082844,1.067097215815233,0.008823529411764675,-0.00723589001447178,-0.1113989637305699
2021-06-09,680.5,133834.0,91316.0,685.0,146504.0,65949.0,-4.5,-0.006612784717110048,-9586.0,12102.0,-21688.0,1.3846457110797528,0.9135177196526996,-0.008017492711370311,-0.008739985433357633,0.046923076923076845
2021-06-10,682.25,120174.0,103902.0,686.25,158273.0,82800.0,-4.0,-0.005862953462798295,-13660.0,11769.0,-25429.0,1.2548550724637528,0.7592830109999763,0.0025716385011020915,0.008872458410351225,0.12397034596375622
2021-06-11,679.5,113794.0,80622.0,680.0,171379.0,62407.0,-0.5,-0.0007358351729201827,-6380.0,13106.0,-19486.0,1.2918743089717293,0.6639903372058382,-0.004030780505679732,-0.007304601899196461,0.11943986820428343
2021-06-14,674.0,107751.0,67693.0,674.0,172122.0,45588.0,0.0,0.0,-6043.0,743.0,-6786.0,1.4848863736070572,0.6260152682399657,-0.008094186902133926,-0.008823529411764675,0.14479830148619954
2021-06-15,661.5,103244.0,68469.0,666.0,174529.0,48421.0,-4.5,-0.0068027210884250905,-4507.0,2407.0,-6914.0,1.414035232646963,0.591557849984813,-0.0185459940652819,-0.0357142857142857,0.12356687898089169
2021-06-16,664.0,92988.0,61563.0,663.0,174600.0,53265.0,1.0,0.001506024096383274,-10256.0,71.0,-10327.0,1.1557871022247037,0.5325773195876259,0.0037792894935753107,-0.02424687729610575,-0.053456878118317896
2021-06-17,640.0,79569.0,68262.0,640.0,177404.0,63404.0,0.0,0.0,-13419.0,2804.0,-16223.0,1.0766197716232244,0.4485186354309912,-0.03614457831325302,-0.06192744595089772,-0.08243727598566308
2021-06-18,661.5,73296.0,53571.0,663.5,179959.0,57114.0,-2.0,-0.003023431594855596,-6273.0,2555.0,-8828.0,0.9379661729173069,0.4072927722425641,0.03359375000000009,-0.026490066225165587,-0.03076923076923077
2021-06-21,661.75,65586.0,38192.0,662.25,178683.0,55902.0,-0.5,-0.0007555723460509927,-7710.0,-1276.0,-6434.0,0.6831955922864892,0.3670522657443609,0.00037792894935750887,-0.018175074183976236,-0.021079881656804744
2021-06-22,651.5,59819.0,35940.0,655.0,177509.0,62074.0,-3.5,-0.00537221795854893,-5767.0,-1174.0,-4593.0,0.5789863711054455,0.33699136381817074,-0.0154892330940688,-0.015117157974300799,-0.03194650817236255
2021-06-23,661.75,49474.0,40594.0,662.75,178524.0,63510.0,-1.0,-0.0015111446921019854,-10345.0,1015.0,-11360.0,0.6391749330813945,0.2771280051981791,0.01573292402148896,-0.0033885542168674565,-0.0007550018875047693
2021-06-24,650.0,38808.0,29170.0,651.0,180950.0,68728.0,-1.0,-0.0015384615384591716,-10666.0,2426.0,-13092.0,0.4244267256431087,0.2144680851063818,-0.017755950132225196,0.015625,-0.00990099009900991
2021-06-25,634.25,21189.0,38795.0,637.0,188044.0,63546.0,-2.75,-0.004335829720135064,-17619.0,7094.0,-24713.0,0.6105026280174896,0.11268107464210445,-0.024230769230769278,-0.0411942554799698,-0.022350674373795787
2021-06-28,643.5,9821.0,29182.0,649.0,193073.0,71119.0,-5.5,-0.008547008546995265,-11368.0,5029.0,-16397.0,0.4103263544200507,0.05086677059972109,0.014584154513204606,-0.02757839063090295,-0.04560622914349277
2021-06-29,630.0,2148.0,13015.0,645.25,191818.0,71715.0,-15.25,-0.024206349206310783,-7673.0,-1255.0,-6418.0,0.18148225615282462,0.011198114879729685,-0.020979020979020935,-0.03300076745970837,-0.05084745762711862
2021-06-30,656.0,1113.0,1833.0,679.0,192090.0,88625.0,-23.0,-0.03506097560970265,-1035.0,272.0,-1307.0,0.020682651622002588,0.0057941589879743575,0.041269841269841345,-0.0086890819795995,-0.05065123010130246
2021-07-01,656.0,670.0,558.0,665.25,183727.0,84152.0,-9.25,-0.014100609756076066,-443.0,-8363.0,7920.0,0.006630858446620322,0.0036467149629613306,0.0,0.009230769230769154,-0.044428259286234506
2021-07-02,635.0,400.0,401.0,651.25,181944.0,61108.0,-16.25,-0.025590551181062064,-270.0,-1783.0,1513.0,0.006562152255023785,0.0021984786527722696,-0.03201219512195119,0.0011824990145841152,-0.060998151571164505
2021-07-06,601.0,332.0,93.0,623.25,175958.0,91321.0,-22.25,-0.037021630615579,-68.0,-5986.0,5918.0,0.001018385694418578,0.001886813898771287,-0.053543307086614145,-0.06604506604506599,-0.12198685171658141
2021-07-07,601.0,235.0,173.0,622.75,176965.0,53500.0,-21.75,-0.03618968386017273,-97.0,1007.0,-1104.0,0.0032336448598130237,0.0013279462040516412,0.0,-0.04603174603174598,-0.11617647058823533
2021-07-08,601.0,149.0,101.0,618.5,175303.0,51151.0,-17.5,-0.029118136439219438,-86.0,-1662.0,1576.0,0.0019745459521807594,0.0008499569317125159,0.0,-0.08384146341463417,-0.12390670553935856
2021-07-09,597.0,83.0,104.0,615.0,173214.0,50725.0,-18.0,-0.03015075376879372,-66.0,-2089.0,2023.0,0.0020502710694923205,0.0004791760481254375,-0.006655574043261225,-0.08993902439024393,-0.12270389419544447
2021-07-12,,70.0,30.0,639.75,171111.0,81513.0,,,-13.0,-2103.0,2090.0,0.000368039453829446,0.0004090911747345267,0.0,-0.0598425196850394,-0.1249541956760718
2021-07-13,,41.0,56.0,634.5,166893.0,68198.0,,,-29.0,-4218.0,4189.0,0.0008211384498079001,0.0002456663850491019,0.0,-0.006655574043261225,-0.12141280353200878
2021-07-14,,1.0,34.0,654.0,164382.0,60001.0,,,-40.0,-2511.0,2471.0,0.0005666572223796176,6.083391125548989e-06,0.0,-0.006655574043261225,-0.1142433234421365
2021-07-15,671.75,161661.0,56836.0,674.0,102794.0,26874.0,-2.25,-0.0033494603647140314,161660.0,-61588.0,223248.0,2.114906601175779,1.5726696110667784,0.12520938023450578,0.11772046589018292,0.015495086923658308
2021-07-16,692.5,161821.0,75887.0,699.75,105343.0,45103.0,-7.25,-0.010469314079407264,160.0,2549.0,-2389.0,1.682526661197666,1.5361343421015015,0.03088946780796431,0.15996649916247896,0.04292168674698793
2021-07-19,698.0,160419.0,74215.0,703.25,105494.0,45594.0,-5.25,-0.007521489971335929,-1402.0,151.0,-1553.0,1.6277361056278978,1.5206457239274127,0.007942238267147905,0.16917922948073705,0.09062499999999996
2021-07-20,701.0,158967.0,64013.0,708.75,108161.0,36754.0,-7.75,-0.011055634807402204,-1452.0,2667.0,-4119.0,1.7416607716166475,1.4697256867077646,0.004297994269341077,0.17420435510887766,0.05971277399848818
2021-07-21,710.5,156564.0,52745.0,716.0,110409.0,25777.0,-5.5,-0.007741027445450048,-2403.0,2248.0,-4651.0,2.0462039802924292,1.4180365731054405,0.013552068473609236,0.1901172529313233,0.07366830374008315
2021-07-22,691.5,156032.0,63077.0,694.0,112780.0,37986.0,-2.5,-0.003615328994933311,-532.0,2371.0,-2903.0,1.6605328278839138,1.3835077141336993,-0.02674173117522871,0.029400818756978087,0.06139677666922494
2021-07-23,679.5,154989.0,42541.0,685.0,114708.0,23348.0,-5.5,-0.00809418690212201,-1043.0,1928.0,-2971.0,1.8220404317285497,1.3511612093315082,-0.017353579175705014,-0.01877256317689535,0.02682281828485067
2021-07-26,676.25,152650.0,43684.0,684.0,116260.0,24109.0,-7.75,-0.011460258780020022,-2339.0,1552.0,-3891.0,1.81193745074446,1.31300533287458,-0.004782928623988214,-0.031160458452722084,0.04038461538461546
2021-07-27,673.5,150414.0,50027.0,682.0,117654.0,27033.0,-8.5,-0.012620638455809026,-2236.0,1394.0,-3630.0,1.8505900196055987,1.278443571829251,-0.004066543438077663,-0.03922967189728954,0.06188411509657077
2021-07-28,690.0,147616.0,49232.0,696.25,121367.0,29210.0,-6.25,-0.009057971014479626,-2798.0,3713.0,-6511.0,1.6854501882916233,1.2162779009120994,0.024498886414253906,-0.02885292047853627,0.07226107226107237
2021-07-29,704.75,148031.0,45524.0,713.0,124353.0,27344.0,-8.25,-0.011706278822260793,415.0,2986.0,-2571.0,1.6648624926857203,1.1904095598819393,0.021376811594202794,0.01916124367317429,0.11865079365079367
2021-07-30,703.25,147888.0,53644.0,710.0,130006.0,38750.0,-6.75,-0.009598293636673163,-143.0,5653.0,-5796.0,1.384361290322545,1.1375474978077846,-0.0021284143313231585,0.03495217071376011,0.07202743902439024
2021-08-02,729.25,150436.0,62786.0,736.25,131741.0,37066.0,-7.0,-0.009598902982503122,2548.0,1735.0,813.0,1.6938973722548512,1.1419072270591453,0.03697120511909002,0.078373382624769,0.11166158536585358
2021-08-03,724.0,150583.0,73891.0,731.75,134939.0,50255.0,-7.75,-0.010704419889487978,147.0,3198.0,-3051.0,1.470321361058572,1.1159338664137046,-0.007199177236887233,0.07498144023756503,0.14015748031496056
2021-08-04,717.0,145596.0,75455.0,724.25,135646.0,55179.0,-7.25,-0.010111576011143498,-4987.0,707.0,-5694.0,1.367458634625467,1.073352697462505,-0.00966850828729282,0.03913043478260869,0.19301164725457576
2021-08-05,713.0,145252.0,62604.0,722.0,134759.0,49602.0,-9.0,-0.012622720897598005,-344.0,-887.0,543.0,1.2621265271561377,1.07786492924405,-0.00557880055788007,0.011706278822277483,0.18635607321131453
2021-08-06,719.5,137849.0,85120.0,730.0,142061.0,72422.0,-10.5,-0.0145934676858727,-7403.0,7302.0,-14705.0,1.1753334622076002,0.9703507648122922,0.00911640953716697,0.023107003199431153,0.19717138103161402
2021-08-09,711.0,127138.0,84297.0,725.0,151358.0,71676.0,-14.0,-0.019690576652574274,-10711.0,9297.0,-20008.0,1.1760840448685588,0.8399820293608475,-0.011813759555246661,-0.025025711347274604,0.19095477386934667
2021-08-10,727.0,116616.0,85502.0,735.0,161772.0,72954.0,-8.0,-0.01100412654744016,-10522.0,10414.0,-20936.0,1.1719987937604357,0.7208664045693896,0.02250351617440227,0.004143646408839796,0.21775544388609713
2021-08-11,724.25,102867.0,98740.0,734.0,169479.0,80346.0,-9.75,-0.01346220227820026,-13749.0,7707.0,-21456.0,1.2289348567445644,0.6069601543554033,-0.003782668500687758,0.010111576011157641,0.2131490787269681
2021-08-12,750.75,90461.0,109432.0,761.75,183485.0,85084.0,-11.0,-0.014652014651995136,-12406.0,14006.0,-26412.0,1.2861642612006805,0.49301577785649786,0.03658957542285113,0.05294530154277699,0.25753768844221114
2021-08-13,761.75,83970.0,87099.0,774.0,188381.0,71060.0,-12.25,-0.016081391532633958,-6491.0,4896.0,-11387.0,1.225710667041919,0.44574559005419634,0.0146520146520146,0.05872133425990267,0.1339784145887608
2021-08-16,760.5,80487.0,62047.0,775.0,193599.0,58390.0,-14.5,-0.019066403681763225,-3483.0,5218.0,-8701.0,1.0626305874293362,0.4157407837850381,-0.001640958319658714,0.06962025316455689,0.09819494584837551
2021-08-17,734.0,67603.0,63610.0,746.0,195850.0,77753.0,-12.0,-0.01634877384193958,-12884.0,2251.0,-15135.0,0.8181034815376793,0.345177431707938,-0.03484549638395795,0.009628610729023324,0.05157593123209159
2021-08-18,735.75,62221.0,33614.0,744.0,200317.0,50233.0,-8.25,-0.011213047910280377,-5382.0,4467.0,-9849.0,0.6691617064479393,0.31061267890393573,0.0023841961852861804,0.0158784949948223,0.049572039942938684
2021-08-19,728.0,60193.0,37059.0,741.5,205150.0,55858.0,-13.5,-0.01854395604393057,-2028.0,4833.0,-6861.0,0.6634501772351201,0.29340970021935026,-0.010533469249065619,-0.030303030303030276,0.024630541871921263
2021-08-20,714.5,53881.0,37208.0,728.5,205484.0,60347.0,-14.0,-0.019594121763443537,-6312.0,334.0,-6646.0,0.6165675178550614,0.2622150629732716,-0.01854395604395609,-0.06202822448309808,0.033261026753434564
2021-08-23,721.0,48736.0,21092.0,736.75,209623.0,44836.0,-15.75,-0.02184466019414446,-5145.0,4139.0,-9284.0,0.4704255508965905,0.23249357179317046,0.009097270818754444,-0.051939513477974986,0.06107431935246499
2021-08-24,718.0,42175.0,28503.0,733.5,212827.0,58664.0,-15.5,-0.021587743732560463,-6561.0,3204.0,-9765.0,0.485868675848894,0.19816564627608246,-0.004160887656033285,-0.021798365122615793,0.061737523105360514
2021-08-25,712.25,36728.0,21990.0,724.0,216156.0,60002.0,-11.75,-0.016497016496993335,-5447.0,3329.0,-8776.0,0.36648778374053587,0.16991432113843627,-0.008008356545960993,-0.031940197077811705,0.05753526354862659
2021-08-26,726.25,34345.0,17849.0,738.25,217209.0,55074.0,-12.0,-0.016523235800321483,-2383.0,1053.0,-3436.0,0.3240912227185183,0.158119599095801,0.019656019656019597,-0.0024038461538461453,0.05253623188405787
2021-08-27,708.0,13085.0,24916.0,731.25,220644.0,64085.0,-23.25,-0.032838983050801074,-21260.0,3435.0,-24695.0,0.3887961301396522,0.05930367469770282,-0.02512908777969014,-0.009097270818754333,0.004611564384533473
2021-08-30,718.0,3010.0,18316.0,723.75,224247.0,63754.0,-5.75,-0.008008356545949849,-10075.0,3603.0,-13678.0,0.28729177777080206,0.013422699077356605,0.01412429378531077,-0.004160887656033285,0.02097404905794531
2021-08-31,694.0,1974.0,1667.0,723.75,223150.0,103560.0,-29.75,-0.04286743515843967,-1036.0,-1097.0,61.0,0.016096948628814056,0.008846067667488198,-0.03342618384401119,-0.03342618384401119,-0.048337332876242756
2021-09-01,694.0,1304.0,546.0,713.75,224272.0,67830.0,-19.75,-0.028458213256443144,-670.0,1122.0,-1792.0,0.008049535603715052,0.0058143682671042045,0.0,-0.025623025623025653,-0.04143646408839774
2021-09-02,700.0,833.0,369.0,716.75,219998.0,57676.0,-16.75,-0.023928571428537247,-471.0,-4274.0,3803.0,0.006397808447187628,0.0037863980581641483,0.008645533141210304,-0.03614457831325302,-0.023709902370990243
2021-09-03,700.0,483.0,433.0,727.0,216987.0,55831.0,-27.0,-0.03857142857137347,-350.0,-3011.0,2661.0,0.007755547993050317,0.0022259398028453216,0.0,-0.011299435028248594,-0.018232819074333828
2021-09-07,704.5,225.0,169.0,720.0,218335.0,53990.0,-15.5,-0.022001419446384667,-258.0,1348.0,-1606.0,0.003130209298018094,0.0010305264845306477,0.00642857142857145,-0.018802228412256317,-0.020847810979847115
2021-09-08,695.0,150.0,58.0,710.0,217607.0,47143.0,-15.0,-0.021582733812918586,-75.0,-728.0,653.0,0.0012302993021233008,0.0006893160606046649,-0.01348474095102914,0.0014409221902016434,-0.02250351617440227
2021-09-09,677.0,91.0,113.0,693.25,216397.0,67217.0,-16.25,-0.024002954209713438,-59.0,-1210.0,1151.0,0.00168112233512353,0.00042052338988063414,-0.025899280575539585,-0.02449567723342938,-0.06877579092159558
2021-09-10,650.0,70.0,72.0,688.5,214328.0,69464.0,-38.5,-0.059230769230678104,-21.0,-2069.0,2048.0,0.0010365081193135864,0.00032660221716247843,-0.03988183161004433,-0.0714285714285714,-0.10251984811874348
2021-09-13,650.0,8.0,8.0,686.25,209304.0,43600.0,-36.25,-0.05576923076914497,-62.0,-5024.0,4962.0,0.0001834862385321059,3.822191644689047e-05,0.0,-0.0714285714285714,-0.1341991341991342
2021-09-14,,3.0,3.0,700.0,205574.0,55986.0,,,-5.0,-3730.0,3725.0,5.358482477762202e-05,1.4593285143062769e-05,0.0,-0.07735982966643007,-0.146701673777486
2021-09-15,711.5,203964.0,51075.0,719.75,71606.0,20283.0,-8.25,-0.011595221363300639,203961.0,-133968.0,337929.0,2.5181186215055704,2.8484205234197852,0.09461538461538455,0.023741007194244546,-0.06443129520052593
2021-09-16,713.0,200049.0,40246.0,716.0,72254.0,11874.0,-3.0,-0.004207573632532669,-3915.0,648.0,-4563.0,3.389422267138,2.768691006726233,0.0021082220660575413,0.05317577548005903,-0.028610354223433276
2021-09-17,707.5,197923.0,33375.0,716.0,72808.0,8057.0,-8.5,-0.012014134275601393,-2126.0,554.0,-2680.0,4.142360680153389,2.718423799582426,-0.007713884992987419,0.08846153846153837,-0.03839619435949715
2021-09-20,699.75,196247.0,37449.0,710.0,72751.0,8764.0,-10.25,-0.014648088603051593,-1676.0,-57.0,-1619.0,4.27304883614739,2.697516185344494,-0.010954063604240227,0.07653846153846144,-0.03880494505494503
2021-09-21,690.0,197166.0,43195.0,697.0,72469.0,9409.0,-7.0,-0.010144927536217182,919.0,-282.0,1201.0,4.5908173025821455,2.7206943658667466,-0.01393354769560562,0.06153846153846154,-0.0342897130860742
2021-09-22,706.25,196689.0,37475.0,714.0,72643.0,12029.0,-7.75,-0.010973451327418091,-477.0,174.0,-651.0,3.115387812785509,2.7076111944715566,0.023550724637681153,-0.0073787772312017275,-0.020457697642163652
2021-09-23,718.5,199915.0,46804.0,726.0,72979.0,10945.0,-7.5,-0.010438413361154574,3226.0,336.0,2890.0,4.276290543626836,2.739349675934135,0.017345132743362912,0.007713884992987419,0.0006963788300835549
2021-09-24,723.0,193257.0,47318.0,733.0,73901.0,14684.0,-10.0,-0.013831258644517523,-6658.0,922.0,-7580.0,3.222418959411385,2.6150796335637865,0.006263048016701411,0.021908127208480455,0.015093015093015083
2021-09-27,723.0,193978.0,32063.0,726.0,74951.0,9764.0,-3.0,-0.0041493775933552565,721.0,1050.0,-329.0,3.2837976239242845,2.5880642019452362,0.0,0.033226152197213255,-0.00447504302925994
2021-09-28,708.25,193676.0,54403.0,718.0,76247.0,15356.0,-9.75,-0.01376632545003351,-302.0,1296.0,-1598.0,3.5427845793172996,2.540113053628306,-0.0204011065006916,0.02644927536231889,0.0003531073446327859
2021-09-29,711.25,192966.0,38927.0,720.5,76979.0,15348.0,-9.25,-0.013005272407714579,-710.0,732.0,-1442.0,2.5362913734686905,2.5067356032164287,0.004235792446170228,0.0070796460176991705,-0.009401114206128103
2021-09-30,725.75,188968.0,71326.0,730.0,77196.0,20793.0,-4.25,-0.005856011023071504,-3998.0,217.0,-4215.0,3.430289039580463,2.4478988548629146,0.020386643233743396,0.010090466249130126,0.04574927953890495
2021-10-01,757.5,193078.0,85696.0,745.25,78900.0,25470.0,12.25,0.016171617161694823,4110.0,1704.0,2406.0,3.364585787200496,2.4471229404308943,0.04374784705477097,0.047717842323651505,0.0914985590778099
2021-10-04,756.25,194306.0,54746.0,762.0,79929.0,19288.0,-5.75,-0.007603305785113913,1228.0,1029.0,199.0,2.8383450850268126,2.4309824969660268,-0.0016501650165016146,0.04598893499308443,0.0803571428571428
2021-10-05,744.75,193595.0,49150.0,756.0,82456.0,15158.0,-11.25,-0.015105740181248599,-711.0,2527.0,-3238.0,3.242512204776142,2.3478582516735913,-0.015206611570247941,0.0515354747617367,0.06392857142857133
2021-10-06,744.0,193548.0,44642.0,757.25,85020.0,13737.0,-13.25,-0.0178091397849223,-47.0,2564.0,-2611.0,3.2497634126808435,2.276499647141822,-0.001007049345417954,0.04604569420035154,0.05606813342796313
2021-10-07,741.0,193805.0,42606.0,752.25,87891.0,16305.0,-11.25,-0.015182186234797326,257.0,2871.0,-2614.0,2.613063477460741,2.205060813962724,-0.0040322580645161255,0.02101274543575604,0.06618705035971217
2021-10-08,732.5,193720.0,47836.0,736.0,90247.0,20275.0,-3.5,-0.004778156996580508,-85.0,2356.0,-2441.0,2.3593588162760857,2.146553348033706,-0.011470985155195734,-0.03300330033003296,0.08197932053175783
2021-10-11,731.75,193056.0,32210.0,740.0,91919.0,11826.0,-8.25,-0.011274342330015341,-664.0,1672.0,-2336.0,2.7236597327919223,2.1002839456477758,-0.0010238907849828838,-0.03239669421487601,0.12576923076923086
2021-10-12,735.75,191148.0,57859.0,745.0,93725.0,19056.0,-9.25,-0.012572205232738604,-1908.0,1806.0,-3714.0,3.036261544920076,2.0394558548946167,0.005466347796378557,-0.012084592145015116,0.13192307692307703
2021-10-13,718.0,196236.0,57903.0,731.75,95588.0,19476.0,-13.75,-0.01915041782727138,5088.0,1863.0,3225.0,2.973043746148954,2.052935514918169,-0.024125042473666314,-0.034946236559139754,0.10461538461538455
2021-10-14,724.75,196229.0,39585.0,725.0,95761.0,15523.0,-0.25,-0.00034494653328686454,-7.0,173.0,-180.0,2.5500869677251465,2.049153622038178,0.009401114206128103,-0.021929824561403466,0.018622628250175577
2021-10-15,733.25,195055.0,40534.0,743.25,96269.0,15113.0,-10.0,-0.013637913399231316,-1174.0,508.0,-1682.0,2.6820618010982145,2.0261454881633543,0.011728182131769627,0.0010238907849828838,0.028401122019635405
2021-10-18,735.5,195117.0,31460.0,744.0,96245.0,13747.0,-8.5,-0.011556764106034593,62.0,-24.0,86.0,2.288499308939966,2.0272949244116365,0.003068530514831247,0.005124701059104897,0.03957597173144878
2021-10-19,737.75,194315.0,37740.0,744.0,96877.0,15078.0,-6.25,-0.008471704506935315,-802.0,632.0,-1434.0,2.502984480700192,2.0057908481889197,0.00305914343983682,0.0027183146449201168,0.054305108967488414
2021-10-20,749.25,193488.0,35078.0,758.0,97232.0,15579.0,-8.75,-0.011678345011662759,-827.0,355.0,-1182.0,2.251620771551303,1.9899621523777975,0.015587936292782212,0.04352367688022274,0.08586956521739131
2021-10-21,741.0,194249.0,33633.0,750.0,97621.0,12283.0,-9.0,-0.01214574898783786,761.0,389.0,372.0,2.738174713017769,1.9898280083178619,-0.011011011011010985,0.022421524663677195,0.049203539823008846
2021-10-22,757.5,191196.0,52332.0,755.0,99257.0,16867.0,2.5,0.0033003300329989436,-3053.0,1636.0,-4689.0,3.1026264303075175,1.9262722024642904,0.022267206477732726,0.03307193999318114,0.05427974947807934
2021-10-25,760.5,192743.0,42579.0,763.0,100596.0,18443.0,-2.5,-0.0032873109796143496,1547.0,1339.0,208.0,2.308680800303513,1.9160105769612914,0.003960396039603964,0.03399048266485383,0.051867219917012486
2021-10-26,750.5,192548.0,53537.0,762.25,103275.0,22299.0,-11.75,-0.015656229180525442,-195.0,2679.0,-2874.0,2.4008699941700344,1.8644202372306766,-0.013149243918474718,0.017282277194171414,0.03803596127247588
2021-10-27,759.5,188937.0,49839.0,757.5,105138.0,21603.0,2.0,0.0026333113890682908,-3611.0,1863.0,-5474.0,2.3070406887931165,1.7970381783940934,0.011992005329780175,0.013680347013680372,0.07236145428873986
2021-10-28,773.25,185690.0,57331.0,788.75,106913.0,20535.0,-15.5,-0.020045263498195867,-3247.0,1775.0,-5022.0,2.7918675432187587,1.7368327518636486,0.018104015799868423,0.04352226720647767,0.0871704745166959
2021-10-29,773.0,184635.0,48726.0,777.0,108764.0,24063.0,-4.0,-0.0051746442432015856,-1055.0,1851.0,-2906.0,2.0249345468145274,1.697574565113441,-0.0003233107015842007,0.020462046204620554,0.06510506372717884
2021-11-01,798.0,182204.0,73027.0,805.0,112827.0,31299.0,-7.0,-0.008771929824550412,-2431.0,4063.0,-6494.0,2.3332055337230475,1.6148971434142394,0.03234152652005173,0.04930966469428011,0.05346534653465351
2021-11-02,789.5,177197.0,65894.0,800.0,111967.0,30159.0,-10.5,-0.013299556681427106,-5007.0,-860.0,-4147.0,2.1848867668025402,1.5825823680191342,-0.01065162907268169,0.051965356429047205,0.04396694214876029
2021-11-03,781.5,174035.0,53180.0,790.0,111629.0,23953.0,-8.5,-0.01087651951374168,-3162.0,-338.0,-2824.0,2.2201811881600544,1.559048275985617,-0.010132995566814462,0.02896642527978943,0.04934541792547842
2021-11-04,774.5,169115.0,51270.0,784.25,114974.0,27228.0,-9.75,-0.012588766946400789,-4920.0,3345.0,-8265.0,1.882988100484726,1.4708977681910564,-0.00895713371721052,0.0016165535079211146,0.040994623655914
2021-11-05,766.75,159612.0,83637.0,778.5,123671.0,61880.0,-11.75,-0.015324421258538867,-9503.0,8697.0,-18200.0,1.351599870717496,1.2906178489702413,-0.010006455777921253,-0.008085381630012933,0.03475033738191624
2021-11-08,768.0,142014.0,75813.0,781.25,133248.0,59975.0,-13.25,-0.017252604166644203,-17598.0,9577.0,-27175.0,1.2640766986244059,1.0657871037463897,0.0016302575806976805,-0.03759398496240607,0.04846416382252561
2021-11-09,782.0,129701.0,81300.0,796.0,145854.0,63571.0,-14.0,-0.017902813299209844,-12313.0,12606.0,-24919.0,1.2788850261911677,0.8892522659645887,0.01822916666666674,-0.00949968334388851,0.0686709941920054
2021-11-10,803.0,123034.0,85821.0,814.0,154892.0,64086.0,-11.0,-0.013698630136969243,-6667.0,9038.0,-15705.0,1.3391536372998574,0.7943212044521293,0.026854219948849067,0.02751119641714661,0.09140332993543998
2021-11-11,813.25,114049.0,107495.0,818.0,162769.0,81407.0,-4.75,-0.0058407623731867924,-8985.0,7877.0,-16862.0,1.320463842175718,0.7006801049339819,0.012764632627646266,0.05003227888960615,0.13266016713091933
2021-11-12,817.5,107366.0,63147.0,824.0,169114.0,44491.0,-6.5,-0.007951070336381712,-6683.0,6345.0,-13028.0,1.4193207615022945,0.6348735172723687,0.005225945281278843,0.06618845777632876,0.1279751638496034
2021-11-15,826.75,101373.0,57377.0,830.0,169349.0,44783.0,-3.25,-0.0039310553371588374,-5993.0,235.0,-6228.0,1.2812227854319433,0.5986040661592298,0.011314984709480225,0.07649739583333326,0.12751449028298678
2021-11-16,810.5,91577.0,58357.0,819.5,175718.0,59420.0,-9.0,-0.011104256631695121,-9796.0,6369.0,-16165.0,0.9821104005385227,0.5211589023321429,-0.019655276685818013,0.03644501278772383,0.10197144799456148
2021-11-17,823.5,84564.0,63821.0,834.75,180066.0,62894.0,-11.25,-0.01366120218577576,-7013.0,4348.0,-11361.0,1.0147390848093456,0.4696278031388465,0.01603948180135717,0.025529265255292755,0.11623178583531013
2021-11-18,820.25,73152.0,63590.0,830.0,184248.0,71044.0,-9.75,-0.01188661993293278,-11412.0,4182.0,-15594.0,0.8950791059061863,0.3970300898788568,-0.003946569520340004,0.008607439286812069,0.09476142809476151
2021-11-19,821.25,66478.0,42696.0,828.0,185964.0,54368.0,-6.75,-0.008219178082181772,-6674.0,1716.0,-8390.0,0.7853148911124047,0.3574777914004842,0.0012191405059434057,0.004587155963302836,0.10829959514170051
2021-11-22,846.5,60387.0,40429.0,854.75,188681.0,59625.0,-8.25,-0.00974601299467248,-6091.0,2717.0,-8808.0,0.6780545073375148,0.32004812355244927,0.030745814307458152,0.023888720895071103,0.11749174917491745
2021-11-23,855.75,55099.0,29297.0,867.0,192612.0,50430.0,-11.25,-0.013146362839599012,-5288.0,3931.0,-9219.0,0.5809438826095463,0.286062135277136,0.010927347903130435,0.05582973473164721,0.12524654832347148
2021-11-24,835.0,47378.0,46267.0,851.5,194968.0,80016.0,-16.5,-0.019760479041892504,-7721.0,2356.0,-10077.0,0.578221855628867,0.24300398014032948,-0.024247735904177614,0.013964784456587775,0.11259160559626924
2021-11-26,815.0,13571.0,29473.0,844.5,194977.0,49446.0,-29.5,-0.0361963190183605,-33807.0,9.0,-33816.0,0.5960643934797437,0.06960308138908657,-0.0239520958083832,-0.0064004876562023805,0.0730743910467413
2021-11-29,800.5,3568.0,20037.0,822.5,197004.0,69517.0,-22.0,-0.027482823235443495,-10003.0,2027.0,-12030.0,0.2882316555662602,0.01811130738462154,-0.017791411042944794,-0.025266362252663654,0.03524086647268021
2021-11-30,762.0,2027.0,2662.0,789.0,191104.0,87308.0,-27.0,-0.035433070866095234,-1541.0,-5900.0,4359.0,0.030489760388509292,0.010606790020093716,-0.048094940662086194,-0.09982279976373298,-0.014230271668822736
2021-12-01,770.0,794.0,484.0,789.75,188144.0,55934.0,-19.75,-0.025649350649317337,-1233.0,-2960.0,1727.0,0.008653055386705607,0.004220171783314885,0.01049868766404205,-0.10020449897750516,-0.03508771929824561
2021-12-02,745.0,438.0,192.0,816.25,182599.0,67349.0,-71.25,-0.09563758389248908,-356.0,-5545.0,5189.0,0.002850821838483083,0.002398698788054686,-0.03246753246753242,-0.10778443113772451,-0.05636478784040533
2021-12-03,742.0,393.0,102.0,804.75,183444.0,58612.0,-62.75,-0.08456873315352484,-45.0,845.0,-890.0,0.001740257967651646,0.002142343167397123,-0.004026845637583931,-0.0895705521472393,-0.05054382597568774
2021-12-06,742.0,258.0,66.0,807.75,181939.0,41088.0,-65.75,-0.0886118598381555,-135.0,-1505.0,1370.0,0.0016063084112149142,0.001418057700657905,0.0,-0.07307932542161144,-0.0419625564880568
2021-12-07,796.0,191.0,74.0,809.25,182857.0,35269.0,-13.25,-0.01664572864319517,-67.0,918.0,-985.0,0.0020981598570982423,0.001044532066040671,0.07277628032345018,0.044619422572178546,0.038148027388327455
2021-12-08,742.0,178.0,42.0,794.5,185023.0,38721.0,-52.5,-0.07075471698103672,-13.0,2166.0,-2179.0,0.0010846827303013589,0.0009620425568713027,-0.06783919597989951,-0.036363636363636376,-0.03385416666666663
2021-12-09,742.0,99.0,64.0,777.5,183625.0,63021.0,-35.5,-0.04784366576812959,-79.0,-1398.0,1319.0,0.0010155345043715426,0.0005391422736555451,0.0,-0.004026845637583931,-0.051150895140664954
2021-12-10,742.0,69.0,30.0,784.5,183122.0,36952.0,-42.5,-0.05727762803226782,-30.0,-503.0,473.0,0.0008118640398354403,0.00037679798167341785,0.0,0.0,-0.07596513075965128
2021-12-13,742.0,39.0,69.0,788.25,181911.0,39616.0,-46.25,-0.06233153638805616,-30.0,-1211.0,1181.0,0.0017417205169627994,0.0002143905536223746,0.0,0.0,-0.08761143559790963
2021-12-14,,,,786.75,183147.0,34152.0,,,,1236.0,,,,0.0,-0.06783919597989951,-0.09235474006116207
2021-12-15,755.5,183953.0,77464.0,762.0,44405.0,18133.0,-6.5,-0.008603573792179214,,-138742.0,,4.271990293938991,4.142619074428462,0.01819407008086249,0.01819407008086249,-0.08618082854550957
2021-12-16,768.5,179516.0,50771.0,773.25,44063.0,12813.0,-4.75,-0.0061808718282287825,-4437.0,-342.0,-4095.0,3.9624600015606055,4.074075755168644,0.017207147584381133,0.03571428571428581,-0.051819864281307804
2021-12-17,775.0,176018.0,38053.0,770.25,43702.0,11353.0,4.75,0.006129032258056608,-3498.0,-361.0,-3137.0,3.351801286003404,4.027687520021875,0.008458035133376729,0.04447439353099725,-0.05889496053430476
2021-12-20,778.25,175033.0,38677.0,770.0,44223.0,11679.0,8.25,0.010600706713767298,-985.0,521.0,-1506.0,3.311670519735995,3.9579630509010255,0.004193548387096735,0.04885444743935308,-0.051203901249619044
2021-12-21,796.5,175399.0,46149.0,794.25,44798.0,13878.0,2.25,0.0028248587570586002,366.0,575.0,-209.0,3.3253350626889087,3.9153310415642686,0.023450048185030603,0.07345013477088957,-0.03013698630136985
2021-12-22,813.5,176488.0,48743.0,814.25,45706.0,11276.0,-0.75,-0.0009219422249527696,1089.0,908.0,181.0,4.322720822986491,3.861374874195864,0.021343377275580666,0.0767703507610853,-0.038984051978736
2021-12-23,815.75,174484.0,36615.0,808.0,46218.0,9183.0,7.75,0.00950045969965124,-2004.0,512.0,-2516.0,3.987259065664381,3.7752390843393533,0.0027658266748618043,0.06148340923877682,-0.046742623429740005
2021-12-27,805.75,173935.0,30210.0,808.0,46737.0,8908.0,-2.25,-0.0027924294135863574,-549.0,519.0,-1068.0,3.3913336326893364,3.7215696343367415,-0.012258657676984419,0.03967741935483882,-0.03502994011976046
2021-12-28,783.75,172969.0,41877.0,783.75,47332.0,12080.0,0.0,0.0,-966.0,595.0,-1561.0,3.466639072847395,3.654377588100996,-0.027303754266211566,0.007067137809187329,-0.03834355828220859
2021-12-29,789.5,170376.0,40941.0,779.0,46962.0,11064.0,10.5,0.013299556681427106,-2593.0,-370.0,-2223.0,3.700379609544134,3.6279545164174523,0.007336523125996752,-0.008788449466415549,-0.013741411617738897
2021-12-30,780.0,170011.0,29563.0,779.0,47645.0,9008.0,1.0,0.0012820512820496384,-365.0,683.0,-1048.0,3.2818605683832947,3.568286283975159,-0.012032932235592098,-0.04118008604794099,0.023622047244094446
2021-12-31,770.75,170343.0,25055.0,769.0,47566.0,9257.0,1.75,0.002270515731427479,332.0,-79.0,411.0,2.7066004104998695,3.5811924483874287,-0.011858974358974317,-0.05516395954642972,0.0009740259740260715
2022-01-03,757.75,172499.0,42116.0,762.0,47475.0,9052.0,-4.25,-0.005608709996693357,2156.0,-91.0,2247.0,4.652673442332672,3.6334702474986074,-0.016866688290625986,-0.059571827489916185,0.017114093959731624
2022-01-04,769.25,172462.0,43220.0,760.0,49106.0,13490.0,9.25,0.012024699382499806,-37.0,1631.0,-1668.0,3.203854707190274,3.5120351891825132,0.015176509402837324,-0.018500797448165907,0.036725067385444676
2022-01-05,760.75,173251.0,40236.0,758.25,49207.0,11027.0,2.5,0.0032862306933903566,789.0,101.0,688.0,3.648861884465072,3.5208608531305807,-0.011049723756906049,-0.036415452818239435,0.025269541778975668
2022-01-06,746.25,179783.0,64426.0,748.0,49987.0,16682.0,-1.75,-0.002345058626462519,6532.0,780.0,5752.0,3.862006953602454,3.596595114729758,-0.019060138021689155,-0.043269230769230727,-0.0625
2022-01-07,760.5,177196.0,58463.0,744.0,51458.0,21209.0,16.5,0.021696252465454705,-2587.0,1471.0,-4058.0,2.756518459144573,3.443507326363181,0.019095477386934734,-0.013298734998378192,0.024932614555255972
2022-01-10,761.5,173719.0,46681.0,760.0,52816.0,16715.0,1.5,0.0019697964543637955,-3477.0,1358.0,-4835.0,2.792760993119785,3.2891358679187506,0.0013149243918475495,0.004948861761794765,0.026280323450134757
2022-01-11,768.25,172462.0,43837.0,764.0,52800.0,14746.0,4.25,0.005532053368037056,-1257.0,-16.0,-1241.0,2.97280618472786,3.266325757575696,0.008864084044648779,-0.0012999675008125156,0.03537735849056611
2022-01-12,757.75,170425.0,51640.0,756.5,53871.0,18990.0,1.25,0.0016496205872627522,-2037.0,1071.0,-3108.0,2.719325961031979,3.1635759499544625,-0.013667425968109326,-0.0039434768320736335,0.021226415094339535
2022-01-13,745.25,173988.0,49455.0,742.5,54929.0,18439.0,2.75,0.0036900369003640522,3563.0,1058.0,2505.0,2.6820868810671574,3.167507145587883,-0.016496205872649328,-0.0013400335008375563,0.00438005390835583
2022-01-14,742.0,173731.0,44592.0,745.25,54555.0,19061.0,-3.25,-0.004380053908349892,-257.0,-374.0,117.0,2.339436545826434,3.1845110439005926,-0.004360952700436127,-0.024326101249178222,-0.01786896095301127
2022-01-18,771.0,174163.0,70559.0,765.0,57108.0,25898.0,6.0,0.007782101167305082,432.0,2553.0,-2121.0,2.7244961000848433,3.049712824823089,0.03908355795148255,0.012475377544320487,0.003253090435914041
2022-01-19,795.5,171681.0,68427.0,791.0,59125.0,27617.0,4.5,0.005656819610300871,-2482.0,2017.0,-4499.0,2.477713002860467,2.903695560253651,0.03177691309987041,0.03547022453628368,0.02645161290322573
2022-01-20,790.0,172183.0,58576.0,788.0,59215.0,20486.0,2.0,0.0025316455696170487,502.0,90.0,412.0,2.8593185590157737,2.9077598581440025,-0.006913890634820841,0.04256021115143516,0.015097976228718224
2022-01-21,778.0,166535.0,47700.0,782.5,59504.0,15794.0,-4.5,-0.0057840616966506634,-5648.0,289.0,-5937.0,3.0201342281877284,2.798719413820873,-0.015189873417721489,0.04394498490439447,-0.02322661644695545
2022-01-24,801.25,162517.0,58617.0,794.0,58982.0,19464.0,7.25,0.009048361934466086,-4018.0,-522.0,-3496.0,3.0115598027125454,2.7553660438777468,0.029884318766066897,0.07985175202156336,-0.015058389674247108
2022-01-25,817.0,164069.0,76139.0,818.25,63248.0,27608.0,-1.25,-0.0015299877600960464,1552.0,4266.0,-2714.0,2.7578600405678513,2.5940583101441534,0.019656786271450954,0.05966277561608302,0.0015323322096230108
2022-01-26,792.25,164960.0,73390.0,791.0,65519.0,27610.0,1.25,0.0015777847901526313,891.0,2271.0,-1380.0,2.6580948931545576,2.5177429447946014,-0.0302937576499388,-0.004085480829666865,-0.016754576481538885
2022-01-27,777.0,164091.0,60147.0,779.75,64472.0,16604.0,-2.75,-0.0035392535392489845,-869.0,-1047.0,178.0,3.6224403758128387,2.5451513835463064,-0.01924897443988638,-0.016455696202531622,-0.008612440191387516
2022-01-28,787.25,162323.0,49080.0,791.0,66269.0,14866.0,-3.75,-0.004763416957758319,-1768.0,1797.0,-3565.0,3.301493340508321,2.449456005070207,0.013191763191763295,0.011889460154241638,-0.0028499050031665085
2022-01-31,760.75,159894.0,71473.0,765.75,66389.0,20407.0,-5.0,-0.006572461386780713,-2429.0,120.0,-2549.0,3.50237663546805,2.408441157420621,-0.033661479834868224,-0.050546021840873645,-0.024679487179487203
2022-02-01,769.25,156987.0,52159.0,768.25,68084.0,19752.0,1.0,0.0012999675008107897,-2907.0,1695.0,-4602.0,2.6406946132035927,2.305784031490478,0.011173184357541999,-0.058445532435740466,-0.0019461563412260796
2022-02-02,755.0,154291.0,67578.0,761.0,71617.0,25145.0,-6.0,-0.007947019867539143,-2696.0,3533.0,-6229.0,2.6875323125868884,2.1543907172877645,-0.018524536886577847,-0.04701798674660773,-0.003629165291982872
2022-02-03,753.5,151406.0,52592.0,759.75,72978.0,25700.0,-6.25,-0.008294625082935244,-2885.0,1361.0,-4246.0,2.0463813229571186,2.0746800405601404,-0.001986754966887383,-0.03024453024453022,-0.02047448813779651
2022-02-04,765.25,146331.0,50585.0,771.25,78390.0,31244.0,-6.0,-0.007840574975487957,-5075.0,5412.0,-10487.0,1.6190308539239016,1.8667049368541666,0.015593895155938897,-0.02794537948555098,0.005915215248110339
2022-02-07,770.75,132874.0,81449.0,776.0,87647.0,60087.0,-5.25,-0.006811547194282438,-13457.0,9257.0,-22714.0,1.3555178324762203,1.5160130979953503,0.007187193727540064,0.013144922773578704,0.03283082077051924
2022-02-08,778.75,118491.0,99517.0,783.5,96397.0,71102.0,-4.75,-0.006099518459061188,-14383.0,8750.0,-23133.0,1.3996371410086719,1.2291980040872512,0.010379500486539017,0.012349691257718565,0.02399737015121639
2022-02-09,784.5,108430.0,100108.0,788.5,110293.0,76934.0,-4.0,-0.00509878903759707,-10061.0,13896.0,-23957.0,1.3012192268697675,0.9831086288340966,0.007383627608346766,0.03907284768211916,0.030203545633617823
2022-02-10,771.0,96164.0,95102.0,778.25,124213.0,66745.0,-7.25,-0.009403372243826974,-12266.0,13920.0,-26186.0,1.4248557944415097,0.7741862767987185,-0.017208413001912004,0.023224950232249464,0.0035795639440285854
2022-02-11,796.0,82082.0,101599.0,798.0,137710.0,71536.0,-2.0,-0.0025125628140671955,-14082.0,13497.0,-27579.0,1.4202499440840777,0.5960496695955225,0.03242542153048,0.04018294674942835,0.050478389970306736
2022-02-14,800.25,77622.0,69676.0,808.0,143714.0,52492.0,-7.75,-0.009684473601987273,-4460.0,6004.0,-10464.0,1.3273641697782268,0.5401143938655905,0.005339195979899403,0.03827440804411286,0.07380073800738018
2022-02-15,777.25,71359.0,55714.0,781.0,147941.0,47667.0,-3.75,-0.004824702476674397,-6263.0,4227.0,-10490.0,1.1688170012796868,0.4823476926612604,-0.02874101843174004,-0.0019261637239165186,0.04750673854447429
2022-02-16,778.5,66387.0,33006.0,786.0,151376.0,35893.0,-7.5,-0.00963391136800304,-4972.0,3435.0,-8407.0,0.9195664892875793,0.43855697072190813,0.0016082341588934401,-0.007648183556405397,0.009727626459143934
2022-02-17,796.25,59534.0,47683.0,801.75,154039.0,55019.0,-5.5,-0.00690737833594109,-6853.0,2663.0,-9516.0,0.8666642432614031,0.3864865391232066,0.022800256904303096,0.0327496757457848,0.0009428032683846954
2022-02-18,794.5,43753.0,43499.0,797.25,158609.0,55415.0,-2.75,-0.0034612964128339064,-15781.0,4570.0,-20351.0,0.7849679689614584,0.2758544597090942,-0.00219780219780219,-0.0018844221105527303,0.0056962025316456
2022-02-22,839.25,24989.0,47217.0,848.25,166124.0,101329.0,-9.0,-0.010723860589799555,-18764.0,7515.0,-26279.0,0.4659771634971186,0.1504237798271162,0.056324732536186195,0.04873477038425489,0.0787275064267352
2022-02-23,873.75,15373.0,28032.0,885.25,171454.0,98777.0,-11.5,-0.01316165951357578,-9616.0,5330.0,-14946.0,0.28379076100711415,0.08966253339087983,0.04110813226094723,0.12415567706658082,0.09048361934477378
2022-02-24,880.0,5650.0,26655.0,922.5,169393.0,112029.0,-42.5,-0.048295454545399664,-9723.0,-2061.0,-7662.0,0.2379294646921758,0.03335438890627102,0.007153075822603716,0.13037893384714194,0.07711138310893517
2022-02-25,775.0,1008.0,8868.0,859.75,164696.0,108712.0,-84.75,-0.10935483870953631,-4642.0,-4697.0,55.0,0.08157333137096105,0.006120367222033285,-0.11931818181818177,-0.026687598116169498,-0.021773430104133795
2022-02-28,775.0,699.0,1092.0,934.5,165555.0,107828.0,-159.5,-0.20580645161263766,-309.0,859.0,-1168.0,0.010127239678005618,0.004222161819334939,0.0,-0.024543738200125897,-0.002574002574002532
2022-03-01,746.75,466.0,507.0,984.0,164343.0,51215.0,-237.25,-0.31771007699990933,-233.0,-1212.0,979.0,0.009899443522405352,0.002835533001101338,-0.03645161290322585,-0.1102174560619601,-0.05144490314385519
2022-03-02,746.75,396.0,458.0,1059.0,157567.0,103797.0,-312.25,-0.41814529628333696,-70.0,-6776.0,6706.0,0.00441245893426588,0.002513216599922557,0.0,-0.14535050071530753,-0.018402891883010142
2022-03-03,1111.25,293.0,374.0,1134.0,154338.0,88004.0,-22.75,-0.020472440944863467,-103.0,-3229.0,3126.0,0.004249806826962362,0.001898430716997746,0.48811516571811175,0.26278409090909083,0.4445888852778681
2022-03-04,1207.25,208.0,147.0,1209.0,151385.0,35941.0,-1.75,-0.0014495754814649413,-85.0,-2953.0,2868.0,0.004090036448624021,0.0013739802490339112,0.0863892013498313,0.5577419354838711,0.5990066225165562
2022-03-07,746.75,101.0,79.0,1294.0,146924.0,39528.0,-547.25,-0.7328423167047434,-107.0,-4461.0,4354.0,0.0019985832827362376,0.0006874302360403972,-0.3814454338372334,-0.03645161290322585,-0.008958195089581955
2022-03-08,746.0,65.0,29.0,1250.0,143339.0,133198.0,-504.0,-0.6756032171572713,-36.0,-3585.0,3549.0,0.00021772098680160202,0.0004534704441917381,-0.001004352192835567,-0.001004352192835567,-0.025155178046390114
2022-03-09,746.0,45.0,5.0,1200.0,143813.0,55905.0,-454.0,-0.608579088471034,-20.0,474.0,-494.0,8.943743851175943e-05,0.0003129063436546049,0.0,-0.001004352192835567,-0.03211157963023026
2022-03-10,746.0,6.0,6.0,1078.0,138399.0,73591.0,-332.0,-0.44504021447661524,-39.0,-5414.0,5375.0,8.153170904050655e-05,4.335291439967021e-05,0.0,-0.3286839145106861,-0.04205457463884432
2022-03-11,746.0,5.0,10.0,1107.0,133512.0,48921.0,-361.0,-0.48391420911463284,-1.0,-4887.0,4886.0,0.00020441119355695501,3.7449817244891565e-05,0.0,-0.3820666804721474,-0.04907584448693436
2022-03-14,,15.0,15.0,1090.25,132584.0,38656.0,,,10.0,-928.0,938.0,0.0003880380794701887,0.00011313582332709745,0.0,-0.001004352192835567,-0.03242542153047989
2022-03-15,1155.0,132069.0,30964.0,1127.0,95596.0,25104.0,28.0,0.024242424242403252,132054.0,-36988.0,169042.0,1.2334289356277393,1.381532700112961,0.5482573726541555,0.5482573726541555,0.4510050251256281
2022-03-16,1070.0,129211.0,37914.0,1043.0,96660.0,28632.0,27.0,0.025233644859789503,-2858.0,1064.0,-3922.0,1.3241827326068272,1.3367577074280845,-0.07359307359307354,0.43431635388739953,0.33708216182442996
2022-03-17,1092.0,129623.0,31158.0,1066.0,97312.0,24481.0,26.0,0.023809523809502006,412.0,652.0,-240.0,1.2727421265470662,1.3320351035843334,0.020560747663551426,0.46380697050938346,0.40495336120939207
2022-03-18,1058.0,128673.0,19393.0,1036.0,97621.0,16618.0,22.0,0.020793950850641972,-950.0,309.0,-1259.0,1.166987603803035,1.318087296790636,-0.031135531135531136,0.418230563002681,0.3590237636480411
2022-03-21,1120.0,130615.0,37035.0,1094.0,97793.0,27587.0,26.0,0.02321428571426499,1942.0,172.0,1770.0,1.3424801536955326,1.3356272943871101,0.05860113421550084,0.5013404825737264,0.4065934065934067
2022-03-22,1118.75,130265.0,29006.0,1109.25,99349.0,21914.0,9.5,0.008491620111724253,-350.0,1556.0,-1906.0,1.3236287304918626,1.3111858196861437,-0.0011160714285713969,-0.031385281385281405,0.4081183134046571
2022-03-23,1106.0,130956.0,24464.0,1086.5,98411.0,17801.0,19.5,0.017631103074125107,691.0,-938.0,1629.0,1.374304814336196,1.3307049008748886,-0.011396648044692759,0.03364485981308407,0.3178433124813822
2022-03-24,1085.5,130726.0,22420.0,1068.0,98144.0,17783.0,17.5,0.016121602947935403,-230.0,-267.0,37.0,1.260754653320516,1.3319815780893245,-0.018535262206148317,-0.005952380952380931,0.24234620886981406
2022-03-25,1085.0,127799.0,27912.0,1084.0,98163.0,19380.0,1.0,0.0009216589861742657,-2927.0,19.0,-2946.0,1.4402476780185014,1.3019060134673828,-0.0004606172270843478,0.02551984877126645,0.23295454545454541
2022-03-28,1060.0,126535.0,26162.0,1037.75,99864.0,23745.0,22.25,0.020990566037716048,-1264.0,1701.0,-2965.0,1.1017898504947945,1.2670732195786143,-0.02304147465437789,-0.0535714285714286,0.3677419354838709
2022-03-29,1010.25,124312.0,45986.0,983.0,100457.0,32890.0,27.25,0.026973521405565977,-2223.0,593.0,-2816.0,1.3981757373061297,1.2374647859282952,-0.04693396226415092,-0.09698324022346372,0.3035483870967741
2022-03-30,1029.5,123031.0,26336.0,1036.0,103492.0,25245.0,-6.5,-0.00631374453617648,-1281.0,3035.0,-4316.0,1.0432164785105549,1.188797201716063,0.01905468943330857,-0.06916817359855332,0.3786407766990292
2022-03-31,1006.0,121869.0,36848.0,1000.0,104339.0,28550.0,6.0,0.005964214711723694,-1162.0,847.0,-2009.0,1.2906479859894469,1.1680100441828927,-0.022826614861583328,-0.07323813910640253,0.3471710746568464
2022-04-01,987.0,120038.0,33853.0,981.25,106992.0,26935.0,5.75,0.005825734549132902,-1831.0,2653.0,-4484.0,1.2568405420456188,1.1219343502317825,-0.0188866799204771,-0.0903225806451613,-0.1118110236220472
2022-04-04,1020.0,117145.0,26349.0,1005.75,110337.0,27425.0,14.25,0.013970588235280421,-2893.0,3345.0,-6238.0,0.9607657247037025,1.0617018769768884,0.033434650455927084,-0.037735849056603765,-0.15510457651687715
2022-04-05,1036.0,114193.0,26923.0,1047.0,112111.0,29297.0,-11.0,-0.010617760617750369,-2952.0,1774.0,-4726.0,0.9189678124039691,1.018570880645066,0.015686274509803866,0.0254887404107893,0.3873451623702713
2022-04-06,1041.0,111115.0,27905.0,1035.0,115408.0,29708.0,6.0,0.00576368876080138,-3078.0,3297.0,-6375.0,0.9393092769624027,0.9628015388881103,0.004826254826254761,0.011170471102476931,0.3954423592493297
2022-04-07,1014.0,97965.0,50501.0,1025.25,122564.0,51294.0,-11.25,-0.011094674556202076,-13150.0,7156.0,-20306.0,0.9845401021561785,0.7992966939721223,-0.025936599423631135,0.007952286282306265,0.35924932975871315
2022-04-08,1046.0,85110.0,47599.0,1053.25,132897.0,56103.0,-7.25,-0.006931166347985725,-12855.0,10333.0,-23188.0,0.8484216530310171,0.6404207769927038,0.03155818540433919,0.05977710233029376,0.4021447721179625
2022-04-11,1079.0,68789.0,55247.0,1086.5,145174.0,74737.0,-7.5,-0.0069508804448499065,-16321.0,12277.0,-28598.0,0.7392188608052137,0.4738382906029973,0.031548757170172026,0.05784313725490198,0.4463806970509383
2022-04-12,1100.0,55331.0,50433.0,1101.0,153844.0,63990.0,-1.0,-0.0009090909090900826,-13458.0,8670.0,-22128.0,0.7881387716830632,0.3596565351914904,0.019462465245597693,0.061776061776061875,0.4745308310991958
2022-04-13,1115.0,44165.0,53460.0,1116.0,163288.0,77569.0,-1.0,-0.0008968609865462808,-11166.0,9444.0,-20610.0,0.6891928476582051,0.27047302924893274,0.013636363636363669,0.07108549471661862,-0.03463203463203468
2022-04-14,1095.75,41144.0,20653.0,1101.5,165696.0,40270.0,-5.75,-0.005247547341998405,-3021.0,2408.0,-5429.0,0.5128631735783334,0.24831015836230055,-0.01726457399103143,0.08062130177514804,0.024065420560747564
2022-04-18,1117.5,37333.0,13169.0,1128.0,169129.0,36326.0,-10.5,-0.009395973154354009,-3811.0,3433.0,-7244.0,0.3625227110058811,0.22073683401427183,0.019849418206707714,0.06835564053537291,0.02335164835164827
2022-04-19,1096.0,32310.0,18099.0,1108.5,170529.0,37432.0,-12.5,-0.011405109489040688,-5023.0,1400.0,-6423.0,0.48351677708910873,0.18946923983603853,-0.019239373601789733,0.01575532900834098,0.03591682419659725
2022-04-20,1085.75,29756.0,15110.0,1101.25,171076.0,39368.0,-15.5,-0.014275846189256942,-2554.0,547.0,-3101.0,0.38381426539320307,0.1739343917323285,-0.009352189781021925,-0.01295454545454544,-0.030580357142857117
2022-04-21,1060.0,27260.0,11174.0,1076.25,172771.0,34511.0,-16.25,-0.01533018867923082,-2496.0,1695.0,-4191.0,0.3237808235055396,0.1577811090981695,-0.023716325120884174,-0.04932735426008972,-0.05251396648044693
2022-04-22,1056.25,17660.0,15258.0,1073.0,174632.0,33181.0,-16.75,-0.01585798816566546,-9600.0,1861.0,-11461.0,0.45984147554321875,0.10112694122497537,-0.003537735849056589,-0.036048368697239375,-0.04498191681735986
2022-04-25,1060.0,13140.0,12075.0,1072.5,175523.0,37728.0,-12.5,-0.011792452830177554,-4520.0,891.0,-5411.0,0.3200540712468109,0.0748619838995455,0.0035502958579882726,-0.05145413870246085,-0.023491478581298963
2022-04-26,1065.0,9611.0,9543.0,1092.5,177357.0,34264.0,-27.5,-0.02582159624410721,-3529.0,1834.0,-5363.0,0.2785138921316753,0.0541901362788046,0.004716981132075526,-0.02828467153284675,-0.018433179723502335
2022-04-27,1069.0,6254.0,7092.0,1091.0,179732.0,26721.0,-22.0,-0.020579981290906848,-3357.0,2375.0,-5732.0,0.2654092286965209,0.034796252197716405,0.00375586854460086,-0.015427124107759593,0.008490566037735903
2022-04-28,1071.5,1807.0,6965.0,1088.25,179341.0,28927.0,-16.75,-0.015632291180573372,-4447.0,-391.0,-4056.0,0.24077851142530365,0.010075777429589386,0.002338634237605275,0.010849056603773555,0.06062855728780003
2022-04-29,1040.0,1758.0,577.0,1055.75,179240.0,38162.0,-15.75,-0.015144230769216208,-49.0,-101.0,52.0,0.015119752633509379,0.009808078553894166,-0.029398040130657943,-0.01538461538461533,0.010199125789218
2022-05-02,1018.75,792.0,341.0,1050.0,177551.0,40743.0,-31.25,-0.03067484662573676,-966.0,-1689.0,723.0,0.008369535871192393,0.004460690167895397,-0.02043269230769229,-0.03891509433962259,0.012673956262425401
2022-05-03,1018.75,561.0,177.0,1047.0,177503.0,31317.0,-28.25,-0.027730061349666033,-231.0,-48.0,-183.0,0.005651882364210951,0.003160509963211872,0.0,-0.04342723004694837,0.032168186423505496
2022-05-04,1018.75,394.0,288.0,1077.0,176561.0,44200.0,-58.25,-0.057177914110373325,-167.0,-942.0,775.0,0.006515837104072251,0.0022315233828535054,0.0,-0.04700654817586525,-0.001225490196078427
2022-05-05,1008.0,407.0,184.0,1101.0,175570.0,47812.0,-93.0,-0.09226190476181323,13.0,-991.0,1004.0,0.003848406257843139,0.0023181636953921382,-0.010552147239263787,-0.05926271581894538,-0.027027027027026973
2022-05-06,1008.0,298.0,68.0,1103.5,170909.0,39579.0,-95.5,-0.09474206349196951,-109.0,-4661.0,4552.0,0.001718082821698332,0.0017436179487329414,0.0,-0.03076923076923077,-0.03170028818443804
2022-05-09,1008.0,318.0,92.0,1089.0,167399.0,37350.0,-81.0,-0.08035714285706314,20.0,-3510.0,3530.0,0.002463186077643843,0.0018996529250473308,0.0,-0.010552147239263787,-0.00591715976331364
2022-05-10,1008.0,241.0,42.0,1094.25,164283.0,30020.0,-86.25,-0.0855654761903913,-77.0,-3116.0,3039.0,0.0013990672884743038,0.0014669807588125281,0.0,-0.010552147239263787,-0.03632887189292544
2022-05-11,1008.0,167.0,53.0,1112.5,162314.0,34004.0,-104.5,-0.10367063492053208,-74.0,-1969.0,1895.0,0.001558640159981133,0.001028869968086542,0.0,-0.010552147239263787,-0.06580166821130673
2022-05-12,950.0,27.0,157.0,1173.0,162546.0,55767.0,-223.0,-0.23473684210501608,-140.0,232.0,-372.0,0.002815285025194061,0.00016610682514488106,-0.05753968253968256,-0.05753968253968256,-0.13636363636363635
2022-05-13,,1.0,1.0,1179.0,162595.0,35248.0,,,-26.0,49.0,-75.0,2.837040399455208e-05,6.150250622712838e-06,0.0,-0.05753968253968256,-0.14798206278026904
2022-05-16,1247.5,162789.0,53773.0,1251.0,56734.0,29418.0,-3.5,-0.0028056112224426407,162788.0,-105861.0,268649.0,1.8278944863688276,2.86933761060382,0.3131578947368421,0.23759920634920628,0.13848961898243206
2022-05-17,1279.0,165820.0,73671.0,1263.0,59060.0,29879.0,16.0,0.012509773260349875,3031.0,2326.0,705.0,2.465644767227736,2.8076532339992752,0.0252505010020041,0.2688492063492063,0.14451901565995517
2022-05-18,1231.0,164811.0,57090.0,1213.0,59604.0,19199.0,18.0,0.01462225832655189,-1009.0,544.0,-1553.0,2.973592374602689,2.765099657741045,-0.037529319781078985,0.22123015873015883,0.12317518248175174
2022-05-19,1203.0,165139.0,54778.0,1193.0,60227.0,19256.0,10.0,0.0083125519534428,328.0,623.0,-295.0,2.8447237224759636,2.741942982383271,-0.022745735174654724,0.2663157894736843,0.10798986875431726
2022-05-20,1171.75,162373.0,40065.0,1170.0,61091.0,13598.0,1.75,0.001493492639213575,-2766.0,864.0,-3630.0,2.946389174878442,2.6578874138579716,-0.025976724854530286,0.23342105263157897,0.10542452830188687
2022-05-23,1192.0,163968.0,38143.0,1198.0,60982.0,16382.0,-6.0,-0.005033557046975643,1595.0,-109.0,1704.0,2.328348187034408,2.6887934144501218,0.017281843396629082,-0.04448897795591178,0.12852071005917165
2022-05-24,1155.75,159664.0,52749.0,1160.0,62649.0,22375.0,-4.25,-0.003677265844686414,-4304.0,1667.0,-5971.0,2.357497206703805,2.5485482609458643,-0.030411073825503343,-0.09636434714620801,0.09033018867924536
2022-05-25,1147.75,157903.0,51657.0,1145.0,63796.0,21375.0,2.75,0.00239599215856903,-1761.0,1147.0,-2908.0,2.4167017543858518,2.4751238322151474,-0.006921912178239231,-0.06762794476035738,0.07769953051643186
2022-05-26,1141.25,157244.0,38507.0,1152.0,65400.0,14784.0,-10.75,-0.009419496166475866,-659.0,1604.0,-2263.0,2.604640151514975,2.4043425076452234,-0.0056632541929863,-0.05133000831255197,0.06758652946679145
2022-05-27,1157.5,155827.0,25544.0,1166.25,66232.0,8384.0,-8.75,-0.007559395248373599,-1417.0,832.0,-2249.0,3.046755725190476,2.3527448967266222,0.014238773274917849,-0.012161297205035226,0.08026131591227248
2022-05-31,1087.5,153215.0,68159.0,1097.5,68658.0,34185.0,-10.0,-0.00919540229884212,-2612.0,2426.0,-5038.0,1.993827702208513,2.2315680619883738,-0.06047516198704106,-0.08766778523489938,0.04567307692307687
2022-06-01,1041.75,147634.0,81448.0,1042.5,71859.0,37376.0,-0.75,-0.0007199424046069403,-5581.0,3201.0,-8782.0,2.179152397260216,2.0544956094573807,-0.042068965517241375,-0.09863724853990918,0.022576687116564464
2022-06-02,1061.5,140791.0,58137.0,1072.75,74587.0,30486.0,-11.25,-0.010598210080065382,-6843.0,2728.0,-9571.0,1.9070064947844287,1.8876077600654015,0.01895848332133432,-0.07514702679154872,0.04196319018404915
2022-06-03,1040.0,137598.0,40835.0,1046.5,77180.0,17958.0,-6.5,-0.00624999999999399,-3193.0,2593.0,-5786.0,2.2739169172512375,1.7828193832598886,-0.0202543570419218,-0.08871851040525736,0.020858895705521574
2022-06-06,1098.75,130792.0,60711.0,1080.0,78735.0,30309.0,18.75,0.01706484641636672,-6806.0,1555.0,-8361.0,2.0030683955260153,1.6611672064520013,0.05649038461538458,-0.050755939524838034,0.09002976190476186
2022-06-07,1073.25,118995.0,84918.0,1075.0,87869.0,60043.0,-1.75,-0.0016305613789875328,-11797.0,9134.0,-20931.0,1.414286428059867,1.3542318678942362,-0.02320819112627981,-0.013103448275862073,0.0647321428571428
2022-06-08,1074.25,105752.0,68009.0,1085.5,97890.0,50986.0,-11.25,-0.01047242262042311,-13243.0,10021.0,-23264.0,1.3338759659514117,1.0803146388803648,0.000931749359422307,0.03119750419966394,0.06572420634920628
2022-06-09,1071.5,93618.0,70950.0,1077.5,105927.0,55224.0,-6.0,-0.005599626691548671,-12134.0,8037.0,-20171.0,1.2847674923945878,0.8837973321249456,-0.0025599255294391776,0.009420631182289307,0.06299603174603186
2022-06-10,1071.25,80897.0,62709.0,1085.0,114719.0,49930.0,-13.75,-0.012835472578751145,-12721.0,8792.0,-21513.0,1.2559383136390696,0.7051752543170642,-0.00023331777881474558,0.030048076923076872,0.06274801587301582
2022-06-13,1067.75,75077.0,62605.0,1075.5,124802.0,49270.0,-7.75,-0.007258253336448365,-5820.0,10083.0,-15903.0,1.2706515120762885,0.6015688851140157,-0.003267211201867015,-0.028213879408418685,0.12394736842105258
2022-06-14,1054.25,70923.0,34011.0,1070.25,127312.0,29621.0,-16.0,-0.015176665876200923,-4154.0,2510.0,-6664.0,1.1482056648998633,0.5570802438104769,-0.012643409037696118,-0.017703237829023943,0.10973684210526313
2022-06-15,1050.0,64820.0,32823.0,1063.0,128555.0,27856.0,-13.0,-0.01238095238094059,-6103.0,1243.0,-7346.0,1.1783098793796245,0.5042199836645754,-0.0040313018733696415,-0.02257388875959976,-0.1583166332665331
2022-06-16,1078.0,57092.0,38169.0,1085.0,132153.0,31896.0,-7.0,-0.00649350649350047,-7728.0,3598.0,-11326.0,1.1966704288938677,0.43201440754276915,0.026666666666666616,0.006066262249183385,-0.15715402658326816
2022-06-17,1031.25,51002.0,42369.0,1044.25,132858.0,35631.0,-13.0,-0.012606060606048382,-6090.0,705.0,-6795.0,1.1891049928432773,0.38388354483734227,-0.04336734693877553,-0.037339556592765444,-0.16226645004061735
2022-06-21,975.0,44796.0,54693.0,990.0,136466.0,57056.0,-15.0,-0.015384615384599606,-6206.0,3608.0,-9814.0,0.9585845485137241,0.32825758797062765,-0.054545454545454564,-0.08686490283306014,-0.18952618453865333
2022-06-22,972.0,41444.0,35050.0,989.0,137994.0,51781.0,-17.0,-0.017489711934138386,-3352.0,1528.0,-4880.0,0.6768892064656791,0.3003318984883379,-0.003076923076923088,-0.07801754801991934,-0.1704715169618093
2022-06-23,938.75,38858.0,32876.0,949.0,140194.0,46898.0,-10.25,-0.010918774966699421,-2586.0,2200.0,-4786.0,0.7010107040811826,0.27717306018802323,-0.0342078189300411,-0.10595238095238091,-0.21245805369127513
2022-06-24,924.0,26224.0,28752.0,936.0,141780.0,43179.0,-12.0,-0.012987012986998931,-12634.0,1586.0,-14220.0,0.6658792468560952,0.1849626181407802,-0.015712383488681758,-0.1428571428571429,-0.20051914341336796
2022-06-27,901.0,17134.0,26815.0,914.5,143578.0,48106.0,-13.5,-0.014983351831281928,-9090.0,1798.0,-10888.0,0.5574148754832962,0.11933583139478111,-0.024891774891774854,-0.12630303030303025,-0.21498584186451752
2022-06-28,901.0,8665.0,23635.0,934.0,143377.0,53518.0,-33.0,-0.0366259711431336,-8469.0,-201.0,-8268.0,0.4416271161104593,0.06043507675568564,0.0,-0.07589743589743592,-0.21051478641840082
2022-06-29,906.0,3682.0,12305.0,932.75,147220.0,50777.0,-26.75,-0.029525386313433197,-4983.0,3843.0,-8826.0,0.24233412765621754,0.02501018883303882,0.005549389567147678,-0.0679012345679012,-0.2172786177105831
2022-06-30,852.0,1364.0,2286.0,888.75,144586.0,70148.0,-36.75,-0.04313380281685078,-2318.0,-2634.0,316.0,0.03258824200262256,0.009433831767944273,-0.05960264900662249,-0.09241011984021308,-0.216551724137931
2022-07-01,788.75,459.0,419.0,840.25,146752.0,54111.0,-51.5,-0.06529318541988552,-905.0,2166.0,-3071.0,0.0077433423887932635,0.003127725686873071,-0.07423708920187788,-0.14637445887445888,-0.2428605711543077
2022-07-05,,395.0,76.0,806.75,144599.0,55014.0,,,-64.0,-2153.0,2089.0,0.0013814665357908646,0.0027316924736685406,0.0,-0.12458379578246392,-0.2569477154969383
2022-07-06,,362.0,384.0,805.25,144741.0,57720.0,,,-33.0,142.0,-175.0,0.006652806652806538,0.002501019061634212,0.0,-0.12458379578246392,-0.24158653846153844
2022-07-07,,201.0,187.0,837.25,144020.0,49291.0,,,-161.0,-721.0,560.0,0.003793796027672318,0.0013956394945146412,0.0,-0.12941501103752762,-0.28213879408418663
2022-07-08,,143.0,110.0,890.0,141363.0,51844.0,,,-58.0,-2657.0,2599.0,0.0021217498649795134,0.0010115801164378162,0.0,-0.07423708920187788,-0.2650826927556488
2022-07-11,,81.0,102.0,855.25,141282.0,51969.0,,,-62.0,-81.0,19.0,0.001962708537782102,0.0005733214422219351,0.0,0.0,-0.2657668140563184
2022-07-12,777.5,85.0,70.0,814.0,139497.0,50490.0,-36.5,-0.0469453376205184,4.0,-1785.0,1789.0,0.0013864131511190062,0.0006093321003319025,-0.014263074484944571,-0.014263074484944571,-0.2743817078861409
2022-07-13,,27.0,30.0,814.25,139123.0,49075.0,,,-58.0,-374.0,316.0,0.0006113092205807313,0.00019407287076903033,0.0,-0.014263074484944571,-0.2742123687281214
2022-07-14,,37.0,41.0,797.0,137591.0,53660.0,,,10.0,-1532.0,1542.0,0.0007640700708162363,0.00026891293761946444,0.0,-0.014263074484944571,-0.2718332943104659
2022-07-15,777.0,135945.0,44621.0,785.0,75974.0,26543.0,-8.0,-0.010296010295997046,135908.0,-61617.0,197525.0,1.6810835248464122,1.7893621502092585,-0.0006430868167202064,-0.014896988906497599,-0.2629831633862936
2022-07-18,805.25,134718.0,42326.0,823.0,75349.0,20925.0,-17.75,-0.02204284383729023,-1227.0,-625.0,-602.0,2.0227479091994254,1.7879202112834702,0.036357786357786415,0.02091917591125192,-0.23309523809523813
2022-07-19,812.25,136644.0,45981.0,828.0,75090.0,23839.0,-15.75,-0.019390581717427652,1926.0,-259.0,2185.0,1.9288141281093196,1.8197363164202713,0.00869295249922386,0.0446945337620579,-0.24652133580705005
2022-07-20,824.0,138061.0,38891.0,830.0,74848.0,19025.0,-6.0,-0.007281553398049416,1417.0,-242.0,1659.0,2.0442049934295903,1.8445516246258837,0.014465989535241697,0.05980707395498386,-0.20096969696969702
2022-07-21,800.0,140592.0,43046.0,814.0,76443.0,21441.0,-14.0,-0.017499999999978127,2531.0,1595.0,936.0,2.007648896972995,1.8391742867234169,-0.029126213592232997,0.02893890675241151,-0.17948717948717952
2022-07-22,753.0,141249.0,66188.0,771.75,79518.0,35941.0,-18.75,-0.024900398406341433,657.0,3075.0,-2418.0,1.8415736902144673,1.7763147966497927,-0.05874999999999997,-0.030888030888030937,-0.22530864197530864
2022-07-25,765.25,138744.0,47491.0,790.0,80690.0,25398.0,-24.75,-0.032342371773887824,-2505.0,1172.0,-3677.0,1.8698716434364173,1.7194695749163251,0.01626826029216466,-0.049674014281279155,-0.18482023968042605
2022-07-26,803.5,133736.0,43798.0,817.0,84017.0,23204.0,-13.5,-0.016801493466064965,-5008.0,3327.0,-8335.0,1.8875193932079861,1.591773093540574,0.049983665468801064,-0.010772545398584188,-0.13041125541125542
2022-07-27,785.25,132947.0,41494.0,804.0,87196.0,21630.0,-18.75,-0.023877745940752784,-789.0,3179.0,-3968.0,1.9183541377715247,1.5246914996100562,-0.02271313005600495,-0.04702669902912626,-0.1284683684794673
2022-07-28,816.0,130794.0,37417.0,832.5,89901.0,18989.0,-16.5,-0.020220588235269336,-2153.0,2705.0,-4858.0,1.9704565801252318,1.4548670203890783,0.03915950334288443,0.020000000000000018,-0.09433962264150941
2022-07-29,800.25,129676.0,47268.0,821.0,91548.0,29489.0,-20.75,-0.02592939706338528,-1118.0,1647.0,-2765.0,1.602902777306738,1.4164809717306612,-0.01930147058823528,0.06274900398406369,-0.11672185430463577
2022-08-01,797.0,129214.0,41076.0,805.0,93414.0,23951.0,-8.0,-0.010037641154316138,-462.0,1866.0,-2328.0,1.7150014613167837,1.3832401995418098,-0.0040612308653545925,0.041489709245344564,-0.06455399061032863
2022-08-02,772.0,128065.0,47230.0,793.0,96766.0,27726.0,-21.0,-0.027202072538824867,-1149.0,3352.0,-4501.0,1.703455240568358,1.3234503854659556,-0.031367628607277265,-0.039203484754200324,-0.021236133122028544
2022-08-03,766.0,127081.0,51385.0,780.0,97281.0,39543.0,-14.0,-0.018276762402064915,-984.0,515.0,-1499.0,1.2994714614469995,1.3063290878999876,-0.007772020725388629,-0.024514485832537458,-0.028843106180665656
2022-08-04,781.0,125929.0,46769.0,798.0,101051.0,36121.0,-17.0,-0.02176696542890939,-1152.0,3770.0,-4922.0,1.2947869660308051,1.246192516649996,0.019582245430809442,-0.04289215686274506,-0.009825673534072932
2022-08-05,771.75,117884.0,51597.0,790.0,105391.0,42654.0,-18.25,-0.023647554259768517,-8045.0,4340.0,-12385.0,1.2096638064425094,1.1185395337362667,-0.011843790012804112,-0.0356138706654171,-0.021553090332805058
2022-08-08,779.0,108873.0,64408.0,799.0,114888.0,57300.0,-20.0,-0.025673940949902857,-9011.0,9497.0,-18508.0,1.1240488656195267,0.9476446626279424,0.009394233884029823,-0.02258469259723961,-0.012361331220285265
2022-08-09,781.0,100437.0,59015.0,795.25,124151.0,53282.0,-14.25,-0.018245838668350518,-8436.0,9263.0,-17699.0,1.107597312413177,0.8089906645939153,0.0025673940949935137,0.011658031088082943,-0.009825673534072932
2022-08-10,797.75,91187.0,68225.0,819.0,130516.0,58781.0,-21.25,-0.02663741773735301,-9250.0,6365.0,-15615.0,1.160664160187796,0.6986652977412677,0.021446862996158833,0.04144908616187992,0.026045016077170358
2022-08-11,809.25,79848.0,63667.0,825.0,140991.0,56704.0,-15.75,-0.019462465245573726,-11339.0,10475.0,-21814.0,1.1227955699774068,0.5663340213205058,0.014415543716703283,0.03617157490396927,0.04083601286173644
2022-08-12,795.25,75877.0,40652.0,810.75,142109.0,38724.0,-15.5,-0.019490726186709224,-3971.0,1118.0,-5089.0,1.0497882450159837,0.5339352187405405,-0.017299969107198,0.030450275348234523,0.022829581993569104
2022-08-15,797.5,68587.0,29781.0,811.5,144539.0,30285.0,-14.0,-0.017554858934147266,-7290.0,2430.0,-9720.0,0.9833580980683182,0.47452244722877235,0.002829298962590432,0.023748395378690557,0.026383526383526368
2022-08-16,785.25,63625.0,25480.0,802.75,148294.0,30847.0,-17.5,-0.022285896211369265,-4962.0,3755.0,-8717.0,0.8260122540279176,0.4290463538646174,-0.0153605015673981,0.005441741357234298,-0.024837007140639522
2022-08-17,760.5,60867.0,29954.0,780.0,153134.0,44191.0,-19.5,-0.025641025640991924,-2758.0,4840.0,-7598.0,0.677830327442224,0.3974754136899683,-0.03151862464183386,-0.0466938263867126,-0.06371191135734067
2022-08-18,732.0,58127.0,38267.0,750.0,157742.0,60666.0,-18.0,-0.024590163934392638,-2740.0,4608.0,-7348.0,0.6307816569412747,0.3684941233152847,-0.03747534516765283,-0.09545875810936055,-0.11165048543689315
2022-08-19,752.5,57209.0,18896.0,771.0,157250.0,40655.0,-18.5,-0.024584717607940752,-918.0,-492.0,-426.0,0.4647890788340803,0.3638092209856893,0.028005464480874265,-0.05375668028921721,-0.059374999999999956
2022-08-22,767.75,52842.0,22523.0,781.25,158835.0,44625.0,-13.5,-0.01758384890912721,-4367.0,1585.0,-5952.0,0.5047170868347226,0.33268486164887884,0.02026578073089702,-0.0373040752351097,0.01958831341301459
2022-08-23,781.0,47466.0,26881.0,797.5,160874.0,53387.0,-16.5,-0.02112676056335323,-5376.0,2039.0,-7415.0,0.5035120909584636,0.2950507850864634,0.017258222077499275,-0.00541228907991087,0.0205815093106827
2022-08-24,792.5,42950.0,23598.0,813.25,161623.0,48931.0,-20.75,-0.026182965299651504,-4516.0,749.0,-5265.0,0.48227095297458705,0.26574188079666716,0.01472471190781044,0.04207758053911892,-0.013690105787181106
2022-08-25,765.0,37537.0,18247.0,795.0,161350.0,48165.0,-30.0,-0.03921568627445854,-5413.0,-273.0,-5140.0,0.3788435586006358,0.23264332197086934,-0.034700315457413256,0.04508196721311486,-0.025787965616045794
2022-08-26,789.75,21156.0,28064.0,805.25,163586.0,56544.0,-15.5,-0.019626464070883663,-16381.0,2236.0,-18617.0,0.4963214487832397,0.12932647048035817,0.032352941176470695,0.049501661129568,-0.032169117647058876
2022-08-29,811.75,9238.0,23866.0,840.0,166031.0,73912.0,-28.25,-0.03480135509696976,-11918.0,2445.0,-14363.0,0.32289749972940357,0.05564021176768161,0.027856916745805593,0.05731032237056333,0.01437050921587013
2022-08-30,790.0,2119.0,12216.0,820.0,169195.0,59308.0,-30.0,-0.037974683544255726,-7119.0,3164.0,-10283.0,0.2059755850812672,0.012524010756818981,-0.026793963658761966,0.011523687580025532,-0.008782936010037656
2022-08-31,780.25,1255.0,1705.0,826.25,169470.0,49675.0,-46.0,-0.05895546299255501,-864.0,275.0,-1139.0,0.03432310015098069,0.007405440490942306,-0.012341772151898689,-0.01545741324921135,0.010686528497409364
2022-09-01,705.0,747.0,1046.0,793.75,168173.0,57932.0,-88.75,-0.12588652482251647,-508.0,-1297.0,789.0,0.018055651453427846,0.00444185451885853,-0.09644344761294454,-0.07843137254901966,-0.07963446475195823
2022-09-02,705.0,474.0,440.0,806.0,166867.0,35504.0,-101.0,-0.14326241134731452,-273.0,-1306.0,1033.0,0.01239296980621867,0.0028405856160894434,0.0,-0.10731244064577394,-0.09731113956466064
2022-09-06,,398.0,386.0,817.0,167118.0,36892.0,,,-76.0,251.0,-327.0,0.010462973002276634,0.0023815507605404423,0.0,-0.13150600554357872,-0.08649173955296408
2022-09-07,,353.0,389.0,844.0,167836.0,84918.0,,,-45.0,718.0,-763.0,0.004580889799571297,0.0021032436426034816,0.0,-0.10759493670886078,-0.09499358151476256
2022-09-08,,320.0,306.0,829.0,164813.0,52459.0,,,-33.0,-3023.0,2990.0,0.005833126822852021,0.0019415944130620648,0.0,-0.09644344761294454,-0.09731113956466064
2022-09-09,,64.0,40.0,869.0,165800.0,54262.0,,,-256.0,987.0,-1243.0,0.0007371641295934405,0.0003860072376357034,0.0,0.0,-0.11626449388906301
2022-09-12,,47.0,54.0,858.0,162491.0,60220.0,,,-17.0,-3309.0,3292.0,0.000896712055795402,0.0002892467890529304,0.0,0.0,-0.12882298424467098
2022-09-13,,30.0,31.0,863.0,159645.0,51520.0,,,-17.0,-2846.0,2829.0,0.0006017080745341499,0.00018791694071220404,0.0,0.0,-0.1134863250550141
2022-09-14,,31.0,33.0,874.0,157188.0,45623.0,,,1.0,-2457.0,2458.0,0.0007233193783836942,0.00019721607247372448,0.0,0.0,-0.11598746081504707
2022-09-15,843.0,157362.0,52974.0,855.0,51083.0,12566.0,-12.0,-0.014234875444822971,157331.0,-106105.0,263436.0,4.215661308291882,3.0805160229429935,0.1957446808510639,0.1957446808510639,0.07354345749761215
2022-09-16,858.0,155291.0,47239.0,850.0,49938.0,11713.0,8.0,0.009324009323998458,-2071.0,-1145.0,-926.0,4.033040211730211,3.1096759982377526,0.017793594306049876,0.21702127659574466,0.1282051282051282
2022-09-19,829.75,155233.0,46375.0,839.25,50208.0,8891.0,-9.5,-0.011449231696280267,-58.0,270.0,-328.0,5.21594871218027,3.091798119821481,-0.03292540792540788,0.17695035460992914,0.1335382513661203
2022-09-20,889.0,154338.0,72771.0,895.0,49628.0,18058.0,-6.0,-0.006749156355447977,-895.0,-580.0,-315.0,4.029848266695978,3.1098976384298562,0.07140705031636041,0.2609929078014184,0.1813953488372093
2022-09-21,891.0,154046.0,91297.0,901.25,50572.0,29446.0,-10.25,-0.011503928170581925,-292.0,944.0,-1236.0,3.1004890307680806,3.0460729257295927,0.0022497187851517886,0.2638297872340425,0.1605340280039076
2022-09-22,907.5,155439.0,59590.0,916.5,53197.0,19088.0,-9.0,-0.009917355371889898,1393.0,2625.0,-1232.0,3.1218566638724266,2.921950485929603,0.0185185185185186,0.07651245551601416,0.1619718309859155
2022-09-23,875.75,150798.0,54237.0,885.25,53573.0,14716.0,-9.5,-0.01084784470452658,-4641.0,376.0,-5017.0,3.685580320739081,2.8148134321392715,-0.03498622589531686,0.020687645687645695,0.10504731861198735
2022-09-26,862.0,147158.0,48793.0,867.0,54233.0,10209.0,-5.0,-0.005800464037116241,-3640.0,660.0,-4300.0,4.779410324223256,2.7134401563623127,-0.01570082786183269,0.03886712865320874,0.12679738562091503
2022-09-27,880.0,147605.0,48803.0,870.5,55533.0,13244.0,9.5,0.010795454545442278,447.0,1300.0,-853.0,3.684913923285738,2.6579691354689525,0.02088167053364276,-0.010123734533183382,0.11427666983222529
2022-09-28,900.0,150424.0,51296.0,901.0,57103.0,11968.0,-1.0,-0.0011111111111098766,2819.0,1570.0,1249.0,4.286096256684134,2.6342573945326406,0.022727272727272707,0.010101010101010166,0.10871573760394204
2022-09-29,898.5,147555.0,41358.0,895.75,56869.0,10472.0,2.75,0.0030606566499687695,-2869.0,-234.0,-2635.0,3.9493888464472926,2.5946473474124288,-0.0016666666666667052,-0.00991735537190086,0.1373417721518988
2022-09-30,920.0,147085.0,78137.0,925.0,58096.0,20195.0,-5.0,-0.005434782608689745,-470.0,1227.0,-1697.0,3.8691260212922076,2.5317577802257896,0.023928770172509717,0.05052811875535257,0.1791092598526114
2022-10-03,912.0,144541.0,52399.0,916.75,59331.0,16839.0,-4.75,-0.005208333333327622,-2544.0,1235.0,-3779.0,3.1117643565530546,2.436180074497271,-0.008695652173912993,0.058004640371229765,0.29361702127659584
2022-10-04,903.0,141687.0,50521.0,911.5,58848.0,17118.0,-8.5,-0.009413067552592013,-2854.0,-483.0,-2371.0,2.951337773104162,2.4076774061989803,-0.009868421052631526,0.026136363636363624,0.2808510638297872
2022-10-05,903.75,140553.0,39955.0,915.0,59685.0,11138.0,-11.25,-0.012448132780069213,-1134.0,837.0,-1971.0,3.5872688094807335,2.3549132947976483,0.0008305647840531893,0.004166666666666652,0.28191489361702127
2022-10-06,881.75,140658.0,46423.0,884.5,61807.0,15329.0,-2.75,-0.003118797845190679,105.0,2122.0,-2017.0,3.0284428207969842,2.275761645121066,-0.024343015214384534,-0.018642181413466852,0.250709219858156
2022-10-07,881.75,140592.0,38141.0,886.25,63709.0,13469.0,-4.5,-0.005103487383039293,-66.0,1902.0,-1968.0,2.831761823446222,2.206783970867504,0.0,-0.04157608695652171,0.250709219858156
2022-10-10,933.5,140502.0,77244.0,944.0,66098.0,24544.0,-10.5,-0.011247991430089718,-90.0,2389.0,-2479.0,3.147164276401436,2.1256618959726143,0.05869010490501836,0.023574561403508776,0.32411347517730493
2022-10-11,902.0,140784.0,65146.0,909.25,69051.0,27100.0,-7.25,-0.008037694013294858,282.0,2953.0,-2671.0,2.4039114391143026,2.0388408567580187,-0.03374397429030529,-0.001107419712070845,0.27943262411347525
2022-10-12,884.0,138546.0,44744.0,899.0,70297.0,18442.0,-15.0,-0.01696832579183601,-2238.0,1246.0,-3484.0,2.4262010627913226,1.9708664665632676,-0.019955654101995512,-0.021853388658367945,0.2539007092198582
2022-10-13,892.5,136985.0,63574.0,903.0,72062.0,18010.0,-10.5,-0.011764705882339759,-1561.0,1765.0,-3326.0,3.52992781787876,1.9009325303210858,0.009615384615384581,0.01219166430394103,0.26595744680851063
2022-10-14,859.5,136001.0,45071.0,873.25,72497.0,14941.0,-13.75,-0.01599767306571728,-984.0,435.0,-1419.0,3.016598621243356,1.8759534877305009,-0.036974789915966366,-0.02523390983838958,0.019572953736654908
2022-10-17,861.0,133671.0,42651.0,878.75,70841.0,15098.0,-17.75,-0.020615563298466186,-2330.0,-1656.0,-674.0,2.8249437011522835,1.8869157691167278,0.0017452006980802626,-0.07766470273165504,0.0034965034965035446
2022-10-18,850.5,133754.0,46278.0,865.0,73031.0,17084.0,-14.5,-0.017048794826552558,83.0,2190.0,-2107.0,2.7088503863262288,1.8314688283057627,-0.012195121951219523,-0.057095343680709565,0.02500753238927378
2022-10-19,836.25,133389.0,39811.0,859.5,72320.0,12244.0,-23.25,-0.027802690582926396,-365.0,-711.0,346.0,3.2514701078076405,1.844427544247762,-0.01675485008818345,-0.05401583710407243,-0.059336332958380256
2022-10-20,845.25,134812.0,34078.0,861.0,73435.0,13960.0,-15.75,-0.018633540372648763,1423.0,1115.0,308.0,2.4411174785098537,1.8358003676720658,0.010762331838565009,-0.05294117647058827,-0.05134680134680136
2022-10-21,847.25,132890.0,41911.0,873.0,74270.0,12134.0,-25.75,-0.030392446149270707,-1922.0,835.0,-2757.0,3.4540135157406087,1.7892823481890159,0.00236616385684707,-0.014252472367655589,-0.06639118457300275
2022-10-24,838.75,132820.0,38013.0,855.0,76612.0,14549.0,-16.25,-0.019374068554373326,-70.0,2342.0,-2412.0,2.612756890507759,1.7336709653839901,-0.010032457952198315,-0.025842044134727016,-0.04224950042820441
2022-10-25,832.75,136354.0,40775.0,851.0,79044.0,18365.0,-18.25,-0.021915340738490646,3534.0,2432.0,1102.0,2.22025592158986,1.7250392186630013,-0.0071535022354694,-0.02087007642563199,-0.0339327146171694
2022-10-26,842.25,135040.0,39250.0,853.0,79045.0,14739.0,-10.75,-0.012763431285232694,-1314.0,1.0,-1315.0,2.663002917429767,1.7083939528116678,0.011407985589912961,0.007174887892376747,-0.042897727272727226
2022-10-27,838.0,137317.0,36089.0,855.5,78935.0,16949.0,-17.5,-0.02088305489257651,2277.0,-110.0,2387.0,2.1292701634313453,1.7396212073224584,-0.005046007717423584,-0.008577343981070684,-0.06888888888888889
2022-10-28,829.25,139484.0,33954.0,842.25,79293.0,12198.0,-13.0,-0.01567681640034287,2167.0,358.0,1809.0,2.783571077225546,1.7590960109971654,-0.010441527446300669,-0.021245205075243412,-0.07707289927657202
2022-10-31,882.0,134913.0,98975.0,893.0,79730.0,42531.0,-11.0,-0.012471655328784047,-4571.0,437.0,-5008.0,2.3271260962591445,1.6921234165307701,0.06361169731685257,0.051564828614008906,-0.04130434782608694
2022-11-01,895.0,135745.0,74354.0,891.0,82660.0,32725.0,4.0,0.004469273743011766,832.0,2930.0,-2098.0,2.272085561497257,1.6422090491168444,0.01473922902494329,0.07475232662864006,-0.018640350877192957
2022-11-02,844.75,136005.0,96131.0,861.5,86862.0,40103.0,-16.75,-0.0198283515832852,260.0,4202.0,-3942.0,2.397102461162447,1.5657594805553456,-0.056145251396648055,0.0029682398337784743,-0.06450719822812845
2022-11-03,842.0,133813.0,48030.0,855.0,88933.0,22680.0,-13.0,-0.015439429928722756,-2192.0,2071.0,-4263.0,2.117724867724774,1.5046495676520357,-0.0032554010062149086,0.004773269689737569,-0.06832641770401104
2022-11-04,847.75,131796.0,43974.0,866.0,90492.0,21249.0,-18.25,-0.02152757298729398,-2017.0,1559.0,-3576.0,2.0694620923336595,1.4564381381779443,0.006828978622327897,0.022309315646668715,-0.03855968244967389
2022-11-07,841.75,127550.0,76862.0,863.0,97316.0,54378.0,-21.25,-0.025245025244995254,-4246.0,6824.0,-11070.0,1.4134760381036189,1.31067861399974,-0.007077558242406412,-0.045634920634920584,-0.045364332293734044
2022-11-08,828.0,121241.0,72922.0,844.0,103445.0,47029.0,-16.0,-0.019323671497561205,-6309.0,6129.0,-12438.0,1.5505751770184026,1.1720334477258332,-0.016335016335016328,-0.0748603351955307,-0.11301553294054634
2022-11-09,806.75,114707.0,95226.0,827.25,111326.0,71370.0,-20.5,-0.02541059807867938,-6534.0,7881.0,-14415.0,1.334258091635122,1.0303702639095895,-0.025664251207729416,-0.04498372299496889,-0.10559866962305986
2022-11-10,800.0,106014.0,77215.0,824.0,119280.0,59612.0,-24.0,-0.0299999999999625,-8693.0,7954.0,-16647.0,1.2952928940481565,0.8887826961770549,-0.008366904245429185,-0.049881235154394354,-0.09502262443438914
2022-11-11,813.0,95492.0,75488.0,837.0,129358.0,59421.0,-24.0,-0.02952029520291572,-10522.0,10078.0,-20600.0,1.2703926221369337,0.7381994155753743,0.016250000000000098,-0.04099085815393688,-0.08907563025210086
2022-11-14,817.75,86285.0,45112.0,839.0,131474.0,34720.0,-21.25,-0.025985937022285556,-9207.0,2116.0,-11323.0,1.2993087557603313,0.6562894564704759,0.005842558425584343,-0.028512028512028498,-0.04857475276323442
2022-11-15,829.0,80370.0,73685.0,842.5,135836.0,57924.0,-13.5,-0.01628468033773669,-5915.0,4362.0,-10277.0,1.2720979214142452,0.5916693660001724,0.013757260776520841,0.0012077294685990392,-0.03716608594657378
2022-11-16,814.75,72163.0,48018.0,831.5,138076.0,42865.0,-16.75,-0.02055845351332242,-8207.0,2240.0,-10447.0,1.120214627318299,0.5226324632810878,-0.01718938480096499,0.009916330957545627,-0.04203409758965315
2022-11-17,807.0,69596.0,40772.0,825.0,142134.0,35732.0,-18.0,-0.022304832713727008,-2567.0,4058.0,-6625.0,1.1410500391805347,0.4896506113948775,-0.0095121202822952,0.008750000000000036,-0.034977578475336335
2022-11-18,800.0,65811.0,30557.0,817.0,145765.0,33902.0,-17.0,-0.02124999999997344,-3785.0,3631.0,-7416.0,0.9013332546752139,0.4514869824717837,-0.008674101610904539,-0.01599015990159902,-0.05353445726116535
2022-11-21,797.5,60247.0,32913.0,816.5,152622.0,37878.0,-19.0,-0.023824451410628434,-5564.0,6857.0,-12421.0,0.8689212735624672,0.39474649788365773,-0.0031250000000000444,-0.024763069397737647,-0.058719386249631134
2022-11-22,790.0,55977.0,22214.0,810.25,156833.0,36917.0,-20.25,-0.02563291139237262,-4270.0,4211.0,-8481.0,0.6017282010997481,0.3569210561552712,-0.009404388714733591,-0.04704463208685161,-0.058122205663189264
2022-11-23,788.5,50035.0,21445.0,809.0,160036.0,42850.0,-20.5,-0.02599873176914902,-5942.0,3203.0,-9145.0,0.5004667444573979,0.3126484041090735,-0.0018987341772152,-0.032218471923903036,-0.05313719603722611
2022-11-25,770.0,32877.0,22496.0,792.0,160693.0,34408.0,-22.0,-0.028571428571391465,-17158.0,657.0,-17815.0,0.6538014415252078,0.20459509748402108,-0.023462270133164265,-0.045848822800495626,-0.0857821311962007
2022-11-28,751.75,12537.0,41776.0,783.0,163551.0,76464.0,-31.25,-0.04156967076815222,-20340.0,2858.0,-23198.0,0.5463486084954939,0.07665498835225663,-0.023701298701298668,-0.06031249999999999,-0.10292362768496421
2022-11-29,750.0,2317.0,16739.0,782.0,166093.0,51018.0,-32.0,-0.04266666666660978,-10220.0,2542.0,-12762.0,0.32809988631462766,0.01395001595491674,-0.002327901563019652,-0.059561128526645746,-0.09556828459451316
2022-11-30,750.0,1142.0,2247.0,795.5,167286.0,45182.0,-45.5,-0.06066666666658578,-1175.0,1193.0,-2368.0,0.04973219423664181,0.006826632234616126,0.0,-0.05063291139240511,-0.1496598639455783
2022-12-01,750.0,867.0,841.0,784.25,169705.0,41085.0,-34.25,-0.04566666666660578,-275.0,2419.0,-2694.0,0.020469757819154912,0.0051088653840487604,0.0,-0.04882688649334177,-0.16201117318435754
2022-12-02,730.5,659.0,516.0,762.0,173548.0,50916.0,-31.5,-0.04312114989727157,-208.0,3843.0,-4051.0,0.010134338911147574,0.003797220365547262,-0.026000000000000023,-0.05129870129870129,-0.1352471145309263
2022-12-05,,305.0,129.0,741.0,178647.0,51514.0,,,-354.0,5099.0,-5453.0,0.002504173622704459,0.0017072774801703825,0.0,-0.02826737612238106,-0.13242280285035635
2022-12-06,,397.0,236.0,729.0,184018.0,52137.0,,,92.0,5371.0,-5279.0,0.004526535857452395,0.0021573976458824566,0.0,-0.026000000000000023,-0.13830728398702452
2022-12-07,,511.0,409.0,749.5,182536.0,50433.0,,,114.0,-1482.0,1596.0,0.00810976939702163,0.0027994477801638975,0.0,-0.026000000000000023,-0.13216513216513215
2022-12-08,,346.0,232.0,749.5,181626.0,35604.0,,,-165.0,-910.0,745.0,0.006516121784069023,0.0019050135993745284,0.0,-0.026000000000000023,-0.11775362318840576
2022-12-09,,237.0,53.0,732.75,182353.0,32511.0,,,-109.0,727.0,-836.0,0.0016302174648579978,0.0012996770001041864,0.0,0.0,-0.0945150294391075
2022-12-12,,250.0,262.0,755.25,178961.0,49826.0,,,13.0,-3392.0,3405.0,0.005258298880102652,0.0013969524086253353,0.0,0.0,-0.08687500000000004
2022-12-13,,100.0,103.0,749.0,175265.0,49908.0,,,-150.0,-3696.0,3546.0,0.0020637973871923928,0.0005705645736456191,0.0,0.0,-0.10147601476014756
2022-12-14,,72.0,72.0,751.0,174111.0,41587.0,,,-28.0,-1154.0,1126.0,0.0017313102652270727,0.0004135293002739608,0.0,0.0,-0.10669520024457357
2022-12-15,757.5,172415.0,51207.0,751.25,52922.0,12549.0,6.25,0.00825082508249736,172343.0,-121189.0,293532.0,4.080564188381219,3.257907864404156,0.03696098562628336,0.03696098562628336,-0.08624849215922803
2022-12-16,756.0,169963.0,32613.0,755.0,52977.0,12319.0,1.0,0.001322751322749573,-2452.0,55.0,-2507.0,2.6473739751601064,3.2082413122675275,-0.001980198019801982,0.03490759753593431,-0.0721080085915925
2022-12-19,748.5,168132.0,39778.0,746.75,53153.0,13677.0,1.75,0.002338009352034285,-1831.0,176.0,-2007.0,2.908386342033859,3.163170470152143,-0.009920634920634885,0.024640657084188833,-0.07249070631970256
2022-12-20,749.0,166312.0,38339.0,753.5,54789.0,13097.0,-4.5,-0.006008010680899856,-1820.0,1636.0,-3456.0,2.9273115980756717,3.0354998266074755,0.0006680026720107257,0.02532511978097185,-0.06374999999999997
2022-12-21,767.5,164409.0,52904.0,768.0,55900.0,16657.0,-0.5,-0.0006514657980447538,-1903.0,1111.0,-3014.0,3.176082127633837,2.941127012522309,0.02469959946595468,0.05065023956194392,-0.037617554858934144
2022-12-22,763.0,165396.0,34649.0,765.25,57565.0,10829.0,-2.25,-0.0029488859764050476,987.0,1665.0,-678.0,3.199649090405097,2.8732042039433185,-0.005863192182410382,0.007260726072607193,-0.03417721518987338
2022-12-23,775.75,164179.0,25952.0,765.25,58168.0,7357.0,10.5,0.013535288430533633,-1217.0,603.0,-1820.0,3.527524806306439,2.8224969055150115,0.01671035386631714,0.026124338624338606,-0.016169942929613157
2022-12-27,776.0,161290.0,28358.0,761.5,58269.0,5498.0,14.5,0.0186855670102852,-2889.0,101.0,-2990.0,5.157875591123107,2.7680241637920204,0.00032226877215602023,0.036740146960587916,0.007792207792207684
2022-12-28,784.0,161815.0,33179.0,792.25,59091.0,8547.0,-8.25,-0.010522959183660047,525.0,822.0,-297.0,3.8819468819464276,2.7384034793792162,0.010309278350515427,0.04672897196261672,0.04289990023279011
2022-12-29,773.5,162893.0,35941.0,776.75,60349.0,7802.0,-3.25,-0.004201680672263476,1078.0,1258.0,-180.0,4.6066393232498575,2.699183085055217,-0.013392857142857095,0.007817589576547324,0.031333333333333435
2022-12-30,790.75,159688.0,34784.0,778.0,60744.0,8868.0,12.75,0.01612393297500332,-3205.0,395.0,-3600.0,3.9224176815512037,2.628868694850477,0.022301228183581046,0.03636959370904336,0.054333333333333345
2023-01-03,779.25,158496.0,50138.0,777.75,59344.0,13042.0,1.5,0.0019249278152044596,-1192.0,-1400.0,208.0,3.844349026222677,2.670800754920419,-0.014543155232374372,0.004511762810183617,0.038999999999999924
2023-01-04,747.0,160691.0,51975.0,751.0,58830.0,14983.0,-4.0,-0.005354752342696982,2195.0,-514.0,2709.0,3.468931455649505,2.731446540880457,-0.04138594802694895,-0.037371134020618535,0.022587268993839782
2023-01-05,746.25,160588.0,36793.0,746.5,58838.0,10767.0,-0.25,-0.00033500837520893134,-103.0,8.0,-111.0,3.417200705860182,2.7293245861517605,-0.0010040160642570406,-0.048150510204081676,0.021560574948665368
2023-01-06,742.0,159473.0,28671.0,750.0,58721.0,8682.0,-8.0,-0.010781671159015118,-1115.0,-117.0,-998.0,3.302349689011368,2.715774595119247,-0.0056951423785595034,-0.040723981900452455,0.015742642026009612
2023-01-09,740.5,158647.0,45486.0,748.25,57798.0,13308.0,-7.75,-0.010465901417946705,-826.0,-923.0,97.0,3.4179440937779217,2.7448527630713393,-0.0020215633423180668,-0.06354726525450527,0.013689253935660561
2023-01-10,728.75,160643.0,59339.0,736.0,56883.0,17409.0,-7.25,-0.00994854202400007,1996.0,-915.0,2911.0,3.4085243264975924,2.8240950723414233,-0.015867656988521217,-0.06480590311196666,-0.0023956194387405594
2023-01-11,738.25,161419.0,37156.0,738.0,58180.0,14630.0,0.25,0.00033863867253594495,776.0,1297.0,-521.0,2.5397129186601135,2.7744757648676046,0.013036020583190311,-0.011713520749665363,0.010609171800136874
2023-01-12,745.0,162660.0,64694.0,736.75,58804.0,24301.0,8.25,0.01107382550334084,1241.0,624.0,617.0,2.662194971400244,2.7661383579347874,0.009143244158482888,-0.0016750418760469454,0.019849418206707714
2023-01-13,742.0,160222.0,34226.0,742.5,59911.0,17563.0,-0.5,-0.0006738544474384449,-2438.0,1107.0,-3545.0,1.9487559073050191,2.67433359483229,-0.004026845637583931,0.0,0.015742642026009612
2023-01-17,749.75,158076.0,48648.0,759.25,61502.0,16128.0,-9.5,-0.012670890296748689,-2146.0,1591.0,-3737.0,3.0163690476188605,2.5702578777925504,0.01044474393530992,0.012491559756921067,0.026351813826146486
2023-01-18,740.5,157646.0,45150.0,748.5,62443.0,15144.0,-8.0,-0.010803511141106274,-430.0,941.0,-1371.0,2.981378763866681,2.5246384702848594,-0.012337445815271741,0.016123499142367104,-0.022442244224422425
2023-01-19,734.5,157090.0,39217.0,741.5,64093.0,16962.0,-7.0,-0.009530292716120449,-556.0,1650.0,-2206.0,2.3120504657468275,2.450969684676916,-0.008102633355840605,-0.005079580088046098,-0.028439153439153486
2023-01-20,741.5,157317.0,35444.0,744.0,64993.0,13418.0,-2.5,-0.003371544167224044,227.0,900.0,-673.0,2.641526307944355,2.4205222100841257,0.00953029271613337,-0.004697986577181235,-0.009352037408149605
2023-01-23,720.75,164859.0,63999.0,720.0,66588.0,19842.0,0.75,0.0010405827263252993,7542.0,1595.0,5947.0,3.225430904142565,2.4758064516128657,-0.027983816587997312,-0.02863881401617252,-0.037716955941255015
2023-01-24,733.0,160809.0,44243.0,740.75,67225.0,16805.0,-7.75,-0.010572987721677253,-4050.0,637.0,-4687.0,2.6327283546561957,2.392101152844888,0.01699618453000351,-0.02234078026008668,-0.044951140065146555
2023-01-25,739.0,155881.0,41249.0,740.75,68421.0,17370.0,-1.75,-0.0023680649526354965,-4928.0,1196.0,-6124.0,2.3747265400113773,2.278262521740368,0.008185538881309684,-0.002025658338960179,-0.03145478374836175
2023-01-26,750.25,153910.0,47206.0,755.0,69595.0,17989.0,-4.75,-0.006331222925682997,-1971.0,1174.0,-3145.0,2.6241592084049907,2.2115094475177495,0.015223274695534528,0.021443158611300195,-0.032871414759909734
2023-01-27,751.0,151303.0,41125.0,753.0,70011.0,14876.0,-2.0,-0.002663115845535735,-2607.0,416.0,-3023.0,2.7645200322665526,2.161131822142204,0.0009996667777407708,0.012811867835468727,-0.03221649484536082
2023-01-30,752.5,151229.0,43812.0,763.0,73166.0,17783.0,-10.5,-0.01395348837207448,-74.0,3155.0,-3229.0,2.4637012877465856,2.0669299948063022,0.001997336884154377,0.04405133541449868,-0.0401785714285714
2023-01-31,760.5,150610.0,59637.0,766.0,75280.0,23063.0,-5.5,-0.007232084155151568,-619.0,2114.0,-2733.0,2.5858301175041154,2.0006641870350426,0.010631229235880335,0.03751705320600274,-0.01680672268907568
2023-02-01,757.75,146938.0,60025.0,766.0,79212.0,29211.0,-8.25,-0.010887495875934164,-3672.0,3932.0,-7604.0,2.0548765875867976,1.8549967176690165,-0.0036160420775805946,0.025372124492557546,-0.04173253240594377
2023-02-02,759.25,147820.0,59106.0,768.0,79533.0,32675.0,-8.75,-0.011524530786945639,882.0,321.0,561.0,1.8089058913541909,1.858599575019151,0.0019795447047179504,0.011996001332889028,-0.025665704202759043
2023-02-03,756.0,143106.0,72367.0,767.0,80772.0,35244.0,-11.0,-0.014550264550245304,-4714.0,1239.0,-5953.0,2.053314039269037,1.771727826474499,-0.004280540006585398,0.0066577896138482195,0.012048192771084265
2023-02-06,750.5,139981.0,56431.0,760.75,84342.0,28482.0,-10.25,-0.013657561625564746,-3125.0,3570.0,-6695.0,1.9812864265149224,1.6596831946123916,-0.007275132275132323,-0.0026578073089701393,0.005695142378559392
2023-02-07,749.75,134718.0,70662.0,760.0,92095.0,50522.0,-10.25,-0.013671223741228849,-5263.0,7753.0,-13016.0,1.3986382170143423,1.4628155708778818,-0.0009993337774816258,-0.014135437212360324,0.01044474393530992
2023-02-08,763.5,122647.0,90201.0,777.25,106210.0,57778.0,-13.75,-0.0180091683038402,-12071.0,14115.0,-26186.0,1.5611651493647831,1.1547594388475553,0.018339446482160682,0.007588254701418773,0.03106009453072245
2023-02-09,754.75,111745.0,75196.0,763.0,116986.0,54494.0,-8.25,-0.010930771778720198,-10902.0,10776.0,-21678.0,1.3798950343156793,0.9551997674935381,-0.01146037982973147,-0.005926901547579799,0.03567753001715257
2023-02-10,787.5,101699.0,109946.0,796.0,127971.0,72530.0,-8.5,-0.010793650793637087,-10046.0,10985.0,-21031.0,1.515869295463925,0.7947034875088825,0.04339185160649217,0.04166666666666674,0.06671181848967156
2023-02-13,789.0,91539.0,88266.0,795.75,136795.0,65724.0,-6.75,-0.008555133079837065,-10160.0,8824.0,-18984.0,1.3429797334306897,0.6691691947805062,0.0019047619047618536,0.05129913391072627,0.059060402684563806
2023-02-14,786.25,83040.0,64638.0,796.75,146959.0,60596.0,-10.5,-0.01335453100157284,-8499.0,10164.0,-18663.0,1.06670407287608,0.5650555597139301,-0.0034854245880862056,0.048682894298099466,0.05963611859838269
2023-02-15,769.25,75349.0,55479.0,779.75,152555.0,56909.0,-10.5,-0.013649658758513292,-7691.0,5596.0,-13287.0,0.9748721643325138,0.49391367047949597,-0.021621621621621623,0.007531106745252147,0.026008669556518926
2023-02-16,765.0,67416.0,34054.0,774.75,154373.0,35373.0,-9.75,-0.012745098039199026,-7933.0,1818.0,-9751.0,0.9627116727447217,0.43670849176993104,-0.0055248618784530246,0.013580655846306744,0.03308575286968263
2023-02-17,764.5,58886.0,32055.0,776.25,158848.0,37232.0,-11.75,-0.015369522563747065,-8530.0,4475.0,-13005.0,0.8609529437043173,0.37070658742949003,-0.0006535947712418277,-0.029206349206349236,0.04084411164057178
2023-02-21,750.0,44940.0,49781.0,761.5,166717.0,67049.0,-11.5,-0.015333333333312889,-13946.0,7869.0,-21815.0,0.7424570090530694,0.26955859330482035,-0.018966644865925475,-0.049429657794676785,0.011463250168577188
2023-02-22,736.75,36973.0,38925.0,748.5,169159.0,68504.0,-11.75,-0.01594842212417245,-7967.0,2442.0,-10409.0,0.5682149947448241,0.21856951152465895,-0.01766666666666672,-0.06295707472178058,0.02219909816163712
2023-02-23,737.5,26859.0,29844.0,751.0,165585.0,65535.0,-13.5,-0.01830508474573789,-10114.0,-3574.0,-6540.0,0.45539024948500106,0.16220672162333447,0.001017984390905946,-0.0412739681507962,0.006139154160982319
2023-02-24,707.5,15052.0,29656.0,717.5,171022.0,86161.0,-10.0,-0.014134275618354581,-11807.0,5437.0,-17244.0,0.34419284827241625,0.08801206862274978,-0.04067796610169494,-0.07516339869281041,-0.04262516914749659
2023-02-27,,2639.0,24587.0,711.75,178689.0,81173.0,,,-12413.0,7667.0,-20080.0,0.3028962832468887,0.01476867630352168,0.0,-0.07455853499018972,-0.05698100633122294
2023-02-28,,1393.0,1970.0,706.25,183862.0,57464.0,,,-1246.0,5173.0,-6419.0,0.034282333286926876,0.007576334424731552,0.0,-0.05666666666666664,-0.05792276964047938
2023-03-01,,820.0,213.0,713.0,187478.0,55837.0,,,-573.0,3616.0,-4189.0,0.0038146748571734907,0.0043738465313263196,0.0,-0.03970139124533423,-0.05980066445182719
2023-03-02,696.75,755.0,170.0,712.75,189571.0,50799.0,-16.0,-0.022963760315718746,-65.0,2093.0,-2158.0,0.0033465225693418504,0.00398267667522984,-0.015194346289752692,-0.05525423728813561,-0.08382642998027612
2023-03-03,,147.0,132.0,710.25,193458.0,41608.0,,,-608.0,3887.0,-4495.0,0.0031724668333012124,0.000759854852215981,0.0,-0.015194346289752692,-0.08050148465852858
2023-03-06,,33.0,20.0,696.0,196206.0,48629.0,,,-114.0,2748.0,-2862.0,0.00041127722141108373,0.00016819057521176638,0.0,-0.015194346289752692,-0.08231807704972016
2023-03-07,,64.0,64.0,697.0,196773.0,46818.0,,,31.0,567.0,-536.0,0.0013669955999828834,0.0003252478744543188,0.0,-0.015194346289752692,-0.07837301587301593
2023-03-08,,40.0,30.0,688.25,197447.0,58631.0,,,-24.0,674.0,-698.0,0.000511674711330175,0.0002025860104230492,0.0,-0.015194346289752692,-0.07161892071952036
2023-03-09,,47.0,42.0,665.0,203415.0,79762.0,,,7.0,5968.0,-5961.0,0.0005265665354429361,0.00023105474030921894,0.0,0.0,-0.07069023007669228
2023-03-10,,38.0,42.0,681.75,201230.0,56324.0,,,-9.0,-2185.0,2176.0,0.0007456856757332444,0.00018883864234954935,0.0,0.0,-0.08742632612966605
2023-03-13,,33.0,30.0,682.0,196294.0,78534.0,,,-5.0,-4936.0,4931.0,0.00038200015280005626,0.0001681151741775084,0.0,0.0,-0.07684663795958924
2023-03-14,,39.0,35.0,695.25,191993.0,57958.0,,,6.0,-4301.0,4307.0,0.0006038855723109734,0.00020313240586896292,0.0,0.0,-0.11523809523809525
2023-03-15,704.0,187819.0,50727.0,708.0,102759.0,24027.0,-4.0,-0.005681818181810111,187780.0,-89234.0,277014.0,2.1112498439254956,1.827762045173641,0.0104054538930749,0.0104054538930749,-0.10773130544993659
2023-03-16,697.5,185360.0,43894.0,702.25,101165.0,15605.0,-4.75,-0.006810035842284143,-2459.0,-1594.0,-865.0,2.812816404998218,1.8322542381258158,-0.009232954545454586,0.0010764262648008671,-0.11287758346581878
2023-03-17,708.5,184497.0,58006.0,713.5,98375.0,26693.0,-5.0,-0.007057163020455812,-863.0,-2790.0,1927.0,2.1730790844040695,1.8754459974586848,0.01577060931899643,0.016864011481880103,-0.07897302567435815
2023-03-20,700.0,184129.0,61276.0,703.0,99802.0,30151.0,-3.0,-0.004285714285708163,-368.0,1427.0,-1795.0,2.032304069516698,1.844942987114468,-0.011997177134791759,0.004664513814137017,-0.08496732026143794
2023-03-21,681.25,185730.0,68061.0,692.5,102383.0,30026.0,-11.25,-0.016513761467865668,1601.0,2581.0,-980.0,2.266735495903475,1.8140706953302617,-0.0267857142857143,-0.02224614280588444,-0.1088947024198823
2023-03-22,663.0,191255.0,89216.0,674.5,106195.0,40426.0,-11.5,-0.017345399698314713,5525.0,3812.0,1713.0,2.2068965517240837,1.8009793304769357,-0.026788990825688086,-0.058238636363636354,-0.11599999999999999
2023-03-23,658.5,193517.0,56070.0,671.0,108363.0,27810.0,-12.5,-0.0189825360667897,2262.0,2168.0,94.0,2.01618122977339,1.7858217288188607,-0.006787330316742057,-0.05591397849462365,-0.10620970478452663
2023-03-24,689.5,185837.0,114498.0,688.0,105724.0,52972.0,1.5,0.002175489485131,-7680.0,-2639.0,-5041.0,2.161481537415953,1.7577560440391797,0.047076689445709974,-0.026817219477769938,-0.06508474576271184
2023-03-27,698.0,184433.0,58958.0,708.0,107319.0,25538.0,-10.0,-0.01432664756444939,-1404.0,1595.0,-2999.0,2.3086381079175227,1.7185493714999047,0.01232777374909344,-0.0028571428571428914,-0.01342756183745586
2023-03-28,698.25,181145.0,51076.0,706.25,107226.0,23356.0,-8.0,-0.011457214464716854,-3288.0,-93.0,-3195.0,2.1868470628531345,1.6893757111148258,0.00035816618911166387,0.02495412844036693,-0.013074204946996515
2023-03-29,705.5,179889.0,77189.0,711.5,107701.0,34255.0,-6.0,-0.00850460666192983,-1256.0,475.0,-1731.0,2.253364472339739,1.6702630430543666,0.010383100608664542,0.0641025641025641,-0.002826855123674865
2023-03-30,691.25,179012.0,45510.0,702.5,110451.0,26666.0,-11.25,-0.016274864376106656,-877.0,2750.0,-3627.0,1.7066676666916032,1.6207367973128208,-0.020198440822111974,0.04973424449506458,-0.02296819787985871
2023-03-31,691.25,175333.0,58011.0,702.5,112773.0,31371.0,-11.25,-0.016274864376106656,-3679.0,2322.0,-6001.0,1.849191928851428,1.554742713238084,0.0,0.002538071065989911,-0.007893792608539618
2023-04-03,695.0,173402.0,51071.0,705.25,114001.0,34632.0,-10.25,-0.0147482014388277,-1931.0,1228.0,-3159.0,1.4746765996765572,1.5210568328347862,0.005424954792043302,-0.004297994269340966,-0.0025116612845353936
2023-04-04,691.25,170404.0,44904.0,702.5,116228.0,28667.0,-11.25,-0.016274864376106656,-2998.0,2227.0,-5225.0,1.5664003906930768,1.466118319165765,-0.0053956834532373765,-0.010025062656641603,-0.007893792608539618
2023-04-05,680.75,172227.0,56289.0,695.0,121524.0,36939.0,-14.25,-0.02093279471168427,1823.0,5296.0,-3473.0,1.5238365954681632,1.417226226918128,-0.015189873417721489,-0.03508150248051023,-0.022963760315751758
2023-04-06,674.0,170593.0,55620.0,683.0,122657.0,39500.0,-9.0,-0.013353115726983156,-1634.0,1133.0,-2767.0,1.4081012658227492,1.390813406491261,-0.009915534337128218,-0.024954792043399676,-0.03265159669895945
2023-04-07,674.0,170593.0,,683.0,122657.0,,-9.0,-0.013353115726983156,0.0,0.0,0.0,,1.390813406491261,0.0,-0.024954792043399676,-0.03265159669895945
2023-04-10,679.25,158037.0,67549.0,681.0,125527.0,55582.0,-1.75,-0.002576370997419836,-12556.0,2870.0,-15426.0,1.2153035155265874,1.2589881061444848,0.007789317507418403,-0.022661870503597137,-0.02511661284535338
2023-04-11,674.0,144037.0,114948.0,683.25,145362.0,95359.0,-9.25,-0.013724035608288243,-14000.0,19835.0,-33835.0,1.2054237145943099,0.9908848254701986,-0.007729112992270859,-0.024954792043399676,-0.03265159669895945
2023-04-12,678.5,124742.0,111542.0,685.0,153037.0,105265.0,-6.5,-0.009579955784805335,-19295.0,7675.0,-26970.0,1.0596304564670018,0.8151100714206315,0.00667655786350152,-0.0033051781123760726,-0.026193039110154248
2023-04-13,666.5,104715.0,91658.0,674.75,170015.0,88565.0,-8.25,-0.012378094523612337,-20027.0,16978.0,-37005.0,1.0349235025122674,0.6159162426844654,-0.017686072218128235,-0.011127596439169163,-0.053267045454545414
2023-04-14,684.25,91650.0,81450.0,690.0,184255.0,78884.0,-5.75,-0.008403361344525535,-13065.0,14240.0,-27305.0,1.0325287764312023,0.4974084828091477,0.026631657914478524,0.015207715133531252,-0.018996415770609287
2023-04-17,694.75,78609.0,71093.0,707.0,187637.0,74507.0,-12.25,-0.017632241813576637,-13041.0,3382.0,-16423.0,0.9541788019917463,0.4189418931234223,0.01534526854219953,0.022819285977180748,-0.019407198306280904
2023-04-18,697.25,68651.0,44586.0,705.0,190499.0,60095.0,-7.75,-0.011115095016118874,-9958.0,2862.0,-12820.0,0.7419252849654591,0.36037459514222986,0.003598416696653395,0.03449554896142426,-0.003928571428571392
2023-04-19,680.75,61947.0,31370.0,691.25,194301.0,52042.0,-10.5,-0.015424164524398936,-6704.0,3802.0,-10506.0,0.6027823680873026,0.3188197693269704,-0.023664395840803154,0.003316138540899072,-0.0007339449541284848
2023-04-20,667.25,54506.0,36941.0,678.0,197120.0,56696.0,-10.75,-0.016110902959885934,-7441.0,2819.0,-10260.0,0.651562720474096,0.2765117694805181,-0.019831068674256325,0.0011252813203301848,0.0064102564102563875
2023-04-21,661.5,40556.0,34367.0,676.0,206646.0,61307.0,-14.5,-0.021919879062703068,-13950.0,9526.0,-23476.0,0.5605722021954987,0.19625833551096952,-0.008617459722742637,-0.03324808184143224,0.004555808656036442
2023-04-24,643.25,29683.0,25969.0,656.0,209430.0,74613.0,-12.75,-0.019821220365301484,-10873.0,2784.0,-13657.0,0.34804926755390686,0.14173232106192932,-0.027588813303099036,-0.07412738395106155,-0.06707759245830314
2023-04-25,638.0,17390.0,26652.0,653.0,212364.0,85290.0,-15.0,-0.023510971786797005,-12293.0,2934.0,-15227.0,0.3124868097080512,0.08188770224708482,-0.008161678973960362,-0.08497669415561138,-0.08595988538681953
2023-04-26,625.25,9626.0,18041.0,643.75,215776.0,63261.0,-18.5,-0.029588164734059036,-7764.0,3412.0,-11176.0,0.28518360443242624,0.04461107815512363,-0.01998432601880873,-0.08152772677194275,-0.10454708199069096
2023-04-27,535.0,1840.0,18402.0,629.75,220221.0,88176.0,-94.75,-0.17710280373798673,-7786.0,4445.0,-12231.0,0.20869624387588223,0.008355243142116291,-0.14434226309476206,-0.19820157362307977,-0.24167257264351527
2023-04-28,620.0,1025.0,1022.0,632.75,221337.0,61854.0,-12.75,-0.02056451612899909,-815.0,1116.0,-1931.0,0.016522779448378173,0.004630947378883763,0.1588785046728971,-0.06273620559334847,-0.10307414104882462
2023-05-01,601.5,830.0,1106.0,619.0,226874.0,62946.0,-17.5,-0.029093931837025612,-195.0,5537.0,-5732.0,0.017570616083626957,0.003658418329116586,-0.029838709677419306,-0.06490478041197045,-0.1298372513562387
2023-05-02,510.0,398.0,406.0,609.75,229505.0,64269.0,-99.75,-0.19558823529373415,-432.0,2631.0,-3063.0,0.0063171980270424885,0.00173416701161194,-0.15211970074812964,-0.20062695924764895,-0.26618705035971224
2023-05-03,510.0,308.0,352.0,640.25,226601.0,98282.0,-130.25,-0.2553921568622443,-90.0,-2904.0,2814.0,0.0035815306973809692,0.0013592173026597352,0.0,-0.1843262694922031,-0.26220614828209765
2023-05-04,510.0,177.0,187.0,644.25,222236.0,72438.0,-134.25,-0.2632352941171309,-131.0,-4365.0,4234.0,0.0025815179877964247,0.0007964506200615526,0.0,-0.04672897196261683,-0.250826294528094
2023-05-05,510.0,102.0,78.0,658.5,219203.0,70364.0,-148.5,-0.2911764705876644,-75.0,-3033.0,2958.0,0.0011085214029901496,0.00046532209869390266,0.0,-0.17741935483870963,-0.24332344213649848
2023-05-08,,27.0,24.0,653.25,214883.0,62820.0,,,-75.0,-4320.0,4245.0,0.000382043935052525,0.0001256497722016161,0.0,-0.15211970074812964,-0.24332344213649848
2023-05-09,,15.0,8.0,644.0,213610.0,59773.0,,,-12.0,-1273.0,1261.0,0.00013383969350709964,7.022143158091817e-05,0.0,0.0,-0.24917188075082808
2023-05-10,,50.0,42.0,640.0,211266.0,59987.0,,,35.0,-2344.0,2379.0,0.0007001516995348876,0.0002366684653470022,0.0,0.0,-0.24332344213649848
2023-05-11,,22.0,22.0,627.0,213639.0,53457.0,,,-28.0,2373.0,-2401.0,0.00041154572834239836,0.00010297745261866934,0.0,0.0,-0.24834193072955046
2023-05-12,,65.0,66.0,634.5,214200.0,74154.0,,,43.0,561.0,-518.0,0.0008900396472206369,0.0003034547152194197,0.0,0.0,-0.23480870217554384
2023-05-15,663.0,210644.0,67502.0,674.25,67422.0,19541.0,-11.25,-0.01696832579182961,210579.0,-146778.0,357357.0,3.454377974514945,3.124262110290363,0.30000000000000004,0.30000000000000004,-0.03105590062111796
2023-05-16,647.0,210578.0,62562.0,652.5,68212.0,23746.0,-5.5,-0.00850077279751391,-66.0,790.0,-856.0,2.6346332013811744,3.0871107722980837,-0.02413273001508298,0.2686274509803921,-0.06872975890608135
2023-05-17,623.5,211775.0,98456.0,628.75,66534.0,31650.0,-5.25,-0.008420208500387457,1197.0,-1678.0,2875.0,3.110774091627074,3.1829590885862387,-0.03632148377125188,0.22254901960784323,-0.10577267837934745
2023-05-18,611.0,212456.0,59509.0,624.5,66753.0,18294.0,-13.5,-0.022094926350209338,681.0,219.0,462.0,3.252924456105649,3.182718379698243,-0.020048115477145134,0.19803921568627447,-0.1024605214836577
2023-05-19,605.5,213197.0,62743.0,614.0,68584.0,21602.0,-8.5,-0.014037985136227848,741.0,1831.0,-1090.0,2.9044995833717753,3.1085530152804863,-0.009001636661211121,0.18725490196078431,-0.0925440239790184
2023-05-22,606.0,212803.0,60942.0,610.0,71146.0,23664.0,-4.0,-0.006600660065995708,-394.0,2562.0,-2956.0,2.5753042596347795,2.991074691479451,0.0008257638315440907,-0.08597285067873306,-0.08390022675736963
2023-05-23,622.0,213430.0,57431.0,627.0,72087.0,17104.0,-5.0,-0.008038585208990291,627.0,941.0,-314.0,3.357752572497465,2.960728009211051,0.0264026402640265,-0.03863987635239563,-0.033035367275553784
2023-05-24,606.0,215663.0,61465.0,610.0,73830.0,19053.0,-4.0,-0.006600660065995708,2233.0,1743.0,490.0,3.2260011546736354,2.9210754435865782,-0.025723472668810254,-0.028067361668003166,-0.050156739811912265
2023-05-25,605.0,215594.0,53306.0,616.25,77287.0,18858.0,-11.25,-0.018595041322283314,-69.0,3457.0,-3526.0,2.8267048467492404,2.789524758368124,-0.0016501650165016146,-0.009819967266775809,-0.032387045181927254
2023-05-26,616.75,210664.0,48350.0,621.0,79590.0,19658.0,-4.25,-0.006890960680977882,-4930.0,2303.0,-7233.0,2.459558449486089,2.646865184068317,0.019421487603305865,0.01857968620974404,0.15280373831775695
2023-05-30,591.0,212205.0,74481.0,604.0,79691.0,32921.0,-13.0,-0.021996615905208128,1541.0,101.0,1440.0,2.262416086996074,2.662847749432148,-0.041751114714227766,-0.024752475247524774,-0.04677419354838708
2023-05-31,593.25,207595.0,73773.0,611.0,80587.0,29651.0,-17.75,-0.029919932574749397,-4610.0,896.0,-5506.0,2.488044248085984,2.5760358370456453,0.0038071065989848663,-0.0462218649517685,-0.013715710723191998
2023-06-01,610.75,201422.0,80028.0,609.75,82799.0,34522.0,1.0,0.0016373311502224522,-6173.0,2212.0,-8385.0,2.3181739180811567,2.432662230220142,0.029498525073746285,0.007838283828382808,0.1975490196078431
2023-06-02,620.0,198736.0,69362.0,633.0,85926.0,26527.0,-13.0,-0.020967741935450052,-2686.0,3127.0,-5813.0,2.6147698571266025,2.3128738682121557,0.01514531313958245,0.024793388429751984,0.21568627450980382
2023-06-05,623.75,195652.0,69485.0,636.25,87501.0,29659.0,-12.5,-0.020040080160288513,-3084.0,1575.0,-4659.0,2.3427964530158687,2.235997302887941,0.006048387096774244,0.011349817592217315,0.2230392156862746
2023-06-06,627.0,197043.0,113883.0,636.5,91843.0,62270.0,-9.5,-0.015151515151490987,1391.0,4342.0,-2951.0,1.8288581981692336,2.1454329671286634,0.0052104208416834386,0.060913705583756306,0.22941176470588243
2023-06-07,616.25,179671.0,89270.0,626.0,100074.0,48479.0,-9.75,-0.01582150101417311,-17372.0,8231.0,-25603.0,1.8414158707893762,1.7953814177508463,-0.01714513556618824,0.038769490096923764,0.20833333333333326
2023-06-08,625.5,170063.0,98911.0,638.25,107698.0,69601.0,-12.75,-0.020383693045530962,-9608.0,7624.0,-17232.0,1.421114639157463,1.5790729632862115,0.015010141987829684,0.024150634465820664,0.2264705882352942
2023-06-09,630.0,152384.0,113037.0,635.75,114199.0,86367.0,-5.75,-0.009126984126969639,-17679.0,6501.0,-24180.0,1.3087984994268491,1.3343724551002956,0.007194244604316502,0.016129032258064502,0.23529411764705888
2023-06-12,634.0,135985.0,91968.0,645.25,124455.0,61301.0,-11.25,-0.01774447949524015,-16399.0,10256.0,-26655.0,1.5002691636351528,1.0926439275239959,0.006349206349206327,0.016432865731462964,0.2431372549019608
2023-06-13,637.0,119912.0,106163.0,648.0,134365.0,69668.0,-11.0,-0.017268445839847303,-16073.0,9910.0,-25983.0,1.5238416489636342,0.8924347858445214,0.004731861198738141,0.01594896331738438,0.24901960784313726
2023-06-14,629.75,109986.0,70761.0,641.25,141131.0,57053.0,-11.5,-0.018261214767735987,-9926.0,6766.0,-16692.0,1.2402678211487348,0.779318505501975,-0.011381475667189944,0.02190669371196763,-0.05015082956259431
2023-06-15,661.0,100513.0,72093.0,667.5,143398.0,57069.0,-6.5,-0.009833585476535804,-9473.0,2267.0,-11740.0,1.263260263891057,0.7009372515655679,0.049622866216752604,0.056754596322941664,0.021638330757341562
2023-06-16,686.5,87511.0,99940.0,690.0,142622.0,85155.0,-3.5,-0.005098324836117846,-13002.0,-776.0,-12226.0,1.1736245669661067,0.6135869641429751,0.038577912254160296,0.08968253968253959,0.10104250200481157
2023-06-20,693.5,73008.0,76040.0,696.75,144608.0,68485.0,-3.25,-0.004686373467909608,-14503.0,1986.0,-16489.0,1.1103161276191704,0.504868333702143,0.010196649672250535,0.09384858044164046,0.13502454991816704
2023-06-21,734.0,64518.0,59228.0,746.75,145527.0,72233.0,-12.75,-0.017370572207060803,-8490.0,919.0,-9409.0,0.8199576370910688,0.44334041105773886,0.05839942321557312,0.152276295133438,0.21222130470685374
2023-06-22,739.0,55987.0,49752.0,750.0,144176.0,74960.0,-11.0,-0.014884979702280265,-8531.0,-1351.0,-7180.0,0.6637139807897456,0.38832399289756697,0.006811989100817373,0.17348154029376728,0.21947194719471952
2023-06-23,730.5,32980.0,52472.0,740.0,144025.0,81324.0,-9.5,-0.013004791238859678,-23007.0,-151.0,-22856.0,0.6452215828045762,0.2289880229126872,-0.011502029769959399,0.10514372163388797,0.17443729903536975
2023-06-26,721.75,23185.0,37363.0,735.25,145593.0,95716.0,-13.5,-0.018704537582239413,-9795.0,1568.0,-11363.0,0.39035271010071054,0.1592452933863568,-0.011978097193702908,0.05134741442097601,0.19100660066006592
2023-06-27,682.75,16426.0,21844.0,699.0,141166.0,73256.0,-16.25,-0.02380080556569198,-6759.0,-4427.0,-2332.0,0.2981871792071598,0.11635946332686259,-0.05403533079321099,-0.015501081470800315,0.12851239669421477
2023-06-28,625.25,8595.0,19744.0,669.0,143063.0,70475.0,-43.75,-0.06997201119540988,-7831.0,1897.0,-9728.0,0.28015608371762635,0.06007842698671173,-0.08421823507872572,-0.14816076294277924,0.013781921361978089
2023-06-29,653.0,2083.0,13944.0,668.75,144683.0,57733.0,-15.75,-0.02411944869827853,-6512.0,1620.0,-8132.0,0.24152564391248954,0.014396992044676885,0.044382247101159455,-0.11637347767253048,0.10490693739424706
2023-06-30,625.25,1476.0,1368.0,646.0,146911.0,68030.0,-20.75,-0.03318672530982297,-607.0,2228.0,-2835.0,0.020108775540202555,0.010046899143018494,-0.04249617151607965,-0.14407939767282685,0.05394016013485037
2023-07-03,625.25,1200.0,694.0,639.0,150653.0,53440.0,-13.75,-0.021991203518557392,-276.0,3742.0,-4018.0,0.012986526946107543,0.007965324288265034,0.0,-0.1337028056806373,0.02374130167826438
2023-07-05,625.25,680.0,288.0,673.0,148394.0,73233.0,-47.75,-0.07636945221899022,-520.0,-2259.0,1739.0,0.003932653312031407,0.0045823955146434186,0.0,-0.08421823507872572,0.008467741935483941
2023-07-06,625.25,316.0,194.0,657.0,149172.0,57251.0,-31.75,-0.05077968812466888,-364.0,778.0,-1142.0,0.003388587098915244,0.0021183600139436216,0.0,0.0,0.0024048096192383905
2023-07-07,625.25,282.0,57.0,649.75,148309.0,48552.0,-24.5,-0.03918432626942953,-34.0,-863.0,829.0,0.0011739990113692296,0.001901435516388069,0.0,-0.04249617151607965,-0.002791068580542233
2023-07-10,625.25,265.0,23.0,645.5,149390.0,46427.0,-20.25,-0.03238704518187543,-17.0,1081.0,-1098.0,0.0004954013828160232,0.0017738804471517386,0.0,0.0,0.014604462474645086
2023-07-11,625.25,95.0,119.0,658.75,149129.0,45270.0,-33.5,-0.05357856857248528,-170.0,-261.0,91.0,0.0026286724099844794,0.0006370323679498915,0.0,0.0,-0.00039968025579539823
2023-07-12,600.0,25.0,12.0,632.75,150097.0,70490.0,-32.75,-0.05458333333324236,-70.0,968.0,-1038.0,0.00017023691303730783,0.00016655895854014293,-0.04038384646141546,-0.04038384646141546,-0.04761904761904767
2023-07-13,600.0,21.0,24.0,639.5,150341.0,63331.0,-39.5,-0.06583333333322361,-4.0,244.0,-248.0,0.0003789613301542629,0.0001396824552184691,0.0,-0.04038384646141546,-0.05362776025236593
2023-07-14,,52.0,52.0,659.25,150834.0,55640.0,,,31.0,493.0,-462.0,0.0009345794392523197,0.0003447498574591913,0.0,-0.04038384646141546,-0.058084772370486704
2023-07-17,653.0,150304.0,73578.0,671.25,88655.0,29815.0,-18.25,-0.027947932618640203,150252.0,-62179.0,212431.0,2.4678182123091577,1.6953809711803993,0.08833333333333337,0.044382247101159455,0.03691941246526409
2023-07-18,669.0,147830.0,54946.0,685.75,89020.0,24937.0,-16.75,-0.02503736920773537,-2474.0,365.0,-2839.0,2.203392549223956,1.6606380588631582,0.02450229709035212,0.06997201119552177,0.012102874432677657
2023-07-19,721.75,143508.0,148746.0,743.5,92090.0,74828.0,-21.75,-0.030135088326941274,-4322.0,3070.0,-7392.0,1.9878387769283958,1.558345097187517,0.07884902840059782,0.20291666666666663,0.05134741442097601
2023-07-20,727.0,141840.0,136382.0,740.0,94578.0,73442.0,-13.0,-0.01788170563959026,-1668.0,2488.0,-4156.0,1.8570028049344807,1.4997145213474432,0.007273986837547541,0.21166666666666667,0.048305695746214905
2023-07-21,695.25,140169.0,95069.0,718.0,97059.0,44873.0,-22.75,-0.032722042430733234,-1671.0,2481.0,-4152.0,2.118623671249925,1.4441628287948418,-0.04367262723521326,0.15874999999999995,-0.05279291553133514
2023-07-24,752.25,140114.0,96764.0,770.0,97913.0,54930.0,-17.75,-0.023595879029546567,-55.0,854.0,-909.0,1.7615874749681093,1.4310050759347437,0.08198489751887816,0.15199081163859107,0.017929634641407288
2023-07-25,760.25,135860.0,107919.0,779.5,100189.0,50436.0,-19.25,-0.025320618217658245,-4254.0,2276.0,-6530.0,2.139721627408951,1.3560370899000753,0.010634762379527984,0.13639760837070258,0.040725530458590065
2023-07-26,718.75,134946.0,105761.0,740.0,102328.0,48287.0,-21.25,-0.029565217391263214,-914.0,2139.0,-3053.0,2.19025824756141,1.3187592838714592,-0.054587306806971436,-0.004156563907170119,-0.004156563907170119
2023-07-27,712.5,133217.0,75102.0,735.0,102393.0,37196.0,-22.5,-0.031578947368376735,-1729.0,65.0,-1794.0,2.019088073986396,1.301036203646721,-0.008695652173912993,-0.019944979367262694,0.043573782497253744
2023-07-28,704.0,133307.0,74606.0,725.0,103916.0,39623.0,-21.0,-0.029829545454503083,90.0,1523.0,-1433.0,1.882896297604879,1.282834212248342,-0.011929824561403457,0.012585400934915558,0.12594962015193922
2023-07-31,665.75,131458.0,104577.0,692.0,105518.0,66907.0,-26.25,-0.03942921517080071,-1849.0,1602.0,-3451.0,1.563020311776024,1.2458348338671956,-0.054332386363636354,-0.11498836822864744,0.01952526799387444
2023-08-01,652.0,131326.0,69422.0,679.0,109534.0,42325.0,-27.0,-0.04141104294472176,-132.0,4016.0,-4148.0,1.6402126402834818,1.198951923603619,-0.020653398422831426,-0.14238737257481093,0.04278288684526199
2023-08-02,639.75,132801.0,90376.0,669.0,111884.0,48744.0,-29.25,-0.04572098475960028,1475.0,2350.0,-875.0,1.8540948629574543,1.1869525580064961,-0.018788343558282183,-0.10991304347826092,0.02319072371051578
2023-08-03,627.0,135053.0,65703.0,654.0,114493.0,44501.0,-27.0,-0.04306220095686912,2252.0,2609.0,-357.0,1.476438731713861,1.1795742971185907,-0.01992966002344665,-0.12,0.0027988804478209506
2023-08-04,635.25,135007.0,70991.0,659.75,117856.0,48924.0,-24.5,-0.038567493112886944,-46.0,3363.0,-3409.0,1.4510465211347918,1.1455250475156025,0.013157894736842035,-0.09765625,0.015993602558976416
2023-08-07,656.0,122831.0,104532.0,677.25,127617.0,78445.0,-21.25,-0.03239329268287745,-12176.0,9761.0,-21937.0,1.3325514691822125,0.9624971594693421,0.03266430539157805,-0.014645137063462266,0.049180327868852514
2023-08-08,653.0,114354.0,81628.0,679.0,133974.0,60298.0,-26.0,-0.039816232771761384,-8477.0,6357.0,-14834.0,1.3537430760555682,0.8535536745935716,-0.004573170731707266,0.0015337423312884457,0.044382247101159455
2023-08-09,635.0,105048.0,70504.0,662.25,144030.0,55088.0,-27.25,-0.04291338582670407,-9306.0,10056.0,-19362.0,1.2798431600348301,0.7293480524890598,-0.027565084226646275,-0.007424775302852682,0.015593762495001995
2023-08-10,637.5,94970.0,67426.0,662.5,152062.0,59667.0,-25.0,-0.03921568627444829,-10078.0,8032.0,-18110.0,1.1300383796738378,0.6245478817850573,0.003937007874015741,0.01674641148325362,0.0625
2023-08-11,626.25,85608.0,72254.0,661.0,164315.0,67306.0,-34.75,-0.05548902195599922,-9362.0,12253.0,-21615.0,1.0735149912340494,0.5209993001247573,-0.01764705882352946,-0.01416765053128688,0.043749999999999956
2023-08-14,613.25,81278.0,56037.0,638.0,171070.0,54594.0,-24.75,-0.040358744394553024,-4330.0,6755.0,-11085.0,1.0264314759863533,0.4751154498158621,-0.02075848303393213,-0.06516768292682928,0.022083333333333233
2023-08-15,597.0,77313.0,52402.0,624.0,179947.0,67722.0,-27.0,-0.045226130653190574,-3965.0,8877.0,-12842.0,0.7737810460411568,0.42964317271196284,-0.026498165511618432,-0.08575803981623276,-0.08575803981623276
2023-08-16,598.0,75175.0,41338.0,620.75,187407.0,56036.0,-22.75,-0.038043478260805945,-2138.0,7460.0,-9598.0,0.7377043329288183,0.4011322949516272,0.0016750418760469454,-0.058267716535433056,-0.10612855007473843
2023-08-17,588.75,70904.0,31435.0,617.0,192033.0,44109.0,-28.25,-0.04798301486191425,-4271.0,4626.0,-8897.0,0.7126663492711077,0.3692282055688326,-0.015468227424749181,-0.07647058823529407,-0.18427433321787323
2023-08-18,613.0,66284.0,32904.0,638.0,194562.0,47725.0,-25.0,-0.040783034257682246,-4620.0,2529.0,-7149.0,0.6894499738082622,0.3406831755430128,0.04118895966029723,-0.021157684630738527,-0.15680880330123792
2023-08-21,598.75,63121.0,24478.0,624.0,195422.0,42372.0,-25.25,-0.04217118997905274,-3163.0,860.0,-4023.0,0.5776928160105594,0.3229984341578721,-0.023246329526916854,-0.023644516918059466,-0.1387989931679252
2023-08-22,602.0,57699.0,26011.0,628.0,200237.0,42768.0,-26.0,-0.04318936877069238,-5422.0,4815.0,-10237.0,0.6081883651327954,0.28815353805740057,0.00542797494780789,0.008375209380234505,-0.19973413094051184
2023-08-23,612.5,53963.0,22591.0,637.5,201801.0,42320.0,-25.0,-0.04081632653054561,-3736.0,1564.0,-5300.0,0.5338137996219156,0.26740699996531103,0.01744186046511631,0.024247491638796026,-0.19434396580072344
2023-08-24,603.5,47388.0,21786.0,631.0,201885.0,40837.0,-27.5,-0.045567522783685886,-6575.0,84.0,-6659.0,0.5334867889413881,0.23472769150754028,-0.014693877551020362,0.025053078556263264,-0.16034782608695652
2023-08-25,590.5,30334.0,28997.0,623.0,200764.0,56651.0,-32.5,-0.05503810330219299,-17054.0,-1121.0,-15933.0,0.5118532770824785,0.15109282540694471,-0.02154101077050541,-0.0367047308319739,-0.17122807017543862
2023-08-28,587.75,21107.0,21644.0,616.5,205691.0,46802.0,-28.75,-0.048915355167930386,-9227.0,4927.0,-14154.0,0.4624588692790808,0.10261508768006329,-0.004657070279424191,-0.018371607515657584,-0.16512784090909094
2023-08-29,565.25,9405.0,27766.0,601.5,211442.0,68848.0,-36.25,-0.06413091552399093,-11702.0,5751.0,-17453.0,0.4032942133395247,0.04448028300905192,-0.03828158230540191,-0.061046511627906974,-0.1509575666541495
2023-08-30,518.0,3225.0,12815.0,605.75,217010.0,64121.0,-87.75,-0.16940154440121738,-6180.0,5568.0,-11748.0,0.19985652126448122,0.014861066310308212,-0.08359133126934981,-0.15428571428571425,-0.20552147239263807
2023-08-31,,1975.0,1699.0,601.5,218801.0,66515.0,,,-1250.0,1791.0,-3041.0,0.025543110576561293,0.009026466972271567,0.0,-0.14167357083678545,-0.19030871434153962
2023-09-01,,666.0,725.0,596.25,222594.0,52173.0,,,-1309.0,3793.0,-5102.0,0.013896076514672074,0.002991994393379862,0.0,-0.12277730736663839,-0.17384370015948958
2023-09-05,,388.0,104.0,599.0,227008.0,50088.0,,,-278.0,4414.0,-4692.0,0.0020763456316881873,0.0017091908655201505,0.0,-0.11867290514674611,-0.18457300275482091
2023-09-06,,300.0,309.0,609.0,225851.0,45236.0,,,-88.0,-1157.0,1069.0,0.006830842691661358,0.001328309372108154,0.0,-0.08359133126934981,-0.21036585365853655
2023-09-07,,244.0,152.0,599.0,224916.0,42727.0,,,-56.0,-935.0,879.0,0.0035574695157627838,0.0010848494549076052,0.0,0.0,-0.2067381316998469
2023-09-08,,202.0,50.0,594.5,226377.0,45764.0,,,-42.0,1461.0,-1503.0,0.0010925618390000636,0.0008923167989680892,0.0,0.0,-0.184251968503937
2023-09-11,,249.0,189.0,584.5,229981.0,50810.0,,,47.0,3604.0,-3557.0,0.0037197402086202773,0.0010826981359329637,0.0,0.0,-0.1874509803921569
2023-09-12,,83.0,167.0,586.75,232878.0,64491.0,,,-166.0,2897.0,-3063.0,0.0025895086136049593,0.000356409793969373,0.0,0.0,-0.17285429141716568
2023-09-13,,38.0,42.0,595.25,237408.0,65351.0,,,-45.0,4530.0,-4575.0,0.0006426833560312674,0.00016006200296535855,0.0,0.0,-0.15532001630656345
2023-09-14,,95.0,95.0,593.0,237139.0,55236.0,,,57.0,-269.0,326.0,0.001719892823520861,0.00040060892556685997,0.0,0.0,-0.13232830820770525
2023-09-15,603.75,237313.0,65394.0,628.0,80486.0,25962.0,-24.25,-0.04016563146991277,237218.0,-156653.0,393871.0,2.5188352207070905,2.948500360311073,0.16554054054054057,0.16554054054054057,0.009615384615384581
2023-09-18,589.75,240400.0,64919.0,614.0,80446.0,24242.0,-24.25,-0.04111911827038386,3087.0,-40.0,3127.0,2.6779556142231384,2.988340004475014,-0.023188405797101463,0.1385135135135136,0.001698513800424628
2023-09-19,584.0,241633.0,58587.0,608.0,80706.0,17608.0,-24.0,-0.041095890410888535,1233.0,260.0,973.0,3.327294411630888,2.993990533541459,-0.009749894022891059,0.12741312741312738,-0.047308319738988636
2023-09-20,587.5,244151.0,63637.0,615.0,81887.0,21738.0,-27.5,-0.0468085106382182,2518.0,1181.0,1337.0,2.9274542276197013,2.981559954571507,0.0059931506849315586,0.13416988416988418,-0.018789144050104345
2023-09-21,575.75,246258.0,50330.0,603.0,81639.0,14482.0,-27.25,-0.047329570125840506,2107.0,-248.0,2355.0,3.4753487087416466,3.0164259728805716,-0.020000000000000018,0.1114864864864864,-0.043604651162790664
2023-09-22,578.5,246292.0,45559.0,601.25,82827.0,13784.0,-22.75,-0.03932584269656123,34.0,1188.0,-1154.0,3.3052089378987732,2.973571419947566,0.004776378636561107,-0.041821946169772306,-0.05551020408163265
2023-09-25,589.25,246208.0,44697.0,605.25,82196.0,13166.0,-16.0,-0.027153160797578017,-84.0,-631.0,547.0,3.394880753455613,2.9953769039855587,0.018582541054451118,-0.0008478168715557732,-0.023612261806130852
2023-09-26,589.0,248739.0,48882.0,610.0,81801.0,18133.0,-21.0,-0.0356536502546084,2531.0,-395.0,2926.0,2.6957480836043293,3.0407818975317777,-0.00042426813746287984,0.008561643835616417,-0.002540220152413175
2023-09-27,579.75,251115.0,55807.0,603.75,81011.0,19953.0,-24.0,-0.04139715394559483,2376.0,-790.0,3166.0,2.7969227685058486,3.0997642295490353,-0.01570458404074704,-0.013191489361702113,-0.013611229264142932
2023-09-28,579.5,253294.0,43969.0,602.5,81840.0,16596.0,-23.0,-0.039689387402865074,2179.0,829.0,1350.0,2.649373342974051,3.0949902248288965,-0.0004312203536006587,0.0065132435953103585,0.025210084033613356
2023-09-29,542.25,259398.0,123780.0,575.0,85787.0,47665.0,-32.75,-0.060396496081032,6104.0,3947.0,2157.0,2.5968740165739517,3.0237448564467457,-0.06427955133735974,-0.06266205704407957,0.046814671814671804
2023-10-02,565.5,258071.0,96364.0,589.0,87549.0,36653.0,-23.5,-0.04155614500434738,-1327.0,1762.0,-3089.0,2.629089024090726,2.9477321271516184,0.042876901798063694,-0.04030547305897325,0.0916988416988418
2023-10-03,567.75,251536.0,75409.0,595.0,86002.0,34339.0,-27.25,-0.04799647732268077,-6535.0,-1547.0,-4988.0,2.1960161915023098,2.924769191414119,0.003978779840848823,-0.0360780984719864,0.09604247104247099
2023-10-04,559.0,250330.0,66479.0,578.25,88987.0,31511.0,-19.25,-0.03443649373875772,-1206.0,2985.0,-4191.0,2.109707721113195,2.8131075325609043,-0.015411712901805319,-0.035791289348857225,0.0791505791505791
2023-10-05,578.0,244317.0,69807.0,605.0,88357.0,29068.0,-27.0,-0.046712802768085274,-6013.0,-630.0,-5383.0,2.4015068116140634,2.7651119888633295,0.03398926654740597,-0.0025884383088869978,0.11583011583011582
2023-10-06,569.0,240061.0,50140.0,595.5,87785.0,20813.0,-26.5,-0.046572934973556114,-4256.0,-572.0,-3684.0,2.4090712535433427,2.7346471492851543,-0.01557093425605538,0.04933148916551411,0.09845559845559837
2023-10-09,573.25,238645.0,46092.0,602.75,88222.0,18536.0,-29.5,-0.05146096816388755,-1416.0,437.0,-1853.0,2.4866206301250275,2.7050508943347156,0.00746924428822493,0.013704686118479303,0.10666023166023164
2023-10-10,558.75,238496.0,48419.0,586.75,89046.0,19643.0,-28.0,-0.05011185682317654,-149.0,824.0,-973.0,2.4649493458228138,2.678346023403604,-0.025294374182293966,-0.015852047556142668,0.07866795366795376
2023-10-11,556.25,241618.0,43895.0,589.0,90267.0,19916.0,-32.75,-0.058876404494276176,3122.0,1221.0,1901.0,2.204006828680347,2.676703557224648,-0.004474272930648726,-0.004919499105545566,0.07384169884169878
2023-10-12,571.75,243156.0,83008.0,591.25,92264.0,38492.0,-19.5,-0.03410581547873353,1538.0,1997.0,-459.0,2.1565000519587927,2.6354374403884218,0.027865168539325857,-0.010813148788927363,0.1037644787644787
2023-10-13,579.25,235425.0,87479.0,606.0,93107.0,44310.0,-26.75,-0.04618040569694229,-7731.0,843.0,-8574.0,1.9742496050552478,2.5285424296776555,0.01311762133799732,0.018014059753954204,0.1182432432432432
2023-10-16,578.5,230511.0,56769.0,603.25,93215.0,28165.0,-24.75,-0.042783059636918266,-4914.0,108.0,-5022.0,2.0155867211076863,2.4728959931341254,-0.0012947777298230045,0.00915830789358929,-0.041821946169772306
2023-10-17,571.0,231011.0,53405.0,597.0,93425.0,26787.0,-26.0,-0.04553415061287998,500.0,210.0,290.0,1.9936909695000562,2.472689322986326,-0.012964563526361328,0.021923937360178947,-0.031793132683340386
2023-10-18,580.25,233288.0,52739.0,605.75,95553.0,23247.0,-25.5,-0.04394657475218622,2277.0,2128.0,149.0,2.268636813352163,2.441451341140493,0.016199649737302924,0.04314606741573024,-0.006421232876712368
2023-10-19,594.0,234241.0,65379.0,620.0,96640.0,26183.0,-26.0,-0.04377104377097008,953.0,1087.0,-134.0,2.4970018714432074,2.4238514072847432,0.023696682464454888,0.03891560996939214,0.01106382978723408
2023-10-20,583.0,228386.0,81524.0,610.5,96670.0,31900.0,-27.5,-0.047169811320673806,-5855.0,30.0,-5885.0,2.5556112852663775,2.3625323264714764,-0.01851851851851849,0.006473888649115134,0.012592270950933626
2023-10-23,586.0,228533.0,48387.0,613.0,98114.0,16609.0,-27.0,-0.046075085324153456,147.0,1444.0,-1297.0,2.913300018062321,2.329259840593571,0.005145797598627766,0.012964563526361328,0.012964563526361328
2023-10-24,578.75,226723.0,47630.0,605.0,98442.0,17924.0,-26.25,-0.045356371490202406,-1810.0,328.0,-2138.0,2.657330952912148,2.303112492635234,-0.012372013651877123,0.013572679509632257,-0.017819261773440842
2023-10-25,568.0,231256.0,57951.0,597.0,100695.0,25130.0,-29.0,-0.05105633802807913,4533.0,2253.0,2280.0,2.306048547552634,2.2965986394557594,-0.018574514038876888,-0.021111589831968924,-0.035653650254668934
2023-10-26,579.0,230198.0,72437.0,601.0,102653.0,32619.0,-22.0,-0.037996545768500874,-1058.0,1958.0,-3016.0,2.2206995922621102,2.242486824544804,0.01936619718309851,-0.025252525252525304,-0.001293661060802087
2023-10-27,575.25,229581.0,48608.0,601.0,105057.0,20243.0,-25.75,-0.0447631464579839,-617.0,2404.0,-3021.0,2.401225114854399,2.185299408892295,-0.006476683937823857,-0.013293310463121766,-0.007333908541846457
2023-10-30,566.0,229406.0,60510.0,593.0,108156.0,30570.0,-27.0,-0.04770318021192985,-175.0,3099.0,-3274.0,1.9793915603532228,2.1210658678205356,-0.016079965232507654,-0.03412969283276446,0.04379898570769947
2023-10-31,558.0,232771.0,72016.0,583.0,109822.0,36833.0,-25.0,-0.044802867383432254,3365.0,1666.0,1699.0,1.9552032145086757,2.1195297845604513,-0.014134275618374548,-0.03585313174946003,-0.01326259946949604
2023-11-01,561.25,230448.0,58783.0,587.0,111234.0,29726.0,-25.75,-0.045879732739339193,-2323.0,1412.0,-3735.0,1.9774944493035733,2.071740654835733,0.005824372759856589,-0.011883802816901379,-0.011448701012769735
2023-11-02,564.0,224162.0,53492.0,591.0,112324.0,27786.0,-27.0,-0.04787234042544704,-6286.0,1090.0,-7376.0,1.925142157921186,1.9956732310102738,0.004899777282850737,-0.025906735751295318,0.008944543828264706
2023-11-03,572.0,219871.0,41970.0,595.0,114402.0,23297.0,-23.0,-0.04020979020971991,-4291.0,2078.0,-6369.0,1.8015195089495728,1.9219157007744452,0.014184397163120588,-0.005649717514124242,-0.01038062283737029
2023-11-06,574.5,216542.0,68699.0,601.0,120003.0,41660.0,-26.5,-0.04612706701471518,-3329.0,5601.0,-8930.0,1.6490398463753806,1.8044715548777797,0.004370629370629375,0.015017667844523075,0.009666080843585334
2023-11-07,571.0,201830.0,106304.0,597.0,125331.0,78504.0,-26.0,-0.04553415061287998,-14712.0,5328.0,-20040.0,1.35412208295117,1.6103757250799753,-0.006092254134029584,0.023297491039426577,-0.003924989097252474
2023-11-08,589.5,176362.0,144369.0,610.5,133772.0,98360.0,-21.0,-0.035623409669150764,-25468.0,8441.0,-33909.0,1.4677612850752189,1.3183775379002982,0.03239929947460585,0.05033407572383064,0.055033557046979764
2023-11-09,580.5,161417.0,85078.0,604.0,140466.0,57541.0,-23.5,-0.04048234280785447,-14945.0,6694.0,-21639.0,1.4785631115204554,1.1491535318155202,-0.01526717557251911,0.0292553191489362,0.04359550561797754
2023-11-10,575.0,152037.0,68735.0,599.25,153900.0,48074.0,-24.25,-0.04217391304340492,-9380.0,13434.0,-22814.0,1.4297749303157337,0.9878947368420989,-0.009474590869939736,0.005244755244755206,0.0056843025797987945
2023-11-13,580.0,137899.0,80609.0,601.5,175474.0,70754.0,-21.5,-0.03706896551717747,-14138.0,21574.0,-35712.0,1.1392854114254862,0.7858657122992536,0.008695652173912993,0.009573542210618013,0.0012947777298231156
2023-11-14,572.0,125271.0,65166.0,595.25,179834.0,59709.0,-23.25,-0.04064685314678209,-12628.0,4360.0,-16988.0,1.0913932572978766,0.696592413003099,-0.01379310344827589,0.0017513134851139256,-0.011235955056179803
2023-11-15,560.25,108268.0,83309.0,587.5,195966.0,80042.0,-27.25,-0.04863900044614255,-17003.0,16132.0,-33135.0,1.0408160715624166,0.5524835940928501,-0.02054195804195802,-0.04961832061068705,-0.0188266199649737
2023-11-16,553.5,99527.0,57404.0,580.0,206217.0,67925.0,-26.5,-0.04787714543803455,-8741.0,10251.0,-18992.0,0.845108575634879,0.4826323726947804,-0.012048192771084376,-0.046511627906976716,-0.046100818612666905
2023-11-17,552.0,87945.0,51395.0,575.5,218159.0,63689.0,-23.5,-0.04257246376803882,-11582.0,11942.0,-23524.0,0.8069682362731272,0.4031234099899596,-0.0027100271002710175,-0.040000000000000036,-0.07070707070707072
2023-11-20,543.25,79810.0,42772.0,571.0,227548.0,56489.0,-27.75,-0.0510814542106745,-8135.0,9389.0,-17524.0,0.7571739630724432,0.35073918469949045,-0.015851449275362306,-0.06336206896551722,-0.06818181818181823
2023-11-21,554.25,68908.0,43240.0,581.75,238317.0,69087.0,-27.5,-0.0496165990075785,-10902.0,10769.0,-21671.0,0.6258775167542283,0.28914429100735456,0.020248504371836118,-0.031031468531468542,-0.05418088737201365
2023-11-22,556.75,60774.0,29106.0,583.5,240784.0,57250.0,-26.75,-0.04804669959578258,-8134.0,2467.0,-10601.0,0.508401746724882,0.252400491727024,0.004510599909788082,-0.006247211066488179,-0.03801295896328294
2023-11-24,549.0,45392.0,26202.0,575.75,244835.0,45784.0,-26.75,-0.04872495446257063,-15382.0,4051.0,-19433.0,0.5722959986021193,0.18539832948720492,-0.013920071845532123,-0.008130081300813052,-0.033450704225352124
2023-11-27,532.0,28986.0,41484.0,561.0,254109.0,97007.0,-29.0,-0.05451127819538626,-16406.0,9274.0,-25680.0,0.42763924252888524,0.11406915929778122,-0.030965391621129323,-0.036231884057971064,-0.08117443868739205
2023-11-28,543.0,13165.0,31630.0,573.25,253045.0,84851.0,-30.25,-0.055709023940965545,-15821.0,-1064.0,-14757.0,0.3727710928568859,0.05202631942935031,0.020676691729323293,-0.00046019328117807845,-0.05606258148631027
2023-11-29,546.75,2347.0,19771.0,585.75,254695.0,72626.0,-39.0,-0.0713305898489779,-10818.0,1650.0,-12468.0,0.2722303307355455,0.009214943363630974,0.006906077348066253,-0.013531799729364025,-0.0340106007067138
2023-11-30,546.75,773.0,1556.0,597.5,253792.0,78520.0,-50.75,-0.09282121627783664,-1574.0,-903.0,-671.0,0.019816607233825525,0.0030458012860925363,0.0,-0.017961383026493083,-0.020161290322580627
2023-12-01,,414.0,665.0,602.0,254531.0,72327.0,,,-359.0,739.0,-1098.0,0.009194353422649782,0.001626520934581636,0.0,-0.004098360655737654,-0.025835189309576845
2023-12-04,,377.0,371.0,617.75,250050.0,95896.0,,,-37.0,-4481.0,4444.0,0.0038687745057144835,0.0015076984603079324,0.0,0.02772556390977443,-0.030585106382978733
2023-12-05,,334.0,582.0,630.0,244989.0,99869.0,,,-43.0,-5061.0,5018.0,0.005827634200802993,0.0013633265167007442,0.0,0.006906077348066253,-0.04414335664335667
2023-12-06,,169.0,50.0,631.75,226856.0,113132.0,,,-165.0,-18133.0,17968.0,0.00044196160237598166,0.0007449659696018588,0.0,0.0,-0.04830287206266315
2023-12-07,,159.0,93.0,642.0,212015.0,97744.0,,,-10.0,-14841.0,14831.0,0.0009514650515632575,0.0007499469377166675,0.0,0.0,-0.042469352014010475
2023-12-08,,152.0,17.0,631.75,203950.0,74699.0,,,-7.0,-8065.0,8058.0,0.00022758002115155185,0.0007452807060554022,0.0,0.0,-0.0725190839694656
2023-12-11,,241.0,198.0,610.0,198756.0,66113.0,,,89.0,-5194.0,5283.0,0.0029948724154099343,0.0012125420113103444,0.0,0.0,-0.05813953488372092
2023-12-12,,147.0,145.0,625.0,193330.0,55336.0,,,-94.0,-5426.0,5332.0,0.0026203556455110127,0.00076035793720581,0.0,0.0,-0.0491304347826087
2023-12-13,,217.0,214.0,606.25,194630.0,57314.0,,,70.0,1300.0,-1230.0,0.0037338172174337207,0.0011149360324718641,0.0,0.0,-0.0573275862068966
2023-12-14,,111.0,149.0,616.25,191989.0,46870.0,,,-106.0,-2641.0,2535.0,0.003179005760614398,0.0005781581236424973,0.0,0.0,-0.04414335664335667
2023-12-15,629.0,188020.0,52711.0,632.0,58679.0,17742.0,-3.0,-0.004769475357703069,187909.0,-133310.0,321219.0,2.970972832825895,3.2042127507284857,0.15043438500228623,0.15043438500228623,0.12271307452030333
2023-12-18,618.25,186645.0,43591.0,628.0,60376.0,12046.0,-9.75,-0.015770319450035146,-1375.0,1697.0,-3072.0,3.6187116055119026,3.09137736849074,-0.01709062003179651,0.1307727480566987,0.1169828364950316
2023-12-19,621.5,185203.0,42919.0,630.0,60282.0,11060.0,-8.5,-0.01367658889780583,-1442.0,-94.0,-1348.0,3.8805605786614934,3.072276964931438,0.005256773150020155,0.1367169638774577,0.12590579710144922
2023-12-20,610.75,185226.0,39373.0,620.0,60274.0,11831.0,-9.25,-0.015145313139557684,23.0,-8.0,31.0,3.3279519905330632,3.0730663304243446,-0.01729686242960582,0.11705532693187015,0.12425218591808562
2023-12-21,613.0,184824.0,33648.0,623.25,62384.0,12255.0,-10.25,-0.01672104404564972,-402.0,2110.0,-2512.0,2.7456548347610976,2.962682739163841,0.003683995088006542,0.1211705532693188,0.10599909788001805
2023-12-22,615.25,185348.0,26134.0,625.0,62698.0,8751.0,-9.75,-0.015847216578600817,524.0,314.0,210.0,2.9864015541077604,2.9562027496889383,0.0036704730831973453,-0.021860095389507173,0.1050740907049843
2023-12-26,636.0,184370.0,40674.0,644.25,63971.0,16145.0,-8.25,-0.012971698113187151,-978.0,1273.0,-2251.0,2.5192938990397944,2.8820871957605343,0.03372612759041038,0.028710068742418215,0.1584699453551912
2023-12-27,624.0,182672.0,38063.0,630.5,64260.0,10282.0,-6.5,-0.010416666666649973,-1698.0,289.0,-1987.0,3.701906243921056,2.842701525054422,-0.018867924528301883,0.004022526146419958,0.1729323308270676
2023-12-28,632.0,179955.0,32254.0,636.5,63582.0,9557.0,-4.5,-0.007120253164545696,-2717.0,-678.0,-2039.0,3.3749084440720543,2.830282155326935,0.012820512820512775,0.03479328694228401,0.16390423572744006
2023-12-29,627.5,182004.0,34752.0,635.0,63560.0,10864.0,-7.5,-0.011952191235040713,2049.0,-22.0,2071.0,3.1988217967596464,2.863499056010024,-0.007120253164557,0.023654159869494373,0.1476909007773206
2024-01-02,608.0,184716.0,61472.0,620.0,64717.0,21819.0,-12.0,-0.019736842105230697,2712.0,1157.0,1555.0,2.8173610156284514,2.854211412766308,-0.03107569721115533,-0.011783827712312123,0.11202560585276644
2024-01-03,602.0,187441.0,63996.0,610.5,64363.0,24189.0,-8.5,-0.0141196013288802,2725.0,-354.0,3079.0,2.645665385092288,2.912247719963288,-0.009868421052631526,-0.053459119496855334,0.10105166895290352
2024-01-04,612.0,182916.0,63693.0,611.5,64776.0,20839.0,0.5,0.0008169934640509526,-4525.0,413.0,-4938.0,3.0564326503189663,2.8238236383845434,0.01661129568106312,-0.019230769230769273,0.11934156378600824
2024-01-05,616.75,179908.0,43101.0,625.0,64800.0,13242.0,-8.25,-0.013376570733662949,-3008.0,24.0,-3032.0,3.2548708654279372,2.7763580246913153,0.0077614379084967045,-0.024129746835443,0.12802926383173308
2024-01-08,596.0,185514.0,70376.0,605.5,66777.0,22033.0,-9.5,-0.015939597315409497,5606.0,1977.0,3629.0,3.194117914037889,2.7781122242687935,-0.033644102148358335,-0.05019920318725102,0.0900777320530406
2024-01-09,609.0,179179.0,57128.0,612.5,67973.0,17932.0,-3.5,-0.005747126436772172,-6335.0,1196.0,-7531.0,3.185813071603659,2.6360319538639954,0.02181208053691286,0.00164473684210531,0.11385459533607678
2024-01-10,609.5,179429.0,40391.0,613.75,69569.0,17240.0,-4.25,-0.00697292863001317,250.0,1596.0,-1346.0,2.3428654292342026,2.579151633629884,0.0008210180623973162,0.012458471760797396,0.11476909007773206
2024-01-11,603.5,180912.0,38907.0,615.0,71216.0,14719.0,-11.5,-0.01905550952772319,1483.0,1647.0,-164.0,2.643318160200921,2.5403280161761046,-0.009844134536505345,-0.01388888888888884,0.10379515317786914
2024-01-12,596.25,186287.0,82712.0,600.0,71658.0,31326.0,-3.75,-0.006289308176090081,5375.0,442.0,4933.0,2.6403626380641434,2.599667866811764,-0.012013256006627948,-0.033238751520064835,0.09053497942386834
2024-01-16,581.0,192233.0,61371.0,595.75,72532.0,16807.0,-14.75,-0.025387263339026873,5946.0,874.0,5072.0,3.6515142500146576,2.6503198588208976,-0.025576519916142515,-0.025167785234899376,0.06264288980338373
2024-01-17,582.25,192693.0,69550.0,592.0,73822.0,25816.0,-9.75,-0.01674538428507214,460.0,1290.0,-830.0,2.6940656956924895,2.6102381403917176,0.002151462994836484,-0.043924466338259416,0.06492912665752182
2024-01-18,586.0,195881.0,50947.0,593.5,75683.0,19081.0,-7.5,-0.012798634812264849,3188.0,1861.0,1327.0,2.6700382579527977,2.5881770014401835,0.006440532417346434,-0.03855619360131257,-0.06836248012718604
2024-01-19,592.5,194919.0,48393.0,595.0,76637.0,20647.0,-2.5,-0.0042194092826933005,-962.0,954.0,-1916.0,2.3438271903907424,2.543405926641145,0.011092150170648463,-0.01822700911350461,-0.04164981803477552
2024-01-22,595.25,194395.0,36371.0,598.0,78070.0,13280.0,-2.75,-0.004619907601840202,-524.0,1433.0,-1957.0,2.7387801204817213,2.490008966312252,0.004641350210970563,-0.0016771488469601303,-0.04223652453740945
2024-01-23,598.0,191712.0,42176.0,600.0,79777.0,16533.0,-2.0,-0.0033444816053455778,-2683.0,1707.0,-4390.0,2.5510191737735104,2.403098637451867,0.00461990760184805,0.029259896729776358,-0.020875972165370404
2024-01-24,611.25,190939.0,56703.0,618.0,79720.0,18995.0,-6.75,-0.011042944785258007,-773.0,-57.0,-716.0,2.985153987891393,2.395120421475133,0.022157190635451407,0.04980678402747962,-0.0028548123980424167
2024-01-25,611.25,188135.0,54705.0,622.0,77511.0,24570.0,-10.75,-0.017586912065410902,-2804.0,-2209.0,-595.0,2.226495726495636,2.4272038807394765,0.0,0.04308873720136508,-0.006501422186103167
2024-01-26,601.5,191967.0,69590.0,605.0,79575.0,25919.0,-3.5,-0.005818786367405122,3832.0,2064.0,1768.0,2.6849029669353492,2.4124033930254174,-0.015950920245398792,0.0151898734177216,-0.054245283018867885
2024-01-29,594.25,191700.0,41478.0,598.5,79863.0,17688.0,-4.25,-0.007151872107686745,-267.0,288.0,-555.0,2.3449796472183206,2.400360617557537,-0.012053200332502123,-0.0016799664006720283,-0.04767628205128205
2024-01-30,604.5,190242.0,51993.0,609.0,83465.0,21687.0,-4.5,-0.007444168734479,-1458.0,3602.0,-5060.0,2.3974270300178726,2.279302701731237,0.01724863273033228,0.010869565217391353,-0.04351265822784811
2024-01-31,597.0,191316.0,43147.0,601.0,84986.0,19981.0,-4.0,-0.006700167504176382,1074.0,1521.0,-447.0,2.159401431359684,2.251147247781961,-0.012406947890818865,-0.0233128834355828,-0.04860557768924301
2024-02-01,601.0,189271.0,62577.0,605.5,88135.0,31098.0,-4.5,-0.007487520798656427,-2045.0,3149.0,-5194.0,2.0122515917421695,2.1475123390253343,0.00670016750418756,-0.0167689161554192,-0.011513157894736836
2024-02-02,601.25,182399.0,66721.0,602.0,85884.0,30946.0,-0.75,-0.0012474012473991727,-6872.0,-2251.0,-4621.0,2.1560460156400776,2.1237832425131327,0.0004159733777038266,-0.00041562759767244106,-0.001245847176079784
2024-02-05,590.75,183715.0,51236.0,599.25,88456.0,24509.0,-8.5,-0.014388489208608737,1316.0,2572.0,-1256.0,2.0904973683135952,2.07690829338878,-0.017463617463617465,-0.005889777029869592,-0.03472222222222221
2024-02-06,595.0,179487.0,47583.0,597.25,93522.0,27055.0,-2.25,-0.0037815126050356612,-4228.0,5066.0,-9294.0,1.7587506930326462,1.9191954834156464,0.007194244604316502,-0.01571546732837059,-0.03526550466153222
2024-02-07,600.75,166120.0,79577.0,600.25,99346.0,47155.0,0.5,0.0008322929671230423,-13367.0,5824.0,-19191.0,1.6875622945604563,1.6721357679221944,0.009663865546218453,0.00628140703517599,0.007969798657718075
2024-02-08,590.5,152739.0,78673.0,594.75,104452.0,51826.0,-4.25,-0.007197290431825237,-13381.0,5106.0,-18487.0,1.5180218423184981,1.4622888982498998,-0.017062005826050775,-0.017470881863560717,-0.03037766830870281
2024-02-09,597.5,133849.0,100815.0,600.5,116591.0,71437.0,-3.0,-0.005020920502083647,-18890.0,12139.0,-31029.0,1.4112434732701342,1.1480217169421212,0.011854360711261558,-0.006237006237006182,-0.01968826907301069
2024-02-12,597.0,120147.0,69031.0,597.75,127625.0,56973.0,-0.75,-0.0012562814070330717,-13702.0,11034.0,-24736.0,1.2116441121232653,0.9414064642507272,-0.0008368200836820217,0.010579771476936006,-0.010770505385252704
2024-02-13,598.25,100813.0,82483.0,597.0,138745.0,73747.0,1.25,0.0020894274968623664,-19334.0,11120.0,-30454.0,1.1184590559615832,0.726606364193299,0.0020938023450587373,0.00546218487394956,0.0033542976939202607
2024-02-14,585.0,90134.0,84588.0,583.0,149823.0,73642.0,2.0,0.003418803418797575,-10679.0,11078.0,-21757.0,1.1486380054859842,0.6016032251389933,-0.02214793146677807,-0.02621722846441943,0.0068846815834766595
2024-02-15,566.0,80120.0,79696.0,566.25,158595.0,72288.0,-0.25,-0.0004416961130734246,-10014.0,8772.0,-18786.0,1.102478972996886,0.5051861660203631,-0.032478632478632474,-0.041490262489415786,-0.027908973808501547
2024-02-16,560.5,74390.0,53034.0,556.0,169167.0,62158.0,4.5,0.008028545941109673,-5730.0,10572.0,-16302.0,0.8532127803339739,0.43974297587590705,-0.009717314487632467,-0.0619246861924686,-0.04351535836177478
2024-02-20,581.0,61067.0,53102.0,577.5,171146.0,76260.0,3.5,0.0060240963855318005,-13323.0,1979.0,-15302.0,0.6963283503802689,0.3568123122947638,0.03657448706512034,-0.02680067001675046,-0.01940928270042197
2024-02-21,582.5,53609.0,35041.0,577.5,174697.0,54183.0,5.0,0.008583690987109727,-7458.0,3551.0,-11009.0,0.6467157595555683,0.306868463682832,0.002581755593803692,-0.026326786460509788,-0.021419571608567778
2024-02-22,583.25,43877.0,40227.0,579.25,180136.0,78002.0,4.0,0.006858122588929519,-9732.0,5439.0,-15171.0,0.5157175457039497,0.24357707509881288,0.0012875536480687622,-0.002991452991452981,-0.02466555183946484
2024-02-23,573.25,30936.0,30814.0,569.5,184261.0,56961.0,3.75,0.0065416484954094346,-12941.0,4125.0,-17066.0,0.5409666262881526,0.16789228322868016,-0.01714530647235324,0.012809187279152034,-0.06216768916155424
2024-02-26,576.0,20943.0,23795.0,574.0,183660.0,62214.0,2.0,0.0034722222222161943,-9993.0,-601.0,-9392.0,0.3824701835599643,0.11403136229990138,0.004797208896641925,0.027653880463871516,-0.05766871165644172
2024-02-27,577.0,11959.0,15959.0,584.0,184321.0,59222.0,-7.0,-0.012131715771209478,-8984.0,661.0,-9645.0,0.2694775590152263,0.06488137542656526,0.0017361111111111605,-0.0068846815834767705,-0.040731504571903554
2024-02-28,569.0,2353.0,13393.0,576.0,189130.0,55963.0,-7.0,-0.012302284709995955,-9606.0,4809.0,-14415.0,0.23931883565927062,0.012441178025696546,-0.013864818024263426,-0.023175965665236054,-0.04249053428691629
2024-02-29,566.0,918.0,1253.0,576.0,191975.0,51085.0,-10.0,-0.017667844522936984,-1435.0,2845.0,-4280.0,0.024527747871194588,0.004781872639666599,-0.005272407732864637,-0.029575653664809298,-0.06368899917287019
2024-03-01,554.75,531.0,549.0,559.0,195824.0,68452.0,-4.25,-0.007661108607467037,-387.0,3849.0,-4236.0,0.008020218547303103,0.002711618596290533,-0.019876325088339253,-0.03227213257740946,-0.07077051926298161
2024-03-04,554.75,145.0,113.0,563.75,196988.0,45471.0,-9.0,-0.016223524109930196,-386.0,1164.0,-1550.0,0.0024851003936574413,0.0007360854468292448,0.0,-0.03689236111111116,-0.07695507487520803
2024-03-05,,75.0,31.0,552.0,205140.0,65812.0,,,-70.0,8152.0,-8222.0,0.0004710387163435168,0.00036560397777127637,0.0,-0.03856152512998268,-0.07733887733887734
2024-03-06,,197.0,206.0,532.5,207326.0,105250.0,,,122.0,2186.0,-2064.0,0.001957244655581929,0.0009501943798655212,0.0,-0.025043936731107164,-0.060939483707151965
2024-03-07,,279.0,251.0,529.0,203239.0,95285.0,,,82.0,-4087.0,4169.0,0.00263420265519229,0.0013727680218855566,0.0,-0.019876325088339253,-0.0676470588235294
2024-03-08,,50.0,15.0,538.25,202263.0,73290.0,,,-229.0,-976.0,747.0,0.00020466639377813883,0.00024720289919560054,0.0,0.0,-0.07657095297544736
2024-03-11,,25.0,25.0,547.5,198205.0,81244.0,,,-25.0,-4058.0,4033.0,0.00030771503126384337,0.00012613203501425229,0.0,0.0,-0.06054191363251482
2024-03-12,,27.0,40.0,549.0,196633.0,62617.0,,,2.0,-1572.0,1574.0,0.0006388041586150625,0.000137311641484389,0.0,0.0,-0.07154811715481169
2024-03-13,,9.0,18.0,542.75,197218.0,59143.0,,,-18.0,585.0,-603.0,0.00030434709094905054,4.563477978683464e-05,0.0,0.0,-0.07077051926298161
2024-03-14,,11.0,15.0,533.0,200379.0,60596.0,,,2.0,3161.0,-3159.0,0.00024754109182123827,5.489597213280806e-05,0.0,0.0,-0.07271207689093184
2024-03-15,529.5,201909.0,40453.0,544.0,116539.0,23613.0,-14.5,-0.02738432483469805,201898.0,-83840.0,285738.0,1.7131664760936047,1.7325444700915424,-0.045515998197386165,-0.045515998197386165,-0.09487179487179487
2024-03-18,542.0,200115.0,57975.0,549.25,116679.0,26805.0,-7.25,-0.01337638376381296,-1794.0,140.0,-1934.0,2.1628427532176024,1.7150901190445433,0.023607176581680767,-0.022983325822442557,-0.04240282685512364
2024-03-19,553.25,198110.0,52072.0,560.0,117116.0,26716.0,-6.75,-0.012200632625373338,-2005.0,437.0,-2442.0,1.9490941757747435,1.6915707503671429,0.02075645756457556,-0.002703920684993255,-0.012934879571810831
2024-03-20,545.75,200222.0,52836.0,560.25,117626.0,26795.0,-14.5,-0.026568941823130427,2112.0,510.0,1602.0,1.9718604217203966,1.7021916923129095,-0.013556258472661509,-0.01622352410995942,-0.06067125645438898
2024-03-21,548.0,199541.0,43716.0,559.0,116071.0,22114.0,-11.0,-0.020072992700693296,-681.0,-1555.0,874.0,1.9768472460883613,1.7191288090909724,0.0041227668346313084,-0.012167643082469537,-0.05922746781115884
2024-03-22,556.0,200911.0,58439.0,563.0,114908.0,26685.0,-7.0,-0.012589928057531313,1370.0,-1163.0,2533.0,2.1899569046279863,1.7484509346607569,0.014598540145985384,0.050047214353163394,-0.046720960137162426
2024-03-25,555.5,197949.0,63147.0,566.25,114560.0,31355.0,-10.75,-0.019351935193484514,-2962.0,-348.0,-2614.0,2.0139371711050225,1.7279067737430016,-0.0008992805755395628,0.024907749077490715,-0.03096380287832534
2024-03-26,542.75,197845.0,39839.0,558.5,114686.0,20674.0,-15.75,-0.02901888530625699,-104.0,126.0,-230.0,1.927009770726423,1.7251015817100455,-0.022952295229522912,-0.0189787618617262,-0.05772569444444442
2024-03-27,547.5,196797.0,40131.0,562.0,115982.0,25680.0,-14.5,-0.02648401826479181,-1048.0,1296.0,-2344.0,1.5627336448597522,1.6967891569381308,0.00875172731460161,0.0032065964269354374,-0.051126516464471417
2024-03-28,561.5,192083.0,72671.0,569.75,115818.0,47656.0,-8.25,-0.01469278717717775,-4714.0,-164.0,-4550.0,1.5249076716467702,1.6584900447253306,0.025570776255707806,0.02463503649635035,-0.013181019332161648
2024-04-01,557.75,192898.0,43697.0,568.0,119291.0,27729.0,-10.25,-0.018377409233494617,815.0,3473.0,-2658.0,1.5758592087705443,1.6170373288848143,-0.006678539626001734,0.003147482014388414,-0.014575971731448756
2024-04-02,545.25,189806.0,64529.0,560.0,123860.0,42290.0,-14.75,-0.027051811095777988,-3092.0,4569.0,-7661.0,1.5258689997635015,1.5324237041821287,-0.02241147467503357,-0.01845184518451848,-0.01712483100495721
2024-04-03,555.5,187210.0,58686.0,570.25,127298.0,34902.0,-14.75,-0.026552655265478755,-2596.0,3438.0,-6034.0,1.6814509197180196,1.4706436864679613,0.018798716185236097,0.023491478581298963,0.0013519603424965165
2024-04-04,556.75,179106.0,61299.0,569.5,132588.0,47055.0,-12.75,-0.022900763358737492,-8104.0,5290.0,-13394.0,1.3027095951545786,1.350846230428083,0.0022502250225022724,0.01689497716894972,0.003605227579990933
2024-04-05,568.0,163145.0,106580.0,581.0,137436.0,71842.0,-13.0,-0.02288732394362168,-15961.0,4848.0,-20809.0,1.4835333092062932,1.1870616141331152,0.02020655590480458,0.011576135351736516,0.023884632717440235
2024-04-08,565.75,147594.0,90126.0,578.25,144735.0,71660.0,-12.5,-0.022094564737035628,-15551.0,7299.0,-22850.0,1.2576890873569457,1.019753342315259,-0.003961267605633756,0.014343343792021512,0.019828751689950463
2024-04-09,557.75,131608.0,73159.0,570.0,151309.0,56291.0,-12.25,-0.021963245181493566,-15986.0,6574.0,-22560.0,1.2996571387965874,0.8697962447706292,-0.014140521431727837,0.022925263640531934,0.00540784136998651
2024-04-10,558.25,114484.0,68514.0,570.0,163718.0,55959.0,-11.75,-0.021047917599604036,-17124.0,12409.0,-29533.0,1.2243606926499542,0.6992755836254981,0.0008964589870013029,0.004950495049504955,0.006309148264984188
2024-04-11,552.0,95230.0,73571.0,565.0,182164.0,61018.0,-13.0,-0.023550724637638496,-19254.0,18446.0,-37700.0,1.205726179160228,0.5227706901473369,-0.011195700850873291,-0.008531656937584176,-0.00495718792248756
2024-04-12,555.25,81356.0,63720.0,566.5,187038.0,61426.0,-11.25,-0.02026114362895946,-13874.0,4874.0,-18748.0,1.037345749356933,0.434970433815586,0.005887681159420399,-0.022447183098591506,0.0009013068949976777
2024-04-15,551.75,71661.0,46713.0,566.5,194545.0,48692.0,-14.75,-0.026733121884863195,-9695.0,7507.0,-17202.0,0.9593567731865408,0.3683517952144729,-0.006303466906798727,-0.024745912505523604,-0.00540784136998651
2024-04-16,550.5,64974.0,53008.0,564.0,202184.0,57614.0,-13.5,-0.024523160762898233,-6687.0,7639.0,-14326.0,0.9200541535043406,0.3213607407114296,-0.002265518803806099,-0.012998655311519447,0.03966005665722383
2024-04-17,538.5,59404.0,38898.0,553.0,208500.0,57291.0,-14.5,-0.02692664809651453,-5570.0,6316.0,-11886.0,0.6789548096559551,0.28491127098321206,-0.021798365122615793,-0.03537841468875946,-0.0064575645756457245
2024-04-18,536.75,57250.0,35421.0,551.5,211206.0,54452.0,-14.75,-0.027480204937070367,-2154.0,2706.0,-4860.0,0.6504995225152309,0.2710623751219176,-0.0032497678737233304,-0.027626811594202882,-0.029823768639855364
2024-04-19,550.25,52795.0,29394.0,567.0,212355.0,50746.0,-16.75,-0.03044070876868616,-4455.0,1149.0,-5604.0,0.5792377724352544,0.24861670316215656,0.02515137401024692,-0.00900495272399815,0.008245533669262395
2024-04-22,570.75,46073.0,50920.0,588.0,214874.0,107776.0,-17.25,-0.03022339027589974,-6722.0,2519.0,-9241.0,0.47246140142517373,0.21441868257676494,0.037255792821444755,0.034435885817852396,0.04151459854014594
2024-04-23,584.0,35381.0,42554.0,601.75,211591.0,95163.0,-17.75,-0.03039383561638631,-10692.0,-3283.0,-7409.0,0.4471695932242526,0.16721410646010385,0.02321506789312311,0.060853769300635685,0.050359712230215736
2024-04-24,593.0,28816.0,27546.0,613.5,212076.0,94397.0,-20.5,-0.034569983136535296,-6565.0,485.0,-7050.0,0.2918101210843534,0.1358758181029436,0.015410958904109595,0.10120705663881147,0.0675067506750675
2024-04-25,602.0,25371.0,25972.0,620.5,212061.0,96546.0,-18.5,-0.03073089700991573,-3445.0,-15.0,-3430.0,0.2690116628342938,0.11964010355510858,0.015177065767284947,0.12156497438285974,0.10916628281897744
2024-04-26,598.75,10157.0,28595.0,621.25,209455.0,102785.0,-22.5,-0.03757828810014601,-15214.0,-2606.0,-12608.0,0.27820207228680954,0.04849251629228212,-0.005398671096345509,0.08814175374829625,0.09360730593607314
2024-04-29,561.0,2494.0,17080.0,608.0,210057.0,100118.0,-47.0,-0.08377896613175798,-7663.0,602.0,-8265.0,0.1705986935416192,0.011872967813498185,-0.06304801670146143,-0.01708278580814715,-0.0008904719501335867
2024-04-30,561.0,1353.0,1411.0,604.25,207537.0,86577.0,-43.25,-0.07709447415316026,-1141.0,-2520.0,1379.0,0.016297631010545335,0.006519319446652855,0.0,-0.03938356164383561,0.005826983415508691
2024-05-01,561.0,609.0,505.0,600.0,205499.0,64885.0,-39.0,-0.06951871657741619,-744.0,-2038.0,1294.0,0.007783000693534596,0.0029635180706475313,0.0,-0.053962900505902245,0.028885832187070193
2024-05-02,561.0,368.0,67.0,603.0,206111.0,65654.0,-42.0,-0.07486631016029435,-241.0,612.0,-853.0,0.001020501416516876,0.0017854457064397254,0.0,-0.06810631229235875,0.00990099009900991
2024-05-03,561.0,259.0,226.0,623.0,203462.0,96590.0,-62.0,-0.11051693404614882,-109.0,-2649.0,2540.0,0.002339786727404469,0.0012729649762609173,0.0,-0.06304801670146143,0.007633587786259444
2024-05-06,561.0,184.0,148.0,645.25,202137.0,107311.0,-84.25,-0.1501782531191619,-75.0,-1325.0,1250.0,0.001379168957515992,0.0009102737252457447,0.0,0.0,-0.01232394366197187
2024-05-07,561.0,79.0,52.0,643.0,200132.0,88539.0,-82.0,-0.14616755793200326,-105.0,-2005.0,1900.0,0.0005873118060967416,0.000394739471948512,0.0,0.0,-0.008395934600088362
2024-05-08,561.0,39.0,20.0,634.25,198123.0,70498.0,-73.25,-0.13057040998194194,-40.0,-2009.0,1969.0,0.0002836959913756378,0.00019684741297072933,0.0,0.0,0.005826983415508691
2024-05-09,561.0,97.0,125.0,637.0,196498.0,62479.0,-76.0,-0.13547237076624694,58.0,-1625.0,1683.0,0.00200067222586786,0.0004936437012081523,0.0,0.0,0.0049261083743843415
2024-05-10,561.0,62.0,57.0,661.5,201096.0,96614.0,-100.5,-0.17914438502641863,-35.0,4598.0,-4633.0,0.0005899766079450122,0.00030831045868639703,0.0,0.0,0.016304347826086918
2024-05-13,535.25,35.0,33.0,686.25,203618.0,101033.0,-151.0,-0.2821111630074132,-27.0,2522.0,-2549.0,0.0003266259538962485,0.00017189050083980703,-0.04590017825311943,-0.04590017825311943,-0.03601981089599282
2024-05-14,,19.0,19.0,674.75,202015.0,86543.0,,,-16.0,-1603.0,1587.0,0.00021954404169025548,9.405242184986217e-05,0.0,-0.04590017825311943,-0.029904848210240198
2024-05-15,666.75,200552.0,89540.0,683.0,81246.0,26187.0,-16.25,-0.024371953505775222,200533.0,-120769.0,321302.0,3.419253828235253,2.4684538315732163,0.2456795889771135,0.18850267379679142,0.21117166212534055
2024-05-16,663.25,198065.0,68479.0,682.5,81478.0,17132.0,-19.25,-0.029023746701803205,-2487.0,232.0,-2719.0,3.9971398552414197,2.4309015930680373,-0.005249343832021025,0.1822638146167559,0.23166202414113268
2024-05-17,651.0,197330.0,62410.0,670.5,81068.0,18396.0,-19.5,-0.02995391705064523,-735.0,-410.0,-325.0,3.3925853446399548,2.4341293728721265,-0.01846965699208447,0.160427807486631,0.21285514671634842
2024-05-20,687.5,200112.0,93314.0,690.0,81745.0,33237.0,-2.5,-0.003636363636358347,2782.0,677.0,2105.0,2.807533772602738,2.448002935959356,0.05606758832565295,0.28444652031760853,0.2494320763289415
2024-05-21,698.25,198779.0,88258.0,707.0,85381.0,36780.0,-8.75,-0.012531328320784059,-1333.0,3636.0,-4969.0,2.399619358346863,2.328140921282225,0.01563636363636367,0.3045305931807567,0.22339027595269378
2024-05-22,693.75,203377.0,89819.0,707.0,87398.0,34397.0,-13.25,-0.019099099099071568,4598.0,2017.0,2581.0,2.611245166729581,2.327021213300049,-0.0064446831364124435,0.040494938132733305,0.1879280821917808
2024-05-23,700.0,201832.0,68180.0,718.0,88173.0,23181.0,-18.0,-0.02571428571424898,-1545.0,775.0,-2320.0,2.9412018463395477,2.289045399385273,0.009009009009008917,0.0554089709762533,0.1804384485666104
2024-05-24,702.25,199837.0,70621.0,705.0,89743.0,24280.0,-2.75,-0.00391598433605708,-1995.0,1570.0,-3565.0,2.9086079077428786,2.2267697759156455,0.003214285714285614,0.07872503840245781,0.1665282392026579
2024-05-28,702.0,200143.0,73681.0,723.0,91577.0,27411.0,-21.0,-0.0299145299144873,306.0,1834.0,-1528.0,2.6880084637553288,2.1855160138462475,-0.0003559985760056561,0.02109090909090905,0.17244258872651352
2024-05-29,692.75,199052.0,63288.0,706.0,92578.0,27109.0,-13.25,-0.01912666907250938,-1091.0,1001.0,-2092.0,2.3345752333172625,2.150100455831816,-0.013176638176638167,-0.007876834944504085,0.23484848484848486
2024-05-30,680.25,200884.0,68977.0,692.0,95152.0,29935.0,-11.75,-0.017273061374469278,1832.0,2574.0,-742.0,2.30422582261559,2.1111905162266464,-0.018044027426921683,-0.019459459459459483,0.21256684491978617
2024-05-31,679.75,200539.0,54291.0,690.0,94723.0,24983.0,-10.25,-0.015079073188650123,-345.0,-429.0,84.0,2.1731177200495466,2.1171098888337347,-0.0007350238882763982,-0.028928571428571415,0.21167557932263814
2024-06-03,673.0,196045.0,84111.0,689.0,96588.0,35459.0,-16.0,-0.02377414561660658,-4494.0,1865.0,-6359.0,2.372063509969194,2.0297034828342855,-0.00993012136815008,-0.041651833392666426,0.19964349376114088
2024-06-04,658.25,191385.0,82162.0,679.0,95423.0,36002.0,-20.75,-0.03152297759205238,-4660.0,-1165.0,-3495.0,2.282150991611514,2.0056485333724363,-0.021916790490341787,-0.06232193732193736,0.17335115864527628
2024-06-05,648.0,186283.0,84832.0,664.0,96348.0,40873.0,-16.0,-0.024691358024653255,-5102.0,925.0,-6027.0,2.075502165243509,1.9334391995682116,-0.015571591340675983,-0.06459761818837961,0.15508021390374327
2024-06-06,639.75,180910.0,83045.0,660.0,98046.0,38610.0,-20.25,-0.03165298944895404,-5373.0,1698.0,-7071.0,2.1508676508675952,1.8451543153213608,-0.01273148148148151,-0.05953693495038592,0.14037433155080214
2024-06-07,626.25,164308.0,131164.0,647.0,101279.0,80587.0,-20.75,-0.03313373253487723,-16602.0,3233.0,-19835.0,1.627607430478841,1.6223303942574312,-0.021101992966002348,-0.07870540639941159,0.1163101604278074
2024-06-10,607.0,153766.0,119712.0,628.0,113420.0,69155.0,-21.0,-0.034596375617735424,-10542.0,12141.0,-22683.0,1.731067890969536,1.355722094868618,-0.03073852295409185,-0.09806835066864783,0.08199643493761144
2024-06-11,626.0,129137.0,132289.0,645.0,112897.0,90345.0,-19.0,-0.030351437699632028,-24629.0,-523.0,-24106.0,1.4642647628534897,1.1438479321859647,0.0313014827018121,-0.0489935434865173,0.1158645276292336
2024-06-12,614.25,119097.0,84288.0,630.25,118377.0,57937.0,-16.0,-0.026048026047983643,-10040.0,5480.0,-15520.0,1.4548216165835053,1.0060822626016792,-0.01876996805111819,-0.05208333333333337,0.14759458197104158
2024-06-13,618.5,109774.0,77149.0,635.0,129501.0,66238.0,-16.5,-0.026677445432454847,-9323.0,11124.0,-20447.0,1.1647241764545855,0.8476691299681017,0.00691900691900682,-0.03321610003907771,0.15553479682391402
2024-06-14,611.75,96585.0,73733.0,626.5,136943.0,61720.0,-14.75,-0.02411115651814612,-13189.0,7442.0,-20631.0,1.1946370706415879,0.7052934432574086,-0.010913500404203691,-0.023153692614770405,-0.0824896887889014
2024-06-17,590.75,89404.0,71030.0,605.5,146682.0,58028.0,-14.75,-0.024968260685526926,-7181.0,9739.0,-16920.0,1.224064244847294,0.6095090058766542,-0.034327748263179414,-0.026771004942339416,-0.10931021485111192
2024-06-18,580.0,81758.0,59959.0,600.0,154513.0,61773.0,-20.0,-0.0344827586206302,-7646.0,7831.0,-15477.0,0.9706344195684042,0.5291334709700768,-0.018197206940330113,-0.07348242811501593,-0.10906298003072201
2024-06-20,570.0,71810.0,66902.0,584.5,171156.0,93729.0,-14.5,-0.025438596491183442,-9948.0,16643.0,-26591.0,0.7137812203266789,0.4195587651031783,-0.017241379310344862,-0.072039072039072,-0.1709090909090909
2024-06-21,562.5,47416.0,67572.0,576.75,179126.0,89671.0,-14.25,-0.025333333333288296,-24394.0,7970.0,-32364.0,0.7535546609271586,0.26470752431249367,-0.013157894736842146,-0.09054163298302342,-0.19441460794844256
2024-06-24,552.25,33167.0,36639.0,571.0,187046.0,81433.0,-18.75,-0.03395201448613137,-14249.0,7920.0,-22169.0,0.449928161801721,0.1773200175357924,-0.01822222222222225,-0.09726195341234167,-0.203963963963964
2024-06-25,540.0,21685.0,29811.0,559.25,197170.0,85876.0,-19.25,-0.035648148148082134,-11482.0,10124.0,-21606.0,0.3471400624155719,0.10998123446771767,-0.02218198279764594,-0.08590774439272109,-0.22857142857142854
2024-06-26,539.0,13040.0,19701.0,559.0,207074.0,81213.0,-20.0,-0.03710575139139684,-8645.0,9904.0,-18549.0,0.24258431531897304,0.06297265711774505,-0.0018518518518518823,-0.07068965517241377,-0.23246707013171952
2024-06-27,539.0,2680.0,18205.0,580.5,214682.0,89972.0,-41.5,-0.07699443413714843,-10360.0,7608.0,-17968.0,0.2023407282265571,0.012483580365377571,0.0,-0.05438596491228065,-0.23219373219373218
2024-06-28,538.0,1130.0,1450.0,575.0,217379.0,74338.0,-37.0,-0.06877323420061567,-1550.0,2697.0,-4247.0,0.019505501896741644,0.0051982942234530235,-0.0018552875695733162,-0.04355555555555557,-0.22338505954529053
2024-07-01,,591.0,339.0,589.25,215181.0,76771.0,,,-539.0,-2198.0,1659.0,0.004415729898008305,0.002746525018472808,0.0,-0.02580353100950661,-0.20911429621462696
2024-07-02,,394.0,283.0,581.75,213926.0,53054.0,,,-197.0,-1255.0,1058.0,0.005334187808647693,0.001841758365042109,0.0,-0.0037037037037036535,-0.20853254873115112
2024-07-03,,229.0,193.0,573.5,214463.0,43946.0,,,-165.0,537.0,-702.0,0.004391753515678233,0.0010677832539878625,0.0,-0.0018552875695733162,-0.200594353640416
2024-07-05,,167.0,127.0,591.75,212795.0,46458.0,,,-62.0,-1668.0,1606.0,0.002733651900641381,0.0007847928757724534,0.0,-0.0018552875695733162,-0.18268135206988223
2024-07-08,,151.0,73.0,570.0,214734.0,61332.0,,,-16.0,1939.0,-1955.0,0.0011902432661579406,0.0007031955815101442,0.0,0.0,-0.16975308641975306
2024-07-09,,119.0,49.0,572.0,212635.0,51191.0,,,-32.0,-2099.0,2067.0,0.0009571995077259488,0.000559644461165845,0.0,0.0,-0.1590465025400547
2024-07-10,,152.0,84.0,561.25,211270.0,62795.0,,,33.0,-1365.0,1398.0,0.0013376861215064681,0.0007194585128035182,0.0,0.0,-0.14091816367265464
2024-07-11,,28.0,30.0,571.25,203273.0,72519.0,,,-124.0,-7997.0,7873.0,0.00041368468952963477,0.00013774579014428804,0.0,0.0,-0.11367380560131801
2024-07-12,,79.0,90.0,550.75,204249.0,79921.0,,,51.0,976.0,-925.0,0.0011261120356351757,0.0003867827994261887,0.0,0.0,-0.14057507987220452
2024-07-15,531.25,205449.0,76571.0,558.0,127356.0,33913.0,-26.75,-0.05035294117637581,205370.0,-76893.0,282263.0,2.257865715212389,1.613186657872408,-0.012546468401486988,-0.012546468401486988,-0.13512413512413513
2024-07-16,530.0,206691.0,63371.0,555.0,128055.0,25966.0,-25.0,-0.047169811320665715,1242.0,699.0,543.0,2.440537626126379,1.6140798875483064,-0.0023529411764705577,-0.014869888475836479,-0.14308811641067098
2024-07-17,541.5,205506.0,52555.0,561.0,130594.0,19646.0,-19.5,-0.03601108033234347,-1185.0,2539.0,-3724.0,2.675099256846041,1.5736251282600917,0.02169811320754711,0.006505576208178487,-0.11483449121373113
2024-07-18,534.75,207076.0,50518.0,558.0,131683.0,19795.0,-23.25,-0.04347826086948391,1570.0,1089.0,481.0,2.5520586006566024,1.572534040081092,-0.012465373961218829,-0.0060408921933085,-0.09479475243334745
2024-07-19,544.75,207303.0,67049.0,566.0,131186.0,23444.0,-21.25,-0.03900871959607341,227.0,-497.0,724.0,2.859964169936749,1.580221974905847,0.0187003272557269,0.012546468401487099,-0.06077586206896557
2024-07-22,547.75,208087.0,48547.0,569.0,130622.0,23956.0,-21.25,-0.03879507074388171,784.0,-564.0,1348.0,2.026506929370428,1.5930471130437323,0.0055071133547499596,0.031058823529411805,-0.0390350877192982
2024-07-23,542.5,208093.0,41164.0,567.75,130748.0,18191.0,-25.25,-0.04654377880175752,6.0,126.0,-120.0,2.2628772469901453,1.5915578058555266,-0.009584664536741228,0.02358490566037741,-0.03555555555555556
2024-07-24,547.5,204023.0,51655.0,569.25,129309.0,24442.0,-21.75,-0.03972602739718772,-4070.0,-1439.0,-2631.0,2.1133704279517995,1.577794275727122,0.009216589861751112,0.011080332409972193,-0.00860117700316887
2024-07-25,537.0,203950.0,44805.0,560.75,129312.0,20378.0,-23.75,-0.04422718808185433,-73.0,3.0,-76.0,2.198694670723221,1.5771931452610617,-0.019178082191780854,0.004207573632538653,-0.005555555555555536
2024-07-26,522.75,206281.0,56593.0,547.75,132547.0,25028.0,-25.0,-0.04782400765174974,2331.0,3235.0,-904.0,2.261187470033472,1.556285694885576,-0.026536312849162025,-0.04038549793483248,-0.03014842300556586
2024-07-29,530.0,208572.0,53527.0,556.0,133052.0,23508.0,-26.0,-0.049056603773492344,2291.0,505.0,1786.0,2.276969542283381,1.5675976310014013,0.013868962219033998,-0.03240529438612505,-0.016697588126159513
2024-07-30,522.5,209073.0,50329.0,545.0,135512.0,21840.0,-22.5,-0.04306220095685538,501.0,2460.0,-1959.0,2.3044413919412863,1.5428375346832641,-0.014150943396226467,-0.03686635944700456,-0.028810408921933095
2024-07-31,526.75,206636.0,60814.0,551.0,138624.0,31722.0,-24.25,-0.04603701945885897,-2437.0,3112.0,-5549.0,1.91709223882473,1.4906221144967575,0.008133971291865993,-0.03789954337899548,-0.02091078066914498
2024-08-01,533.0,208121.0,56989.0,555.75,141505.0,34733.0,-22.75,-0.042682926829188214,1485.0,2881.0,-1396.0,1.6407739037802196,1.4707678173916012,0.01186521120075934,-0.007448789571694592,-0.009293680297397744
2024-08-02,539.75,205043.0,51484.0,557.0,143775.0,28788.0,-17.25,-0.0319592403890098,-3078.0,2270.0,-5348.0,1.7883840489092055,1.4261380629455649,0.012664165103189573,0.03252032520325199,0.0032527881040891327
2024-08-05,540.5,200223.0,60219.0,564.0,144197.0,36822.0,-23.5,-0.04347826086948478,-4820.0,422.0,-5242.0,1.6354081798924114,1.3885379030076814,0.0013895321908290459,0.019811320754717032,0.004646840148698983
2024-08-06,544.0,196816.0,59182.0,562.5,142701.0,32646.0,-18.5,-0.034007352941113955,-3407.0,-1496.0,-1911.0,1.8128407768179313,1.3792194868991712,0.00647548566142464,0.0411483253588516,0.011152416356877248
2024-08-07,539.0,186338.0,79911.0,563.25,141910.0,61838.0,-24.25,-0.044990723562068666,-10478.0,-791.0,-9687.0,1.292263656651229,1.3130716651398682,-0.009191176470588203,0.023255813953488413,0.0018587360594795044
2024-08-08,536.5,173960.0,67628.0,559.0,141680.0,56395.0,-22.5,-0.041938490214274114,-12378.0,-230.0,-12148.0,1.1991843248514726,1.2278373800112845,-0.004638218923933235,0.0065666041275798115,-0.0027881040892193676
2024-08-09,542.25,159702.0,82400.0,563.0,146998.0,62029.0,-20.75,-0.038266482249814174,-14258.0,5318.0,-19576.0,1.3284109045768702,1.0864229445298503,0.01071761416589001,0.004631773969430375,0.007899628252788116
2024-08-12,536.5,139908.0,84754.0,559.75,154354.0,68344.0,-23.25,-0.04333643988808325,-19794.0,7356.0,-27150.0,1.2401088610558169,0.9064099407854613,-0.010603964960811396,-0.007400555041628176,-0.0027881040892193676
2024-08-13,528.75,130524.0,67772.0,551.5,163862.0,61344.0,-22.75,-0.043026004728051015,-9384.0,9508.0,-18892.0,1.1047861241523034,0.7965483150455823,-0.014445479962721386,-0.028033088235294157,-0.004705882352941226
2024-08-14,536.0,115097.0,84253.0,555.0,181710.0,83832.0,-19.0,-0.035447761193963714,-15427.0,17848.0,-33275.0,1.0050219486592111,0.633410379175606,0.01371158392434979,-0.005565862708719838,0.01132075471698113
2024-08-15,527.0,104947.0,69556.0,548.5,190862.0,68365.0,-21.5,-0.04079696394679166,-10150.0,9152.0,-19302.0,1.0174211950559346,0.549858012595485,-0.016791044776119368,-0.017707362534948756,-0.026777469990766356
2024-08-16,528.25,99683.0,52852.0,551.0,198507.0,53216.0,-22.75,-0.0430667297680207,-5264.0,7645.0,-12909.0,0.9931599518941485,0.5021636516596367,0.0023719165085389626,-0.02581834946980177,-0.012155212716222552
2024-08-19,528.25,93172.0,46025.0,551.0,203494.0,55412.0,-22.75,-0.0430667297680207,-6511.0,4987.0,-11498.0,0.8305962607377314,0.457861165439765,0.0,-0.015377446411929174,-0.030289123451124333
2024-08-20,533.0,84465.0,43754.0,558.0,209511.0,56212.0,-25.0,-0.04690431519691012,-8707.0,6017.0,-14724.0,0.7783747242581517,0.40315305640276455,0.008991954566966331,0.008037825059101555,-0.026928343222272888
2024-08-21,520.0,77497.0,35065.0,545.5,216705.0,62326.0,-25.5,-0.04903846153836724,-6968.0,7194.0,-14162.0,0.5626062959278542,0.3576151911584857,-0.024390243902439046,-0.02985074626865669,-0.04147465437788023
2024-08-22,510.25,72183.0,44564.0,534.5,230678.0,79305.0,-24.25,-0.04752572268486521,-5314.0,13973.0,-19287.0,0.5619317823592388,0.3129167064045973,-0.018750000000000044,-0.03178368121442121,-0.06803652968036533
2024-08-23,505.0,53845.0,48966.0,530.0,236986.0,79874.0,-25.0,-0.049504950494951475,-18338.0,6308.0,-24646.0,0.6130405388486789,0.2272075143679364,-0.010289073983341446,-0.04401325130146716,-0.059590316573556845
2024-08-26,497.25,33321.0,39317.0,524.5,244275.0,77414.0,-27.25,-0.054801407742474,-20524.0,7289.0,-27813.0,0.5078797116800513,0.13640773718145477,-0.01534653465346536,-0.058684335068622806,-0.04878048780487809
2024-08-27,507.5,19006.0,31510.0,535.0,245802.0,82483.0,-27.5,-0.05418719211811983,-14315.0,1527.0,-15842.0,0.38201811282324377,0.07732239770221529,0.020613373554549952,-0.0478424015009381,-0.04245283018867929
2024-08-28,491.5,10068.0,19344.0,540.75,246141.0,70938.0,-49.25,-0.10020345879938922,-8938.0,339.0,-9277.0,0.2726888268628905,0.040903384645386016,-0.0315270935960591,-0.054807692307692335,-0.0593301435406699
2024-08-29,,2266.0,12493.0,547.75,249291.0,61566.0,,,-7802.0,3150.0,-10952.0,0.2029204431017087,0.009089778612144004,0.0,-0.036746692797648195,-0.06691979117228286
2024-08-30,,1408.0,830.0,551.75,247107.0,58075.0,,,-858.0,-2184.0,1326.0,0.01429186396900535,0.005697936521425918,0.0,-0.026732673267326756,-0.07786116322701686
2024-09-03,,875.0,426.0,566.25,241056.0,79150.0,,,-533.0,-6051.0,5518.0,0.005382185723310102,0.0036298619407938255,0.0,-0.011563599798893875,-0.08939323761000462
2024-09-04,,758.0,156.0,580.0,232519.0,86307.0,,,-117.0,-8537.0,8420.0,0.001807501129688185,0.003259948649357673,0.0,-0.0315270935960591,-0.09065679925994452
2024-09-05,,430.0,118.0,575.0,227876.0,68217.0,,,-328.0,-4643.0,4315.0,0.0017297741032293748,0.0018869911706366539,0.0,0.0,-0.09650735294117652
2024-09-06,,22.0,429.0,566.75,223644.0,55118.0,,,-408.0,-4232.0,3824.0,0.007783301280888135,9.837062474289452e-05,0.0,0.0,-0.08812615955473102
2024-09-09,,22.0,1.0,568.0,221496.0,48300.0,,,0.0,-2148.0,2148.0,2.070393374741158e-05,9.93245927691692e-05,0.0,0.0,-0.08387698042870462
2024-09-10,,20.0,7.0,573.25,219481.0,51922.0,,,-2.0,-2015.0,2013.0,0.00013481761103192994,9.112406085264743e-05,0.0,0.0,-0.09359151682803135
2024-09-11,,18.0,7.0,579.25,218439.0,45116.0,,,-2.0,-1042.0,1040.0,0.00015515559890060833,8.24028676197928e-05,0.0,0.0,-0.08387698042870462
2024-09-12,,,2.0,579.0,217276.0,74095.0,,,,-1163.0,,2.6992374654159833e-05,,0.0,0.0,-0.07044917257683214
2024-09-13,,,,595.0,216431.0,89761.0,,,,-845.0,,,,0.0,0.0,-0.08302238805970152
2024-09-16,578.0,210355.0,80580.0,586.25,80154.0,29542.0,-8.25,-0.01427335640135939,,-136277.0,,2.727642001218512,2.6243855578011996,0.17599186164801628,0.17599186164801628,0.09677419354838701
2024-09-17,576.25,209488.0,45713.0,596.0,79818.0,16307.0,-19.75,-0.03427331887195788,-867.0,-336.0,-531.0,2.8032746673206104,2.624570898794725,-0.003027681660899617,0.17243133265513744,0.09086606720302881
2024-09-18,576.0,209184.0,47041.0,592.0,81438.0,13786.0,-16.0,-0.027777777777729554,-304.0,1620.0,-1924.0,3.4122297983459005,2.56862889560153,-0.0004338394793925726,0.17192268565615465,0.0903928064363464
2024-09-19,566.0,212165.0,51648.0,584.0,80673.0,16706.0,-18.0,-0.03180212014128657,2981.0,-765.0,3746.0,3.0915838620852933,2.6299381453521917,-0.01736111111111116,0.15157680569684628,0.06191369606003749
2024-09-20,569.5,210723.0,60486.0,584.5,80669.0,16649.0,-15.0,-0.02633889376641556,-1442.0,-4.0,-1438.0,3.633010991650932,2.612193035738603,0.006183745583038913,0.1586978636826042,0.0951923076923078
2024-09-23,581.5,213124.0,63331.0,599.0,80178.0,20333.0,-17.5,-0.030094582975012735,2401.0,-491.0,2892.0,3.1146904047605806,2.65813564818276,0.021071115013169495,0.006055363321799234,0.1396374326310632
2024-09-24,578.5,213525.0,52268.0,584.0,80250.0,16580.0,-5.5,-0.009507346585981838,401.0,72.0,329.0,3.1524728588659134,2.6607476635513687,-0.005159071367153878,0.0039045553145335976,0.14554455445544545
2024-09-25,589.75,213852.0,52959.0,600.25,81383.0,17518.0,-10.5,-0.017804154302640433,327.0,1133.0,-806.0,3.023119077520092,2.6277232345821284,0.019446845289541992,0.02387152777777768,0.1860231271995978
2024-09-26,583.25,215496.0,69058.0,604.0,85282.0,26856.0,-20.75,-0.03557651093007188,1644.0,3899.0,-2255.0,2.5714179326778903,2.5268638165145925,-0.011021619330224719,0.030477031802120136,0.1492610837438424
2024-09-27,579.75,215518.0,46189.0,600.0,85755.0,12761.0,-20.25,-0.034928848641595636,22.0,473.0,-451.0,3.619543922889772,2.5131829047868637,-0.0060008572653236225,0.017998244073748948,0.17955239064089512
2024-09-30,583.5,215391.0,58874.0,603.75,85547.0,22544.0,-20.25,-0.03470437017988911,-127.0,-208.0,81.0,2.611515259048855,2.517808923749488,0.0064683053040104355,0.0034393809114359186,0.1871820956256358
2024-10-01,597.5,217196.0,84582.0,611.0,86607.0,26959.0,-13.5,-0.02259414225937641,1805.0,1060.0,745.0,3.137430913609439,2.507834239726552,0.023993144815766865,0.032843560933448535,0.21566632756866744
2024-10-02,614.25,213952.0,116431.0,620.0,90888.0,49172.0,-5.75,-0.009361009360994122,-3244.0,4281.0,-7525.0,2.367831286097731,2.354018132206646,0.028033472803347337,0.041543026706231556,0.2497456765005086
2024-10-03,604.0,210778.0,78992.0,620.0,92983.0,33559.0,-16.0,-0.026490066225121706,-3174.0,2095.0,-5269.0,2.353824607407779,2.2668444769473743,-0.016687016687016665,0.03557651093013292,0.22889114954221768
2024-10-04,590.5,210438.0,76333.0,610.0,94773.0,25791.0,-19.5,-0.03302286198131579,-340.0,1790.0,-2130.0,2.9596758559186167,2.2204425311006064,-0.022350993377483475,0.018542475204829767,0.20142421159715163
2024-10-07,593.5,212195.0,55580.0,613.0,97603.0,22930.0,-19.5,-0.03285593934282585,1757.0,2830.0,-1073.0,2.423898822503165,2.1740622726760224,0.00508044030482635,0.01713796058269068,0.20752797558494396
2024-10-08,594.75,208865.0,59037.0,615.75,100373.0,24824.0,-21.0,-0.03530895334168086,-3330.0,2770.0,-6100.0,2.378222687721464,2.080888286690623,0.002106149957876946,-0.004602510460251064,0.21007121057985767
2024-10-09,600.25,205976.0,55193.0,615.75,99732.0,23562.0,-15.5,-0.025822573927487175,-2889.0,-641.0,-2248.0,2.3424581953992725,2.0652949905747193,0.009247583018074712,-0.022792022792022748,0.2212614445574772
2024-10-10,602.75,201769.0,60990.0,626.0,101380.0,25984.0,-23.25,-0.038573206138467736,-4207.0,1648.0,-5855.0,2.3472136699506487,1.9902248964292564,0.004164931278633821,-0.002069536423841112,0.22634791454730419
2024-10-11,599.75,201616.0,75587.0,617.0,102123.0,29241.0,-17.25,-0.02876198416001874,-153.0,743.0,-896.0,2.5849663144214428,1.9742467416742362,-0.004977187888842827,0.01566469093988143,0.22024415055951163
2024-10-14,586.5,201233.0,55970.0,606.25,102472.0,18522.0,-19.75,-0.03367433930088035,-383.0,349.0,-732.0,3.0218118993627567,1.9637852291357447,-0.02209253855773241,-0.011794439764111209,0.19328585961342837
2024-10-15,580.75,199475.0,69756.0,601.75,105227.0,32616.0,-21.0,-0.03616013775284346,-1758.0,2755.0,-4513.0,2.138704930095593,1.8956636604673525,-0.009803921568627416,-0.023539302227826853,0.004757785467128128
2024-10-16,584.0,196136.0,57508.0,604.25,104321.0,28571.0,-20.25,-0.0346746575341872,-3339.0,-906.0,-2433.0,2.012810192152812,1.8801200141869625,0.005596211795092509,-0.027072053311120392,0.013449023861171305
2024-10-17,589.5,195022.0,75298.0,612.0,103540.0,36498.0,-22.5,-0.038167938931232964,-1114.0,-781.0,-333.0,2.063071949147842,1.8835425922348668,0.009417808219178037,-0.02198257984238905,0.0234375
2024-10-18,572.5,203011.0,82026.0,595.0,104634.0,31132.0,-22.5,-0.03930131004359948,7989.0,1094.0,6895.0,2.6347809328021765,1.9402010818662963,-0.028837998303647194,-0.04543559816590248,0.01148409893992941
2024-10-21,572.75,202998.0,74088.0,591.0,104244.0,28196.0,-18.25,-0.031863814927923416,-13.0,-390.0,377.0,2.6276067527307907,1.947335098422912,0.0004366812227074579,-0.023444160272804826,0.005706760316066761
2024-10-22,576.25,203844.0,49868.0,592.0,107064.0,17946.0,-15.75,-0.02733188720168793,846.0,2820.0,-1974.0,2.7787807868047043,1.9039453037435374,0.006110868616324705,-0.00774860094705121,-0.009028374892519397
2024-10-23,578.5,201918.0,57247.0,593.75,102747.0,24484.0,-15.25,-0.026361279170222365,-1926.0,-4317.0,2391.0,2.338139192942234,1.9651960641186412,0.0039045553145335976,-0.009417808219178037,0.0
2024-10-24,581.75,198783.0,49883.0,592.0,103133.0,25154.0,-10.25,-0.017619252256093478,-3135.0,386.0,-3521.0,1.9831040788740564,1.9274432044059424,0.00561797752808979,-0.013146734520780301,-0.013565069944891928
2024-10-25,569.25,200301.0,75987.0,586.0,103822.0,23960.0,-16.75,-0.029424681598542952,1518.0,689.0,829.0,3.171410684473991,1.9292731790949709,-0.021486892995272844,-0.005676855895196509,-0.02400342906129449
2024-10-28,558.75,203594.0,61302.0,584.0,105909.0,23511.0,-25.25,-0.0451901565994717,3293.0,2087.0,1206.0,2.6073752711495635,1.9223484312003518,-0.01844532279314892,-0.024443474465299042,-0.036222509702457995
2024-10-29,572.0,198443.0,67415.0,585.25,108671.0,30719.0,-13.25,-0.02316433566429517,-5151.0,2762.0,-7913.0,2.194570135746535,1.8260897571569064,0.02371364653243857,-0.007375271149674623,-0.019708654670094305
2024-10-30,573.25,198516.0,68179.0,591.5,110258.0,30669.0,-18.25,-0.03183602267765925,73.0,1587.0,-1514.0,2.2230591150672594,1.8004679932521739,0.0021853146853145766,-0.00907519446845284,-0.04058577405857744
2024-10-31,572.25,200088.0,61593.0,583.25,114128.0,24791.0,-11.0,-0.019222367846187468,1572.0,3870.0,-2298.0,2.484490339235913,1.7531894013738805,-0.0017444395987789019,-0.016330038676407366,-0.06837606837606836
2024-11-01,567.5,200603.0,54164.0,585.0,118589.0,24352.0,-17.5,-0.030837004405232005,515.0,4461.0,-3946.0,2.2242115637318403,1.6915818499186122,-0.00830056793359546,-0.0030742204655248573,-0.06043046357615889
2024-11-04,569.25,199822.0,55475.0,585.75,122828.0,27252.0,-16.5,-0.028985507246325894,-781.0,4239.0,-5020.0,2.0356304124467184,1.6268440420750836,0.003083700440528636,0.01879194630872494,-0.035986452159187166
2024-11-05,572.25,195323.0,58641.0,583.5,130008.0,37407.0,-11.25,-0.019659239842691727,-4499.0,7180.0,-11679.0,1.567647766460781,1.5023921604824202,0.005270092226614009,0.0004370629370629153,-0.03580454928390897
2024-11-06,574.25,194701.0,67945.0,592.5,132879.0,33777.0,-18.25,-0.0317805833695572,-622.0,2871.0,-3493.0,2.011575924445569,1.4652503405353634,0.003494975972040182,0.0017444395987789019,-0.034468263976460745
2024-11-07,571.75,185006.0,105864.0,586.25,140052.0,75597.0,-14.5,-0.02536073458675057,-9695.0,7173.0,-16868.0,1.4003730306758018,1.320980778567951,-0.004353504571179778,-0.000873743993010101,-0.04748021657642654
2024-11-08,572.25,166499.0,112145.0,583.0,146729.0,81487.0,-10.75,-0.018785495849683205,-18507.0,6677.0,-25184.0,1.3762317915740991,1.1347381908143508,0.0008745080891998658,0.008370044052863346,-0.050601410203235164
2024-11-11,564.75,154704.0,125709.0,580.5,153381.0,83107.0,-15.75,-0.02788844621509006,-11795.0,6652.0,-18447.0,1.5126162657778344,1.0086255794394285,-0.013106159895150737,-0.007905138339920903,-0.05835764902042517
2024-11-12,553.25,143881.0,105727.0,567.0,166681.0,82726.0,-13.75,-0.024853140533167912,-10823.0,13300.0,-24123.0,1.2780383434470266,0.8632117637883091,-0.020362992474546204,-0.03320227173438184,-0.05669224211423696
2024-11-13,541.0,132143.0,113238.0,552.0,185867.0,92342.0,-11.0,-0.020332717190350586,-11738.0,19186.0,-30924.0,1.226289229169812,0.7109546073267407,-0.022141888838680512,-0.057901610796691316,-0.06844597503228589
2024-11-14,531.5,117860.0,89913.0,549.0,199655.0,87380.0,-17.5,-0.032925682031923004,-14283.0,13788.0,-28071.0,1.0289883268482372,0.5903182990658857,-0.01756007393715342,-0.07039790118058598,-0.0898972602739726
2024-11-15,536.75,102967.0,73593.0,553.0,209347.0,71836.0,-16.25,-0.030274802049314813,-14893.0,9692.0,-24585.0,1.0244584887799846,0.4918484621226935,0.009877704609595472,-0.062035823503713394,-0.08948261238337574
2024-11-18,547.0,89922.0,68144.0,565.5,211039.0,71372.0,-18.5,-0.033820840950578024,-13045.0,1692.0,-14737.0,0.954772179566203,0.4260918597984239,0.01909641360037262,-0.031429836210712714,-0.044541484716157154
2024-11-19,549.25,78268.0,57490.0,567.25,213327.0,65946.0,-18.0,-0.03277196176598494,-11654.0,2288.0,-13942.0,0.8717738755951706,0.3668921421104672,0.004113345521023826,-0.007230004518752775,-0.04103011785246613
2024-11-20,552.0,69319.0,41277.0,571.5,213023.0,60806.0,-19.5,-0.035326086956457746,-8949.0,-304.0,-8645.0,0.6788310364108694,0.32540617679780903,0.005006827492034516,0.020332717190388205,-0.04208242950108465
2024-11-21,547.5,63843.0,34966.0,568.5,217031.0,58947.0,-21.0,-0.03835616438349159,-5476.0,4008.0,-9484.0,0.5931769216414645,0.2941653496505094,-0.008152173913043459,0.03010348071495761,-0.053586862575626615
2024-11-22,543.25,45883.0,36559.0,564.0,223197.0,61527.0,-20.75,-0.03819604233771156,-17960.0,6166.0,-24126.0,0.5941944187104752,0.205571759477053,-0.00776255707762552,0.012109920819748377,-0.0661796304254405
2024-11-25,536.5,26600.0,30009.0,556.5,231161.0,82115.0,-20.0,-0.03727865796824366,-19283.0,7964.0,-27247.0,0.36545089204164444,0.11507131393271307,-0.012425218591808562,-0.019195612431444187,-0.057531840140535806
2024-11-26,531.0,12784.0,34123.0,557.25,240832.0,78151.0,-26.25,-0.049435028248494474,-13816.0,9671.0,-23487.0,0.436629089838896,0.053082646824342064,-0.010251630941286116,-0.03322712790168414,-0.04966442953020134
2024-11-27,527.0,1178.0,18864.0,548.25,247987.0,75023.0,-21.25,-0.04032258064508478,-11606.0,7155.0,-18761.0,0.2514428908468036,0.004750249004988146,-0.007532956685499026,-0.04528985507246375,-0.07867132867132864
2024-11-29,527.0,158.0,1246.0,549.25,252482.0,47678.0,-22.25,-0.042220113851912294,-1020.0,4495.0,-5515.0,0.02613364654557603,0.0006257871848290151,0.0,-0.037442922374429255,-0.08068033144352382
2024-12-02,527.0,107.0,63.0,547.5,255273.0,53005.0,-20.5,-0.03889943073996414,-51.0,2791.0,-2842.0,0.0011885671163097597,0.0004191590963399952,0.0,-0.02991256327657621,-0.07907383136740931
2024-12-03,527.0,91.0,47.0,548.5,254939.0,49702.0,-21.5,-0.04079696394679166,-16.0,-334.0,318.0,0.0009456359905033813,0.00035694813269056383,0.0,-0.017707362534948756,-0.0713656387665198
2024-12-04,527.0,73.0,43.0,547.75,254214.0,52606.0,-20.75,-0.03937381404167102,-18.0,-725.0,707.0,0.0008173972550659465,0.0002871596371560957,0.0,-0.007532956685499026,-0.07422046552481332
2024-12-05,527.0,56.0,22.0,558.25,251142.0,54473.0,-31.25,-0.05929791271335997,-17.0,-3072.0,3055.0,0.0004038698070603711,0.0002229814208694674,0.0,0.0,-0.07907383136740931
2024-12-06,527.0,46.0,27.0,556.0,250669.0,55782.0,-29.0,-0.05502846299799805,-10.0,-473.0,463.0,0.00048402710551790035,0.00018350893010304353,0.0,0.0,-0.08228123639529816
2024-12-09,527.0,42.0,10.0,558.25,246600.0,49713.0,-31.25,-0.05929791271335997,-4.0,-4069.0,4065.0,0.00020115462756220304,0.00017031630170316234,0.0,0.0,-0.07826847398338432
2024-12-10,527.0,19.0,2.0,561.75,247670.0,50264.0,-34.75,-0.06593927893725629,-23.0,1070.0,-1093.0,3.9789909279006054e-05,7.671498364759529e-05,0.0,0.0,-0.07907383136740931
2024-12-11,527.0,21.0,56.0,562.25,244167.0,55240.0,-35.25,-0.06688804554067004,2.0,-3503.0,3505.0,0.0010137581462708,8.600670852326446e-05,0.0,0.0,-0.06684373616644534
2024-12-12,527.0,17.0,24.0,558.75,245152.0,52473.0,-31.75,-0.06024667931677373,-4.0,985.0,-989.0,0.00045737808015549984,6.934473306356844e-05,0.0,0.0,-0.04744690465431545
2024-12-13,,13.0,13.0,551.75,247612.0,49134.0,,,-4.0,2460.0,-2464.0,0.0002645825701143757,5.250149427329834e-05,0.0,0.0,-0.025878003696857665
2024-12-16,550.0,250282.0,68005.0,567.5,81046.0,23772.0,-17.5,-0.031818181818123965,250269.0,-166566.0,416835.0,2.8607184923438136,3.0881474718060966,0.0436432637571158,0.0436432637571158,0.03480714957666975
2024-12-17,545.0,259005.0,72661.0,551.0,80725.0,22788.0,-6.0,-0.011009174311906405,8723.0,-321.0,9044.0,3.1885641565734955,3.208485599256696,-0.009090909090909038,0.034155597722960174,0.015370284117373068
2024-12-18,541.25,259120.0,63252.0,550.25,80543.0,17523.0,-9.0,-0.016628175519599765,115.0,-182.0,297.0,3.6096558808421153,3.2171635027252123,-0.006880733944954143,0.027039848197343508,-0.010511882998171851
2024-12-19,532.25,268437.0,87290.0,541.0,82112.0,23547.0,-8.75,-0.01643964302486343,9317.0,1569.0,7748.0,3.7070539771519213,3.2691567614964527,-0.016628175519630473,0.009962049335863421,-0.03095129722348655
2024-12-20,532.5,266944.0,55084.0,540.0,83661.0,17389.0,-7.5,-0.014084507042227072,-1493.0,1549.0,-3042.0,3.167749726838624,3.1907818457823454,0.00046970408642565964,0.010436432637571214,-0.03532608695652173
2024-12-23,540.25,262711.0,57507.0,550.0,84324.0,15582.0,-9.75,-0.018047200370165578,-4233.0,663.0,-4896.0,3.6906045437040373,3.115494995493535,0.014553990610328693,-0.017727272727272703,-0.01324200913242013
2024-12-24,535.0,265115.0,25215.0,543.0,84965.0,9181.0,-8.0,-0.014953271028009434,2404.0,641.0,1763.0,2.746432850451721,3.1202848231624416,-0.00971772327626097,-0.01834862385321101,-0.015186378278877144
2024-12-26,541.5,265798.0,28461.0,550.0,86465.0,10550.0,-8.5,-0.015697137580765103,683.0,1500.0,-817.0,2.6977251184831563,3.0740530850632846,0.012149532710280297,0.00046189376443428465,0.009319664492078328
2024-12-27,547.25,264107.0,43052.0,548.0,86869.0,12185.0,-0.75,-0.0013704888076722331,-1691.0,404.0,-2095.0,3.5331965531388154,3.0402905524409967,0.01061865189289013,0.02818224518553314,0.030602636534839966
2024-12-30,548.25,260525.0,46874.0,555.75,87209.0,14401.0,-7.5,-0.01367989056085056,-3582.0,340.0,-3922.0,3.254912853273852,2.9873636895274225,0.001827318410233092,0.029577464788732355,0.040322580645161255
2024-12-31,551.25,258357.0,33827.0,555.75,87262.0,8681.0,-4.5,-0.00816326530610764,-2168.0,53.0,-2221.0,3.89667089044996,2.960704544933614,0.00547195622435015,0.02036094400740396,0.04601518026565454
2025-01-02,545.5,260031.0,44332.0,555.5,88156.0,17628.0,-10.0,-0.018331805682826156,1674.0,894.0,780.0,2.514862718402399,2.949668769000375,-0.0104308390022676,0.01962616822429908,0.03510436432637576
2025-01-03,528.5,266751.0,87535.0,541.0,90063.0,28566.0,-12.5,-0.023651844843853072,6720.0,1907.0,4813.0,3.064307218371383,2.9618267212950604,-0.031164069660861604,-0.024007386888273308,0.002846299810246755
2025-01-06,540.0,260153.0,64942.0,551.0,91438.0,17914.0,-11.0,-0.02037037037033265,-6598.0,1375.0,-7973.0,3.6252093334819904,2.8451300334652676,0.021759697256386046,-0.013248058474189084,0.024667931688804545
2025-01-07,543.0,258125.0,46902.0,549.0,92593.0,13514.0,-6.0,-0.011049723756885729,-2028.0,1155.0,-3183.0,3.4706230575696706,2.78773773395394,0.005555555555555536,-0.009575923392612817,0.030360531309297834
2025-01-08,535.25,258542.0,58097.0,546.0,92854.0,26640.0,-10.75,-0.02008407286311054,417.0,261.0,156.0,2.1808183183182366,2.7843927025222093,-0.014272559852670397,-0.029024943310657636,0.01565464895635671
2025-01-09,532.75,260592.0,45711.0,546.25,94885.0,18300.0,-13.5,-0.02534021586105051,2050.0,2031.0,19.0,2.49786885245888,2.746398271591898,-0.004670714619336769,-0.02337305224564623,0.010910815939279006
2025-01-10,529.75,260936.0,104604.0,538.0,95609.0,48835.0,-8.25,-0.015573383671513783,344.0,724.0,-380.0,2.1419883280433676,2.7291991339727146,-0.00563115908024403,0.002365184484389715,0.005218216318785496
2025-01-13,545.75,255376.0,84277.0,557.0,96552.0,25937.0,-11.25,-0.020613834173118437,-5560.0,943.0,-6503.0,3.24929637197813,2.6449581572623804,0.03020292590844731,0.010648148148148184,0.03557874762808355
2025-01-14,546.75,246599.0,70102.0,555.0,96957.0,22740.0,-8.25,-0.015089163237283787,-8777.0,405.0,-9182.0,3.082761653473919,2.54338521200117,0.001832340815391742,0.006906077348066253,0.03747628083491472
2025-01-15,547.0,242045.0,56045.0,556.0,98275.0,20317.0,-9.0,-0.016453382084064987,-4554.0,1318.0,-5872.0,2.7585273416349483,2.4629356397862887,0.0004572473708275293,0.021952358710882747,0.03795066413662229
2025-01-16,537.5,239459.0,52990.0,548.0,99809.0,15256.0,-10.5,-0.01953488372089389,-2586.0,1534.0,-4120.0,3.4733875196641666,2.399172419320879,-0.017367458866544783,0.008916001877053104,-0.022727272727272707
2025-01-17,539.0,241202.0,50291.0,548.5,101259.0,17032.0,-9.5,-0.017625231910913496,1743.0,1450.0,293.0,2.9527360263032554,2.3820302392873485,0.0027906976744185297,0.017461066540821246,-0.011009174311926606
2025-01-21,558.5,235904.0,112879.0,566.0,101411.0,35760.0,-7.5,-0.013428827215732447,-5298.0,152.0,-5450.0,3.1565715883668024,2.326217077042901,0.036178107606678944,0.02336234539624371,0.031870669745958535
2025-01-22,553.75,232880.0,91512.0,565.25,101500.0,31945.0,-11.5,-0.02076749435662164,-3024.0,89.0,-3113.0,2.864673657849339,2.2943842364531792,-0.008504923903312478,0.012802926383173263,0.0403945514325974
2025-01-23,554.75,231628.0,64143.0,565.0,102288.0,21671.0,-10.25,-0.0184767913474205,-1252.0,788.0,-2040.0,2.959854183009415,2.2644689504144937,0.0018058690744922057,0.014168190127970659,0.04178403755868554
2025-01-24,544.0,237695.0,81676.0,558.75,103056.0,30423.0,-14.75,-0.027113970588185453,6067.0,768.0,5299.0,2.6846793544357004,2.306464446514494,-0.019378098242451514,0.01209302325581385,0.006941230911615026
2025-01-27,536.0,245699.0,68354.0,546.25,105788.0,27833.0,-10.25,-0.019123134328322532,8004.0,2732.0,5272.0,2.4558617468471793,2.322560214769139,-0.014705882352941124,-0.005565862708719838,0.0018691588785046953
2025-01-28,544.75,241179.0,77116.0,556.5,107636.0,36377.0,-11.75,-0.021569527306064123,-4520.0,1848.0,-6368.0,2.119910932732163,2.240690846928516,0.0163246268656716,-0.02461951656222028,0.0060018467220683824
2025-01-29,561.0,231954.0,90600.0,570.0,108830.0,36447.0,-9.0,-0.016042780748634505,-9225.0,1194.0,-10419.0,2.485801300518493,2.1313424607185323,0.029830197338228448,0.013092550790067659,0.025125628140703515
2025-01-30,566.0,227294.0,96799.0,577.0,106238.0,40219.0,-11.0,-0.01943462897523068,-4660.0,-2592.0,-2068.0,2.406797782142709,2.139479282365988,0.00891265597147961,0.020279405137449302,0.032375740994072144
2025-01-31,560.25,218546.0,87916.0,568.0,102374.0,35782.0,-7.75,-0.013833110218627697,-8748.0,-3864.0,-4884.0,2.45698954781727,2.1347803153144143,-0.010159010600706675,0.029871323529411686,0.01632653061224487
2025-02-03,566.5,214985.0,90750.0,577.25,107643.0,43661.0,-10.75,-0.018976169461572857,-3561.0,5269.0,-8830.0,2.0785140056342715,1.997203719703074,0.011155734047300303,0.056902985074626766,0.03849679193400557
2025-02-04,577.5,210139.0,89542.0,588.75,111033.0,45596.0,-11.25,-0.01948051948048575,-4846.0,3390.0,-8236.0,1.9638126151416362,1.8925814847837859,0.01941747572815533,0.06011932078935289,0.0927152317880795
2025-02-05,571.5,201489.0,108673.0,581.0,120747.0,57580.0,-9.5,-0.016622922134704073,-8650.0,9714.0,-18364.0,1.8873393539423085,1.668687420805472,-0.010389610389610393,0.018716577540107027,0.05833333333333335
2025-02-06,587.75,195288.0,109406.0,599.0,124252.0,54080.0,-11.25,-0.019140791152668413,-6201.0,3505.0,-9706.0,2.0230399408283652,1.571709107298059,0.028433945756780377,0.03842756183745588,0.08241252302025792
2025-02-07,582.0,175183.0,106334.0,596.0,128248.0,78311.0,-14.0,-0.024054982817828086,-20105.0,3996.0,-24101.0,1.357842448698122,1.3659706194248535,-0.009783071033602764,0.038821954484605126,0.08734236338159729
2025-02-10,579.0,158642.0,105426.0,589.0,137783.0,78075.0,-10.0,-0.017271157167500394,-16541.0,9535.0,-26076.0,1.350317002881827,1.1513902295638712,-0.005154639175257714,0.02206531332744932,0.08681370248709519
2025-02-11,576.75,137730.0,110234.0,590.0,150200.0,86313.0,-13.25,-0.02297355873424712,-20912.0,12417.0,-33329.0,1.2771424930195767,0.9169773635153069,-0.0038860103626943143,-0.0012987012987012436,0.08872109485606416
2025-02-12,574.25,119171.0,113048.0,586.0,162694.0,87338.0,-11.75,-0.020461471484509428,-18559.0,12494.0,-31053.0,1.294373583090965,0.7324855249732583,-0.004334633723450332,0.00481189851268593,0.052221713238662426
2025-02-13,577.25,108034.0,91309.0,591.75,175384.0,76612.0,-14.5,-0.025119099177089443,-11137.0,12690.0,-23827.0,1.1918367879705374,0.6159854946859428,0.005224205485415689,-0.017864738409187564,0.055784179240969456
2025-02-14,601.5,99753.0,103503.0,610.0,179475.0,83063.0,-8.5,-0.014131338320841012,-8281.0,4091.0,-12372.0,1.2460782779336015,0.5558044295862903,0.042009527934170565,0.03350515463917536,0.09963436928702007
2025-02-18,606.0,86381.0,93045.0,617.75,183383.0,95074.0,-11.75,-0.019389438943862393,-13372.0,3908.0,-17280.0,0.9786587289900395,0.47104148148955755,0.007481296758104827,0.04663212435233155,0.12744186046511619
2025-02-19,592.0,70652.0,64134.0,606.25,187793.0,77008.0,-14.25,-0.024070945945905284,-15729.0,4410.0,-20139.0,0.8328225638894552,0.3762227559067677,-0.02310231023102305,0.02644126571304728,0.0983302411873841
2025-02-20,585.25,63920.0,37056.0,600.0,193462.0,56780.0,-14.75,-0.02520290474152037,-6732.0,5669.0,-12401.0,0.6526241634378188,0.3304008022247246,-0.011402027027026973,0.019155420113191157,0.04789615040286477
2025-02-21,590.0,39324.0,35193.0,604.25,199853.0,56637.0,-14.25,-0.02415254237284042,-24596.0,6391.0,-30987.0,0.6213782509666717,0.19676462199716693,0.008116189662537465,0.022087483759203108,0.06546275395033851
2025-02-24,579.0,28463.0,27710.0,593.5,204167.0,73404.0,-14.5,-0.025043177892875572,-10861.0,4314.0,-15175.0,0.37749986376763695,0.13941038463610603,-0.01864406779661021,-0.03740648379052369,0.0437133844073907
2025-02-25,574.0,17009.0,30844.0,588.75,209227.0,84449.0,-14.75,-0.02569686411145349,-11454.0,5060.0,-16514.0,0.36523819109758116,0.08129447920201466,-0.008635578583765069,-0.05280528052805278,0.05514705882352944
2025-02-26,562.0,6999.0,23733.0,579.0,217657.0,75490.0,-17.0,-0.030249110320230876,-10010.0,8430.0,-18440.0,0.3143860113922332,0.03215609881602691,-0.020905923344947785,-0.05067567567567566,0.04850746268656714
2025-02-27,545.0,820.0,9609.0,562.75,230620.0,87517.0,-17.75,-0.032568807339389785,-6179.0,12963.0,-19142.0,0.10979581109955654,0.0035556326424420973,-0.030249110320284656,-0.06877402819307987,0.00045892611289577445
2025-02-28,527.0,386.0,551.0,555.25,228864.0,69273.0,-28.25,-0.05360531309287741,-434.0,-1756.0,1322.0,0.007954036926363692,0.0016865911633109547,-0.03302752293577982,-0.10677966101694913,-0.06060606060606055
2025-03-03,515.0,134.0,77.0,547.5,231243.0,89699.0,-32.5,-0.06310679611638231,-252.0,2379.0,-2631.0,0.000858426515345758,0.000579477000384874,-0.022770398481973486,-0.11053540587219346,-0.09010600706713778
2025-03-04,,76.0,30.0,537.75,237370.0,112381.0,,,-58.0,6127.0,-6185.0,0.0002669490394283707,0.00032017525382314394,0.0,-0.10278745644599308,-0.08076751450245423
2025-03-05,,73.0,2.0,548.75,239248.0,84227.0,,,-3.0,1878.0,-1881.0,2.3745354814964038e-05,0.00030512271784925975,0.0,-0.08362989323843417,-0.09090909090909094
2025-03-06,,74.0,8.0,553.25,234859.0,84193.0,,,1.0,-4389.0,4390.0,9.501977599087696e-05,0.000315082666621248,0.0,-0.05504587155963303,-0.10822510822510822
2025-03-07,,76.0,13.0,552.0,237219.0,57242.0,,,2.0,2360.0,-2358.0,0.000227105971140068,0.00032037905901297824,0.0,-0.022770398481973486,-0.09886264216972873
2025-03-10,,65.0,12.0,562.75,231078.0,74007.0,,,-11.0,-6141.0,6130.0,0.0001621468239490837,0.00028129030024493776,0.0,0.0,-0.12377711612079967
2025-03-11,,54.0,16.0,556.25,229761.0,51176.0,,,-11.0,-1317.0,1306.0,0.0003126465530717463,0.00023502683223001192,0.0,0.0,-0.11512027491408938
2025-03-12,,41.0,3.0,554.5,233416.0,70697.0,,,-13.0,3655.0,-3668.0,4.243461533021143e-05,0.0001756520547006196,0.0,0.0,-0.11053540587219346
2025-03-13,,5.0,15.0,561.75,225149.0,76176.0,,,-36.0,-8267.0,8231.0,0.00019691241335853554,2.2207515911685053e-05,0.0,0.0,-0.1070654529692241
2025-03-14,,9.0,9.0,557.5,227973.0,60916.0,,,4.0,2824.0,-2820.0,0.00014774443495961412,3.947835927938818e-05,0.0,0.0,-0.10317805833696125
2025-03-17,568.5,219794.0,78721.0,582.75,114382.0,37100.0,-14.25,-0.025065963060641926,219785.0,-113591.0,333376.0,2.1218598382748755,1.921578570054712,0.10388349514563111,0.10388349514563111,-0.015158077089649225
2025-03-18,564.0,220071.0,64451.0,580.0,116889.0,26694.0,-16.0,-0.028368794326190837,277.0,2507.0,-2230.0,2.4144377013560194,1.8827349023432325,-0.0079155672823219,0.09514563106796126,-0.06234413965087282
2025-03-19,563.75,219416.0,62175.0,578.0,118077.0,24241.0,-14.25,-0.02527716186248288,-655.0,1188.0,-1843.0,2.5648694360792637,1.8582450434885551,-0.00044326241134751143,0.09466019417475735,-0.06971947194719474
2025-03-20,556.5,221866.0,62329.0,572.0,117809.0,30256.0,-15.5,-0.027852650494109878,2450.0,-268.0,2718.0,2.0600542041247336,1.883268680661054,-0.012860310421285992,0.08058252427184476,-0.05996621621621623
2025-03-21,558.0,222236.0,47008.0,574.25,117897.0,19378.0,-16.25,-0.029121863799230964,370.0,88.0,282.0,2.4258437403239537,1.8850013147068891,0.0026954177897573484,0.08349514563106797,-0.04656129859034597
2025-03-24,547.5,224088.0,53647.0,564.0,120795.0,26881.0,-16.5,-0.030136986301314818,1852.0,2898.0,-1046.0,1.9957218853464531,1.8551098969328046,-0.018817204301075252,-0.03693931398416883,-0.07203389830508478
2025-03-25,543.75,222807.0,57054.0,558.0,121429.0,30182.0,-14.25,-0.02620689655167594,-1281.0,634.0,-1915.0,1.8903319859518293,1.8348747004422186,-0.006849315068493178,-0.03590425531914898,-0.060880829015544036
2025-03-26,535.5,223652.0,57623.0,550.75,122098.0,32258.0,-15.25,-0.028478057889769415,845.0,669.0,176.0,1.7863165726330898,1.8317417156710032,-0.015172413793103412,-0.05011086474501114,-0.06707317073170727
2025-03-27,531.5,229564.0,73561.0,547.25,123162.0,37395.0,-15.75,-0.0296331138287307,5912.0,1064.0,4848.0,1.9671346436688872,1.86391906594565,-0.007469654528478031,-0.04492362982929021,-0.05427046263345192
2025-03-28,528.5,231340.0,81818.0,542.0,130986.0,50979.0,-13.5,-0.025543992431361316,1776.0,7824.0,-6048.0,1.604935365542643,1.7661429465744296,-0.005644402634054524,-0.05286738351254483,-0.03027522935779814
2025-03-31,537.5,229178.0,83018.0,549.0,132346.0,43132.0,-11.5,-0.0213953488371695,-2162.0,1360.0,-3522.0,1.9247426504682852,1.7316579269490449,0.017029328287606393,-0.0182648401826484,0.019924098671726842
2025-04-01,540.0,223854.0,62409.0,551.0,135709.0,34956.0,-11.0,-0.02037037037033265,-5324.0,3363.0,-8687.0,1.7853587366975117,1.649514770575263,0.0046511627906977715,-0.006896551724137945,0.04854368932038833
2025-04-02,537.75,221267.0,58991.0,547.0,138165.0,33674.0,-9.25,-0.017201301720098185,-2587.0,2456.0,-5043.0,1.751826334857702,1.6014692577714935,-0.004166666666666652,0.004201680672268893,0.0441747572815534
2025-04-03,537.0,219525.0,80918.0,550.0,137336.0,44067.0,-13.0,-0.02420856610796237,-1742.0,-829.0,-913.0,1.8362493475843187,1.5984519718063612,-0.001394700139469962,0.010348071495766664,0.042718446601941684
2025-04-04,529.75,218016.0,82626.0,535.0,141402.0,45232.0,-5.25,-0.00991033506369059,-1509.0,4066.0,-5575.0,1.8267155995754816,1.5418169474264753,-0.013500931098696434,0.002365184484389715,0.02864077669902909
2025-04-07,536.5,204221.0,96849.0,546.0,141350.0,65822.0,-9.5,-0.017707362534915738,-13795.0,-52.0,-13743.0,1.4713773510376245,1.4447895295366011,0.012741859367626285,-0.0018604651162790198,0.04174757281553387
2025-04-08,539.75,187768.0,92716.0,550.0,152043.0,75300.0,-10.25,-0.018990273274629012,-16453.0,10693.0,-27146.0,1.2312881806108733,1.2349664239721578,0.0060577819198508465,-0.0004629629629629983,0.04805825242718442
2025-04-09,542.25,171164.0,85229.0,550.0,165727.0,69007.0,-7.75,-0.014292300599328183,-16604.0,13684.0,-30288.0,1.235077600823087,1.0328069656724552,0.004631773969430375,0.008368200836819994,0.052912621359223255
2025-04-10,537.5,157869.0,112107.0,551.0,179053.0,101075.0,-13.5,-0.025116279069720714,-13295.0,13326.0,-26621.0,1.1091466732624178,0.8816886620162696,-0.008759797141539849,0.0009310986964619072,0.043689320388349495
2025-04-11,555.0,120298.0,123039.0,566.0,199749.0,101082.0,-11.0,-0.019819819819784108,-37571.0,20696.0,-58267.0,1.2172196830296074,0.6022458185022173,0.032558139534883734,0.047663992449268555,0.07766990291262132
2025-04-14,546.75,110172.0,78608.0,560.0,212729.0,75761.0,-13.25,-0.02423411065381942,-10126.0,12980.0,-23106.0,1.037578701442681,0.5178983589449463,-0.014864864864864824,0.01910531220876055,0.06165048543689311
2025-04-15,542.0,95951.0,65960.0,555.25,219639.0,68274.0,-13.25,-0.024446494464899545,-14221.0,6910.0,-21131.0,0.9661071564577882,0.4368577529491555,-0.008687700045724722,0.00416859657248736,-0.046613896218117845
2025-04-16,547.5,82490.0,59640.0,559.0,228094.0,70926.0,-11.5,-0.0210045662100073,-13461.0,8455.0,-21916.0,0.8408764063953861,0.361649144650888,0.010147601476014678,0.009681881051175623,-0.0292553191489362
2025-04-17,548.5,73686.0,40697.0,561.0,231788.0,52316.0,-12.5,-0.02278942570643065,-8804.0,3694.0,-12498.0,0.7779073323648449,0.3179025661380213,0.0018264840182649067,0.02046511627906966,-0.027050997782705144
2025-04-21,538.75,70010.0,24733.0,553.0,236319.0,41091.0,-14.25,-0.026450116009231646,-3676.0,4531.0,-8207.0,0.601907960380604,0.29625209991579055,-0.01777575205104831,-0.029279279279279313,-0.03189577717879599
2025-04-22,534.5,61349.0,31592.0,550.0,239535.0,62532.0,-15.5,-0.028999064546250702,-8661.0,3216.0,-11877.0,0.5052133307746354,0.25611706013734836,-0.007888631090487208,-0.022405121170553266,-0.04211469534050183
2025-04-23,528.0,53002.0,29029.0,544.0,243059.0,51818.0,-16.0,-0.030303030302972912,-8347.0,3524.0,-11871.0,0.5602107375815246,0.21806228117452875,-0.012160898035547207,-0.02583025830258301,-0.03561643835616435
2025-04-24,529.0,46229.0,25897.0,544.25,250521.0,61550.0,-15.25,-0.028827977315635488,-6773.0,7462.0,-14235.0,0.42074735987001755,0.1845314364863617,0.0018939393939394478,-0.03378995433789955,-0.027126436781609198
2025-04-25,529.75,28540.0,30800.0,544.5,256848.0,54385.0,-14.75,-0.02784332232179737,-17689.0,6327.0,-24016.0,0.5663326284821079,0.11111630224880042,0.0014177693761814325,-0.034184138559708255,-0.01073762838468717
2025-04-28,510.0,13325.0,32411.0,531.5,265742.0,99543.0,-21.5,-0.04215686274501538,-15215.0,8894.0,-24109.0,0.3255979827813073,0.05014261953323129,-0.03728173666823975,-0.05336426914153136,-0.040451552210724384
2025-04-29,515.0,1290.0,20109.0,524.75,273972.0,77071.0,-9.75,-0.018932038834914695,-12035.0,8230.0,-20265.0,0.26091525995510295,0.004708510358722772,0.009803921568627416,-0.03648269410664173,-0.0255439924314097
2025-04-30,,714.0,1204.0,531.75,269587.0,87618.0,,,-576.0,-4385.0,3809.0,0.013741468647994547,0.0026484956618827962,0.0,-0.024621212121212155,-0.041860465116279055
2025-05-01,,475.0,706.0,530.75,272621.0,55493.0,,,-239.0,3034.0,-3273.0,0.012722325338330733,0.0017423456006690544,0.0,-0.026465028355387554,-0.04629629629629628
2025-05-02,,266.0,103.0,543.5,268071.0,67575.0,,,-209.0,-4550.0,4341.0,0.0015242323344431886,0.0009922744347579523,0.0,-0.02784332232184994,-0.04230590423059044
2025-05-05,,256.0,4.0,531.0,267699.0,63841.0,,,-10.0,-372.0,362.0,6.265566015569834e-05,0.0009562979316321655,0.0,0.009803921568627416,-0.040968342644320255
2025-05-06,,256.0,19.0,535.25,267388.0,54826.0,,,0.0,-311.0,311.0,0.00034655090650420703,0.0009574102053944046,0.0,0.0,-0.02784332232184994
2025-05-07,,71.0,82.0,533.5,266256.0,58189.0,,,-185.0,-1132.0,947.0,0.001409201051745151,0.0002666606574124141,0.0,0.0,-0.040074557315936676
2025-05-08,,43.0,10.0,529.25,266840.0,53543.0,,,-28.0,584.0,-612.0,0.0001867657770390119,0.0001611452555838699,0.0,0.0,-0.04585456229735985
2025-05-09,,34.0,6.0,521.25,270149.0,57368.0,,,-9.0,3309.0,-3318.0,0.00010458792358108869,0.0001258564717988957,0.0,0.0,-0.05025357307514988
2025-05-12,,33.0,16.0,514.5,269601.0,82207.0,,,-1.0,-548.0,547.0,0.00019463062756212737,0.0001224031068134016,0.0,0.0,-0.041860465116279055
2025-05-13,,19.0,19.0,518.0,269862.0,78081.0,,,-14.0,261.0,-275.0,0.0002433370474251067,7.040635584113336e-05,0.0,0.0,-0.07207207207207211
2025-05-14,,28.0,28.0,524.75,269074.0,62950.0,,,9.0,-788.0,797.0,0.00044479745830023124,0.0001040605929967217,0.0,0.0,-0.058070416095107436
2025-05-15,532.75,267352.0,69748.0,539.0,107368.0,27983.0,-6.25,-0.011731581417153015,267324.0,-161706.0,429030.0,2.492513311653415,2.4900529021682205,0.034466019417475735,0.034466019417475735,-0.017066420664206605
2025-05-16,524.75,265837.0,49356.0,534.0,106070.0,18856.0,-9.25,-0.017627441638842063,-1515.0,-1298.0,-217.0,2.617522274077078,2.5062411614971007,-0.015016424213984081,0.018932038834951426,-0.04155251141552507
2025-05-19,529.5,264307.0,64286.0,541.0,106968.0,24425.0,-11.5,-0.02171860245510535,-1530.0,898.0,-2428.0,2.63197543500501,2.470897838605915,0.009051929490233368,0.028155339805825186,-0.034639927073837784
2025-05-20,547.0,260410.0,86585.0,561.5,104488.0,31263.0,-14.5,-0.026508226690993588,-3897.0,-2480.0,-1417.0,2.769567859770247,2.4922479136359916,0.03305004721435312,0.062135922330097015,0.015313225058004587
2025-05-21,547.75,250752.0,85813.0,559.0,102902.0,33765.0,-11.25,-0.020538566864407963,-9658.0,-1586.0,-8072.0,2.541477861691025,2.436803949388715,0.0013711151736746086,0.06359223300970873,0.02478952291861547
2025-05-22,545.0,246218.0,85214.0,557.5,100380.0,49859.0,-12.5,-0.02293577981647168,-4534.0,-2522.0,-2012.0,1.7090996610441103,2.452859135285889,-0.005020538566864463,0.02299389957766307,0.032196969696969724
2025-05-23,543.25,250386.0,61665.0,553.75,104529.0,32591.0,-10.5,-0.019328117809444403,4168.0,4149.0,19.0,1.8920867724217763,2.39537353270382,-0.0032110091743119407,0.03525488327775128,0.026937618147448106
2025-05-27,528.75,255442.0,66898.0,543.0,104467.0,29194.0,-14.25,-0.02695035460987811,5056.0,-62.0,5118.0,2.29149825306562,2.4451932189112116,-0.02669121030832955,-0.0014164305949008194,-0.0018876828692779846
2025-05-28,530.5,254429.0,60152.0,546.75,105275.0,30684.0,-16.25,-0.03063147973604028,-1013.0,808.0,-1821.0,1.9603702255246396,2.416803609593898,0.003309692671394693,-0.030164533820840944,0.04019607843137263
2025-05-29,534.25,254050.0,48247.0,544.0,105531.0,21875.0,-9.75,-0.018249883013536267,-379.0,256.0,-635.0,2.205577142857042,2.4073494991992646,0.00706880301602264,-0.024646280237334506,0.037378640776698946
2025-05-30,533.0,246992.0,49023.0,545.75,106570.0,24271.0,-12.75,-0.023921200750424164,-7058.0,1039.0,-8097.0,2.019817889662477,2.317650370648378,-0.0023397285914833477,-0.022018348623853212,0.03495145631067964
2025-06-02,538.0,243282.0,82568.0,551.25,108961.0,36673.0,-13.25,-0.024628252788058313,-3710.0,2391.0,-6101.0,2.251465655932096,2.2327438257725034,0.009380863039399667,-0.00966405890473998,0.044660194174757306
2025-06-03,535.75,237941.0,80640.0,548.0,109911.0,36445.0,-12.25,-0.0228651423238024,-5341.0,950.0,-6291.0,2.2126491974207103,2.1648515617180975,-0.004182156133828996,0.013238770685579215,0.04029126213592238
2025-06-04,543.5,233068.0,73113.0,555.0,111617.0,33111.0,-11.5,-0.021159153633815715,-4873.0,1706.0,-6579.0,2.20811814804741,2.0881048585788715,0.014465702286514226,0.024505183788878337,0.05533980582524278
2025-06-05,544.75,227307.0,63379.0,560.75,113238.0,31050.0,-16.0,-0.029371271225278803,-5761.0,1621.0,-7382.0,2.041191626408952,2.0073385259365053,0.0022999080036798514,0.019653720168460564,0.05776699029126209
2025-06-06,555.5,211549.0,97197.0,567.0,119206.0,55932.0,-11.5,-0.020702070206983433,-15758.0,5968.0,-21726.0,1.7377708646212948,1.7746506048353121,0.019733822854520522,0.04221388367729828,0.07864077669902914
2025-06-09,541.0,195088.0,102603.0,556.0,126159.0,65552.0,-15.0,-0.027726432532296254,-16461.0,6953.0,-23414.0,1.5652154015132784,1.546366093580311,-0.026102610261026116,0.005576208178438735,0.05048543689320395
2025-06-10,535.25,176293.0,90158.0,546.75,129389.0,67955.0,-11.5,-0.021485287248908948,-18795.0,3230.0,-22025.0,1.3267309248767372,1.3625037677082181,-0.010628465804066511,-0.0009332711152589823,0.03932038834951457
2025-06-11,533.75,159195.0,72453.0,548.25,139585.0,56184.0,-14.5,-0.02716627634655332,-17098.0,10196.0,-27294.0,1.2895664246048468,1.1404878747716365,-0.0028024287716020835,-0.017939282428702907,0.03640776699029136
2025-06-12,526.5,136824.0,93654.0,542.0,154349.0,65170.0,-15.5,-0.029439696106306857,-22371.0,14764.0,-37135.0,1.4370722725180078,0.8864586100331011,-0.013583138173302145,-0.03350160624139509,0.022330097087378542
2025-06-13,542.75,119971.0,102188.0,557.0,159936.0,77541.0,-14.25,-0.026255181943756326,-16853.0,5587.0,-22440.0,1.317857649501537,0.750118797519003,0.030864197530864113,-0.022952295229522912,0.053883495145631066
2025-06-16,536.75,103348.0,77417.0,554.0,168237.0,66457.0,-17.25,-0.032137866790811105,-16623.0,8301.0,-24924.0,1.1649186692146625,0.6143000647895492,-0.011054813450023016,-0.007855822550831837,0.0075082121069920404
2025-06-17,548.75,89337.0,71241.0,562.75,181018.0,66629.0,-14.0,-0.02551252847375761,-14011.0,12781.0,-26792.0,1.069219108796454,0.4935255057508066,0.02235677689799731,0.025221858944418418,0.04573606479275849
2025-06-18,573.0,73239.0,105218.0,590.0,189435.0,118027.0,-17.0,-0.02966841186731297,-16098.0,8417.0,-24515.0,0.89147398476619,0.38661810119565876,0.04419134396355351,0.073536299765808,0.0821529745042493
2025-06-20,567.0,53158.0,49117.0,582.0,182580.0,81548.0,-15.0,-0.026455026454979796,-20081.0,-6855.0,-13226.0,0.6023078432334257,0.2911490853324554,-0.010471204188481686,0.07692307692307687,0.03656307129798897
2025-06-23,553.0,41434.0,44221.0,570.5,184957.0,95614.0,-17.5,-0.03164556962019594,-11724.0,2377.0,-14101.0,0.4624950321082638,0.22401963699670616,-0.024691358024691357,0.01888530631045593,0.009584664536741228
2025-06-24,535.25,30337.0,36906.0,552.0,190740.0,91115.0,-16.75,-0.03129378794949782,-11097.0,5783.0,-16880.0,0.4050485650002699,0.15904896718045425,-0.032097649186256794,-0.0027945971122496083,-0.01788990825688075
2025-06-25,527.75,23730.0,18240.0,544.25,194510.0,68313.0,-16.5,-0.03126480341064659,-6607.0,3770.0,-10377.0,0.2670062799174349,0.12199886895275246,-0.014012143858010306,-0.038268792710706157,-0.028531983433041863
2025-06-26,521.0,11818.0,24542.0,536.75,200227.0,73662.0,-15.75,-0.03023032629552739,-11912.0,5717.0,-17629.0,0.3331704270858742,0.05902300888491533,-0.01279014684983415,-0.09075043630017454,-0.014657210401891274
2025-06-27,518.0,2341.0,12677.0,540.5,204537.0,59264.0,-22.5,-0.04343629343620958,-9477.0,4310.0,-13787.0,0.21390726241900287,0.011445361963850006,-0.0057581573896353655,-0.0864197530864198,-0.023562676720075393
2025-06-30,523.0,814.0,1972.0,537.25,204204.0,65967.0,-14.25,-0.027246653919641976,-1527.0,-333.0,-1194.0,0.029893734746160503,0.00398620986856279,0.009652509652509744,-0.054249547920434016,-0.021057557323350462
2025-07-01,523.0,227.0,453.0,549.75,207193.0,96790.0,-26.75,-0.05114722753336301,-587.0,2989.0,-3576.0,0.004680235561524903,0.001095596858967238,0.0,-0.022886501634750145,-0.018761726078799223
2025-07-02,523.0,184.0,62.0,564.5,202060.0,86572.0,-41.5,-0.07934990439755382,-43.0,-5133.0,5090.0,0.0007161668899875165,0.0009106206077402707,0.0,-0.009000473709142587,-0.027881040892193343
2025-07-03,523.0,133.0,126.0,556.25,203206.0,77292.0,-33.25,-0.06357552581249795,-51.0,1146.0,-1197.0,0.001630181648812275,0.0006545082330246122,0.0,0.0038387715930903177,-0.02379841343910405
2025-07-07,523.0,91.0,53.0,548.75,200538.0,65505.0,-25.75,-0.049235181644265325,-42.0,-2668.0,2626.0,0.0008090985420960109,0.00045377933359263357,0.0,0.009652509652509744,-0.03771849126034954
2025-07-08,523.0,90.0,4.0,547.5,206050.0,57565.0,-24.5,-0.046845124282893225,-1.0,5512.0,-5513.0,6.948666724572103e-05,0.000436787187575829,0.0,0.0,-0.03992657182193671
2025-07-09,,54.0,41.0,547.0,208980.0,46110.0,,,-36.0,2930.0,-2966.0,0.0008891780524831731,0.00025839793281653625,0.0,0.0,-0.05850585058505853
2025-07-10,,80.0,40.0,554.25,212114.0,52217.0,,,26.0,3134.0,-3108.0,0.0007660340502135173,0.0003771556804359902,0.0,0.0,-0.03327171903881698
2025-07-11,,35.0,21.0,545.0,213118.0,67749.0,,,-45.0,1004.0,-1049.0,0.00030996767479962343,0.0001642282679079188,0.0,0.0,-0.022886501634750145
2025-07-14,,5.0,6.0,542.0,213081.0,52432.0,,,-30.0,-37.0,7.0,0.00011443393347573784,2.3465254996925942e-05,0.0,0.0,-0.02014051522248239
2025-07-15,538.25,217062.0,56165.0,556.0,118836.0,19952.0,-17.75,-0.032977241058926195,217057.0,-94245.0,311302.0,2.815006014434502,1.8265677067555133,0.029158699808795374,0.029158699808795374,0.022317188983855596
2025-07-16,541.75,217149.0,59091.0,559.0,121409.0,26348.0,-17.25,-0.03184125519145022,87.0,2573.0,-2486.0,2.2427129193865856,1.7885741584231662,0.006502554575011699,0.03585086042065,-0.0018424689083371693
2025-07-17,533.5,223797.0,55433.0,554.25,126825.0,27712.0,-20.75,-0.03889409559505362,6648.0,5416.0,1232.0,2.0003247690530457,1.7646126552335757,-0.015228426395939132,0.020076481835564097,-0.006054960409874188
2025-07-18,546.5,221048.0,82550.0,562.0,127666.0,39516.0,-15.5,-0.028362305580917912,-2749.0,841.0,-3590.0,2.089027229476615,1.7314555167389771,0.024367385192127555,0.0449330783938815,-0.004100227790432842
2025-07-21,542.0,220563.0,43970.0,560.0,128514.0,22059.0,-18.0,-0.03321033210325976,-485.0,848.0,-1333.0,1.9932907203408134,1.7162565946122468,-0.008234217749313766,0.03632887189292533,-0.054101221640488695
2025-07-22,549.25,220990.0,62596.0,565.25,128523.0,33114.0,-16.0,-0.029130632680875502,427.0,9.0,418.0,1.8903182943769437,1.7194587739159393,0.013376383763837651,0.02043660009289372,-0.031305114638447984
2025-07-23,541.0,219790.0,49135.0,560.75,130267.0,28939.0,-19.75,-0.03650646950085674,-1200.0,1744.0,-2944.0,1.6978817512698539,1.6872270030015146,-0.01502048247610377,-0.0013844023996307797,-0.02169981916817365
2025-07-24,541.5,221395.0,56771.0,560.25,134381.0,32825.0,-18.75,-0.03462603878109949,1605.0,4114.0,-2509.0,1.729504950494997,1.6475171341186505,0.0009242144177448175,0.014995313964386137,0.011676786548341811
2025-07-25,539.0,218515.0,37484.0,555.5,134954.0,17677.0,-16.5,-0.030612244897902388,-2880.0,573.0,-3453.0,2.120495559201102,1.6191813506824428,-0.004616805170821747,-0.013723696248856387,0.02131691141639025
2025-07-28,538.25,218511.0,45184.0,556.75,137854.0,22776.0,-18.5,-0.034370645610711806,-4.0,2900.0,-2904.0,1.9838426413768009,1.58509002277771,-0.0013914656771799594,-0.006918819188191927,0.033109404990403046
2025-07-29,529.25,222545.0,80217.0,548.5,135716.0,44059.0,-19.25,-0.03637222484641214,4034.0,-2138.0,6172.0,1.8206722803513058,1.6397845500898816,-0.016720854621458447,-0.03641329085116063,0.021718146718146647
2025-07-30,523.25,224963.0,64991.0,545.0,142528.0,42199.0,-21.75,-0.04156712852357082,2418.0,6812.0,-4394.0,1.5401075854877715,1.578377581948799,-0.011336797354747241,-0.032809611829944574,0.00047801147227533036
2025-07-31,523.75,227936.0,77077.0,542.5,147222.0,51987.0,-18.75,-0.03579952267296267,2973.0,4694.0,-1721.0,1.4826206551637626,1.5482468652782768,0.000955566172957445,-0.03277931671283474,0.001434034416825991
2025-08-01,516.5,230952.0,62480.0,537.0,152734.0,40138.0,-20.5,-0.03969022265239169,3016.0,5512.0,-2496.0,1.556629627784106,1.512119109039235,-0.01384248210023864,-0.04174397031539889,-0.0124282982791587
2025-08-04,516.25,236965.0,71053.0,536.25,162886.0,47623.0,-20.0,-0.03874092009677726,6013.0,10152.0,-4139.0,1.4919891648992822,1.4547904669523382,-0.0004840271055178702,-0.04087320018578733,-0.01290630975143403
2025-08-05,508.0,235473.0,67614.0,528.0,161931.0,40906.0,-20.0,-0.03937007874007998,-1492.0,-955.0,-537.0,1.6529115533173215,1.454156399948117,-0.015980629539951607,-0.04015115729806329,-0.028680688336520044
2025-08-06,508.25,236167.0,65192.0,530.0,170253.0,51190.0,-21.75,-0.04279390063936489,694.0,8322.0,-7628.0,1.2735299863254295,1.3871532366536778,0.0004921259842520787,-0.028666985188724348,-0.028202676864244713
2025-08-07,518.0,222519.0,81829.0,537.75,174990.0,63553.0,-19.75,-0.03812741312733952,-13648.0,4737.0,-18385.0,1.2875710037291508,1.271609806274637,0.01918347270044274,-0.010978520286396232,-0.009560229445506718
2025-08-08,515.25,206094.0,78246.0,534.0,178101.0,63382.0,-18.75,-0.03639010189221467,-16425.0,3111.0,-19536.0,1.234514530939364,1.1571748614550106,-0.005308880308880326,-0.002420135527589573,-0.014818355640535352
2025-08-11,514.5,186967.0,87297.0,534.0,184643.0,69684.0,-19.5,-0.037900874635494845,-19127.0,6542.0,-25669.0,1.2527552953332004,1.0125864506100908,-0.0014556040756914523,-0.003389830508474523,-0.016252390057361343
2025-08-12,504.5,166535.0,116430.0,524.0,199496.0,104875.0,-19.5,-0.03865213082252002,-20432.0,14853.0,-35285.0,1.110178784266974,0.8347786421782851,-0.0194363459669582,-0.006889763779527547,-0.03537284894837478
2025-08-13,507.0,145120.0,78660.0,527.75,221259.0,78032.0,-20.75,-0.04092702169617174,-21415.0,21763.0,-43178.0,1.008047980315755,0.6558829245364001,0.0049554013875123815,-0.0024594195769798155,-0.05805852299117509
2025-08-14,504.0,127113.0,71519.0,525.0,226876.0,72673.0,-21.0,-0.041666666666583994,-18007.0,5617.0,-23624.0,0.9841206500350751,0.5602752164177764,-0.00591715976331364,-0.027027027027026973,-0.06968158744808495
2025-08-15,506.5,114453.0,59556.0,528.0,235520.0,61355.0,-21.5,-0.04244817374127848,-12660.0,8644.0,-21304.0,0.970678836280646,0.48595872961956316,0.004960317460317443,-0.016982047549733092,-0.05060918462980324
2025-08-18,502.5,107306.0,64948.0,524.75,247966.0,80760.0,-22.25,-0.044278606965086016,-7147.0,12446.0,-19593.0,0.804210004952937,0.4327448117887112,-0.007897334649555776,-0.023323615160349864,-0.08051235132662393
2025-08-19,498.25,96368.0,45629.0,520.25,253966.0,71071.0,-22.0,-0.044154540893037324,-10938.0,6000.0,-16938.0,0.6420199518790978,0.3794523676397613,-0.008457711442786064,-0.012388503468780954,-0.080719557195572
2025-08-20,506.25,84885.0,53676.0,528.5,259643.0,94302.0,-22.25,-0.043950617283863805,-11483.0,5677.0,-17160.0,0.5691925940064837,0.3269296688144863,0.016056196688409408,-0.0014792899408283544,-0.07828857532999545
2025-08-21,507.0,73575.0,49806.0,529.25,263127.0,96779.0,-22.25,-0.04388560157782271,-11310.0,3484.0,-14794.0,0.5146364397234884,0.27961782713290434,0.001481481481481417,0.005952380952380931,-0.06284658040665436
2025-08-22,504.75,56329.0,36797.0,527.5,260872.0,72516.0,-22.75,-0.045071817731460975,-17246.0,-2255.0,-14991.0,0.5074328424071859,0.2159258180256976,-0.004437869822485174,-0.0034550839091807006,-0.06786703601108035
2025-08-25,506.75,42143.0,31672.0,529.75,264125.0,70073.0,-23.0,-0.045387271830201505,-14186.0,3253.0,-17439.0,0.4519857862514741,0.15955702792238463,0.003962357602773636,0.008457711442786175,-0.059833024118738365
2025-08-26,509.0,29253.0,32257.0,530.75,257796.0,71017.0,-21.75,-0.042730844793629215,-12890.0,-6329.0,-6561.0,0.45421518791274684,0.11347344411860498,0.004440059200789381,0.021575514300050225,-0.05434277751973993
2025-08-27,495.0,15921.0,37489.0,524.0,256106.0,82271.0,-29.0,-0.05858585858574023,-13332.0,-1690.0,-11642.0,0.45567697001372953,0.062165665779013134,-0.027504911591355596,-0.022222222222222254,-0.06471421823334911
2025-08-28,508.0,1824.0,23384.0,529.5,256979.0,68521.0,-21.5,-0.04232283464558598,-14097.0,873.0,-14970.0,0.3412676405773363,0.007097856245062799,0.02626262626262621,0.0019723865877712132,-0.02914476827520307
2025-08-29,,744.0,1317.0,533.75,248656.0,68837.0,,,-1080.0,-8323.0,7243.0,0.01913215276668043,0.0029920854513866427,0.0,0.006438831104507159,-0.030071599045346065
2025-09-02,,456.0,404.0,528.25,254465.0,83344.0,,,-288.0,5809.0,-6097.0,0.004847379535419408,0.001791994969838674,0.0,0.0024666995559941007,-0.01645692158760892
2025-09-03,,178.0,312.0,522.0,260853.0,62621.0,,,-278.0,6388.0,-6666.0,0.004982354162341627,0.0006823766642515107,0.0,-0.0019646365422396617,-0.015980629539951607
2025-09-04,,83.0,54.0,520.0,264776.0,70089.0,,,-95.0,3923.0,-4018.0,0.0007704490005564244,0.00031347252016798987,0.0,0.02626262626262621,0.0
2025-09-05,,65.0,13.0,518.75,264990.0,41620.0,,,-18.0,214.0,-232.0,0.00031234983181162155,0.0002452922751801946,0.0,0.0,-0.0004918839153960075
2025-09-08,,64.0,6.0,523.75,264840.0,50598.0,,,-1.0,-150.0,149.0,0.00011858176212498284,0.00024165533907264674,0.0,0.0,-0.019305019305019266
2025-09-09,,30.0,26.0,519.25,264096.0,34316.0,,,-34.0,-744.0,710.0,0.0007576640634106319,0.00011359505634314753,0.0,0.0,-0.014070839398350299
2025-09-10,,22.0,18.0,515.0,266640.0,36825.0,,,-8.0,2544.0,-2552.0,0.0004887983706720845,8.25082508250822e-05,0.0,0.0,-0.01263362487852282
2025-09-11,,1.0,2.0,521.25,268169.0,64473.0,,,-21.0,1529.0,-1550.0,3.1020737362926635e-05,3.728991792489051e-06,0.0,0.0,0.0069375619425173785
2025-09-12,,,1.0,521.75,265784.0,55282.0,,,,-2385.0,,1.808907058355309e-05,,0.0,0.0,0.0019723865877712132
2025-09-15,525.25,262986.0,55496.0,540.0,112325.0,17540.0,-14.75,-0.028081865778147395,,-153459.0,,3.1639680729758743,2.3412953483195875,0.03395669291338588,0.03395669291338588,0.042162698412698374
2025-09-16,533.5,261260.0,46736.0,548.0,112627.0,17506.0,-14.5,-0.027179006560398917,-1726.0,302.0,-2028.0,2.669713241174302,2.319692436094344,0.015706806282722585,0.0501968503937007,0.05330700888450157
2025-09-17,529.0,259689.0,49323.0,544.5,110935.0,24518.0,-15.5,-0.029300567107695085,-1571.0,-1692.0,121.0,2.011705685618647,2.3409113444809813,-0.008434864104967188,0.04133858267716528,0.052736318407960114
2025-09-18,524.75,261175.0,39926.0,541.0,110440.0,14720.0,-16.25,-0.030967127203371192,1486.0,-495.0,1981.0,2.7123641304345982,2.364858746830837,-0.008034026465028377,0.03297244094488194,0.05318615153035622
2025-09-19,522.25,263467.0,45048.0,536.0,109385.0,17489.0,-13.75,-0.0263283867878864,2292.0,-1055.0,3347.0,2.575790496883608,2.4086209260867357,-0.004764173415912287,0.028051181102362266,0.03160493827160504
2025-09-22,510.5,268061.0,86785.0,529.0,109161.0,27185.0,-18.5,-0.036238981390722354,4594.0,-224.0,4818.0,3.1923855067131437,2.4556480794422693,-0.02249880325514597,-0.02808186577820082,0.006903353057199135
2025-09-23,520.75,263906.0,71968.0,536.75,110374.0,22518.0,-16.0,-0.03072491598649885,-4155.0,1213.0,-5368.0,3.196020961008829,2.39101600014494,0.02007835455435858,-0.02389878163074044,0.03169886082218931
2025-09-24,519.75,260133.0,53328.0,535.0,108187.0,20849.0,-15.25,-0.02934102934097289,-3773.0,-2187.0,-1586.0,2.557820518969612,2.4044755839425958,-0.0019203072491598139,-0.017485822306238186,0.025653675382338426
2025-09-25,526.0,258479.0,56448.0,540.0,108972.0,19724.0,-14.0,-0.02661596958169845,-1654.0,785.0,-2439.0,2.861894139119709,2.371976287486672,0.01202501202501205,0.0023820867079562547,0.03339882121807469
2025-09-26,519.0,255495.0,52731.0,537.25,110118.0,22851.0,-18.25,-0.03516377649318851,-2984.0,1146.0,-4130.0,2.3076014178809543,2.3201928839971457,-0.013307984790874472,-0.006223073240785082,0.048484848484848575
2025-09-29,519.0,255975.0,44889.0,535.0,111699.0,16031.0,-16.0,-0.030828516377589925,480.0,1581.0,-1101.0,2.8001372341087394,2.291649880482347,0.0,0.016650342801175277,0.021653543307086576
2025-09-30,507.5,263468.0,85752.0,525.0,112060.0,41696.0,-17.5,-0.03448275862062171,7493.0,361.0,7132.0,2.0566001534918925,2.3511333214349244,-0.022157996146435432,-0.025444071051368256,-0.0009842519685039353
2025-10-01,510.0,270513.0,82924.0,524.0,114708.0,32505.0,-14.0,-0.027450980392103037,7045.0,2648.0,4397.0,2.5511152130440684,2.358274924155226,0.0049261083743843415,-0.018759018759018753,0.003937007874015741
2025-10-02,514.25,269379.0,57218.0,527.5,113692.0,25332.0,-13.25,-0.02576567817204518,-1134.0,-1016.0,-118.0,2.258724143375878,2.3693751539246177,0.008333333333333304,-0.022338403041825106,0.012303149606299302
2025-10-03,514.75,267135.0,47455.0,527.5,113367.0,20372.0,-12.75,-0.024769305488052902,-2244.0,-325.0,-1919.0,2.329422737090009,2.3563735478578214,0.000972289742343202,-0.008188824662813121,0.013287401574803237
2025-10-06,512.5,269157.0,49990.0,527.5,113082.0,22919.0,-15.0,-0.02926829268286972,2022.0,-285.0,2307.0,2.1811597364631012,2.380193134185791,-0.004371053909664857,-0.012524084778420042,0.008858267716535417
2025-10-07,506.0,271082.0,53564.0,524.0,116061.0,24569.0,-18.0,-0.03557312252957397,1925.0,2979.0,-1054.0,2.1801457120761047,2.3356855446704547,-0.012682926829268304,-0.002955665024630516,-0.003937007874015741
2025-10-08,507.25,273410.0,44067.0,523.0,118753.0,21430.0,-15.75,-0.031049778215808677,2328.0,2692.0,-364.0,2.0563229118057835,2.3023418355746608,0.0024703557312253377,-0.005392156862745079,-0.0014763779527559029
2025-10-09,507.75,280146.0,79086.0,522.5,121756.0,52568.0,-14.75,-0.02904972919738247,6736.0,3003.0,3733.0,1.504451377263706,2.300880449423418,0.0009857072449481752,-0.012639766650461848,-0.0004921259842519676
2025-10-10,498.5,291742.0,63513.0,514.75,129135.0,23378.0,-16.25,-0.03259779338007503,11596.0,7379.0,4217.0,2.7167850115492036,2.2592016107174486,-0.018217626784835073,-0.03156872268091304,-0.01870078740157477
2025-10-13,496.5,291732.0,52172.0,511.0,129135.0,25984.0,-14.5,-0.02920443101706102,-10.0,0.0,-10.0,2.0078509852215976,2.2591241723777267,-0.004012036108325012,-0.03121951219512198,-0.02263779527559051
2025-10-14,500.25,290186.0,65741.0,508.0,133242.0,29365.0,-7.75,-0.0154922538730325,-1546.0,4107.0,-5653.0,2.238753618252946,2.177886852493942,0.007552870090634434,-0.011363636363636354,-0.047596382674916726
2025-10-15,498.5,286928.0,57004.0,513.0,135893.0,30379.0,-14.5,-0.02908726178529772,-3258.0,2651.0,-5909.0,1.876427795516578,2.111425901260535,-0.0034982508745626806,-0.017249876786594398,-0.06560449859418926
2025-10-16,502.25,286602.0,53290.0,516.75,135923.0,25524.0,-14.5,-0.028870084619156057,-326.0,30.0,-356.0,2.0878388967245693,2.10856146494705,0.0075225677031092175,-0.010832102412604683,-0.05056710775047257
2025-10-17,504.0,282130.0,38177.0,520.0,136563.0,19043.0,-16.0,-0.03174603174596876,-4472.0,640.0,-5112.0,2.0047786588246597,2.065932939375951,0.0034843205574912606,0.011033099297893756,-0.03954263935207236
2025-10-20,505.25,280551.0,37582.0,518.0,138495.0,16715.0,-12.75,-0.025235032162245947,-1579.0,1932.0,-3511.0,2.2483996410408467,2.025712119571089,0.0024801587301588324,0.017623363544813753,-0.03255146002872189
2025-10-21,500.25,280780.0,41036.0,514.0,140132.0,18277.0,-13.75,-0.027486256871509275,229.0,1637.0,-1408.0,2.2452262406301773,2.003682242457098,-0.009896091044037658,0.0,-0.02007835455435847
2025-10-22,504.0,279056.0,45473.0,518.0,139332.0,20356.0,-14.0,-0.027777777777722664,-1724.0,-800.0,-924.0,2.233886814698259,2.0028134240518907,0.007496251874062887,0.011033099297893756,-0.032165146423427715
2025-10-23,513.0,275212.0,58191.0,529.25,139803.0,25716.0,-16.25,-0.03167641325529888,-3844.0,471.0,-4315.0,2.262832477834723,1.9685700592977122,0.017857142857142794,0.021403683424589426,-0.012987012987012991
2025-10-24,512.75,265319.0,59008.0,524.0,138588.0,28824.0,-11.25,-0.021940516821020106,-9893.0,-1215.0,-8678.0,2.0471829031362043,1.9144442520275788,-0.0004873294346978696,0.01736111111111116,-0.025190114068441072
2025-10-27,525.5,260335.0,109465.0,537.0,137307.0,44840.0,-11.5,-0.02188392007607634,-4984.0,-1281.0,-3703.0,2.4412355040142186,1.8960067585774805,0.024865919063871367,0.04007916872835238,0.012524084778420042
2025-10-28,530.0,255883.0,105303.0,546.25,135716.0,56805.0,-16.25,-0.030660377358432717,-4452.0,-1591.0,-2861.0,1.8537628729865003,1.885429868254282,0.008563273073263655,0.059470264867566236,0.021194605009633882
2025-10-29,533.25,249085.0,90090.0,543.0,139273.0,69179.0,-9.75,-0.01828410689166754,-6798.0,3557.0,-10355.0,1.3022738114167405,1.7884658189311513,0.006132075471698029,0.05803571428571419,0.05073891625615756
2025-10-30,524.5,242677.0,101549.0,536.75,137238.0,58572.0,-12.25,-0.023355576739707617,-6408.0,-2035.0,-4373.0,1.7337465000341166,1.7682930383712838,-0.016408813877168305,0.022417153996101336,0.028431372549019507
2025-10-31,533.25,248611.0,111375.0,546.5,140687.0,77099.0,-13.25,-0.024847632442522555,5934.0,3449.0,2485.0,1.4445712655157465,1.767121340280184,0.01668255481410874,0.03998049731838127,0.03694701020904234
2025-11-03,544.5,242607.0,145872.0,553.5,141834.0,86137.0,-9.0,-0.016528925619804354,-6004.0,1147.0,-7151.0,1.6934882802976456,1.7104995981217361,0.021097046413502074,0.03615604186489052,0.057795046138902295
2025-11-04,550.0,231542.0,116421.0,562.0,148865.0,73804.0,-12.0,-0.02181818181814215,-11065.0,7031.0,-18096.0,1.5774348273806083,1.5553823934437139,0.010101010101010166,0.037735849056603765,0.07317073170731714
2025-11-05,554.0,228459.0,72195.0,560.75,152654.0,45088.0,-6.75,-0.01218411552344371,-3083.0,3789.0,-6872.0,1.6012020936834281,1.4965805023124092,0.0072727272727273196,0.038912330051570576,0.09486166007905128
2025-11-06,535.75,207142.0,119141.0,548.75,155747.0,85057.0,-13.0,-0.02426504899668826,-21317.0,3093.0,-24410.0,1.400719517500013,1.3299903047891688,-0.03294223826714804,0.021448999046711048,0.056185312962050205
2025-11-07,527.0,177651.0,127657.0,540.75,160287.0,86715.0,-13.75,-0.026091081593878386,-29491.0,4540.0,-34031.0,1.4721443810182613,1.1083306818394436,-0.01633224451703219,-0.011720581340834535,0.03791235844411611
2025-11-10,535.75,157297.0,92410.0,549.5,167527.0,80841.0,-13.75,-0.02566495566957412,-20354.0,7240.0,-27594.0,1.1431080763473838,0.9389352164128711,0.016603415559772294,-0.016069788797061557,0.0747241725175527
2025-11-11,536.0,136859.0,80355.0,551.0,179885.0,80517.0,-15.0,-0.02798507462681346,-20438.0,12358.0,-32796.0,0.997988002533614,0.7608138532951566,0.00046663555762949116,-0.025454545454545507,0.07955689828801615
2025-11-12,536.5,113915.0,95686.0,553.0,189835.0,92000.0,-16.5,-0.030754892823801016,-22944.0,9950.0,-32894.0,1.040065217391293,0.6000737482550604,0.000932835820895539,-0.03158844765342961,0.07246376811594213
2025-11-13,535.25,94946.0,92763.0,552.0,201091.0,101004.0,-16.75,-0.03129378794949782,-18969.0,11256.0,-30225.0,0.9184091719139744,0.47215439776021567,-0.002329916123019582,-0.0009332711152589823,0.07372116349047131
2025-11-14,526.5,82898.0,85222.0,541.0,206600.0,102731.0,-14.5,-0.027540360873641898,-12048.0,5509.0,-17557.0,0.8295645910192558,0.4012487899322343,-0.01634750116767869,-0.000948766603415585,0.04828272772523645
2025-11-17,544.75,68853.0,64246.0,556.75,214445.0,91649.0,-12.0,-0.022028453418959103,-14045.0,7845.0,-21890.0,0.7010005564708758,0.3210753340017239,0.03466286799620133,0.016798880074661682,0.08085317460317465
2025-11-18,546.5,63918.0,34471.0,558.5,213268.0,75638.0,-12.0,-0.021957913998129994,-4935.0,-1177.0,-3758.0,0.45573653454612156,0.2997074103944319,0.0032124827902708653,0.019589552238805874,0.08164275111331021
2025-11-19,537.0,56561.0,37984.0,550.25,216101.0,68039.0,-13.25,-0.024674115456192414,-7357.0,2833.0,-10190.0,0.5582680521465547,0.26173409655670143,-0.017383348581884728,0.0009319664492077884,0.07346326836581718
2025-11-20,527.75,48750.0,41598.0,541.75,220132.0,76650.0,-14.0,-0.026527711984791043,-7811.0,4031.0,-11842.0,0.5427005870841416,0.22145803427034588,-0.01722532588454373,-0.014012143858010306,0.04712301587301582
2025-11-21,529.5,35835.0,32622.0,542.0,223500.0,69724.0,-12.5,-0.023607176581636247,-12915.0,3368.0,-16283.0,0.46787332912626256,0.16033557046979796,0.003315963998105076,0.005698005698005604,0.032163742690058506
2025-11-24,522.5,26125.0,26119.0,535.0,228938.0,61424.0,-12.5,-0.02392344497603077,-9710.0,5438.0,-15148.0,0.4252246678822541,0.11411386488918347,-0.013220018885741314,-0.04084442404772837,0.019015114578254444
2025-11-25,522.0,12283.0,26212.0,538.25,232613.0,69580.0,-16.25,-0.03113026819917408,-13842.0,3675.0,-17517.0,0.3767174475423918,0.05280444343179422,-0.000956937799043045,-0.04483074107959739,-0.006660323501427201
2025-11-26,522.0,1970.0,18026.0,540.75,236480.0,72214.0,-18.75,-0.03591954022981625,-10313.0,3867.0,-14180.0,0.2496191874151792,0.008330514208389681,0.0,-0.027932960893854775,-0.015094339622641506
2025-11-28,519.5,833.0,1198.0,538.0,238097.0,23906.0,-18.5,-0.03561116458125965,-1137.0,1617.0,-2754.0,0.05011294235756504,0.0034985741105515674,-0.004789272030651381,-0.01563240170535296,-0.025785278949835955
2025-12-01,515.25,507.0,426.0,535.0,237289.0,61051.0,-19.75,-0.03833090732646612,-326.0,-808.0,482.0,0.006977772681856039,0.0021366350736865083,-0.008180943214629477,-0.026912181303116123,-0.017635843660629202
2025-12-02,545.0,347.0,184.0,541.0,239134.0,75307.0,4.0,0.0073394495412709366,-160.0,1845.0,-2005.0,0.0024433319611722355,0.0014510692749671672,0.05773896166909265,0.04306220095693769,0.022034692920768872
2025-12-03,515.25,230.0,139.0,538.25,236999.0,46731.0,-23.0,-0.04463852498778333,-117.0,-2135.0,2018.0,0.002974470907962531,0.0009704682298237505,-0.05458715596330277,-0.012931034482758674,-0.05371900826446285
2025-12-04,539.0,163.0,73.0,540.0,241669.0,57135.0,-1.0,-0.0018552875695698418,-67.0,4670.0,-4737.0,0.0012776756804060336,0.0006744762464362385,0.04609412906356147,0.03256704980842917,-0.020000000000000018
2025-12-05,515.25,111.0,56.0,535.5,242978.0,48904.0,-20.25,-0.039301310043591844,-52.0,1309.0,-1361.0,0.0011451006052674395,0.0004568314826856734,-0.044063079777365455,-0.008180943214629477,-0.06994584837545126
2025-12-08,515.25,87.0,31.0,534.75,244072.0,49765.0,-19.5,-0.03784570596790326,-24.0,1094.0,-1118.0,0.0006229277604742164,0.00035645219443442775,0.0,0.0,-0.038264115725618275
2025-12-09,515.25,,14.0,534.0,,52441.0,-18.75,-0.03639010189221467,,,,0.0002669666863713456,,0.0,-0.05458715596330277,-0.022296015180265694
